# File generated by ImageToStl.com - Free Image and 3D model conversion tools

mtllib 9_22_2025.mtl

o obj1
v 0.21790771 -0.50017005 0.06853393
v 0.21848272 -0.49963492 0.07636506
v 0.21873631 -0.49990955 0.06140874
v 0.21998581 -0.4999764 0.0613154
v 0.21790771 -0.50017005 0.06853393
v 0.21640114 -0.49972758 0.06853622
v 0.21640114 -0.49972758 0.06853622
v 0.21971983 -0.49986434 0.07639568
v 0.21848272 -0.49963492 0.07636506
v 0.21776301 -0.49928275 -0.21165545
v 0.21698304 -0.49990147 -0.21358815
v 0.22030264 -0.49976933 -0.20789318
v 0.21820717 -0.5001986 -0.08501763
v 0.21949771 -0.49997219 -0.08174608
v 0.21958163 -0.50003123 -0.06495529
v 0.22030264 -0.49976933 -0.20789318
v 0.21952297 -0.49980995 -0.17195073
v 0.21913971 -0.49979731 -0.20602655
v 0.22025917 -0.49987167 -0.0926084
v 0.21912655 -0.49986318 -0.10193247
v 0.21949771 -0.49997219 -0.08174608
v 0.21820717 -0.5001986 -0.08501763
v 0.21776301 -0.49928275 -0.21165545
v 0.21820717 -0.5001986 -0.08501763
v 0.22025917 -0.49987167 -0.0926084
v -0.2189281 -0.49979717 0.18993454
v -0.21868519 -0.49967971 0.19871485
v -0.21997407 -0.49984506 0.18995591
v -0.2200145 -0.49970916 0.20010528
v -0.22030649 -0.49990368 -0.18633901
v -0.2199544 -0.50006324 -0.20240206
v -0.21925496 -0.49987918 -0.18720114
v -0.17448311 -0.50003517 -0.21870866
v -0.18717568 -0.49991205 -0.21914485
v -0.17472479 -0.49997088 -0.21967256
v -0.21271899 -0.49964467 -0.22056888
v -0.21231914 -0.49973011 -0.21905331
v -0.21969667 -0.50005877 -0.21253522
v -0.21772628 -0.49996895 -0.21753526
v -0.21742213 -0.50070953 -0.216245
v -0.20064642 -0.49982768 0.21880949
v -0.18140288 -0.499865 0.21990684
v -0.20206361 -0.49993914 0.2200774
v -0.18126148 -0.49989077 0.21883179
v -0.09592225 -0.50002825 -0.21891958
v -0.14196728 -0.49994493 -0.21885198
v -0.09585077 -0.49996459 -0.21991235
v -0.14221324 -0.49997044 -0.21994738
v -0.00533302 0.04648842 -0.0062767
v 0.00852335 0.04627643 -0.00223054
v 0.00031479 0.04638071 0.00033163
v -0.03708654 0.04689915 0.0192385
v -0.03122555 0.04673672 0.01288828
v -0.02598545 0.04683468 0.02119491
v -0.03627066 0.04609963 -0.03671038
v -0.04696489 0.04582578 -0.04031355
v -0.03387636 0.04604125 -0.04697455
v -0.04471764 0.04619953 -0.01776215
v -0.03475585 0.04618503 -0.01961917
v -0.0390562 0.04620175 -0.01105714
v -0.01673279 0.0461518 -0.0221276
v -0.02521306 0.04615543 -0.021714
v -0.02105011 0.04602128 -0.03169158
v -0.04537582 0.04658591 -0.02830372
v -0.01735933 0.04654397 0.00474254
v -0.0141752 0.04643079 -0.0051218
v -0.00831277 0.04646989 0.00265599
v -0.03310237 0.04689408 0.02666667
v 0.00240733 0.04252807 0.05399308
v 0.01173165 0.04240315 0.04872182
v 0.01408643 0.04099141 0.06729198
v -0.05171115 0.04662619 0.01037843
v -0.04213234 0.04674036 0.01165189
v -0.04693168 0.04706667 0.01816053
v -0.05996198 0.04639421 0.00906791
v -0.0482398 0.04641769 0.00390685
v -0.038747 0.04674232 0.03780973
v -0.04654698 0.04622653 0.0431805
v -0.05134205 0.046408 0.0366969
v -0.02778052 0.04585688 0.04182842
v -0.01997149 0.04584461 0.03721605
v -0.02462306 0.04498371 0.05045946
v -0.03077443 0.04473914 0.05675084
v -0.02758313 0.04429056 0.06376
v -0.06970987 0.04486061 0.00252962
v -0.06467114 0.04591618 -0.00291453
v -0.00144394 0.04503595 -0.037867
v -0.01200093 0.04453933 -0.04310305
v 0.00042221 0.0445612 -0.04552509
v -0.03069221 0.04610198 -0.02934038
v -0.02768725 0.04592527 -0.03746522
v -0.05406905 0.04616129 -0.0030115
v -0.04929619 0.04615 -0.01002682
v -0.04355085 0.04627931 -0.00321514
v -0.0572628 0.04784786 0.02709658
v -0.05808778 0.04559095 0.03713132
v -0.06249548 0.04841057 0.03336637
v -0.01362842 0.04687325 0.02402976
v -0.0222341 0.04653731 0.02930416
v 0.0256215 0.04130343 0.04989914
v 0.00693758 0.04617044 -0.01360271
v 0.00019043 0.04598442 -0.01808383
v -0.01149376 0.04630751 -0.01365597
v -0.00931503 0.04617414 -0.02085998
v -0.01959734 0.04540517 -0.03959611
v -0.02574098 0.04565491 -0.04399371
v -0.00830912 0.04582671 -0.02909276
v -0.00156197 0.04601272 -0.02461164
v -0.02723382 0.04651697 0.00470179
v -0.0375273 0.04647489 0.00442323
v -0.04041359 0.04701431 0.03141843
v -0.05460927 0.04516051 0.04155298
v 0.03376904 0.04542114 -0.03143932
v 0.04289659 0.04508236 -0.03680131
v 0.04573779 0.04595746 -0.02601316
v 0.02880511 0.04480267 -0.04299609
v 0.02617202 0.04423091 -0.05292751
v 0.04233154 0.04135647 -0.05271587
v -0.01178877 0.04533558 -0.03525656
v -0.02343637 0.04635806 -0.00420472
v 0.0146697 0.04631082 0.00244471
v 0.0122236 0.04577013 0.01075336
v 0.03161975 0.04386639 0.01939859
v 0.0223685 0.04550747 0.00965442
v 0.04065445 0.04399196 0.0106095
v 0.01402423 0.04464899 -0.04548943
v 0.0099844 0.0451224 -0.03952288
v -0.01983323 0.04625998 -0.01383125
v -0.02923521 0.04623841 -0.01232529
v -0.05990151 0.0477265 0.0181445
v -0.03311656 0.04627024 -0.00352545
v -0.06116073 0.04576555 -0.01072606
v -0.06782539 0.04531656 -0.01388464
v -0.05764081 0.04615832 -0.01548466
v -0.06448974 0.04991305 0.02431523
v 0.00150785 0.04579506 0.02136092
v -0.00773283 0.04642216 0.01938294
v -0.00224595 0.04637727 0.00950214
v -0.04038481 0.04670988 -0.03081841
v -0.0110779 0.04659816 0.01275815
v -0.02073777 0.04671798 0.01388686
v -0.05433511 0.04639268 -0.01891863
v -0.04314182 0.04712242 0.0248687
v 0.00504513 0.04534023 -0.03128703
v -0.00231528 0.04544614 -0.03097507
v -0.03449572 0.04555639 0.04810075
v -0.04628467 0.04677678 0.05017879
v 0.02185124 0.04514278 -0.03594256
v -0.03320189 0.04653474 -0.06161091
v -0.02979157 0.04582606 -0.05396682
v -0.04043007 0.04481243 -0.05666662
v 0.02579483 0.04673792 -0.00832271
v 0.01867947 0.04657074 -0.01116828
v 0.02696219 0.04627704 -0.01636272
v 0.06708147 0.04122362 0.01361858
v 0.05157688 0.04497474 -0.00434888
v 0.06218441 0.04387692 -0.00072872
v -0.01069759 0.0431572 0.0590058
v -0.02089454 0.0411358 0.06583899
v -0.04939139 0.04740652 0.02977888
v -0.01131945 0.04449793 0.04660529
v -0.05313278 0.04519974 -0.04250111
v -0.04737708 0.04556773 -0.04762114
v 0.03311983 0.04587832 -0.00106345
v 0.03544289 0.04675711 -0.01261116
v -0.02229647 0.04490219 -0.053315
v -0.00711839 0.04357059 -0.05456495
v 0.06789488 0.0454324 -0.01145588
v 0.05390057 0.04591564 -0.01861286
v 0.06438704 0.04681471 -0.02547653
v 0.00592836 0.0447418 0.02929963
v -0.00020625 0.04348577 0.04447055
v -0.00616896 0.04571744 0.03158533
v 0.0536387 0.04110606 0.02161956
v 0.00746628 0.04545214 -0.02336315
v 0.01763665 0.04584205 -0.01994671
v 0.05414686 0.04448695 -0.04139468
v 0.06222406 0.04439758 -0.03054073
v 0.0147383 0.04535927 -0.02939825
v -0.06828311 0.04619979 0.01195772
v -0.05010088 0.04626358 -0.02364047
v -0.05729416 0.04486464 -0.03731924
v -0.06369255 0.04402143 -0.02822533
v 0.02326214 0.04688589 -0.00118868
v -0.00430339 0.04169527 0.06878687
v 0.01901167 0.0428852 0.03792276
v 0.03598163 0.04607262 -0.02131101
v 0.03074746 0.0434589 -0.06206114
v 0.04255807 0.04524127 -0.00211685
v 0.04428616 0.04096751 0.03255726
v 0.03902385 0.04080795 0.04643169
v 0.03208837 0.04199259 0.03857648
v 0.00328317 0.04402188 -0.05394933
v 0.01896349 0.04443116 -0.05372528
v 0.04425252 0.04589644 -0.0143244
v 0.01659057 0.04479277 0.01981719
v 0.01652908 0.04134613 -0.06672215
v 0.00675699 0.0409043 -0.06763747
v 0.0267642 0.04550328 -0.02530871
v -0.0126374 0.04215057 -0.06664249
v 0.03590365 0.04020883 0.05838452
v 0.02480219 0.04446894 -0.06423043
v 0.06427822 0.03666474 0.02700786
v 0.06221489 0.03822819 0.0318415
v -0.0401171 0.04494315 0.05603307
v -0.02545704 0.04518432 -0.06421069
v 0.04829834 0.03970454 0.04727364
v 0.05545123 0.03796286 0.04178157
v 0.02759002 0.03538903 0.06440373
v -0.00510109 -0.49991477 -0.2191049
v 0.03068247 -0.49989286 -0.21946986
v 0.06487423 -0.4998914 -0.21859542
v -0.04025045 -0.49993944 -0.21877061
v -0.03992704 -0.49991348 -0.21994866
v 0.06710022 -0.4998737 -0.21986549
v 0.07514314 -0.49975979 -0.21707898
v 0.06311408 0.18187492 0.04739658
v 0.06103094 0.18260553 0.05207056
v 0.06385167 0.18635085 0.047312
v 0.0624364 0.18667482 0.05377599
v 0.07897969 -0.4993211 -0.21711816
v 0.08744147 -0.49995661 -0.21994171
v 0.08788069 -0.49993095 -0.21882929
v 0.16519086 -0.49988595 -0.21896282
v 0.19966292 -0.4998171 -0.218355
v 0.20802899 -0.49990976 -0.21970415
v 0.19023266 -0.49973771 0.21880485
v 0.20100562 -0.49947575 0.21874221
v 0.19064963 -0.49967673 0.21977885
v 0.20160511 -0.4994826 0.21987107
v 0.22014645 -0.49992567 0.08842837
v 0.21975313 -0.49990591 0.12798336
v 0.21908484 -0.4999218 0.0891878
v 0.21883875 -0.49988696 0.19360541
v 0.2200281 -0.4998703 0.20633389
v 0.21917941 -0.49999312 0.20910731
v 0.21947759 -0.4998773 0.01423069
v 0.22017795 -0.49986634 0.04905423
v 0.21915385 -0.4998624 0.0489849
v 0.21910097 -0.4999032 -0.05534707
v 0.21979822 -0.49989054 -0.02064125
v 0.22011575 -0.4999021 -0.0556309
v 0.21624325 -0.48982015 -0.21353403
v 0.21996683 -0.49518216 -0.20873651
v 0.21698304 -0.49990147 -0.21358815
v 0.22030264 -0.49976933 -0.20789318
v 0.21531896 -0.46985003 -0.20450711
v 0.21985717 -0.49547496 -0.1611613
v 0.22025917 -0.49987167 -0.0926084
v 0.2199994 -0.49618644 -0.09332638
v 0.21610567 -0.4710668 -0.13211341
v 0.21675824 -0.47657359 -0.09141509
v 0.21871716 -0.4927558 -0.08435901
v 0.21820717 -0.5001986 -0.08501763
v 0.21949771 -0.49997219 -0.08174608
v 0.21693344 -0.47754428 -0.07553063
v 0.22002059 -0.49651039 -0.07257816
v 0.21958163 -0.50003123 -0.06495529
v 0.21767436 -0.47928479 -0.02907307
v 0.22011575 -0.4999021 -0.0556309
v 0.22017795 -0.49986634 0.04905423
v 0.21698776 -0.4747279 0.031657
v 0.22004659 -0.49629092 0.06060443
v 0.216529 -0.47504956 0.06440233
v 0.21998581 -0.4999764 0.0613154
v 0.21744402 -0.49013871 0.06911536
v 0.21690464 -0.4821716 0.07010894
v 0.21790771 -0.50017005 0.06853393
v 0.21971983 -0.49986434 0.07639568
v 0.219973 -0.49584994 0.07694647
v 0.21792173 -0.48253646 0.08698016
v 0.21991873 -0.49621713 0.10737343
v 0.22014645 -0.49992567 0.08842837
v 0.21648969 -0.47118175 0.16683197
v 0.21983919 -0.49585083 0.20993665
v 0.2200281 -0.4998703 0.20633389
v 0.21749981 -0.47786194 0.20632313
v 0.21828292 -0.49077201 0.21238199
v 0.21917941 -0.49999312 0.20910731
v 0.2175498 -0.49948117 0.21384041
v 0.21314892 -0.4674378 -0.20873393
v 0.2128381 -0.45333269 -0.17723469
v 0.21258001 -0.45306826 -0.19877927
v 0.21203083 -0.44532758 -0.13906612
v 0.20936339 -0.42595559 -0.09070484
v 0.21339865 -0.45503193 -0.08535546
v 0.21282308 -0.44698396 -0.07635465
v 0.21521482 -0.46207193 -0.0283332
v 0.21149871 -0.43526483 -0.05019058
v 0.2122874 -0.43930936 0.04143896
v 0.21004774 -0.42760187 0.0649718
v 0.21282038 -0.45036471 0.06979759
v 0.21274328 -0.44416505 0.07672323
v 0.21743225 -0.49352208 0.07817481
v 0.21640114 -0.49972758 0.06853622
v 0.21848272 -0.49963492 0.07636506
v 0.21483143 -0.45826739 0.11116283
v 0.21240304 -0.44042766 0.12580499
v 0.21174896 -0.43890128 0.16880766
v 0.21239428 -0.44279918 0.19696182
v 0.21567634 -0.46366245 0.20085418
v 0.21064447 -0.45081756 0.20717517
v 0.2142265 -0.47920239 0.21380454
v 0.2142265 -0.47920239 0.21380454
v 0.21299052 -0.492028 0.21762617
v 0.21828292 -0.49077201 0.21238199
v 0.21010821 -0.49928647 0.22036739
v 0.2175498 -0.49948117 0.21384041
v 0.21135248 -0.48995724 -0.21571766
v 0.20802899 -0.49990976 -0.21970415
v 0.21395022 -0.49972877 -0.21731894
v 0.21338049 -0.48455733 -0.21261953
v 0.21698304 -0.49990147 -0.21358815
v 0.20737582 -0.44100443 -0.20596962
v 0.21031342 -0.46322584 -0.2111726
v 0.20794545 -0.43118021 -0.19796045
v 0.20822503 -0.42842972 -0.17583887
v 0.20791025 -0.42235276 -0.1365777
v 0.2087965 -0.42634529 -0.08560007
v 0.20882843 -0.42189321 -0.07758854
v 0.20872442 -0.42086872 0.0255355
v 0.21042253 -0.42857033 0.02893602
v 0.20929766 -0.42802209 0.06909838
v 0.20984837 -0.42543525 0.07588282
v 0.20823245 -0.42042544 0.10966986
v 0.21001525 -0.42736387 0.1304799
v 0.20887063 -0.42516717 0.1733883
v 0.20885186 -0.42482498 0.19598958
v 0.21064447 -0.45081756 0.20717517
v 0.21041599 -0.46559897 0.21227591
v 0.20764422 -0.48105755 0.21716888
v 0.20796117 -0.49097857 -0.21700729
v 0.20765737 -0.47514924 -0.21304536
v 0.21031342 -0.46322584 -0.2111726
v 0.20623277 -0.45780385 -0.21218058
v 0.20737582 -0.44100443 -0.20596962
v 0.20904899 -0.4635438 -0.20894966
v 0.21216996 -0.47497913 -0.20874786
v 0.20882194 -0.45445067 -0.2038181
v 0.20489849 -0.45422366 -0.20849696
v 0.20904899 -0.4635438 -0.20894966
v 0.20517354 -0.42614883 -0.2020869
v 0.20526764 -0.42209381 -0.19187556
v 0.20580409 -0.42050821 -0.1652073
v 0.20581234 -0.41912615 -0.14189915
v 0.20589654 -0.41826019 -0.09322999
v 0.20731686 -0.41958544 -0.09090999
v 0.20597859 -0.41975299 -0.08570874
v 0.20672479 -0.41882756 -0.08065468
v 0.20736526 -0.41872576 0.02883626
v 0.20672479 -0.41882756 -0.08065468
v 0.20557451 -0.4176791 -0.03944948
v 0.20736526 -0.41872576 0.02883626
v 0.20479678 -0.41764435 0.06258123
v 0.20735116 -0.41974947 0.06592231
v 0.20735116 -0.41974947 0.06592231
v 0.20599264 -0.4195087 0.06885059
v 0.20599264 -0.4195087 0.06885059
v 0.20637655 -0.41865572 0.07310377
v 0.20852733 -0.42119262 0.07540041
v 0.20674309 -0.41856471 0.11201865
v 0.20632459 -0.41893345 0.16809393
v 0.20722036 -0.42129302 0.19720866
v 0.20569094 -0.41957292 0.196198
v 0.20722036 -0.42129302 0.19720866
v 0.20569094 -0.41957292 0.196198
v 0.20554522 -0.42683607 0.20431145
v 0.20554522 -0.42683607 0.20431145
v 0.20111729 -0.43163788 0.20755547
v 0.20301853 -0.45707917 0.21258248
v 0.19966292 -0.4998171 -0.218355
v 0.20118405 -0.42538324 -0.20590025
v 0.20489849 -0.45422366 -0.20849696
v 0.20306398 -0.46718681 -0.2117766
v 0.20118405 -0.42538324 -0.20590025
v 0.20131539 -0.42041084 -0.20145589
v 0.20503537 -0.43358207 -0.19982611
v 0.20097178 -0.43374139 -0.20492083
v 0.20528048 -0.44506615 -0.20543095
v 0.20131539 -0.42041084 -0.20145589
v 0.20214562 -0.41961715 -0.19223943
v 0.20526764 -0.42209381 -0.19187556
v 0.20580409 -0.42050821 -0.1652073
v 0.20050131 -0.41802278 -0.16754846
v 0.20581234 -0.41912615 -0.14189915
v 0.20589654 -0.41826019 -0.09322999
v 0.19621658 -0.4173643 -0.08426118
v 0.20597859 -0.41975299 -0.08570874
v 0.20731686 -0.41958544 -0.09090999
v 0.19964673 -0.41684207 -0.06805034
v 0.19938248 -0.41669106 0.06212311
v 0.19534218 -0.41697696 0.06839462
v 0.19740987 -0.41661492 0.07602211
v 0.20637655 -0.41865572 0.07310377
v 0.20674309 -0.41856471 0.11201865
v 0.20107752 -0.41721448 0.13514569
v 0.20632459 -0.41893345 0.16809393
v 0.20015781 -0.41756982 0.18317077
v 0.20569094 -0.41957292 0.196198
v 0.20083103 -0.42182663 0.20503713
v 0.19170979 -0.49580583 0.21943063
v 0.20160511 -0.4994826 0.21987107
v 0.19588092 -0.49523279 -0.21718533
v 0.19462612 -0.48823377 -0.21609843
v 0.19909252 -0.44965613 -0.20821176
v 0.20097178 -0.43374139 -0.20492083
v 0.20528048 -0.44506615 -0.20543095
v 0.20147595 -0.42604592 -0.20122637
v 0.19611143 -0.42286015 -0.20222335
v 0.19458106 -0.41783237 -0.19380189
v 0.19277512 -0.41633639 -0.09322167
v 0.19596019 -0.41777918 0.19652545
v 0.19641308 -0.4198966 0.20360218
v 0.20083103 -0.42182663 0.20503713
v 0.19330765 -0.42628029 -0.20435271
v 0.19377303 -0.41954464 -0.2032827
v 0.1886093 -0.41658926 -0.17007554
v 0.17802659 -0.41470164 -0.0024001
v 0.19080994 -0.41595003 0.13242207
v 0.17251985 -0.43036738 0.20714973
v 0.17508821 -0.4783524 0.21652804
v 0.16296822 -0.41375396 0.1510033
v 0.18463269 -0.41624695 0.1828672
v 0.16381836 -0.4207375 0.20476198
v 0.16605887 -0.45871302 0.21268807
v 0.19064963 -0.49967673 0.21977885
v 0.18092336 -0.43496427 -0.20585307
v 0.17764394 -0.41642749 -0.17979981
v 0.16551699 -0.41442594 -0.08192168
v 0.16489755 -0.4138369 -0.06869724
v 0.19641308 -0.4198966 0.20360218
v 0.20927019 -0.49437457 -0.2193336
v 0.17927471 -0.48010352 -0.21682252
v 0.20896426 -0.4833599 -0.21733677
v 0.13830367 -0.47686958 -0.21360371
v 0.16487835 -0.41407508 -0.14351985
v 0.16437197 -0.41374135 0.05640119
v 0.16429515 -0.41361836 0.1338791
v 0.17222613 -0.41744596 -0.1937961
v 0.16281834 -0.41431019 -0.15993026
v 0.16432858 -0.41347858 0.02406063
v 0.16468981 -0.41398573 0.06534432
v 0.15956166 -0.41412455 0.16425756
v 0.15564959 -0.41437882 -0.16600962
v 0.16521782 -0.41387597 -0.09631678
v 0.16050026 -0.41603824 0.18648745
v 0.08788069 -0.49993095 -0.21882929
v 0.1524846 -0.42587614 -0.20460126
v 0.14670812 -0.41887107 0.20265906
v 0.14670812 -0.41887107 0.20265906
v 0.12918481 -0.49588561 0.21945451
v 0.15311879 -0.42256871 -0.20254743
v 0.14029257 -0.41610751 -0.185836
v 0.16083734 -0.41293117 -0.15062018
v 0.16138044 -0.4126966 -0.08612338
v 0.16087088 -0.41261491 0.03184011
v 0.16127296 -0.41285515 0.07086179
v 0.16033199 -0.41271561 0.13811752
v 0.09607178 -0.41739744 0.19824412
v 0.19559056 -0.42178074 -0.20552637
v 0.12243234 -0.41947696 -0.20545541
v 0.19377303 -0.41954464 -0.2032827
v 0.15186909 -0.41280532 -0.16071804
v 0.15827188 -0.4123745 -0.15837131
v 0.15951248 -0.41066235 -0.14891149
v 0.15834589 -0.40205124 -0.15778759
v 0.15951248 -0.41066235 -0.14891149
v 0.15827188 -0.4123745 -0.15837131
v 0.15856162 -0.39896935 -0.1479349
v 0.16138044 -0.4126966 -0.08612338
v 0.16083734 -0.41293117 -0.15062018
v 0.15865633 -0.40029344 -0.1060551
v 0.16000338 -0.4100396 -0.08777876
v 0.15845604 -0.39872336 -0.06759012
v 0.15939282 -0.40999871 -0.04909883
v 0.15717646 -0.39710426 -0.04353672
v 0.15845312 -0.39774048 -0.02313345
v 0.16087088 -0.41261491 0.03184011
v 0.15727019 -0.39711481 0.0086989
v 0.15936013 -0.41000304 -0.00477412
v 0.15824011 -0.39803734 0.04229169
v 0.15911606 -0.40995255 0.04704952
v 0.16127296 -0.41285515 0.07086179
v 0.15824011 -0.39803734 0.04229169
v 0.15562084 -0.39617854 0.04672784
v 0.15856306 -0.39848047 0.07049789
v 0.15856306 -0.39848047 0.07049789
v 0.15532507 -0.39663425 0.09474543
v 0.15976997 -0.41014242 0.06934977
v 0.15941826 -0.41016415 0.11109655
v 0.15828282 -0.39934766 0.13248497
v 0.16033199 -0.41271561 0.13811752
v 0.15852134 -0.41080257 0.13882111
v 0.15820704 -0.41235411 0.15455408
v 0.15820704 -0.41235411 0.15455408
v 0.15722342 -0.41278207 0.15822212
v 0.08710436 -0.49432668 -0.21736103
v 0.12632702 -0.48867279 -0.21627319
v 0.12953022 -0.45344839 -0.20934865
v 0.15672503 -0.39866215 -0.15702118
v 0.15856162 -0.39896935 -0.1479349
v 0.15672503 -0.39866215 -0.15702118
v 0.1513976 -0.39574975 -0.13904221
v 0.15468904 -0.39677644 -0.13325408
v 0.15489496 -0.39645442 -0.08976527
v 0.15845604 -0.39872336 -0.06759012
v 0.15489496 -0.39645442 -0.08976527
v 0.15535535 -0.39439392 -0.04545361
v 0.15549347 -0.39399642 0.00035255
v 0.15538676 -0.3936094 0.03856473
v 0.15562084 -0.39617854 0.04672784
v 0.15828282 -0.39934766 0.13248497
v 0.15649967 -0.3987132 0.15654539
v 0.15441287 -0.39698911 0.13798332
v 0.15649967 -0.3987132 0.15654539
v 0.15768449 -0.40027791 0.15361369
v 0.15722342 -0.41278207 0.15822212
v 0.15649967 -0.3987132 0.15654539
v 0.15388471 -0.39847088 0.15834905
v 0.15722342 -0.41278207 0.15822212
v 0.10340872 -0.47679356 0.21646573
v 0.15476961 -0.40434554 -0.15522094
v 0.15101022 -0.40908134 -0.15759084
v 0.15610777 -0.41396114 -0.15601516
v 0.15164304 -0.41369802 -0.1580743
v 0.1513976 -0.39574975 -0.13904221
v 0.15310307 -0.39407027 -0.13216986
v 0.15468904 -0.39677644 -0.13325408
v 0.15413903 -0.39419109 -0.11335845
v 0.15064415 -0.3688792 -0.11493759
v 0.14973126 -0.34064916 -0.04799853
v 0.15326537 -0.3744756 -0.04145546
v 0.14799255 -0.32910445 -0.06102428
v 0.15018967 -0.34310105 -0.00807622
v 0.15367869 -0.37900102 0.03511653
v 0.1492864 -0.33921367 0.03879261
v 0.14958677 -0.34853366 0.04437875
v 0.15383726 -0.38619006 0.0449653
v 0.14852509 -0.33523992 0.05172677
v 0.15380947 -0.38315991 0.05415279
v 0.1498694 -0.36318493 0.10497145
v 0.15370539 -0.39388442 0.11853804
v 0.15532507 -0.39663425 0.09474543
v 0.15020713 -0.37258384 0.12555528
v 0.15441287 -0.39698911 0.13798332
v 0.15240733 -0.39349595 0.13716906
v 0.14763576 -0.3608416 0.13526382
v 0.14701572 -0.39590007 0.1501734
v 0.15388471 -0.39847088 0.15834905
v 0.15037689 -0.41025612 -0.15900718
v 0.15226403 -0.39884555 -0.15831041
v 0.14550906 -0.39681077 -0.15503833
v 0.14789321 -0.39620483 -0.14782019
v 0.14353864 -0.36624297 -0.14649357
v 0.14789321 -0.39620483 -0.14782019
v 0.14466299 -0.33491537 -0.12678075
v 0.14702819 -0.33921257 -0.11092161
v 0.14643946 -0.32559824 -0.08183727
v 0.14655118 -0.32374614 -0.06960068
v 0.14687902 -0.32324374 -0.05075141
v 0.14807576 -0.32628039 -0.02175519
v 0.1471231 -0.3243393 0.03838798
v 0.14537701 -0.32187864 -0.01386255
v 0.14537701 -0.32187864 -0.01386255
v 0.14503624 -0.3227261 0.03426706
v 0.1471231 -0.3243393 0.03838798
v 0.14697166 -0.33191955 0.04441848
v 0.14383842 -0.32428706 0.04449822
v 0.14615014 -0.32421756 0.05080723
v 0.14644147 -0.32590851 0.0668312
v 0.14714731 -0.33080816 0.07453071
v 0.14490265 -0.33193502 0.11877552
v 0.14771706 -0.39272794 0.14602718
v 0.14701572 -0.39590007 0.1501734
v 0.14334993 -0.41062996 0.15867586
v 0.08244867 -0.43785009 -0.2070581
v 0.12243234 -0.41947696 -0.20545541
v 0.08899168 -0.41760379 -0.20164505
v 0.14344259 -0.400051 -0.15463991
v 0.14012666 -0.40328762 -0.15608525
v 0.15476961 -0.40434554 -0.15522094
v 0.15101022 -0.40908134 -0.15759084
v 0.14400847 -0.39390978 -0.15341014
v 0.14102995 -0.36698127 -0.15097724
v 0.14550906 -0.39681077 -0.15503833
v 0.14287193 -0.32790068 -0.12559527
v 0.14489214 -0.32734826 -0.10795636
v 0.14287508 -0.32280567 -0.10332637
v 0.14287508 -0.32280567 -0.10332637
v 0.14228623 -0.32174724 -0.05430732
v 0.14655118 -0.32374614 -0.06960068
v 0.14687902 -0.32324374 -0.05075141
v 0.14383842 -0.32428706 0.04449822
v 0.14194594 -0.32234076 0.0494085
v 0.14615014 -0.32421756 0.05080723
v 0.14194594 -0.32234076 0.0494085
v 0.1424953 -0.32321262 0.07618538
v 0.14615014 -0.32421756 0.05080723
v 0.141922 -0.32498983 0.13274433
v 0.141922 -0.32498983 0.13274433
v 0.14344156 -0.33207098 0.13350394
v 0.13580266 -0.32704374 0.14313139
v 0.14265299 -0.34994495 0.14034346
v 0.14093545 -0.36331436 0.14750022
v 0.14311169 -0.38851839 0.15129884
v 0.14180593 -0.3965075 0.15474902
v 0.14827147 -0.3986077 0.15835389
v 0.14233011 -0.4129014 0.16043565
v 0.14233011 -0.4129014 0.16043565
v 0.08389247 -0.49942547 0.21990936
v 0.10860954 -0.41370526 -0.16540977
v 0.07734378 -0.41281673 -0.15824875
v 0.15164304 -0.41369802 -0.1580743
v 0.1398211 -0.35338229 -0.14859551
v 0.14279889 -0.38021931 -0.14712693
v 0.14004055 -0.3968344 -0.15029231
v 0.14381666 -0.39705366 -0.14768581
v 0.13561751 -0.32754189 -0.14432748
v 0.13890493 -0.32428411 -0.13185555
v 0.13766839 -0.32286808 -0.12341285
v 0.13766839 -0.32286808 -0.12341285
v 0.13852486 -0.3227267 -0.112219
v 0.14489214 -0.32734826 -0.10795636
v 0.13633882 -0.32084709 -0.04965356
v 0.13866591 -0.32054982 -0.02421471
v 0.13872978 -0.32036051 -0.00235665
v 0.13607547 -0.31862822 -0.01871157
v 0.13827142 -0.32101452 0.03288564
v 0.13619366 -0.318665 0.01781756
v 0.13555022 -0.32112375 0.04432855
v 0.13852757 -0.32370156 0.13483548
v 0.13876876 -0.3680284 0.15043707
v 0.1411261 -0.39358822 0.15263054
v 0.1411261 -0.39358822 0.15263054
v 0.07968104 -0.42473283 -0.2046629
v 0.13662751 -0.35237232 -0.1496437
v 0.13562158 -0.33625251 -0.14791958
v 0.13866606 -0.36504763 -0.14660448
v 0.1362917 -0.37783918 -0.14890857
v 0.14004055 -0.3968344 -0.15029231
v 0.1362917 -0.37783918 -0.14890857
v 0.13615628 -0.39595717 -0.15077528
v 0.13325806 -0.31930989 -0.04695231
v 0.1325531 -0.28210747 -0.03300388
v 0.13602284 -0.29037777 -0.00253084
v 0.13564892 -0.31637025 -0.01712238
v 0.13686043 -0.31632048 -0.00234803
v 0.13462664 -0.27240139 -0.00271504
v 0.13265066 -0.26856351 0.01877096
v 0.13541485 -0.31622425 0.01716548
v 0.13298775 -0.30363142 0.03684379
v 0.13371663 -0.31956711 0.0446756
v 0.13555022 -0.32112375 0.04432855
v 0.12701419 -0.32008398 0.07285649
v 0.12294097 -0.32090089 0.10495081
v 0.13141392 -0.32467288 0.14667782
v 0.13141392 -0.32467288 0.14667782
v 0.13185811 -0.32737374 0.14753094
v 0.13461444 -0.35217345 0.14985093
v 0.08010452 -0.44771355 0.21125707
v 0.08402883 -0.39674634 -0.15530391
v 0.12894548 -0.32409558 -0.14585167
v 0.13253613 -0.35258171 -0.14606881
v 0.13866606 -0.36504763 -0.14660448
v 0.13047202 -0.32347894 -0.14404972
v 0.13890493 -0.32428411 -0.13185555
v 0.13561751 -0.32754189 -0.14432748
v 0.13803163 -0.35143727 -0.14302871
v 0.1342324 -0.33640242 -0.1431458
v 0.13253613 -0.35258171 -0.14606881
v 0.12295641 -0.32117504 -0.07915877
v 0.12714656 -0.32083115 -0.06782426
v 0.12802249 -0.31902695 -0.05642465
v 0.13177179 -0.31789118 -0.04657791
v 0.1339242 -0.31672588 -0.03312687
v 0.12970254 -0.2733393 -0.04418801
v 0.13164365 -0.2985293 -0.04414691
v 0.12975164 -0.25272316 -0.02790632
v 0.13307171 -0.26617584 -0.01580008
v 0.13211033 -0.25287434 -0.00210861
v 0.13040839 -0.25314635 0.02179783
v 0.12838133 -0.26420134 0.04421159
v 0.13042347 -0.28213903 0.04511128
v 0.1328564 -0.316136 0.04425677
v 0.13151911 -0.31856024 0.04751414
v 0.13151911 -0.31856024 0.04751414
v 0.12843195 -0.31844068 0.05599232
v 0.12478725 -0.31831214 0.06580306
v 0.13876876 -0.3680284 0.15043707
v 0.13461444 -0.35217345 0.14985093
v 0.1411261 -0.39358822 0.15263054
v 0.07913905 -0.41387132 0.16434564
v 0.08182219 -0.41659337 0.19148727
v 0.12976113 -0.32919344 -0.14347637
v 0.12671639 -0.33268285 -0.14482455
v 0.12092442 -0.32235387 -0.13032804
v 0.11236794 -0.32183143 -0.11294445
v 0.12482947 -0.31869674 -0.0652306
v 0.12138881 -0.29718021 -0.06912287
v 0.121424 -0.27009329 -0.06303839
v 0.12558623 -0.25319681 -0.04678313
v 0.12868026 -0.2510812 -0.00930773
v 0.12662357 -0.25125706 0.02704636
v 0.12719637 -0.25326833 0.03921016
v 0.12843195 -0.31844068 0.05599232
v 0.1411261 -0.39358822 0.15263054
v 0.10750421 -0.39383832 0.15420805
v 0.14180593 -0.3965075 0.15474902
v 0.07697507 -0.41002446 0.15949734
v 0.1256367 -0.41960347 -0.18904835
v 0.0927694 -0.42016494 -0.19880643
v 0.16934599 -0.42017382 -0.19243008
v 0.09330554 -0.38726974 -0.15050162
v 0.12075919 -0.31869465 -0.07511655
v 0.12047661 -0.25131586 -0.0532574
v 0.12410123 -0.25128087 0.04182672
v 0.12443714 -0.2537595 0.04994838
v 0.11843106 -0.27068943 0.06957084
v 0.12076478 -0.31406096 0.07315242
v 0.12478725 -0.31831214 0.06580306
v 0.11820737 -0.31769702 0.08212122
v 0.12711233 -0.32360023 0.14233732
v 0.08328193 -0.43063292 0.20785169
v 0.08246664 -0.45485672 -0.20958178
v 0.06432067 -0.41250336 -0.16123429
v 0.08674807 -0.3490262 -0.14623654
v 0.11233642 -0.32096991 -0.09767509
v 0.11472199 -0.32000837 -0.09021866
v 0.11615944 -0.31859833 -0.08414593
v 0.1174631 -0.25310522 -0.06504363
v 0.11080375 -0.24752453 -0.02387987
v 0.11205701 -0.24750906 -0.00112853
v 0.11082988 -0.24775641 0.02381568
v 0.10848399 -0.24772517 0.03513554
v 0.11216661 -0.25195017 0.0686218
v 0.11651412 -0.25382107 0.06728434
v 0.11820737 -0.31769702 0.08212122
v 0.11098784 -0.31755883 0.09576447
v 0.10182982 -0.31967968 0.11574453
v 0.13185811 -0.32737374 0.14753094
v 0.10522933 -0.34169838 0.15020837
v 0.10898712 -0.3693071 0.15206039
v 0.14827147 -0.3986077 0.15835389
v 0.07249182 -0.40476146 -0.15691072
v 0.08631497 -0.39565471 -0.15188266
v 0.11540849 -0.2793203 -0.0769439
v 0.11686273 -0.29126629 -0.07150646
v 0.1169611 -0.31697908 -0.07669695
v 0.12199983 -0.31752133 -0.06462357
v 0.11644699 0.20165567 0.03113768
v 0.11563837 0.21093002 0.03445831
v 0.11910258 0.19746582 0.03358757
v 0.11563837 0.21093002 0.03445831
v 0.11920626 0.19706693 0.04445013
v 0.11910258 0.19746582 0.03358757
v 0.11604405 0.1843809 0.03118268
v 0.11605703 -0.31422645 0.08358388
v 0.10750421 -0.39383832 0.15420805
v 0.07058802 -0.41974929 0.20408328
v 0.07593816 -0.42078915 0.2051844
v 0.11081904 -0.31826502 -0.09347155
v 0.11006195 -0.25317118 -0.07781475
v 0.10784421 -0.25138867 -0.07212763
v 0.10072631 -0.24735816 -0.0490837
v 0.10967797 0.11498132 -0.04801296
v 0.11855274 0.11459292 -0.01759254
v 0.10812144 0.11210413 -0.04838812
v 0.10625125 -0.24745303 -0.03654545
v 0.10870036 0.1402133 -0.03580385
v 0.11001058 0.10069615 -0.01860104
v 0.11430334 0.14018784 -0.01658514
v 0.11036106 0.10022309 -0.00091948
v 0.10953698 -0.24506761 -0.02051539
v 0.11444595 0.14032286 0.00606952
v 0.1185289 0.11470812 0.00996598
v 0.11073131 -0.24520582 -2.622E-05
v 0.11059558 0.10110348 0.01135278
v 0.10952207 0.14130257 0.02954492
v 0.11063545 0.12814666 0.03271357
v 0.11228247 0.11436975 0.03517972
v 0.11183383 0.17472024 0.04637323
v 0.11335735 0.17264453 0.02966851
v 0.11137869 0.22897677 0.04112862
v 0.11078117 0.23143959 0.04239434
v 0.1096742 0.23018496 0.05376317
v 0.11833667 0.19667368 0.05611312
v 0.11249703 0.18483952 0.06520208
v 0.09746875 -0.24749248 0.05393071
v 0.11236095 0.21270217 0.06369801
v 0.11638889 0.19571494 0.06790786
v 0.10373615 -0.25240028 0.08302522
v 0.10925744 -0.25470036 0.0808587
v 0.11034733 -0.26196972 0.08229186
v 0.11087862 -0.31410834 0.09274542
v 0.11098784 -0.31755883 0.09576447
v 0.08590773 -0.32158682 0.13592695
v 0.09139828 -0.47620064 -0.21343148
v 0.07757068 -0.42246103 -0.20287316
v 0.07811482 -0.41634238 -0.1879645
v 0.12671639 -0.33268285 -0.14482455
v 0.10399436 -0.31954998 -0.1037996
v 0.10431715 -0.2972821 -0.0987405
v 0.10410635 -0.2533223 -0.0870268
v 0.10870036 0.1402133 -0.03580385
v 0.10111522 0.14590666 -0.02333452
v 0.11430334 0.14018784 -0.01658514
v 0.10844402 -0.19149321 -0.02419839
v 0.11360387 -0.20817074 0.00023928
v 0.11093913 -0.20862785 -0.02591109
v 0.108869 -0.21456705 0.00039911
v 0.11444595 0.14032286 0.00606952
v 0.10863511 -0.23462461 2.365E-05
v 0.11073131 -0.24520582 -2.622E-05
v 0.10830104 -0.24149424 -0.02174325
v 0.10830104 -0.24149424 -0.02174325
v 0.10805987 -0.17230619 0.0008706
v 0.10476268 -0.17235659 0.02679883
v 0.11059664 -0.20860833 0.02685625
v 0.10808843 -0.23661688 0.01582911
v 0.10909828 -0.24431786 0.02342415
v 0.1098323 -0.20463274 0.02760592
v 0.10909828 -0.24431786 0.02342415
v 0.10715543 0.1434678 0.02476503
v 0.10952207 0.14130257 0.02954492
v 0.10581236 0.10108226 0.03124096
v 0.1062957 -0.24412343 0.03451027
v 0.11045443 0.15108502 0.02904095
v 0.107963 0.15386842 0.0465351
v 0.10564844 0.11466675 0.04970498
v 0.11078117 0.23143959 0.04239434
v 0.107191 0.23286629 0.04643584
v 0.1096742 0.23018496 0.05376317
v 0.1081054 0.17218705 0.06173537
v 0.10862645 0.22932144 0.06051664
v 0.10862645 0.22932144 0.06051664
v 0.10624256 0.21056029 0.07119375
v 0.10739636 0.19539253 0.07577755
v 0.11034733 -0.26196972 0.08229186
v 0.10696385 -0.31115651 0.09656507
v 0.11087862 -0.31410834 0.09274542
v 0.07058802 -0.41974929 0.20408328
v 0.08658846 -0.36713481 -0.14840794
v 0.09819808 -0.32097265 -0.11136656
v 0.10312118 -0.31628758 -0.10340121
v 0.1090542 -0.31935465 -0.09293509
v 0.10116135 -0.31988296 -0.10186052
v 0.10557913 -0.3232353 -0.10139281
v 0.09189251 -0.24738777 -0.06196199
v 0.10062876 0.11435822 -0.06177395
v 0.10967797 0.11498132 -0.04801296
v 0.10812144 0.11210413 -0.04838812
v 0.09873087 -0.24516085 -0.04906152
v 0.10457682 -0.24451305 -0.03521473
v 0.10581166 0.14034644 -0.04620577
v 0.10096969 0.10005574 -0.04601829
v 0.10239962 -0.18631615 -0.03826457
v 0.10695553 -0.20889746 -0.03615847
v 0.10040811 -0.20880638 -0.05172785
v 0.10581166 0.14034644 -0.04620577
v 0.10541799 -0.17216983 -0.02458349
v 0.10195648 -0.23712102 -0.03713878
v 0.10830104 -0.24149424 -0.02174325
v 0.10457682 -0.24451305 -0.03521473
v 0.10953698 -0.24506761 -0.02051539
v 0.10195648 -0.23712102 -0.03713878
v 0.10227147 -0.22497205 -0.02365433
v 0.10830104 -0.24149424 -0.02174325
v 0.10187319 -0.22151344 -0.02541033
v 0.10863511 -0.23462461 2.365E-05
v 0.11001058 0.10069615 -0.01860104
v 0.11036106 0.10022309 -0.00091948
v 0.10645596 0.09859025 -0.02250313
v 0.104082 -0.22140461 0.00238662
v 0.10407533 -0.22386259 0.002829
v 0.10218474 0.14611043 0.00993232
v 0.10808843 -0.23661688 0.01582911
v 0.10161117 -0.22131522 0.02745247
v 0.10525678 -0.23386139 0.02837833
v 0.10525678 -0.23386139 0.02837833
v 0.11045443 0.15108502 0.02904095
v 0.10952207 0.14130257 0.02954492
v 0.10700824 0.14499845 0.02619486
v 0.10715543 0.1434678 0.02476503
v 0.09808915 -0.17210281 0.04245153
v 0.10519792 -0.20863491 0.04040141
v 0.09961841 -0.21313901 0.04555674
v 0.1062957 -0.24412343 0.03451027
v 0.10524306 0.13393553 0.04615073
v 0.09710339 0.23490894 0.04737874
v 0.10284709 0.12417768 0.05369832
v 0.09890265 0.09936361 0.04432315
v 0.09933923 -0.24482916 0.04729541
v 0.1053582 0.15294218 0.05637512
v 0.09856423 0.23366487 0.05517847
v 0.10480797 0.15919186 0.06041105
v 0.10052104 0.22917813 0.06942664
v 0.10052104 0.22917813 0.06942664
v 0.09715426 -0.25501341 0.09467819
v 0.09715426 -0.25501341 0.09467819
v 0.10075359 -0.26059419 0.09291976
v 0.10925744 -0.25470036 0.0808587
v 0.10696385 -0.31115651 0.09656507
v 0.10001712 -0.31451124 0.10403013
v 0.11098784 -0.31755883 0.09576447
v 0.09323489 -0.31763238 0.1118996
v 0.06832577 -0.41296473 0.16118149
v 0.06832577 -0.41296473 0.16118149
v 0.12976113 -0.32919344 -0.14347637
v 0.08672707 -0.32794181 -0.14349556
v 0.12671639 -0.33268285 -0.14482455
v 0.09531439 -0.31868571 -0.10969499
v 0.10106977 -0.29133028 -0.1014553
v 0.09772883 -0.25369588 -0.09577621
v 0.10113501 -0.30182683 -0.100417
v 0.09673613 0.14004532 -0.06039185
v 0.10581166 0.14034644 -0.04620577
v 0.09873087 -0.24516085 -0.04906152
v 0.10096969 0.10005574 -0.04601829
v 0.09774972 -0.17179836 -0.04433092
v 0.10541799 -0.17216983 -0.02458349
v 0.09774972 -0.17179836 -0.04433092
v 0.09447103 -0.16829073 -0.02892485
v 0.09575417 -0.16702886 -0.00085188
v 0.10484874 -0.21021472 -0.025633
v 0.10084132 -0.21700859 -0.0240049
v 0.1022896 -0.21718591 0.00135368
v 0.10675171 -0.20910971 -0.01037338
v 0.10227147 -0.22497205 -0.02365433
v 0.10400594 -0.17738193 0.00090828
v 0.10236299 -0.17742164 -0.0100315
v 0.10304444 -0.18756661 -0.02412557
v 0.10407533 -0.22386259 0.002829
v 0.10805987 -0.17230619 0.0008706
v 0.0954832 -0.16769324 0.01585992
v 0.10476268 -0.17235659 0.02679883
v 0.09949064 0.14631489 0.02171333
v 0.10115915 -0.22481355 0.02741716
v 0.10115915 -0.22481355 0.02741716
v 0.09949064 0.14631489 0.02171333
v 0.1063244 0.0989486 0.02199619
v 0.09459948 -0.22452711 0.04176944
v 0.0950427 -0.23619421 0.05096228
v 0.1062957 -0.24412343 0.03451027
v 0.0950427 -0.23619421 0.05096228
v 0.09933923 -0.24482916 0.04729541
v 0.1062957 -0.24412343 0.03451027
v 0.10170943 0.1322403 0.05590481
v 0.09313647 -0.19604744 0.06139643
v 0.09822931 0.11416594 0.06385748
v 0.09871665 0.13301907 0.05890945
v 0.0955587 0.15773694 0.06675298
v 0.09207301 0.19767162 0.08609967
v 0.08776933 0.1947235 0.0886075
v 0.09225328 -0.26146206 0.10120969
v 0.09323489 -0.31763238 0.1118996
v 0.07287685 -0.32445803 0.14840436
v 0.13185811 -0.32737374 0.14753094
v 0.07720838 -0.33223861 0.149804
v 0.08487529 -0.4197053 -0.20572297
v 0.08338674 -0.3214106 -0.12110947
v 0.09438354 -0.26724547 -0.10140857
v 0.0901688 -0.25188109 -0.09459892
v 0.09117388 0.11386331 -0.07572182
v 0.0880127 0.09975805 -0.06472763
v 0.09673613 0.14004532 -0.06039185
v 0.09561471 0.14510968 -0.04228012
v 0.09402794 -0.19282004 -0.05951355
v 0.09442563 -0.2090966 -0.06353589
v 0.09481685 -0.23786429 -0.0529432
v 0.09655802 -0.22336569 -0.03725267
v 0.09655802 -0.22336569 -0.03725267
v 0.09962461 -0.20843345 -0.04085864
v 0.09606623 -0.21543257 -0.03965088
v 0.09318746 -0.16542295 -0.01146363
v 0.10233631 0.34635523 0.00042635
v 0.10061251 0.33674064 0.00029344
v 0.09408651 0.3466588 -0.01499294
v 0.08959015 -0.1682069 0.03983896
v 0.09808915 -0.17210281 0.04245153
v 0.10138352 -0.21601307 0.02571947
v 0.09347733 -0.22105284 0.03901354
v 0.09795368 -0.209021 0.04382589
v 0.09459948 -0.22452711 0.04176944
v 0.09419958 -0.22182462 0.04480685
v 0.09245273 0.23213121 0.04426854
v 0.09710339 0.23490894 0.04737874
v 0.11078117 0.23143959 0.04239434
v 0.09162237 -0.17301168 0.05659854
v 0.09415623 -0.20903629 0.06377713
v 0.09179495 0.22928232 0.07770044
v 0.09928368 0.17372133 0.06947344
v 0.08647679 -0.24748376 0.06879961
v 0.09179495 0.22928232 0.07770044
v 0.09127473 0.21735674 0.08162345
v 0.09075725 -0.25338572 0.0984882
v 0.0940186 -0.31470567 0.10935418
v 0.08172753 -0.36601153 0.15220372
v 0.02598546 -0.39630795 0.15519525
v 0.02598546 -0.39630795 0.15519525
v 0.04013018 -0.39900294 0.15823357
v 0.07784804 -0.41406998 -0.16582987
v 0.07175905 -0.39963311 -0.15498391
v 0.05918659 -0.33235809 -0.14495024
v 0.06371367 -0.32220683 -0.14252512
v 0.08706948 -0.3197383 -0.11541629
v 0.08978428 -0.25329864 -0.1009991
v 0.0811949 -0.24822073 -0.07833467
v 0.09189251 -0.24738777 -0.06196199
v 0.09220422 -0.17281502 -0.05657553
v 0.09269768 -0.22143131 -0.04965391
v 0.09019372 -0.22501367 -0.05259724
v 0.09019372 -0.22501367 -0.05259724
v 0.09481685 -0.23786429 -0.0529432
v 0.08668485 0.14552195 -0.05211723
v 0.08950398 -0.16511941 -0.02849325
v 0.09211856 -0.16575183 -0.02232904
v 0.09727915 0.31746468 0.0001933
v 0.08645047 0.29568294 -0.01366232
v 0.09412989 -0.1547395 0.00148611
v 0.09406744 -0.16400403 0.00123523
v 0.09318746 -0.16542295 -0.01146363
v 0.09242494 -0.15096982 -0.02146201
v 0.09575417 -0.16702886 -0.00085188
v 0.09334793 0.36180797 0.00086458
v 0.094225 0.34657663 0.01427587
v 0.08617443 0.14599189 0.01875457
v 0.09209909 -0.13101517 0.008811
v 0.09246335 -0.15185425 0.02215478
v 0.09323493 -0.16443369 0.01373589
v 0.0954832 -0.16769324 0.01585992
v 0.09212665 -0.16577365 0.02248126
v 0.08941738 -0.16525057 0.02968035
v 0.08959015 -0.1682069 0.03983896
v 0.08647808 -0.2252115 0.05824993
v 0.09308234 0.23344314 0.05707484
v 0.09123778 0.09953731 0.05892801
v 0.09189304 -0.21377745 0.06053488
v 0.09116735 -0.2452483 0.06110614
v 0.09116735 -0.2452483 0.06110614
v 0.0896849 0.13784298 0.06667329
v 0.08811262 0.11420576 0.07513365
v 0.08183697 0.18212152 0.08540134
v 0.07898727 0.17286275 0.08294034
v 0.09075725 -0.25338572 0.0984882
v 0.07992717 -0.25486496 0.10893167
v 0.09019955 -0.31162703 0.11132114
v 0.07978804 -0.31912187 0.122758
v 0.05642416 -0.32279453 0.14599031
v 0.07287685 -0.32445803 0.14840436
v 0.08082059 -0.49544322 0.21978508
v 0.07893587 -0.47999737 -0.21378972
v 0.12894548 -0.32409558 -0.14585167
v 0.08691707 -0.31599873 -0.11418608
v 0.07741293 -0.25349289 -0.10993171
v 0.09846559 -0.28239867 -0.09871888
v 0.08177822 -0.28652948 -0.11094182
v 0.09316327 -0.31590876 -0.10826295
v 0.09699498 -0.26278034 -0.0958254
v 0.09053442 -0.25977212 -0.09938364
v 0.08396959 -0.26098913 -0.10460976
v 0.09495305 -0.25601918 -0.09456414
v 0.08860551 0.13955389 -0.07356048
v 0.08394498 -0.24730295 -0.07243186
v 0.08860551 0.13955389 -0.07356048
v 0.08525195 0.14432935 -0.06017612
v 0.08443233 0.10121574 -0.07119803
v 0.08831114 -0.23258649 -0.0614254
v 0.08831114 -0.23258649 -0.0614254
v 0.08578285 -0.22350591 -0.05980181
v 0.09034149 -0.21399954 -0.06303377
v 0.08578285 -0.22350591 -0.05980181
v 0.09220422 -0.17281502 -0.05657553
v 0.085047 -0.16796412 -0.04782881
v 0.08580097 -0.16533077 -0.03762771
v 0.08537192 -0.15477408 -0.03866322
v 0.08950398 -0.16511941 -0.02849325
v 0.09211856 -0.16575183 -0.02232904
v 0.08919498 -0.11270795 -0.02184137
v 0.09049205 -0.11417903 -0.00638677
v 0.08319369 0.37900445 0.0007152
v 0.08795226 -0.07610129 0.00188573
v 0.08488256 -0.04506628 0.01660884
v 0.0860358 0.3195309 0.02164099
v 0.09382189 0.29710147 -0.00040039
v 0.08886122 -0.10282205 0.02089507
v 0.08711757 -0.15536419 0.03547753
v 0.09890265 0.09936361 0.04432315
v 0.0858707 0.09227556 0.03994101
v 0.09437261 0.09211091 0.01481853
v 0.08596277 -0.16605774 0.04031992
v 0.08285004 -0.16747251 0.04946595
v 0.08681405 -0.22120796 0.0548874
v 0.09162237 -0.17301168 0.05659854
v 0.08788568 -0.22174364 0.05758272
v 0.08647808 -0.2252115 0.05824993
v 0.09245273 0.23213121 0.04426854
v 0.08604195 0.23127937 0.06440279
v 0.08647808 -0.2252115 0.05824993
v 0.0867994 -0.2450418 0.06654966
v 0.0950427 -0.23619421 0.05096228
v 0.0950427 -0.23619421 0.05096228
v 0.0867994 -0.2450418 0.06654966
v 0.08761609 0.23026897 0.07109523
v 0.09313647 -0.19604744 0.06139643
v 0.07925107 -0.20388821 0.07785587
v 0.09415623 -0.20903629 0.06377713
v 0.0885406 0.2043431 0.08553547
v 0.07929295 -0.2614834 0.11129591
v 0.08438005 -0.31723708 0.1162798
v 0.02598546 -0.39630795 0.15519525
v 0.14180593 -0.3965075 0.15474902
v 0.07897969 -0.4993211 -0.21711816
v 0.07895635 -0.41903389 -0.2045871
v 0.05839811 -0.39611208 -0.15187441
v 0.05918659 -0.33235809 -0.14495024
v 0.08162926 -0.25589743 -0.10258981
v 0.07801188 0.14134325 -0.07789422
v 0.0770732 -0.18707317 -0.07683689
v 0.0824299 -0.20926359 -0.07687445
v 0.08260507 -0.174006 -0.06797174
v 0.09189251 -0.24738777 -0.06196199
v 0.08394498 -0.24730295 -0.07243186
v 0.0871934 -0.20843415 -0.06530783
v 0.08647858 -0.21987528 -0.0565039
v 0.09136438 -0.21033274 -0.05882941
v 0.08260507 -0.174006 -0.06797174
v 0.09171075 -0.173544 -0.04711509
v 0.08359937 -0.17795241 -0.06072153
v 0.0903362 -0.17947339 -0.05405362
v 0.09056713 -0.22190642 -0.04635691
v 0.08806723 -0.22508256 -0.05089728
v 0.08215027 -0.16536437 -0.04553211
v 0.08580097 -0.16533077 -0.03762771
v 0.08272622 0.08829097 -0.03105727
v 0.08810183 0.08870392 -0.0168175
v 0.08793003 0.0728125 -0.01812527
v 0.07757858 0.07243633 -0.0435328
v 0.08949687 0.05749672 -0.01816478
v 0.07672918 0.14516252 -0.01612089
v 0.08579746 -0.06587989 -0.02029595
v 0.08846351 0.07319817 -0.00190634
v 0.08943247 0.27208844 -0.00080181
v 0.08395261 -0.04080877 -0.01881525
v 0.08833387 0.08849456 0.01405769
v 0.08475165 -0.03769146 0.00578227
v 0.08937459 0.05758728 0.01746119
v 0.08788003 0.07469095 0.01698192
v 0.07992961 0.04447776 0.01460959
v 0.07802784 0.28353891 0.02504242
v 0.08309758 0.08854825 0.02977424
v 0.07875541 0.08840054 0.04030927
v 0.08833387 0.08849456 0.01405769
v 0.07875541 0.08840054 0.04030927
v 0.08530934 -0.0660715 0.02172989
v 0.0734122 -0.07882527 0.04972219
v 0.08367276 -0.16359708 0.04331501
v 0.08285004 -0.16747251 0.04946595
v 0.08834854 0.22640255 0.04137028
v 0.08604195 0.23127937 0.06440279
v 0.09245273 0.23213121 0.04426854
v 0.08155792 -0.17395937 0.06689581
v 0.09162237 -0.17301168 0.05659854
v 0.08155792 -0.17395937 0.06689581
v 0.09189304 -0.21377745 0.06053488
v 0.07977125 -0.21419396 0.07297483
v 0.0760743 0.16143 0.08068797
v 0.07570622 0.1436362 0.07706376
v 0.09179495 0.22928232 0.07770044
v 0.07882752 0.20227748 0.07578998
v 0.0885406 0.2043431 0.08553547
v 0.07457153 -0.24739122 0.08062929
v 0.08528762 0.19254658 0.08798059
v 0.08776933 0.1947235 0.0886075
v 0.08183697 0.18212152 0.08540134
v 0.07877252 -0.25225061 0.1044025
v 0.08438005 -0.31723708 0.1162798
v 0.07494721 -0.31899026 -0.12056392
v 0.07514742 -0.30358055 -0.11651859
v 0.08119602 -0.31722963 -0.11432565
v 0.08187247 0.20979322 -0.09551217
v 0.08283172 0.21065712 -0.09197328
v 0.08373005 0.1938559 -0.10135551
v 0.08511216 0.19499795 -0.08683005
v 0.07927217 0.1771726 -0.09952275
v 0.08002637 0.17682534 -0.09708031
v 0.06968683 -0.25185576 -0.11152717
v 0.08283172 0.21065712 -0.09197328
v 0.07894654 0.2164062 -0.08981872
v 0.08511216 0.19499795 -0.08683005
v 0.08136304 0.17843024 -0.07905199
v 0.06670395 -0.24744551 -0.08768778
v 0.08393862 0.1383063 -0.07874078
v 0.08122793 0.11380637 -0.08516914
v 0.08046461 -0.20420012 -0.07310121
v 0.07910731 -0.20909187 -0.07358996
v 0.08876423 -0.24852446 -0.06313342
v 0.07752243 -0.24612913 -0.07506157
v 0.07922816 -0.24885529 -0.07649164
v 0.07446405 -0.23505388 -0.07763624
v 0.0840994 -0.23674431 -0.06427737
v 0.07709811 -0.18185747 -0.06991899
v 0.0910261 -0.19240348 -0.05639707
v 0.07264772 -0.2162161 -0.07357838
v 0.07380892 -0.17212968 -0.06935128
v 0.0749421 -0.16852289 -0.05872225
v 0.08236466 -0.2239432 -0.05937304
v 0.07796187 -0.16605234 -0.05275634
v 0.07786887 -0.15307103 -0.05322048
v 0.08215027 -0.16536437 -0.04553211
v 0.07547553 -0.11173587 -0.05077889
v 0.07324388 -0.05285352 -0.04532658
v 0.0846822 -0.1647085 -0.03050062
v 0.08083682 -0.17018555 -0.04420298
v 0.08610202 -0.1697965 -0.03418087
v 0.08536554 0.34655294 -0.03123188
v 0.08550712 0.2459725 -0.00140602
v 0.07862592 0.23649997 -0.01206667
v 0.08195709 0.22323258 -0.00123915
v 0.06863436 0.14524712 0.00581248
v 0.08062999 -0.00480518 -0.01752372
v 0.08008295 0.01084768 0.00394949
v 0.08039369 0.00274055 0.01515896
v 0.094225 0.34657663 0.01427587
v 0.07846173 0.34599766 0.04165286
v 0.0860358 0.3195309 0.02164099
v 0.07612428 -0.12702386 0.05287507
v 0.07810304 -0.15369618 0.05384174
v 0.07852233 -0.16704544 0.05353631
v 0.07502653 -0.22158921 0.07041163
v 0.08788568 -0.22174364 0.05758272
v 0.07590198 -0.23802376 0.07472927
v 0.07602964 -0.24516232 0.07714651
v 0.07602964 -0.24516232 0.07714651
v 0.0743819 0.14893487 0.07864151
v 0.07657605 0.11392703 0.08735671
v 0.07209077 0.09935442 0.07925473
v 0.07188407 0.14046954 0.08440147
v 0.07245466 -0.20928328 0.08534499
v 0.06523928 -0.24740316 0.08934177
v 0.06488476 -0.25408593 0.11885877
v 0.07992717 -0.25486496 0.10893167
v 0.06528368 -0.25641048 0.12023421
v 0.07445476 -0.31439748 0.12089791
v 0.07291224 -0.31770492 0.12201898
v 0.07291224 -0.31770492 0.12201898
v 0.00597082 -0.38779056 0.15407638
v 0.07893839 -0.49961707 0.2189901
v 0.07514314 -0.49975979 -0.21707898
v 0.07270402 -0.32108524 -0.12509657
v 0.07344487 -0.26036692 -0.11112422
v 0.06512726 0.19652711 -0.11626867
v 0.07792795 0.2132009 -0.09894422
v 0.0769935 0.22908734 -0.0938497
v 0.07713971 0.15746862 -0.0952624
v 0.078243 0.22829956 -0.09200321
v 0.078243 0.22829956 -0.09200321
v 0.07551148 0.20008466 -0.08097229
v 0.08136304 0.17843024 -0.07905199
v 0.07876452 0.1600157 -0.07440066
v 0.07647835 0.13830183 -0.08666079
v 0.08393862 0.1383063 -0.07874078
v 0.07135371 -0.20889069 -0.08799824
v 0.07569884 -0.24564105 -0.07989586
v 0.0811949 -0.24822073 -0.07833467
v 0.07618108 0.14364274 -0.07081304
v 0.06875078 0.14448334 -0.06559078
v 0.07796187 -0.16605234 -0.05275634
v 0.07904367 -0.16581745 -0.04409434
v 0.0776193 -0.16964394 -0.04811582
v 0.07614238 0.34709308 -0.04905057
v 0.06520111 0.36584184 -0.04915203
v 0.0665084 0.30174407 -0.05335988
v 0.0793521 0.08872555 -0.04037898
v 0.07650645 0.05737298 -0.04757775
v 0.08270895 0.05776295 -0.03430568
v 0.07296505 -0.06607385 -0.04799198
v 0.08005103 -0.06586201 -0.02290105
v 0.07917939 -0.05306338 -0.024835
v 0.08004402 -0.10788612 -0.02923135
v 0.06501083 0.14452183 -0.03660215
v 0.06731893 0.25376689 -0.03948669
v 0.0757831 0.27315784 -0.02782533
v 0.07153817 0.37600419 -0.02492838
v 0.07703267 0.04106691 -0.01578951
v 0.07763658 0.04090741 0.00301358
v 0.07822109 0.02730808 -0.01594279
v 0.07948136 0.20892726 -0.00164913
v 0.07779929 0.20021331 0.00085808
v 0.07748602 0.04088933 0.01357189
v 0.06283388 0.39930511 0.01286805
v 0.08943247 0.27208844 -0.00080181
v 0.07802784 0.28353891 0.02504242
v 0.08550712 0.2459725 -0.00140602
v 0.07474553 -0.01667858 0.03410242
v 0.06497955 0.30384341 0.05572557
v 0.07594007 0.05672065 0.04779183
v 0.07153232 0.04083762 0.02836639
v 0.07671812 0.07424102 0.04379223
v 0.07852233 -0.16704544 0.05353631
v 0.06984055 -0.17431074 0.07836926
v 0.0773569 -0.21715099 0.06800786
v 0.07608832 -0.20975347 0.07625511
v 0.08387603 -0.20996736 0.0683236
v 0.06850308 -0.22509076 0.07578368
v 0.06984055 -0.17431074 0.07836926
v 0.0077359 -0.33870426 0.15082765
v 0.07008012 -0.41759396 0.19636543
v 0.07199004 -0.44699872 0.210655
v 0.07263806 -0.48188698 0.21661121
v 0.07250751 -0.49914294 0.21847676
v 0.06825799 -0.42378497 -0.20520267
v 0.07073801 -0.45112434 -0.20955481
v 0.06976132 -0.41687366 -0.20192552
v 0.03182394 -0.32314989 -0.14522155
v 0.09209017 -0.32616967 -0.14198841
v 0.05118357 -0.32607922 -0.14329822
v 0.06739774 -0.27342984 -0.11667792
v 0.06320672 0.19362257 -0.11812528
v 0.0769935 0.22908734 -0.0938497
v 0.07131017 0.22870068 -0.08787945
v 0.078243 0.22829956 -0.09200321
v 0.07131017 0.22870068 -0.08787945
v 0.07583006 0.13802177 -0.08898939
v 0.07534332 0.14155068 -0.09239467
v 0.07647835 0.13830183 -0.08666079
v 0.07235429 0.13332456 -0.09197862
v 0.07319674 0.11381029 -0.09266953
v 0.06345164 0.19559747 -0.06929165
v 0.07801188 0.14134325 -0.07789422
v 0.07262827 -0.17441434 -0.07839028
v 0.07210086 -0.20435588 -0.08176038
v 0.07149432 -0.209078 -0.08128056
v 0.07579581 -0.22131595 -0.07117689
v 0.06718215 0.1816413 -0.06947492
v 0.07876452 0.1600157 -0.07440066
v 0.07618108 0.14364274 -0.07081304
v 0.07801188 0.14134325 -0.07789422
v 0.06704542 -0.18158111 -0.07934899
v 0.06849052 -0.22419642 -0.07747208
v 0.07824925 -0.22411539 -0.06772716
v 0.07262827 -0.17441434 -0.07839028
v 0.07867505 0.08962867 -0.04470151
v 0.0793521 0.08872555 -0.04037898
v 0.07175179 0.08847033 -0.05152027
v 0.07175179 0.08847033 -0.05152027
v 0.07781526 -0.13060816 -0.04371912
v 0.07452674 -0.12610362 -0.0476935
v 0.07674059 -0.15366098 -0.04861991
v 0.07144559 0.05021673 -0.04630986
v 0.06910091 -0.00652819 -0.04414875
v 0.0770532 -0.05187332 -0.02962875
v 0.07318003 -0.05474536 -0.03610729
v 0.07176396 -0.08458737 -0.04289631
v 0.07195932 0.04064816 -0.02748225
v 0.06710652 0.01943111 -0.0431986
v 0.06338418 0.14370528 -0.01586057
v 0.07692191 -0.00207766 -0.01531063
v 0.07278243 0.01024246 -0.02072261
v 0.07772266 -0.03972488 -0.0212053
v 0.07420118 0.17232762 -0.00018973
v 0.06772526 0.19652925 -0.02186257
v 0.06971978 0.4010579 0.00105452
v 0.05042572 0.39518097 0.03654268
v 0.06673025 0.01857714 0.043789
v 0.07846173 0.34599766 0.04165286
v 0.07103612 -0.0459173 0.04783775
v 0.07097673 0.08852168 0.05201279
v 0.09123778 0.09953731 0.05892801
v 0.07009806 0.09239456 0.06346456
v 0.07686675 0.21726239 0.06424967
v 0.06269018 0.19214705 0.06332987
v 0.07266455 0.14457913 0.07830534
v 0.07898727 0.17286275 0.08294034
v 0.07144389 0.17547466 0.07597217
v 0.0760743 0.16143 0.08068797
v 0.06231227 -0.20875579 0.09498752
v 0.06488476 -0.25408593 0.11885877
v 0.06521349 -0.4143312 0.16472189
v 0.06787322 -0.47529238 -0.21375114
v 0.06787395 -0.49399206 -0.21723577
v 0.06231591 -0.416289 -0.19778672
v 0.06224818 -0.41503727 -0.18049875
v 0.06211116 -0.3208921 -0.13030219
v 0.06416337 -0.31847924 -0.12500364
v 0.06622458 -0.29466656 -0.11941203
v 0.06590468 -0.31838408 -0.1211293
v 0.08200127 -0.32235512 -0.11514924
v 0.06375866 -0.25341159 -0.11757077
v 0.0647018 -0.25869498 -0.11522196
v 0.05747132 0.2295495 -0.08077692
v 0.08236902 -0.25215563 -0.08112746
v 0.06322637 -0.24868648 -0.08813922
v 0.06457901 -0.25195596 -0.09635848
v 0.05586488 0.22222579 -0.07539763
v 0.06450662 0.09950698 -0.08758924
v 0.07752243 -0.24612913 -0.07506157
v 0.06322637 -0.24868648 -0.08813922
v 0.07922816 -0.24885529 -0.07649164
v 0.0628611 -0.22160125 -0.08286117
v 0.07258233 -0.17769256 -0.071304
v 0.06429162 0.16346729 -0.06576233
v 0.0593746 -0.16805144 -0.07377921
v 0.06276057 -0.10643806 -0.06277439
v 0.07221516 -0.15181902 -0.05408942
v 0.07064955 -0.16803096 -0.0562179
v 0.06548991 -0.16996416 -0.06211834
v 0.06697433 0.3475377 -0.06706219
v 0.06759604 0.07353209 -0.05686226
v 0.06826378 -0.08605724 -0.04866543
v 0.0724554 -0.11714132 -0.04767732
v 0.07031073 0.14504743 -0.00025787
v 0.06955829 0.16563894 0.00755141
v 0.07158588 0.15426777 -0.0002496
v 0.06708606 0.2040315 0.02404119
v 0.06363095 0.14556997 0.01692709
v 0.08617443 0.14599189 0.01875457
v 0.06363095 0.14556997 0.01692709
v 0.07217589 0.1461163 0.01791219
v 0.06360964 0.24051957 0.04010245
v 0.06901086 -0.01447819 0.04540353
v 0.06396018 0.07646842 0.06089766
v 0.06459205 0.05743748 0.06205867
v 0.06210889 -0.10515596 0.06363063
v 0.05329948 -0.12238473 0.07509418
v 0.05439276 -0.15279002 0.07757196
v 0.06689921 -0.16640681 0.0655824
v 0.06956741 0.14881705 0.07510816
v 0.0743819 0.14893487 0.07864151
v 0.06958225 0.14630982 0.07616141
v 0.07266455 0.14457913 0.07830534
v 0.06288922 -0.21721897 0.08132822
v 0.06418731 -0.22127211 0.0804938
v 0.05772306 -0.18527187 0.09279884
v 0.05790503 -0.23620407 0.09072678
v 0.06435285 -0.2453489 0.08815836
v 0.06711386 0.11351389 0.09661686
v 0.05344235 -0.24906547 0.10847652
v 0.06302211 -0.27904078 0.12353952
v 0.06548686 -0.31789169 0.1239152
v 0.06338792 -0.42967349 0.20786583
v 0.06526599 -0.48019251 0.21705957
v 0.06437388 -0.49629164 0.21984191
v 0.06487423 -0.4998914 -0.21859542
v 0.05833015 -0.41788074 -0.20509697
v 0.04261211 -0.41332698 -0.1653244
v 0.06499536 -0.25537747 -0.11276928
v 0.06053182 0.17224203 -0.11091368
v 0.05915345 0.15710825 -0.10685632
v 0.05437477 -0.2491394 -0.10635964
v 0.0602035 0.13619931 -0.10162842
v 0.06348751 0.11406302 -0.10097171
v 0.06968188 0.22968455 -0.09939265
v 0.06041842 -0.24774647 -0.09329567
v 0.06469078 -0.20135187 -0.08805159
v 0.06566073 -0.2075014 -0.08795263
v 0.06011092 -0.19011599 -0.08767391
v 0.06566073 -0.2075014 -0.08795263
v 0.05967684 -0.21720675 -0.08475842
v 0.07149432 -0.209078 -0.08128056
v 0.05896872 -0.24629632 -0.08998829
v 0.05307592 0.21093185 -0.0678017
v 0.07264772 -0.2162161 -0.07357838
v 0.06875078 0.14448334 -0.06559078
v 0.06546686 -0.16633141 -0.06604619
v 0.06697433 0.3475377 -0.06706219
v 0.07614238 0.34709308 -0.04905057
v 0.0665084 0.30174407 -0.05335988
v 0.06546686 -0.16633141 -0.06604619
v 0.0665355 0.05768827 -0.05950937
v 0.06128168 -0.1511125 -0.06499721
v 0.06263669 0.08880042 -0.0630879
v 0.05006333 0.1432963 -0.04881297
v 0.06532346 0.04078856 -0.04236908
v 0.06731893 0.25376689 -0.03948669
v 0.07862592 0.23649997 -0.01206667
v 0.05974678 0.22256732 -0.04612075
v 0.05974678 0.22256732 -0.04612075
v 0.06873712 0.02191966 -0.02539917
v 0.06603634 0.01377479 -0.03367495
v 0.06842021 -0.01180418 -0.03598936
v 0.06338418 0.14370528 -0.01586057
v 0.05752818 0.14346348 -0.02762991
v 0.07031073 0.14504743 -0.00025787
v 0.05948038 0.41761348 0.00129739
v 0.06863436 0.14524712 0.00581248
v 0.06171334 0.14660482 0.01927969
v 0.06012358 0.19050382 0.03424285
v 0.06487658 0.04066945 0.0430861
v 0.04808299 0.36356235 0.07471407
v 0.06231458 0.34607673 0.06950532
v 0.05456839 -0.00701189 0.05928414
v 0.0609641 0.0886269 0.06397485
v 0.05144159 -0.07867572 0.07190734
v 0.05379535 0.31802681 0.0796309
v 0.06689921 -0.16640681 0.0655824
v 0.06724836 0.18778397 0.06917686
v 0.05880211 0.14667162 0.06634799
v 0.05807309 -0.16632046 0.07406715
v 0.0630921 0.14626892 0.07477961
v 0.06210673 0.14543501 0.08375929
v 0.07266455 0.14457913 0.07830534
v 0.06958225 0.14630982 0.07616141
v 0.05536801 -0.22505225 0.08669674
v 0.07188407 0.14046954 0.08440147
v 0.06435285 -0.2453489 0.08815836
v 0.06022195 0.14036575 0.09513557
v 0.06022195 0.14036575 0.09513557
v 0.06219323 0.09968677 0.08919461
v 0.05446094 -0.24760732 0.09859145
v 0.05732038 -0.25171843 0.11784029
v 0.06152897 -0.26125219 0.12234654
v 0.06154393 -0.3155705 0.12543023
v 0.06548686 -0.31789169 0.1239152
v 0.05589128 -0.32001278 0.13242689
v 0.06183009 -0.41754654 0.20040318
v 0.06382257 -0.42030075 0.20538898
v 0.06382257 -0.42030075 0.20538898
v 0.06208156 -0.49943268 0.21980405
v 0.05273921 -0.43634218 -0.20714436
v 0.08672707 -0.32794181 -0.14349556
v 0.05118357 -0.32607922 -0.14329822
v 0.05693558 -0.31896019 -0.12841207
v 0.05516758 0.11400975 -0.10587516
v 0.05352522 0.23008703 -0.0995709
v 0.07372779 -0.23623694 -0.07552283
v 0.05715485 -0.23344885 -0.08832893
v 0.05747132 0.2295495 -0.08077692
v 0.056644 -0.17885351 -0.08767454
v 0.06710977 -0.22141679 -0.07624184
v 0.04882587 -0.16757175 -0.08308837
v 0.05521492 0.32140809 -0.08199181
v 0.05379944 0.30244741 -0.07885084
v 0.0593746 -0.16805144 -0.07377921
v 0.05918112 -0.16589028 -0.07246748
v 0.05379944 0.30244741 -0.07885084
v 0.05433409 0.19330257 -0.06064265
v 0.06002034 0.14431672 -0.06119827
v 0.05865768 0.07873688 -0.0668886
v 0.06002034 0.14431672 -0.06119827
v 0.04782932 0.04135487 -0.06145705
v 0.0686039 -0.05459687 -0.04480354
v 0.05745481 -0.07849804 -0.05834464
v 0.06481207 -0.01985429 -0.04451409
v 0.0551425 -0.04195088 -0.05785115
v 0.04659246 0.39887592 -0.04648821
v 0.05752818 0.14346348 -0.02762991
v 0.0627526 0.1487866 0.01713444
v 0.06363095 0.14556997 0.01692709
v 0.06166533 0.17020984 0.02603101
v 0.06338941 0.17059332 0.02587431
v 0.06166533 0.17020984 0.02603101
v 0.06038989 0.17495991 0.03210443
v 0.05992416 0.0410272 0.04822214
v 0.06111587 0.18029599 0.04437317
v 0.05677097 0.07779987 0.06751411
v 0.05807309 -0.16632046 0.07406715
v 0.05880211 0.14667162 0.06634799
v 0.07209077 0.09935442 0.07925473
v 0.0512982 0.09156518 0.07826693
v 0.05558882 -0.22193801 0.08719088
v 0.05479199 -0.17264695 0.09217789
v 0.0526264 -0.24462682 0.09726591
v 0.05481714 -0.45103487 0.21209204
v 0.05138503 -0.32087073 -0.13531952
v 0.05178159 -0.32211068 -0.12970601
v 0.06846084 -0.32242548 -0.12143811
v 0.04890704 -0.27906337 -0.12557884
v 0.05018943 -0.29510093 -0.1265
v 0.06499536 -0.25537747 -0.11276928
v 0.05619027 -0.25868022 -0.11916956
v 0.0647018 -0.25869498 -0.11522196
v 0.05619027 -0.25868022 -0.11916956
v 0.05083654 -0.24744698 -0.09851244
v 0.05332563 -0.24398676 -0.09532277
v 0.05790565 -0.23312585 -0.09008271
v 0.06670395 -0.24744551 -0.08768778
v 0.06011092 -0.19011599 -0.08767391
v 0.05396628 -0.20118955 -0.09360161
v 0.06469078 -0.20135187 -0.08805159
v 0.05202207 -0.20733371 -0.09474265
v 0.05832938 -0.20991188 -0.09064461
v 0.0600871 -0.17333941 -0.08852956
v 0.05387644 -0.22270909 -0.08539449
v 0.0694004 -0.22447629 -0.07373165
v 0.05197696 0.36459979 -0.07908034
v 0.05730381 0.34801924 -0.08757155
v 0.05621775 0.33473101 -0.08464523
v 0.0549981 -0.15348604 -0.07725395
v 0.06389724 -0.14678708 -0.06691179
v 0.0511083 0.20102775 -0.06095417
v 0.0537637 0.16970669 -0.05998238
v 0.05538476 0.0576728 -0.07129845
v 0.05707673 -0.10807684 -0.06203283
v 0.05671993 -0.1230339 -0.06569911
v 0.06157019 -0.12962531 -0.06197388
v 0.06917153 -0.11457957 -0.0511132
v 0.04897054 -0.0109382 -0.06619972
v 0.06161516 0.02135689 -0.03989095
v 0.05652754 0.0121294 -0.0494545
v 0.06209219 0.01130361 -0.04552561
v 0.06127732 -0.01287432 -0.04769698
v 0.040155 0.43128678 -0.01970299
v 0.06171334 0.14660482 0.01927969
v 0.06195933 0.15873259 0.02194565
v 0.05459371 0.16855054 0.04115179
v 0.05612446 0.16975421 0.04130369
v 0.05372612 0.05661081 0.07200169
v 0.05364899 0.27603719 0.06995537
v 0.04766262 0.24721935 0.07416864
v 0.05027711 -0.16675015 0.08276536
v 0.05479199 -0.17264695 0.09217789
v 0.05869561 -0.2078439 0.0924373
v 0.06620596 -0.21034451 0.08476041
v 0.0588651 -0.21389231 0.09180197
v 0.05239531 -0.25371048 0.12484518
v 0.05239531 -0.25371048 0.12484518
v 0.05814988 -0.29345995 0.12647898
v 0.05363332 -0.31811029 0.12880643
v 0.05363332 -0.31811029 0.12880643
v 0.02628474 -0.40981993 0.15940741
v 0.07173013 -0.48907492 -0.21846546
v 0.01937727 -0.47443092 -0.21663953
v 0.06651802 -0.47357991 -0.21645826
v 0.06706368 -0.41998869 -0.20094152
v 0.04857304 -0.42410153 -0.20484102
v 0.01257633 -0.41370979 -0.15820064
v 0.02072749 -0.35908401 -0.14705145
v 0.04729818 -0.31907675 -0.13267179
v 0.04844733 -0.31725335 -0.12836219
v 0.05111196 -0.25337705 -0.12317283
v 0.03407914 -0.25147921 -0.12536019
v 0.04895604 -0.25473446 -0.11902039
v 0.03987177 0.23086952 -0.10964184
v 0.04111547 0.23104873 -0.10706554
v 0.0582705 0.22988422 -0.10628235
v 0.05339206 -0.20570026 -0.09846809
v 0.05364226 -0.17199658 -0.09198653
v 0.0600871 -0.17333941 -0.08852956
v 0.04980908 -0.24894643 -0.09758391
v 0.056644 -0.17885351 -0.08767454
v 0.0486205 -0.19022232 -0.09378313
v 0.05344816 0.22917578 -0.09270439
v 0.05364226 -0.17199658 -0.09198653
v 0.06122945 -0.17739396 -0.08199704
v 0.04714076 -0.17363356 -0.09098456
v 0.04840722 -0.21668862 -0.09021641
v 0.05176019 -0.1664716 -0.07889593
v 0.05586488 0.22222579 -0.07539763
v 0.05291374 0.2140156 -0.07052232
v 0.05307592 0.21093185 -0.0678017
v 0.04689216 0.37906447 -0.07187241
v 0.05361746 0.07545391 -0.07108565
v 0.05285225 -0.13153476 -0.07209045
v 0.05412366 -0.15679781 -0.07438168
v 0.05559431 -0.16776194 -0.07191575
v 0.05435153 -0.17031884 -0.0745962
v 0.05138267 -0.0702238 -0.07108118
v 0.06160547 -0.05593774 -0.05848764
v 0.05007606 0.18759483 -0.05873525
v 0.04694365 0.16434786 -0.05663801
v 0.04686062 0.14394651 -0.05562033
v 0.04589517 0.04116563 -0.06292592
v 0.04686062 0.14394651 -0.05562033
v 0.05356324 0.20561089 -0.05504767
v 0.04958049 0.17260559 -0.05298181
v 0.05198285 0.14391577 -0.03935111
v 0.0488641 0.43451256 0.00135347
v 0.0540785 0.17691927 0.04303547
v 0.05459371 0.16855054 0.04115179
v 0.0528921 0.18913259 0.04947608
v 0.0502939 0.2053982 0.05954279
v 0.04477219 0.04103006 0.06281643
v 0.05369927 0.1697143 0.05904843
v 0.04976902 0.14635243 0.05819139
v 0.04976902 0.14635243 0.05819139
v 0.04815559 -0.0181096 0.06712716
v 0.05063653 -0.058237 0.07008858
v 0.05140565 0.35339943 0.07994513
v 0.05360277 -0.16524038 0.07789318
v 0.05398375 0.34589073 0.08406479
v 0.05027711 -0.16675015 0.08276536
v 0.04527483 0.14647183 0.09006302
v 0.05618673 -0.22398961 0.08271505
v 0.05008126 -0.21665712 0.08937451
v 0.06288922 -0.21721897 0.08132822
v 0.05008126 -0.21665712 0.08937451
v 0.05114199 -0.2367126 0.09526812
v 0.05363177 -0.20889452 0.09908166
v 0.0526264 -0.24462682 0.09726591
v 0.04518218 0.14070515 0.10332973
v 0.04863973 0.11346893 0.10636402
v 0.04272573 0.09899941 0.09887301
v 0.04968441 -0.26972154 0.1280569
v 0.03400144 -0.41584334 0.18417773
v 0.0438219 -0.417312 0.20009984
v 0.04392239 -0.47839257 0.21712504
v 0.03760737 -0.49467313 -0.21731386
v -0.03826007 -0.39959216 -0.15509708
v 0.0359996 -0.32119641 -0.13887079
v 0.04694931 -0.25915197 -0.12306931
v 0.04899266 0.22909525 -0.09923832
v 0.04759493 -0.24663292 -0.09620842
v 0.04714076 -0.17363356 -0.09098456
v 0.04678358 -0.17618009 -0.09275983
v 0.04714645 -0.17131759 -0.09510235
v 0.04605353 -0.12999487 -0.07666221
v 0.04589105 -0.16580729 -0.07835735
v 0.04955321 0.2038666 -0.06350148
v 0.04726116 -0.10341428 -0.0712527
v 0.05089733 -0.10604386 -0.0689339
v 0.0511083 0.20102775 -0.06095417
v 0.05082478 0.19721109 -0.05947932
v 0.04955321 0.2038666 -0.06350148
v 0.04998171 0.23182255 -0.0679654
v 0.05082478 0.19721109 -0.05947932
v 0.0511083 0.20102775 -0.06095417
v 0.04827918 -0.01115247 -0.06120048
v 0.04928192 0.16320775 0.05184229
v 0.04928192 0.16320775 0.05184229
v 0.05170269 0.16459063 0.05039041
v 0.05170269 0.16459063 0.05039041
v 0.04928192 0.16320775 0.05184229
v 0.04813511 0.15584245 0.05353912
v 0.0420601 0.3816466 0.06517006
v 0.04710544 0.20568237 0.06540886
v 0.04433746 0.14495271 0.05412893
v 0.04866458 0.27126747 0.07726602
v 0.04492101 0.08848105 0.07628597
v 0.04727558 0.08241169 0.07418971
v 0.05008308 0.29489353 0.07985461
v 0.04468681 -0.16351947 0.08286951
v 0.04160412 -0.17162287 0.09756707
v 0.04096007 -0.24743055 0.10427308
v 0.04370947 -0.2839013 0.13091639
v 0.04260253 -0.31749851 0.13164756
v 0.02433614 -0.46419355 -0.21208212
v 0.02784637 -0.48821229 -0.21636084
v 0.02371059 -0.43579939 -0.20712189
v 0.04694931 -0.25915197 -0.12306931
v 0.0343133 -0.24758917 -0.10641822
v 0.06109248 -0.2140796 -0.09029812
v 0.04438983 -0.221669 -0.09282656
v 0.04175544 -0.20817249 -0.10415877
v 0.04158418 -0.20632471 -0.09948146
v 0.04438983 -0.221669 -0.09282656
v 0.03971731 -0.23276621 -0.09872785
v 0.03990387 -0.22278336 -0.09165775
v 0.04422465 0.20802052 -0.08094473
v 0.04700184 0.20188953 -0.06698227
v 0.04313348 -0.16362436 -0.08311344
v 0.04052207 -0.14499258 -0.08021115
v 0.04542429 -0.17016207 -0.08085987
v 0.04832556 -0.0749645 -0.06743678
v 0.04998171 0.23182255 -0.0679654
v 0.04955321 0.2038666 -0.06350148
v 0.04829838 0.21657038 -0.06633706
v 0.04608982 0.20185913 -0.06446064
v 0.04470498 -0.02521458 -0.0648055
v 0.04117393 0.39537999 -0.06308094
v 0.04885748 0.01459343 -0.05717091
v 0.04671039 0.01061763 -0.06146084
v 0.05007606 0.18759483 -0.05873525
v 0.04694365 0.16434786 -0.05663801
v 0.04702223 0.14482972 -0.0523335
v 0.05198285 0.14391577 -0.03935111
v 0.04607685 0.15116413 -0.05410021
v 0.04702223 0.14482972 -0.0523335
v 0.04807753 0.18476689 0.06111266
v 0.04749057 0.17130584 0.05689767
v 0.04456118 0.15392208 0.05547814
v 0.04710544 0.20568237 0.06540886
v 0.04287473 0.19695552 0.06519154
v 0.04807753 0.18476689 0.06111266
v 0.04637682 0.22386643 0.07039987
v 0.0444093 0.05715445 0.0772885
v 0.02480882 -0.07081718 0.0846393
v 0.02592451 -0.10731263 0.08749644
v 0.04073188 -0.16565786 0.0862327
v 0.04263765 -0.22185154 0.09155906
v 0.04081135 -0.22505857 0.09214953
v 0.04160412 -0.17162287 0.09756707
v 0.03101686 -0.23394707 0.10090067
v 0.03049358 -0.19900639 0.10666683
v 0.03705908 -0.23701455 0.1004535
v 0.04177604 -0.24482493 0.10123194
v 0.04177604 -0.24482493 0.10123194
v 0.03408525 -0.25163814 0.1271529
v 0.04260253 -0.31749851 0.13164756
v 0.04071214 -0.31884149 0.13349095
v 0.02769153 -0.32069185 0.14018944
v 0.00467973 -0.32568732 0.14921747
v 0.02606101 -0.41384873 0.1642116
v -0.01109138 -0.45188546 0.21217786
v 0.00476929 -0.40426826 -0.15671746
v 0.03576544 -0.29336265 -0.13042723
v 0.03711991 -0.31858507 -0.13164324
v 0.03968085 -0.25324005 -0.12713009
v 0.03906775 -0.25537667 -0.12382706
v 0.05083654 -0.24744698 -0.09851244
v 0.0343133 -0.24758917 -0.10641822
v 0.04250912 -0.2447692 -0.1007543
v 0.04775195 0.22116591 -0.09488039
v 0.03688749 0.20964231 -0.09215949
v 0.03729374 0.20437609 -0.08567562
v 0.0372235 -0.17307094 -0.09436121
v 0.04083466 -0.17606024 -0.09503385
v 0.03666897 -0.23386416 -0.09791336
v 0.04057778 -0.1662285 -0.08545762
v 0.03568679 -0.11531442 -0.07926419
v 0.03853594 0.18649267 -0.06755809
v 0.04014033 0.18687436 -0.06472174
v 0.0393385 0.01629125 -0.06886923
v 0.04192928 0.02195406 -0.06008798
v 0.04279475 0.01087194 -0.06355418
v 0.03980586 0.03362917 -0.05836778
v 0.04607685 0.15116413 -0.05410021
v 0.04686062 0.14394651 -0.05562033
v 0.03585698 0.43564364 0.02025283
v 0.04433746 0.14495271 0.05412893
v 0.03633624 0.39874604 0.05665982
v 0.04456118 0.15392208 0.05547814
v 0.04749057 0.17130584 0.05689767
v 0.04301898 0.16826543 0.0587756
v 0.02765708 0.17988332 0.06489277
v 0.04637682 0.22386643 0.07039987
v 0.03291627 0.14463805 0.06634385
v 0.02169355 0.01994444 0.07737105
v 0.04766262 0.24721935 0.07416864
v 0.03858654 0.22033788 0.07115264
v 0.04866458 0.27126747 0.07726602
v 0.03777279 0.24793251 0.07516836
v 0.03773643 0.0781773 0.07933144
v 0.05398375 0.34589073 0.08406479
v 0.03413696 0.28912315 0.0795617
v 0.05008308 0.29489353 0.07985461
v 0.02811787 -0.14991219 0.09044753
v 0.04145757 -0.20789628 0.09947786
v 0.05025669 -0.20994863 0.09474915
v 0.04518218 0.14070515 0.10332973
v 0.04057457 -0.20901895 0.10423962
v 0.03417565 0.11314864 0.11266867
v 0.02823631 -0.26024416 0.13395645
v 0.02850712 -0.27861267 0.13517879
v 0.01004457 -0.3702639 0.15281016
v -0.00783541 -0.42942223 0.20773616
v 0.02667768 -0.45078889 -0.20964298
v 0.0053585 -0.41557226 -0.18522969
v 0.00861268 -0.33332089 -0.14458986
v 0.03234025 -0.31740078 -0.1357822
v 0.03711991 -0.31858507 -0.13164324
v 0.02427277 -0.32243109 -0.13606571
v 0.05178159 -0.32211068 -0.12970601
v 0.03115764 -0.25912189 -0.12779306
v 0.03906775 -0.25537667 -0.12382706
v 0.02039038 -0.24735226 -0.11044707
v 0.03241536 -0.2446584 -0.10457359
v 0.03404639 0.21714272 -0.10082762
v 0.03931826 -0.17141362 -0.098523
v 0.02605595 -0.1710359 -0.1034099
v 0.03378472 -0.22183412 -0.09700488
v 0.03700745 -0.24607348 -0.10105302
v 0.03614373 0.19575563 -0.07777044
v 0.03018737 0.17519276 -0.06684361
v 0.04567493 -0.04855495 -0.06664103
v 0.03699574 -0.05133606 -0.07212097
v 0.03748868 0.0133214 -0.06472683
v 0.03417938 0.41550666 -0.05182185
v 0.03848629 0.45021847 0.00146529
v 0.0324852 0.41134703 0.05032414
v 0.03054303 0.16087975 0.06068745
v 0.03548197 0.14385164 0.05569035
v 0.0420601 0.3816466 0.06517006
v 0.02853387 0.36861709 0.0710813
v 0.04808299 0.36356235 0.07471407
v 0.0109078 0.34597826 0.08115268
v 0.01953576 0.2460717 0.07601028
v 0.03138822 0.08832311 0.08263068
v 0.0210445 0.05694085 0.08764109
v 0.02884956 0.34156704 0.08228333
v 0.02972957 0.31037134 0.08102802
v 0.04073188 -0.16565786 0.0862327
v 0.03246921 0.14101228 0.10873035
v 0.02476686 -0.20893556 0.10984551
v 0.02801321 -0.25312504 0.13265607
v 0.02801321 -0.25312504 0.13265607
v -0.03419864 -0.39550343 -0.15149975
v 0.00518105 -0.32111153 -0.14143004
v 0.01831065 -0.32603011 -0.14287353
v 0.03106333 -0.31971312 -0.13773112
v 0.01959149 -0.25313237 -0.13153365
v 0.02741627 -0.19940402 -0.10490505
v 0.02709204 -0.20672961 -0.10538121
v 0.03304414 -0.21110268 -0.10009477
v 0.02625056 0.20577623 -0.0968487
v 0.02946209 -0.1773932 -0.09972136
v 0.03028723 -0.22117727 -0.09602947
v 0.03132335 -0.22441499 -0.09544964
v 0.02069925 -0.15010419 -0.08798519
v 0.02447585 -0.16524544 -0.08643036
v 0.02783228 -0.05205428 -0.07781006
v 0.03282546 -0.09081543 -0.07802433
v 0.02695676 0.02666623 -0.0673484
v 0.03074746 0.0434589 -0.06206114
v 0.02985694 0.03615291 -0.06343459
v 0.04233154 0.04135647 -0.05271587
v 0.02718526 0.43616992 -0.04079525
v 0.03049675 0.44691458 -0.01956774
v 0.02825313 0.42510745 0.04330774
v 0.03548197 0.14385164 0.05569035
v 0.02892503 0.14353503 0.05806083
v 0.02745442 0.0413776 0.07205619
v 0.01964148 0.20983577 0.07217421
v 0.0225412 -0.02898961 0.0815761
v 0.02763712 -0.1643631 0.09055439
v 0.02763712 -0.1643631 0.09055439
v 0.02340994 -0.1680537 0.09685007
v 0.03455498 -0.22134291 0.09472743
v 0.02819154 0.14612837 0.09885532
v 0.03246921 0.14101228 0.10873035
v 0.02497835 -0.17169756 0.10339116
v 0.02559662 -0.24494597 0.10602178
v 0.02559662 -0.24494597 0.10602178
v 0.02623395 -0.31771684 0.13588408
v 0.02623395 -0.31771684 0.13588408
v -0.00273028 -0.47923416 0.21726909
v 0.03754871 -0.39744991 -0.15664388
v -0.04384946 -0.39657289 -0.15526631
v -0.00413876 -0.35177585 -0.14595068
v 0.02294491 -0.31871197 -0.13427524
v 0.02912313 -0.25586349 -0.12690261
v 0.02039038 -0.24735226 -0.11044707
v 0.01762998 -0.2443223 -0.10873251
v 0.02591356 -0.24869737 -0.10597797
v 0.04042031 -0.24893747 -0.10132945
v 0.03188346 0.21584636 -0.10401775
v 0.02392164 -0.17414248 -0.09930576
v 0.0286814 -0.16530511 -0.08934139
v 0.02158047 -0.1494642 -0.09239361
v 0.03809615 -0.15337953 -0.08535979
v 0.0286814 -0.16530511 -0.08934139
v 0.02438083 0.19630942 -0.08935252
v 0.0245313 0.186921 -0.0815524
v 0.02317214 -0.13994445 -0.08647217
v 0.02472904 0.17714316 -0.07248154
v 0.02326408 -0.03742954 -0.07726251
v 0.03259671 0.17616604 -0.06473344
v 0.02874692 0.17326985 -0.0643196
v 0.01942207 0.47020289 -0.0113778
v 0.02396706 0.47214028 0.00132577
v 0.02523354 0.43548697 0.03776827
v 0.01844852 0.28007048 0.07867909
v 0.01804352 0.14461589 0.0764465
v 0.02497835 -0.17169756 0.10339116
v 0.02640818 -0.22437581 0.09602766
v 0.02295414 -0.22177014 0.09824176
v 0.02314964 -0.23736279 0.10447975
v 0.02310024 -0.24762577 0.10845032
v 0.02335864 -0.31915388 0.13792329
v 0.00251509 -0.32386333 0.14824538
v 0.00467973 -0.32568732 0.14921747
v -0.04662435 -0.4179979 0.20108929
v -0.03876431 -0.41717973 -0.20183347
v -0.00066284 -0.42197016 -0.2027854
v 0.002421 -0.4243412 -0.20479672
v 0.02420493 -0.28581342 -0.13160303
v 0.02294491 -0.31871197 -0.13427524
v 0.02551075 -0.17971799 -0.10126366
v 0.02303474 -0.21390814 -0.10181472
v 0.0186704 -0.23445773 -0.1037304
v 0.0205586 -0.22447173 -0.09811473
v 0.01806121 -0.16534986 -0.09302216
v 0.02104128 -0.10628852 -0.08446141
v 0.02573712 0.1654212 -0.06464855
v 0.02480219 0.04446894 -0.06423043
v 0.01635049 0.14333844 0.06009739
v 0.01729266 0.16106021 0.06347255
v 0.01829004 0.08119087 0.08694519
v 0.03246921 0.14101228 0.10873035
v 0.01865422 0.14088865 0.11192003
v 0.02046636 0.11426739 0.11557975
v 0.03417565 0.11314864 0.11266867
v 0.00680078 0.11277157 0.11752746
v 0.01663893 -0.27921399 0.13758312
v -0.04104354 -0.41325238 0.16105844
v -0.04104354 -0.41325238 0.16105844
v -0.02471459 -0.42079377 0.20537201
v 0.01802664 -0.24756904 -0.10734475
v 0.01542882 -0.21055703 -0.10476609
v 0.02712635 0.14602937 -0.098489
v 0.02477647 0.14462341 -0.09914991
v 0.0216877 0.14492401 -0.08444337
v 0.02273938 0.14598244 -0.08360274
v 0.02657139 0.05821655 -0.08603388
v 0.03038302 0.04106535 -0.07082232
v 0.01550987 0.04112107 -0.07740844
v 0.01982662 -0.06177513 -0.08108042
v 0.02267389 0.18083684 -0.0796129
v 0.02192426 0.17274649 -0.07309022
v 0.01787414 -0.04203454 -0.07960515
v 0.01397369 0.01245351 -0.07659286
v 0.02136174 0.15517399 -0.06419656
v 0.01975798 0.01282281 -0.07318667
v 0.01703821 0.03186475 -0.07005259
v 0.0182018 0.46125868 -0.02718909
v 0.01161687 0.47573745 0.0168203
v 0.01630836 0.46211699 0.02393967
v 0.02015453 0.4499751 0.03042912
v 0.01635049 0.14333844 0.06009739
v 0.01959758 0.04150023 0.07575767
v 0.0123082 -0.22480941 0.099609
v 0.01865422 0.14088865 0.11192003
v 0.01606511 -0.20329241 0.11070788
v 0.03049358 -0.19900639 0.10666683
v 0.01606511 -0.20329241 0.11070788
v 0.02476686 -0.20893556 0.10984551
v 0.00999226 0.09809328 0.10755498
v 0.00482502 -0.25193551 0.13208574
v 0.01582491 -0.25453657 0.13551632
v -0.03596832 -0.39751148 -0.15293068
v 0.00325664 -0.25292078 -0.13288274
v 0.00442294 -0.2585721 -0.13103397
v 0.00820054 -0.24755506 -0.1118276
v 0.00801126 -0.24901612 -0.10989428
v -0.00161651 -0.19987386 -0.10820192
v 0.02382262 0.14229114 -0.11184356
v -0.00378558 0.14551933 -0.10075574
v 0.01544763 -0.22109208 -0.09905143
v 0.02447585 -0.16524544 -0.08643036
v 0.01478798 -0.16533673 -0.08888362
v 0.02152322 -0.16998468 -0.09125396
v 0.01676835 0.14459229 -0.07019852
v 0.01920655 -0.09019664 -0.08310705
v 0.01972528 0.14637177 -0.069382
v 0.01577099 0.14407955 -0.06286057
v 0.02042507 0.1464683 -0.06315871
v 0.0146729 0.02043991 -0.07376661
v 0.01652908 0.04134613 -0.06672215
v 0.0324852 0.41134703 0.05032414
v -0.00280269 0.42227107 0.04396015
v 0.03633624 0.39874604 0.05665982
v -0.00668118 0.39354837 0.05805523
v 0.0126723 0.32075295 0.07947751
v 0.0225412 -0.02898961 0.0815761
v 0.0116427 -0.05948656 0.08538187
v 0.02480882 -0.07081718 0.0846393
v 0.01632439 0.08839097 0.08792739
v 0.01829004 0.08119087 0.08694519
v 0.03138822 0.08832311 0.08263068
v 0.02592451 -0.10731263 0.08749644
v 0.01367934 -0.1533909 0.09285821
v 0.02811787 -0.14991219 0.09044753
v 0.01358767 -0.163865 0.09307856
v 0.02763712 -0.1643631 0.09055439
v 0.01358767 -0.163865 0.09307856
v 0.00965243 -0.22150476 0.10101278
v 0.0022851 0.14569092 0.10292453
v 0.00080016 -0.20860879 0.11398643
v 0.00410829 -0.24797496 0.11105769
v 0.01504452 -0.31585357 0.13765171
v 0.02335864 -0.31915388 0.13792329
v -0.00230853 -0.32250932 0.14612119
v 0.02598546 -0.39630795 0.15519525
v -0.03485911 -0.39861107 0.15825364
v 0.04013018 -0.39900294 0.15823357
v -0.04025045 -0.49993944 -0.21877061
v -0.03899254 -0.4140422 -0.1662945
v 0.02912313 -0.25586349 -0.12690261
v 0.00281391 -0.25488096 -0.12807082
v 0.00442294 -0.2585721 -0.13103397
v -0.00808584 -0.25143036 -0.12865885
v 0.02675655 -0.207945 -0.11005815
v -0.00204681 -0.18675403 -0.1102807
v 0.02605595 -0.1710359 -0.1034099
v 0.01010257 -0.20513774 -0.10729934
v 0.01637762 -0.17088595 -0.10496459
v -0.0014624 -0.10546476 -0.08573988
v 0.01039191 0.48075294 -0.01601611
v 0.01326559 0.48512912 -0.00199417
v 0.01430506 0.48496661 0.00168211
v 0.02523354 0.43548697 0.03776827
v 0.02825313 0.42510745 0.04330774
v 0.00387666 0.23043753 0.07403821
v 0.01959758 0.04150023 0.07575767
v 0.00856865 0.04154401 0.07697546
v 0.02169355 0.01994444 0.07737105
v 0.00963318 -0.00014693 0.08079509
v -0.00103903 -0.23243572 0.10597152
v 0.00323749 0.14072736 0.11393343
v 0.0043149 -0.31823811 -0.13940299
v 0.00435688 -0.31627876 -0.13598946
v 0.00337237 -0.32231927 -0.13776316
v 0.00337237 -0.32231927 -0.13776316
v 0.00283408 -0.27034736 -0.13221231
v 0.00347109 -0.28870103 -0.13423882
v 0.00820054 -0.24755506 -0.1118276
v 0.00122804 -0.24421431 -0.1100231
v 0.00196 -0.05299539 -0.08152308
v -0.00188674 -0.07983153 -0.083138
v 0.00983731 0.00931931 -0.0776605
v 0.00847479 -0.01317061 -0.07894219
v 0.00675699 0.0409043 -0.06763747
v 0.00353134 0.02799962 -0.07224495
v 0.00551993 0.49373856 -0.00747814
v 0.00371101 0.49913108 0.00306217
v 0.00854828 0.48521581 0.01129606
v 0.00292177 0.17204587 0.06584993
v 0.00634607 0.20983616 0.07212386
v 0.0210445 0.05694085 0.08764109
v -0.00294121 0.05192722 0.08621299
v 0.00304135 0.08759328 0.08883864
v 0.00174632 0.07502926 0.08896806
v 0.00027499 0.0575032 0.0898465
v -0.00174887 -0.15670136 0.09492807
v -0.00011389 -0.16294171 0.09505484
v 0.02497835 -0.17169756 0.10339116
v 1.699E-05 -0.17333287 0.10779065
v 0.00080016 -0.20860879 0.11398643
v -0.00019707 -0.22220948 0.10199655
v 0.00108001 -0.24387893 0.1087761
v 0.00108001 -0.24387893 0.1087761
v 0.0022758 -0.25365883 0.13650566
v 0.0022758 -0.25365883 0.13650566
v 0.00209879 -0.27539569 0.13897201
v 0.00189234 -0.32064575 0.14123507
v -0.02471459 -0.42079377 0.20537201
v -0.07087422 -0.42435697 0.20676731
v -0.03508063 -0.48983225 -0.21663126
v -0.05105647 -0.47559264 -0.21355343
v -0.0246492 -0.37782788 -0.149178
v 0.0048934 0.14093916 -0.11356497
v -0.00922467 0.14149866 -0.11292706
v 0.00143968 -0.24558492 -0.1078481
v -0.0035981 -0.17636465 -0.103777
v -0.00126236 -0.20741317 -0.10836267
v -0.00476668 -0.17319608 -0.10110509
v 0.00030075 -0.21392751 -0.10328338
v -0.00419506 -0.22123501 -0.09947916
v -0.00072483 -0.22427186 -0.09944766
v -0.00028311 -0.23312776 -0.10453421
v -0.0033836 -0.1653613 -0.09567073
v 0.00018866 -0.13264997 -0.08757137
v -0.00227731 -0.15104021 -0.08991563
v 0.01478798 -0.16533673 -0.08888362
v 0.00065201 -0.03398075 -0.07996345
v 0.0016358 0.015371 -0.07626302
v 0.00356958 0.49849379 -0.0045827
v 0.01630836 0.46211699 0.02393967
v -0.01281547 0.47121993 0.01909183
v 0.02015453 0.4499751 0.03042912
v -0.01439857 0.14564809 0.06204797
v -0.00506904 0.32098788 0.07799396
v 0.01632439 0.08839097 0.08792739
v 0.00607273 0.09037786 0.09192976
v 0.00304135 0.08759328 0.08883864
v -0.00266946 -0.13603826 0.09311002
v 0.00136111 -0.1650348 0.09661863
v 0.00136111 -0.1650348 0.09661863
v 0.00158004 -0.1711925 0.10676861
v -0.00092189 -0.22532669 0.10150176
v 0.00323749 0.14072736 0.11393343
v 1.699E-05 -0.17333287 0.10779065
v 0.00023624 -0.20315504 0.11335196
v 0.00115652 -0.31854895 0.13897657
v 0.00115652 -0.31854895 0.13897657
v 0.00850431 -0.41916397 -0.20593685
v -0.06200277 -0.41798532 -0.20390312
v 0.05833015 -0.41788074 -0.20509697
v -0.06200277 -0.41798532 -0.20390312
v -0.00102611 -0.22500451 -0.10411733
v 0.01860302 -0.23318635 -0.1057943
v 0.0004777 -0.23460224 -0.10803883
v -0.00321079 -0.17075478 -0.10699695
v -0.00255838 -0.16586575 -0.09066773
v 0.00223081 0.36603525 -0.0807059
v -0.0211175 0.38529828 -0.07110196
v 0.01818296 0.39103541 -0.066392
v -0.00157373 0.50133997 8.187E-05
v 0.01161687 0.47573745 0.0168203
v -0.02831589 0.20722814 0.06998767
v -0.01183642 0.27245155 0.07532641
v -0.00312956 0.04122156 0.07797961
v -0.00305181 -0.01506962 0.08320319
v -0.01755122 0.14473858 0.08780999
v -0.00340992 -0.07449239 0.08793241
v 0.00067968 -0.21357797 0.10338877
v -0.00091118 -0.20833026 0.10871485
v 0.00972151 -0.20910011 0.10654762
v -0.04663386 -0.41269854 -0.1611307
v 0.00347109 -0.28870103 -0.13423882
v -0.01050127 -0.31612507 -0.13502835
v 0.00435688 -0.31627876 -0.13598946
v -0.00974775 -0.25974065 -0.13039069
v 0.00283408 -0.27034736 -0.13221231
v -0.01187268 -0.25293997 -0.13160567
v -0.01007948 0.00960028 -0.07722449
v 0.00616367 0.14380659 -0.06222958
v 0.00356958 0.49849379 -0.0045827
v -0.00415457 0.49820378 -0.00596028
v -0.00157373 0.50133997 8.187E-05
v -0.00157373 0.50133997 8.187E-05
v -0.00440891 0.49940166 0.00285003
v 0.00371101 0.49913108 0.00306217
v -0.00455597 0.49308208 0.00686829
v 0.00854828 0.48521581 0.01129606
v -0.01550144 0.34562659 0.07985633
v -0.02937162 0.1422113 0.10942568
v -0.01082224 0.11235751 0.11619341
v -0.03009283 -0.25179952 0.12767828
v -0.06891902 -0.43777195 -0.20705837
v -0.03289438 -0.32366002 -0.14408134
v 0.00337237 -0.32231927 -0.13776316
v -0.01207078 -0.29497591 -0.13337219
v -0.02075104 -0.24715707 -0.1110568
v -0.01781041 -0.2334644 -0.10358246
v -0.02405829 -0.22248739 -0.09758659
v -0.00944892 -0.13550295 -0.08761209
v -0.00989407 -0.16352658 -0.0898852
v -0.04145764 0.14436677 -0.06744736
v -0.01239709 -0.04961517 -0.07981372
v -0.01240144 -0.01855645 -0.07815896
v -0.01426007 0.0216378 -0.07234057
v -0.0126374 0.04215057 -0.06664249
v -0.01117082 0.03870692 -0.06767765
v -0.01621709 0.46104091 -0.02852942
v -0.01285776 0.47220892 -0.02211566
v 0.01039191 0.48075294 -0.01601611
v -0.00875651 0.48458114 -0.01473845
v -0.00547171 0.49919951 -0.00362461
v -0.00547171 0.49919951 -0.00362461
v -0.00440891 0.49940166 0.00285003
v -0.00157373 0.50133997 8.187E-05
v -0.00895941 0.483946 0.01204222
v -0.01796406 0.45439729 0.02774339
v -0.01585548 0.14386818 0.06282067
v -0.0162071 0.15451406 0.06353314
v -0.0179717 0.35165352 0.0774681
v -0.01333885 0.14455131 0.07138724
v -0.01570001 0.08837764 0.0877956
v -0.01619779 0.0772098 0.08748534
v -0.01364521 0.05718697 0.0884866
v -0.02794592 -0.17172384 0.10268197
v -0.01137468 -0.2315127 0.10450348
v -0.01714265 0.14090054 0.11176953
v -0.01040248 -0.24609831 0.10863502
v -0.01128574 -0.24795403 0.11052694
v -0.01685321 -0.26998356 0.13666958
v -0.06176114 -0.36850598 0.15199706
v -0.06757841 -0.49605486 0.21981718
v -0.05139787 -0.3976371 -0.15700401
v 0.00518105 -0.32111153 -0.14143004
v -0.03380792 -0.31943399 -0.13755935
v 0.0043149 -0.31823811 -0.13940299
v -0.01915272 -0.27412149 -0.13052194
v -0.02926457 -0.25546959 -0.12684911
v -0.01315897 -0.20506549 -0.10725122
v -0.01846532 -0.24814922 -0.10767171
v -0.01455839 -0.19944049 -0.10664008
v -0.0118708 -0.20981249 -0.10535074
v -0.02213883 -0.22647493 -0.09892789
v -0.01426455 0.01268864 -0.07640927
v -0.01001388 0.4923808 -0.0015328
v -0.00895941 0.483946 0.01204222
v -0.02278471 0.14687973 0.06236383
v -0.02436523 0.16968223 0.06509296
v -0.01585548 0.14386818 0.06282067
v -0.0295767 0.22280832 0.07111246
v -0.02117984 0.32811314 0.07782118
v -0.01457481 0.00628912 0.07965664
v -0.01570001 0.08837764 0.0877956
v -0.01264594 -0.16377074 0.09329874
v -0.01040248 -0.24609831 0.10863502
v -0.01836028 0.09849561 0.10613654
v -0.01714265 0.14090054 0.11176953
v -0.01426783 -0.25347894 0.13461208
v -0.01426783 -0.25347894 0.13461208
v -0.01413435 -0.29211184 0.13808978
v -0.01571304 -0.31641304 0.1379987
v -0.02614919 -0.31936336 0.13784897
v -0.02614919 -0.31936336 0.13784897
v -0.08310537 -0.39380312 0.15410045
v -0.0396216 -0.41453254 0.16430715
v -0.04434799 -0.44980717 -0.20892327
v -0.04356737 -0.40410712 -0.15681429
v -0.05479184 -0.41301188 -0.15834489
v -0.02075104 -0.24715707 -0.1110568
v -0.02563882 -0.17066264 -0.10328648
v -0.02480516 -0.16699938 -0.09617841
v -0.02608075 -0.21419054 -0.10110755
v -0.02665149 -0.14884554 -0.0869972
v -0.02150074 -0.16606426 -0.08896106
v -0.02516658 -0.10508659 -0.08322395
v -0.02317059 -0.06549593 -0.08024241
v -0.01657882 0.00415906 -0.07606504
v -0.02332537 -0.04099736 -0.07785376
v -0.02512025 0.43194607 0.03920401
v -0.0330459 0.41068408 0.04968
v -0.02321083 0.28264436 0.07509729
v -0.01794708 0.04136651 0.07575677
v -0.02801519 -0.07740528 0.08411424
v -0.02891694 -0.12411239 0.08800054
v -0.01490505 -0.22381698 0.09979696
v -0.03501281 -0.39055213 -0.15038034
v -0.03857813 -0.36168113 -0.14665963
v -0.04248843 -0.34651077 -0.14500453
v -0.02928732 -0.31926364 -0.13425872
v -0.03326952 -0.32224396 -0.13659747
v -0.02812652 -0.19911654 -0.10487206
v -0.02277633 -0.17394991 -0.0995285
v -0.02604267 -0.18011788 -0.10136833
v -0.02702341 -0.16247687 -0.08682488
v -0.02570465 -0.12645194 -0.08551685
v -0.01657882 0.00415906 -0.07606504
v -0.02178236 -0.01336687 -0.07540487
v -0.01240144 -0.01855645 -0.07815896
v -0.01426007 0.0216378 -0.07234057
v -0.02021517 0.01608258 -0.07208226
v -0.01426455 0.01268864 -0.07640927
v -0.01117082 0.03870692 -0.06767765
v -0.02157116 0.02870208 -0.06830823
v -0.02157116 0.02870208 -0.06830823
v -0.01901242 0.47970363 -0.0029487
v -0.01281547 0.47121993 0.01909183
v -0.02335233 0.19104044 0.06834649
v -0.01724704 0.14617798 0.06895255
v -0.0154244 0.14587954 0.07703626
v -0.01868412 0.01605582 0.07319168
v -0.01117303 0.01209128 0.07719882
v -0.01528262 -0.0040824 0.0766492
v -0.01333885 0.14455131 0.07138724
v -0.0154244 0.14587954 0.07703626
v -0.01755122 0.14473858 0.08780999
v -0.02603629 0.01173863 0.07699441
v -0.00429876 -0.07868575 0.08363102
v -0.00400964 -0.10792329 0.08619599
v -0.02673374 -0.10334676 0.08240665
v -0.03034038 -0.16412501 0.09005699
v -0.02278873 0.14464191 0.09661698
v -0.01264594 -0.16377074 0.09329874
v -0.02888239 -0.16779818 0.09553803
v -0.02756421 -0.22193843 0.09827567
v -0.02861389 -0.24567273 0.10613017
v -0.02958589 -0.20909807 0.10899203
v -0.02563975 -0.25315359 0.13240913
v -0.05644062 -0.33285785 0.14952134
v -0.03359061 -0.32439345 -0.13965392
v -0.0306052 -0.32687339 -0.14255846
v 0.01831065 -0.32603011 -0.14287353
v -0.03515836 -0.30930158 -0.1315327
v -0.03876714 -0.25931448 -0.12654255
v -0.02478845 0.14112036 -0.11128088
v -0.0356219 0.1419494 -0.10765672
v -0.02846562 -0.20535782 -0.10525617
v -0.02716362 -0.20873256 -0.10432465
v -0.02999966 -0.23768547 -0.10325463
v -0.02672751 -0.16446117 -0.09144986
v -0.01487846 -0.16372973 -0.09309205
v -0.02820163 0.14519934 -0.09740904
v -0.02332537 -0.04099736 -0.07785376
v -0.02600678 -0.05249855 -0.07921718
v -0.0126374 0.04215057 -0.06664249
v -0.02629638 0.03479302 -0.06457535
v -0.03894462 0.39574248 0.05679031
v -0.02700819 0.1550398 0.06272129
v -0.02278471 0.14687973 0.06236383
v -0.01703954 0.15677485 0.07772297
v -0.0154244 0.14587954 0.07703626
v -0.01724704 0.14617798 0.06895255
v -0.01637863 0.15690944 0.08055613
v -0.01945157 0.17611656 0.08658698
v -0.01637863 0.15690944 0.08055613
v -0.01768306 0.14659405 0.08442554
v -0.02741541 -0.03211749 0.08022961
v -0.01945157 0.17611656 0.08658698
v -0.02488232 0.15798254 0.0986856
v -0.02278873 0.14464191 0.09661698
v -0.03023449 -0.15211357 0.08996501
v -0.0285997 -0.22444212 0.09702003
v -0.02672842 -0.23106647 0.10193869
v -0.02700587 -0.23837943 0.10452434
v -0.029418 -0.20336027 0.10844047
v -0.02861389 -0.24567273 0.10613017
v -0.0317347 -0.24769528 0.10681318
v -0.02563975 -0.25315359 0.13240913
v -0.03169718 -0.29248625 0.1349525
v -0.03541712 -0.32086354 0.13874094
v -0.0306052 -0.32687339 -0.14255846
v -0.04269513 -0.3217814 -0.13905022
v -0.03652517 -0.25152171 -0.12490623
v -0.03198089 -0.24864766 -0.10625114
v -0.02903496 -0.17606576 -0.09876048
v -0.02912311 -0.22695471 -0.09737234
v -0.02317059 -0.06549593 -0.08024241
v -0.02706148 -0.0759965 -0.0801108
v -0.02516658 -0.10508659 -0.08322395
v -0.02706148 -0.0759965 -0.0801108
v -0.03626457 0.0155259 -0.06438141
v -0.03485397 0.14410502 -0.06104861
v -0.02545704 0.04518432 -0.06421069
v -0.04654544 0.37529561 0.06637084
v -0.02916991 0.16111085 0.06397878
v -0.0327744 0.18567514 0.06689712
v -0.02628614 0.0413994 0.07371245
v -0.02784113 0.17331375 0.07540939
v -0.02791218 0.08843692 0.08428516
v -0.03221124 0.07492758 0.08282726
v -0.02901179 0.05647497 0.08473835
v -0.02224776 0.18678562 0.08993324
v -0.02516318 0.19710442 0.09393466
v -0.03034038 -0.16412501 0.09005699
v -0.02685399 0.1438438 0.10423226
v -0.02937162 0.1422113 0.10942568
v -0.02057897 -0.24187633 0.10355629
v -0.01928612 -0.24889863 0.10593262
v -0.03529744 -0.24869017 0.10212529
v -0.02794592 -0.17172384 0.10268197
v -0.03349175 0.10152209 0.10490441
v -0.02957979 -0.31816444 0.13578762
v -0.0795354 -0.32466677 0.14796074
v -0.0795354 -0.32466677 0.14796074
v -0.03898105 -0.47516972 0.21669438
v -0.05861693 -0.49420172 -0.21726918
v -0.06144927 -0.41927466 -0.20573041
v -0.03583005 -0.25362167 -0.12885261
v -0.04185618 -0.27826858 -0.12782146
v -0.02702341 -0.16247687 -0.08682488
v -0.03426064 -0.16525434 -0.08399077
v -0.02150074 -0.16606426 -0.08896106
v -0.03375902 -0.1066571 -0.07961007
v -0.02570465 -0.12645194 -0.08551685
v -0.03529217 -0.05131556 -0.07352073
v -0.03960306 0.00178932 -0.06467933
v -0.04127344 -0.01573064 -0.06582646
v -0.03320189 0.04653474 -0.06161091
v -0.03134108 0.03798768 -0.06256527
v -0.01621709 0.46104091 -0.02852942
v -0.03640939 0.45107213 -0.00362317
v -0.02878368 0.46381399 -0.00342814
v -0.01901242 0.47970363 -0.0029487
v -0.03171264 0.4535214 0.00150428
v -0.03418159 0.16898857 0.06470519
v -0.02758313 0.04429056 0.06376
v -0.02089454 0.0411358 0.06583899
v -0.02918682 0.03629889 0.06373413
v -0.02700819 0.1550398 0.06272129
v -0.02916991 0.16111085 0.06397878
v -0.02278471 0.14687973 0.06236383
v -0.05690487 0.3466599 0.07914592
v -0.02547054 -0.216507 0.09826869
v -0.03271076 -0.21672101 0.09537111
v -0.03019217 -0.20896706 0.10382497
v -0.02937162 0.1422113 0.10942568
v -0.03380545 0.13746095 0.10943803
v -0.03285842 0.11161859 0.11154861
v -0.03543618 -0.27137682 0.1328401
v -0.08310537 -0.39380312 0.15410045
v -0.07128051 -0.39619491 0.1550366
v -0.03485911 -0.39861107 0.15825364
v -0.04807089 -0.409935 0.15946965
v -0.06298436 -0.42247707 -0.2028618
v -0.06451605 -0.42460302 -0.20475966
v -0.05337077 -0.41419488 -0.16533385
v -0.04227595 -0.27986228 -0.13099808
v -0.03583005 -0.25362167 -0.12885261
v -0.01951965 -0.25604743 -0.1316517
v -0.04058544 -0.25532541 -0.12361997
v -0.03238487 -0.24707067 -0.10884228
v -0.04328027 -0.17088155 -0.09665575
v -0.03871711 -0.17477468 -0.09538863
v -0.04339147 -0.16987038 -0.08320164
v -0.04372418 -0.17227715 -0.0917298
v -0.02350822 -0.16991708 -0.09180985
v -0.04577133 -0.1300049 -0.0770082
v -0.04464522 0.1450984 -0.08959986
v -0.02600678 -0.05249855 -0.07921718
v -0.04043007 0.04481243 -0.05666662
v -0.03806489 0.03027074 -0.06062144
v -0.03829563 0.17608072 0.06475456
v -0.04634196 0.23951004 0.07144808
v -0.04092528 0.04096758 0.06549708
v -0.05030381 0.26729494 0.0731101
v -0.04865684 0.00475811 0.06494452
v -0.03715702 0.08860329 0.08106741
v -0.03374032 -0.12676923 0.08596521
v -0.03101054 0.20914695 0.09678553
v -0.02516318 0.19710442 0.09393466
v -0.03582135 0.20320822 0.08898842
v -0.04050175 -0.17141159 0.09768532
v -0.03493524 0.21987957 0.1027839
v -0.03493524 0.21987957 0.1027839
v -0.03321978 0.19855425 0.10752708
v -0.02958589 -0.20909807 0.10899203
v -0.03570789 -0.22075605 0.09560809
v -0.03412075 0.16684429 0.11244755
v -0.03157382 0.14913577 0.11028931
v -0.03157382 0.14913577 0.11028931
v -0.04684701 -0.31811303 0.1323524
v -0.02957979 -0.31816444 0.13578762
v -0.08821632 -0.38030422 0.1526219
v -0.06548711 -0.49948674 0.21975765
v -0.04353647 -0.32991135 -0.14226329
v -0.04353647 -0.32991135 -0.14226329
v -0.04169692 -0.31785494 -0.13152553
v -0.04519101 -0.32230353 -0.13329925
v -0.03238487 -0.24707067 -0.10884228
v -0.04076688 -0.24763197 -0.10534566
v -0.03165966 -0.24467038 -0.10684709
v -0.03983366 -0.20037073 -0.1000874
v -0.04142274 -0.20688088 -0.0996149
v -0.04191202 -0.24593025 -0.09999125
v -0.0450956 -0.2149066 -0.09258789
v -0.04612016 -0.23390438 -0.09399033
v -0.04687775 -0.22118784 -0.08884021
v -0.04712964 -0.22391464 -0.08896368
v -0.02665149 -0.14884554 -0.0869972
v -0.05113875 -0.11864215 -0.07171977
v -0.04838825 -0.04226106 -0.06537611
v -0.04046442 0.04105587 -0.05617567
v -0.04456007 0.4323616 0.00327553
v -0.02875452 0.44163609 0.02053813
v -0.04360595 0.18994814 0.06541349
v -0.0478709 0.22236355 0.069709
v -0.03418159 0.16898857 0.06470519
v -0.03829563 0.17608072 0.06475456
v -0.03388172 -0.0462608 0.07374735
v -0.02825986 -0.06735682 0.07930387
v -0.0447031 -0.08736068 0.07192422
v -0.05071402 -0.05084562 0.06942877
v -0.0413775 0.05714296 0.0788669
v -0.0416624 -0.22483885 0.09268112
v -0.04269 -0.20956793 0.09779619
v -0.04673061 -0.23319428 0.09585708
v -0.04297834 -0.24762794 0.10311677
v -0.03753936 0.1819586 0.11627939
v -0.03956345 0.12455414 0.10852338
v -0.06741276 -0.42882186 -0.20533819
v -0.04471238 -0.39572448 -0.15050118
v -0.04740873 -0.38276193 -0.14892714
v -0.04362191 -0.32532653 -0.1433391
v -0.04269513 -0.3217814 -0.13905022
v -0.04275085 -0.32564664 -0.13932665
v -0.04076688 -0.24763197 -0.10534566
v -0.05826462 -0.19966976 -0.09152403
v -0.04095468 -0.16605698 -0.08779493
v -0.03625166 -0.17234114 -0.09323208
v -0.043634 -0.17653306 -0.09419021
v -0.03871711 -0.17477468 -0.09538863
v -0.04565357 -0.15119126 -0.07844786
v -0.0478206 -0.07869266 -0.06882038
v -0.04992145 -0.10243957 -0.07011152
v -0.04802104 -0.01687168 -0.06255657
v -0.03970646 0.14425366 -0.06038622
v -0.04398668 0.02175404 -0.05883865
v -0.04227687 0.010482 -0.06387886
v -0.04787029 0.40510091 0.02744912
v -0.02875452 0.44163609 0.02053813
v -0.04787029 0.40510091 0.02744912
v -0.0330459 0.41068408 0.04968
v -0.0449201 0.19643089 0.06574425
v -0.04506711 0.19979838 0.06670669
v -0.05348326 0.35711694 0.0746201
v -0.05447353 0.33259892 0.07766426
v -0.04560532 0.08839542 0.07656536
v -0.03764742 0.19492553 0.07965588
v -0.04527694 0.21022274 0.08428321
v -0.04665871 -0.16270533 0.08205201
v -0.03945648 -0.16366358 0.0857844
v -0.04852604 -0.16705813 0.08569521
v -0.02945194 -0.22419381 0.09301616
v -0.04819577 -0.22375746 0.08716693
v -0.04852604 -0.16705813 0.08569521
v -0.04167712 -0.24452901 0.10110716
v -0.03935605 0.2281962 0.10381389
v -0.04112473 0.23019943 0.10844852
v -0.04835475 0.14773518 0.10762188
v -0.0486699 0.13092649 0.10594478
v -0.05651296 -0.20891006 0.09827593
v -0.04167712 -0.24452901 0.10110716
v -0.04201681 0.21657346 0.11402798
v -0.04131769 0.20400517 0.11787631
v -0.04142475 0.19598192 0.12118467
v -0.05177897 -0.25363201 0.12602724
v -0.05177897 -0.25363201 0.12602724
v -0.04684701 -0.31811303 0.1323524
v -0.04884323 -0.29145759 -0.1264489
v -0.05992192 -0.25155038 -0.1142154
v -0.03198089 -0.24864766 -0.10625114
v -0.06095442 -0.25393417 -0.11068007
v -0.03564656 -0.25365472 -0.12136534
v -0.04585779 -0.24450983 -0.10015255
v -0.05047721 -0.24872623 -0.09731393
v -0.06469864 0.14212601 -0.09165966
v -0.04911246 -0.20725994 -0.09590133
v -0.05267163 -0.2458033 -0.09418771
v -0.043634 -0.17653306 -0.09419021
v -0.04498339 -0.16550297 -0.07904901
v -0.03426064 -0.16525434 -0.08399077
v -0.04498339 -0.16550297 -0.07904901
v -0.04145427 0.14413281 -0.05863535
v -0.04634695 0.01091929 -0.06169049
v -0.04731097 -0.00264541 -0.06164456
v -0.04737708 0.04556773 -0.04762114
v -0.05359742 0.04111277 -0.04169521
v -0.04225054 0.00964211 0.06392177
v -0.03899769 0.00663428 0.06486265
v -0.04435751 -0.01008362 0.06437746
v -0.04839062 0.20281541 0.06639629
v -0.04344323 0.19478703 0.07096184
v -0.04360595 0.18994814 0.06541349
v -0.04965753 -0.02416098 0.06715053
v -0.05754749 0.10236288 0.09555075
v -0.04050175 -0.17141159 0.09768532
v -0.05841954 -0.2044791 0.09684283
v -0.043362 0.23122138 0.10261422
v -0.04112473 0.23019943 0.10844852
v -0.03935605 0.2281962 0.10381389
v -0.05965757 0.11227328 0.10163717
v -0.04112473 0.23019943 0.10844852
v -0.04535414 0.2300646 0.10934119
v -0.04201681 0.21657346 0.11402798
v -0.03412075 0.16684429 0.11244755
v -0.05980845 0.16654272 0.10916267
v -0.05106357 -0.25004536 0.11371411
v -0.05453026 -0.25282833 0.12424934
v -0.0526109 -0.27040413 0.12825899
v -0.05273863 -0.30024621 0.13040251
v -0.07560645 -0.42024061 0.20523714
v -0.06969576 -0.48251382 0.21771869
v -0.06380785 -0.50007647 -0.21865724
v -0.05376782 -0.32506955 -0.13929167
v -0.05649957 -0.31648722 -0.12566549
v -0.05490366 -0.25378042 -0.12197416
v -0.05187848 -0.26072371 -0.12206007
v -0.05364326 -0.25534457 -0.11840189
v -0.05957832 -0.25139919 -0.09928595
v -0.04753783 0.11281299 -0.1067093
v -0.05376429 0.14145423 -0.09848568
v -0.0356219 0.1419494 -0.10765672
v -0.05376429 0.14145423 -0.09848568
v -0.05308155 -0.17756674 -0.08907062
v -0.0586919 -0.20667413 -0.0918846
v -0.05771653 -0.23224233 -0.08783467
v -0.04372418 -0.17227715 -0.0917298
v -0.05076 -0.17363226 -0.08773129
v -0.05844351 -0.21465257 -0.08727941
v -0.0536464 -0.1493092 -0.07388905
v -0.05384702 -0.16529831 -0.07333053
v -0.05384702 -0.16529831 -0.07333053
v -0.05176784 -0.16991073 -0.07696734
v -0.05343533 -0.07902142 -0.06400512
v -0.05139208 0.1442868 -0.06509829
v -0.04949892 0.0134115 -0.05673153
v -0.05392431 0.03132058 -0.04590396
v -0.05313278 0.04519974 -0.04250111
v -0.04730983 0.16805348 0.05621127
v -0.04963062 0.18522073 0.05584821
v -0.04568723 0.15436664 0.05337534
v -0.04446379 0.04150416 0.05115512
v -0.04517021 0.02664301 0.05546198
v -0.05020738 0.03711405 0.04671667
v -0.04594939 0.01220167 0.06178319
v -0.04901605 0.01184764 0.05841052
v -0.0485963 -0.00243612 0.06094188
v -0.04835542 0.04088665 0.0604175
v -0.04964782 0.23237874 0.07013074
v -0.0478803 0.20298105 0.07095582
v -0.0449201 0.19643089 0.06574425
v -0.04506711 0.19979838 0.06670669
v -0.0478803 0.20298105 0.07095582
v -0.0449201 0.19643089 0.06574425
v -0.04506711 0.19979838 0.06670669
v -0.04839062 0.20281541 0.06639629
v -0.05124386 0.08766582 0.07280938
v -0.05037042 0.07639414 0.07313661
v -0.05301151 0.05674195 0.07176591
v -0.0472856 -0.16348311 0.07803489
v -0.04329162 -0.16639657 0.08109704
v -0.05094005 -0.17015208 0.07896411
v -0.04119413 -0.1694985 0.08548017
v -0.04732148 0.22154953 0.09402613
v -0.0531799 -0.21544158 0.08896742
v -0.0463375 -0.2213809 0.09126393
v -0.05537219 -0.22494479 0.08686839
v -0.05322752 -0.17192656 0.09183094
v -0.03915466 -0.1873019 0.09737626
v -0.04068966 -0.20457618 0.10009294
v -0.05830953 -0.20094658 0.09274995
v -0.04582718 0.09826041 0.09702539
v -0.04920755 -0.24540581 0.09789587
v -0.04920755 -0.24540581 0.09789587
v -0.05124175 -0.24763379 0.09833916
v -0.043362 0.23122138 0.10261422
v -0.04535414 0.2300646 0.10934119
v -0.04112473 0.23019943 0.10844852
v -0.05953291 0.17130545 0.11057293
v -0.06129402 0.21528481 0.11197432
v -0.03753936 0.1819586 0.11627939
v -0.06415326 0.19660494 0.11826521
v -0.04142475 0.19598192 0.12118467
v -0.05388674 -0.31849849 0.13079059
v -0.06387214 -0.41542712 0.16448498
v -0.0672965 -0.45468307 -0.20971867
v -0.0757521 -0.40814632 -0.1577635
v -0.06192273 -0.36779791 -0.14699195
v -0.05716022 -0.39531064 -0.15084188
v -0.04362191 -0.32532653 -0.1433391
v -0.05673002 -0.32341549 -0.14327605
v -0.05368239 -0.3283453 -0.14244367
v -0.05893109 -0.32056683 -0.13282965
v -0.05368239 -0.3283453 -0.14244367
v -0.0570106 -0.31860223 -0.12964903
v -0.04279444 -0.3185946 -0.13515356
v -0.05519684 -0.32060471 -0.12799658
v -0.06230133 -0.30967411 -0.12211044
v -0.05343555 -0.24726282 -0.09744057
v -0.05555341 -0.22271092 -0.08431883
v -0.06079555 0.14446126 -0.07328479
v -0.03970202 -0.11099807 -0.08143078
v -0.05334404 -0.11322848 -0.07423621
v -0.05208956 -0.08060588 -0.07196095
v -0.05316743 -0.13144653 -0.07232947
v -0.05815883 -0.03472047 -0.05500169
v -0.05699864 0.01319304 -0.04916233
v -0.05729416 0.04486464 -0.03731924
v -0.04701241 0.14416391 0.05011997
v -0.05139381 0.14319454 0.0398028
v -0.05541509 0.14321201 0.05373653
v -0.05444163 0.14383371 0.05650783
v -0.04813188 -0.03316071 0.06483529
v -0.0513508 -0.04928251 0.06364345
v -0.05246183 -0.09984735 0.06859289
v -0.05157407 0.20922054 0.06874556
v -0.05260383 -0.12594077 0.07210738
v -0.05305137 0.2963945 0.07461013
v -0.05384711 0.21630014 0.0730756
v -0.05206061 0.09039318 0.0752682
v -0.05748529 -0.17030369 0.07285295
v -0.05238573 0.22168463 0.08377511
v -0.05275975 -0.11276454 0.07408367
v -0.05465313 -0.14925872 0.076155
v -0.05294133 -0.16489278 0.0784322
v -0.05303104 0.2316502 0.0921284
v -0.05322752 -0.17192656 0.09183094
v -0.05303104 0.2316502 0.0921284
v -0.05932415 0.22967637 0.10732181
v -0.05388674 -0.31849849 0.13079059
v -0.0751817 -0.32339218 0.14642526
v -0.07700588 -0.39933857 -0.15528616
v -0.05563179 -0.38149729 -0.14913048
v -0.06093163 -0.35118076 -0.14510034
v -0.07106235 -0.32197472 -0.13690434
v -0.07362697 -0.27612007 -0.11497519
v -0.06223842 -0.24792424 -0.08781789
v -0.06024 -0.17677413 -0.0807548
v -0.0636985 -0.18078059 -0.08021259
v -0.05308155 -0.17756674 -0.08907062
v -0.05076 -0.17363226 -0.08773129
v -0.05555341 -0.22271092 -0.08431883
v -0.06498179 -0.23394671 -0.08134741
v -0.05771653 -0.23224233 -0.08783467
v -0.07091158 0.14346142 -0.082469
v -0.05022445 -0.16622852 -0.08263943
v -0.05916857 -0.16703907 -0.07398157
v -0.05474355 -0.16493206 -0.07722987
v -0.06041702 -0.17049474 -0.06884075
v -0.05176784 -0.16991073 -0.07696734
v -0.0658223 -0.12888692 -0.05846537
v -0.0620184 0.17487822 -0.06734334
v -0.04762928 0.16062981 -0.05790077
v -0.05139208 0.1442868 -0.06509829
v -0.04394137 0.14522649 -0.05780771
v -0.06033647 -0.10512052 -0.05972056
v -0.05090626 0.17162348 -0.05739079
v -0.06679637 -0.05854129 -0.04844762
v -0.05348557 0.1813691 -0.05599899
v -0.05119472 0.18192303 -0.05262629
v -0.0487608 0.17193605 -0.05573803
v -0.0547407 0.18593866 -0.05013238
v -0.05348618 0.18484972 -0.04812726
v -0.06147081 -0.00395883 -0.04722461
v -0.05679194 0.18657963 -0.04155946
v -0.06016617 0.0212075 -0.04209711
v -0.05460927 0.04516051 0.04155298
v -0.05609399 0.0412807 0.03922842
v -0.06081865 0.02312863 0.04073799
v -0.05719875 0.01208601 0.04926635
v -0.05620427 0.2487029 0.06091036
v -0.0587029 0.21479338 0.0464879
v -0.04922988 0.20162454 0.06505406
v -0.06611095 -0.03870391 0.04663408
v -0.05942888 -0.07295834 0.05728963
v -0.06083609 -0.1038493 0.05920435
v -0.05295828 -0.07779021 0.07036902
v -0.05678137 0.32671857 0.07625586
v -0.05348326 0.35711694 0.0746201
v -0.05831871 0.3459394 0.07851936
v -0.05690487 0.3466599 0.07914592
v -0.05731146 0.22809023 0.07883932
v -0.05801342 0.23220131 0.08108231
v -0.05910983 0.09850883 0.08996335
v -0.05744588 -0.23356186 0.08963829
v -0.05717933 -0.24766096 0.093113
v -0.05717933 -0.24766096 0.093113
v -0.06001486 0.14229442 0.10400818
v -0.0601392 0.12632516 0.10206246
v -0.05932415 0.22967637 0.10732181
v -0.06428339 0.19386554 0.11838621
v -0.06397415 -0.25455445 0.11946949
v -0.05453026 -0.25282833 0.12424934
v -0.05688685 -0.28114074 0.1264645
v -0.09316678 -0.34378695 0.15018477
v -0.07560645 -0.42024061 0.20523714
v -0.0695715 -0.44758725 0.2113345
v -0.07152248 -0.48234156 -0.21468331
v -0.07417137 -0.40297034 -0.15690519
v -0.06448297 -0.32980022 -0.14233148
v -0.06711123 -0.32227719 -0.12472966
v -0.06370259 -0.20096295 -0.08860238
v -0.06435028 -0.20697547 -0.08834931
v -0.06370259 -0.20096295 -0.08860238
v -0.06223842 -0.24792424 -0.08781789
v -0.0549487 -0.17166172 -0.09099558
v -0.06825838 -0.1740976 -0.07830126
v -0.05022445 -0.16622852 -0.08263943
v -0.05844351 -0.21465257 -0.08727941
v -0.06687211 -0.22103865 -0.07570061
v -0.06949054 -0.22413424 -0.07290892
v -0.06022058 -0.15044406 -0.06683406
v -0.07189482 -0.165738 -0.05501153
v -0.05707301 0.18948482 -0.05736576
v -0.06939254 -0.10452231 -0.05124051
v -0.06445775 -0.00885315 -0.04413964
v -0.0547407 0.18593866 -0.05013238
v -0.05992972 0.18505608 -0.03442536
v -0.05679194 0.18657963 -0.04155946
v -0.06365832 0.01247063 -0.04313791
v -0.06189289 0.01016322 -0.04617117
v -0.06022488 0.03225423 -0.0377747
v -0.06347615 0.03611847 -0.03004058
v -0.05256674 0.39943102 -0.03079784
v -0.07363533 0.39158964 -0.0023034
v -0.06091318 0.41257113 -0.00277923
v -0.05761734 0.143123 0.02779277
v -0.05808778 0.04559095 0.03713132
v -0.04759442 0.3860057 0.05097149
v -0.0694719 0.35792473 0.04323799
v -0.06779316 0.0014717 0.04606796
v -0.06197866 -0.08147983 0.06138789
v -0.06375926 0.08991937 0.06396799
v -0.06488731 0.08780119 0.06065992
v -0.06384284 0.07520244 0.06156819
v -0.06285373 0.05741642 0.06311207
v -0.062463 -0.10358763 0.06276332
v -0.06116035 -0.12346174 0.06194988
v -0.05605583 -0.15131186 0.07127222
v -0.0560354 -0.16645645 0.07198357
v -0.06537504 -0.16511351 0.06147956
v -0.06394675 -0.16377735 0.06748902
v -0.0597593 -0.16715242 0.07310514
v -0.05831871 0.3459394 0.07851936
v -0.0597593 -0.16715242 0.07310514
v -0.06533393 -0.17398733 0.08006955
v -0.05943674 -0.17624277 0.08095994
v -0.05387868 -0.1754493 0.08802298
v -0.0623299 -0.18057235 0.08114108
v -0.0654999 -0.2011672 0.08641179
v -0.05935365 -0.20824361 0.09228659
v -0.0662449 -0.20565693 0.08676955
v -0.07663423 0.23101009 0.09259536
v -0.06825077 0.23041879 0.09998152
v -0.06045213 -0.19632542 0.09334072
v -0.06709555 -0.28175434 0.12105843
v -0.05684062 -0.31712398 0.12840739
v -0.07031605 -0.31955105 0.12985802
v -0.06855005 -0.41400105 0.16101457
v -0.06855005 -0.41400105 0.16101457
v -0.07507113 -0.41895854 0.2014817
v -0.06645719 -0.41946331 -0.20490517
v -0.06529187 -0.4181284 -0.20181523
v -0.06645719 -0.41946331 -0.20490517
v -0.06589657 -0.41616431 -0.17678018
v -0.06744845 -0.41489539 -0.16460352
v -0.07593574 -0.3319304 -0.14214772
v -0.06448297 -0.32980022 -0.14233148
v -0.07502133 -0.25380939 -0.11255892
v -0.06673985 -0.25600627 -0.11319597
v -0.07452019 -0.26032901 -0.11210319
v -0.06253599 -0.24708277 -0.09130494
v -0.05916857 -0.16703907 -0.07398157
v -0.06079555 0.14446126 -0.07328479
v -0.07429406 -0.15138878 -0.05255398
v -0.07254218 -0.17017084 -0.05610353
v -0.0617575 0.19749144 -0.05747865
v -0.06271216 0.19978364 -0.05528874
v -0.06271216 0.19978364 -0.05528874
v -0.06200673 0.19384962 -0.04591773
v -0.0547407 0.18593866 -0.05013238
v -0.05992972 0.18505608 -0.03442536
v -0.06840739 -0.0452656 -0.04448773
v -0.06674977 0.19659519 -0.04460313
v -0.06456371 0.01416127 -0.03797509
v -0.06369255 0.04402143 -0.02822533
v -0.04456007 0.4323616 0.00327553
v -0.06420559 0.39947289 0.00459351
v -0.06430008 0.04463397 0.02239104
v -0.06448974 0.04991305 0.02431523
v -0.06444003 0.03652105 0.02592147
v -0.06448974 0.04991305 0.02431523
v -0.06249548 0.04841057 0.03336637
v -0.06230764 0.0437842 0.03035437
v -0.06444003 0.03652105 0.02592147
v -0.06369156 0.0307415 0.03108224
v -0.06370001 0.010227 0.04297172
v -0.06754841 0.01377118 0.03189674
v -0.06209671 0.01168108 0.04585256
v -0.06452789 -0.00881297 0.04456786
v -0.06853136 -0.15267162 0.05821034
v -0.05725214 -0.22146747 0.08647296
v -0.06855825 -0.2214871 0.07703668
v -0.0694794 -0.22475299 0.07615342
v -0.05801342 0.23220131 0.08108231
v -0.06564601 -0.208795 0.09195884
v -0.07369903 0.12309791 0.08860648
v -0.05643632 -0.25499764 0.11841349
v -0.06092414 -0.2596243 0.11816639
v -0.06639803 -0.25611374 0.11278756
v -0.07226647 -0.25415358 0.11400896
v -0.06397415 -0.25455445 0.11946949
v -0.06410193 -0.31480673 0.1248061
v -0.0724436 -0.31719437 0.12264831
v -0.0724436 -0.31719437 0.12264831
v -0.07966724 -0.39802709 0.15874039
v -0.07966724 -0.39802709 0.15874039
v -0.07046156 -0.49929205 -0.21708469
v -0.07698099 -0.31999329 -0.12532468
v -0.07466324 -0.31845292 -0.12258962
v -0.07315112 -0.31617472 -0.1191766
v -0.07420755 -0.32014492 -0.12032108
v -0.07958003 -0.25249186 -0.10521356
v -0.0728284 -0.20536838 -0.08039064
v -0.06435028 -0.20697547 -0.08834931
v -0.07106292 -0.20866314 -0.08069483
v -0.07645369 -0.18140398 -0.06745689
v -0.07479473 -0.20059413 -0.07777585
v -0.07297258 -0.24811707 -0.07751797
v -0.07522297 -0.21666516 -0.07011447
v -0.07132608 -0.17716165 -0.06969165
v -0.0763987 0.20525211 -0.06838378
v -0.06856577 0.20501737 -0.05223185
v -0.07295205 -0.12147215 -0.05042817
v -0.07165713 -0.09698292 -0.04685859
v -0.06723618 -0.02178281 -0.04090174
v -0.06849476 0.18794002 -0.03294443
v -0.06121738 0.17700048 -0.02874084
v -0.07339821 0.01066051 -0.02083206
v -0.0685861 0.03016592 -0.02260524
v -0.06782539 0.04531656 -0.01388464
v -0.06833461 0.0414056 -0.01304327
v -0.06970987 0.04486061 0.00252962
v -0.06828311 0.04619979 0.01195772
v -0.06960078 0.04193036 0.00198401
v -0.06732957 0.04137264 0.01511329
v -0.06430008 0.04463397 0.02239104
v -0.06417719 0.14325048 0.01508942
v -0.068786 0.02946606 0.0227189
v -0.07029809 -0.02246641 0.03493976
v -0.0684771 -0.04013649 0.04364199
v -0.06087414 0.280103 0.0589072
v -0.0633518 0.31152907 0.06179662
v -0.07061515 0.32943085 0.0509279
v -0.07562114 0.1424353 0.06870589
v -0.07239711 -0.16711961 0.0602426
v -0.06979274 -0.17799726 0.07288548
v -0.06507608 -0.22387059 0.07668024
v -0.07130899 -0.21572025 0.07561784
v -0.06069223 -0.21582341 0.08440929
v -0.07130899 -0.21572025 0.07561784
v -0.06807921 -0.20939682 0.08370324
v -0.06069223 -0.21582341 0.08440929
v -0.07788161 -0.2333983 0.07173434
v -0.07619183 -0.24748844 0.07625899
v -0.06775436 -0.24554822 0.08370347
v -0.07241133 0.10089999 0.07972731
v -0.06348773 -0.20906295 0.08823856
v -0.06807921 -0.20939682 0.08370324
v -0.06775436 -0.24554822 0.08370347
v -0.06908973 -0.24777026 0.08381869
v -0.0689379 0.13770552 0.0949947
v -0.07087973 -0.25051746 0.08470138
v -0.04610687 -0.24939746 0.0996275
v -0.08533326 -0.25563043 0.101404
v -0.07707489 0.21288125 0.10032886
v -0.08450909 -0.25281432 0.10293831
v -0.08093423 0.18056935 0.09847581
v -0.07191906 -0.26038492 0.11279839
v -0.07493559 -0.41003335 0.15990333
v -0.06839899 -0.49961004 0.2186538
v -0.08693035 -0.32645914 -0.13911867
v -0.07813854 -0.29330355 -0.11464319
v -0.07781543 -0.25555786 -0.10583206
v -0.06508662 0.11233015 -0.0971835
v -0.07827491 0.14084695 -0.07814179
v -0.06469864 0.14212601 -0.09165966
v -0.07091158 0.14346142 -0.082469
v -0.07271753 0.14706554 -0.07938442
v -0.06918414 0.14632349 -0.07901604
v -0.05884133 -0.23084089 -0.08900758
v -0.07122304 -0.23418422 -0.07882148
v -0.071776 -0.22460516 -0.07395559
v -0.07420649 -0.23491918 -0.07275966
v -0.08557276 0.20094565 -0.07904407
v -0.07839227 -0.16685697 -0.05372289
v -0.07045972 0.2120209 -0.05825467
v -0.07045972 0.2120209 -0.05825467
v -0.073699 -0.08806474 -0.04156565
v -0.07659766 0.19008085 -0.0299697
v -0.07718804 -0.03934154 -0.02448327
v -0.07591951 0.18176201 -0.02660921
v -0.06161614 0.17076525 -0.02572441
v -0.07366472 0.16159271 -0.02140727
v -0.06191895 0.15675719 -0.02152789
v -0.07615758 -0.01484241 -0.02014664
v -0.0620404 0.14697027 -0.01895401
v -0.07431701 0.01753938 -0.01516809
v -0.0722975 0.02489412 -0.01439037
v -0.06970987 0.04486061 0.00252962
v -0.06960078 0.04193036 0.00198401
v -0.07242954 0.03339239 0.00632578
v -0.07242954 0.03339239 0.00632578
v -0.07022855 0.14347173 0.00255148
v -0.07451834 0.01421929 0.01717464
v -0.0750166 -0.04656738 0.03158233
v -0.0735724 -0.07493801 0.03896014
v -0.07176501 0.27992103 0.03581135
v -0.06840315 -0.08039241 0.04948172
v -0.07166626 -0.10965411 0.04937305
v -0.07107782 -0.03940608 0.04776744
v -0.07366533 -0.08702926 0.05093743
v -0.07310723 0.07996923 0.04935379
v -0.07369891 0.05663206 0.05039934
v -0.06384284 0.07520244 0.06156819
v -0.07544527 -0.10900276 0.05118386
v -0.07519987 -0.15173134 0.05185882
v -0.07217908 -0.16638197 0.05500387
v -0.07760987 -0.15082754 0.05347859
v -0.07753079 -0.16489831 0.05367926
v -0.07239711 -0.16711961 0.0602426
v -0.07776772 -0.17368451 0.06768848
v -0.07927432 -0.24837881 0.07993315
v -0.07753855 0.23029263 0.09373585
v -0.06825077 0.23041879 0.09998152
v -0.07781315 0.1645171 0.09494965
v -0.07175121 0.15115008 0.09577649
v -0.07226647 -0.25415358 0.11400896
v -0.08481065 -0.26229048 0.10816742
v -0.07449603 -0.31138331 0.12000585
v -0.11248207 -0.32611629 0.1481044
v -0.06134845 -0.41944581 0.17382076
v -0.07458413 -0.42101845 0.19782451
v -0.07379561 -0.41952008 0.16464549
v -0.07322694 -0.416269 0.16215697
v -0.07490621 -0.44983888 0.21117182
v -0.07363239 -0.48740149 0.21811973
v -0.07406218 -0.49944109 0.21860163
v -0.08153839 -0.49461937 -0.21727787
v -0.0776345 -0.47708035 -0.21351279
v -0.0807111 -0.41906649 -0.20524639
v -0.05479184 -0.41301188 -0.15834489
v -0.0810268 -0.41487065 -0.15832332
v -0.06762868 -0.41688284 -0.16080958
v -0.13462695 -0.39669344 -0.15397607
v -0.08703121 -0.3951647 -0.15046467
v -0.09476894 -0.39616653 -0.15052518
v -0.0973693 -0.35596201 -0.14493418
v -0.08168825 -0.32257089 -0.1201387
v -0.08222457 -0.31869355 -0.11516853
v -0.08048201 -0.26049984 -0.10762953
v -0.07091158 0.14346142 -0.082469
v -0.06839523 -0.24502836 -0.0845866
v -0.07257348 -0.24722472 -0.08275548
v -0.07696033 -0.24493665 -0.07566415
v -0.08250413 0.17881039 -0.08368937
v -0.0730825 0.15791939 -0.08078379
v -0.07854235 -0.20882031 -0.07340001
v -0.08553593 -0.24551426 -0.06309351
v -0.08136769 -0.17372748 -0.0645229
v -0.086218 -0.22117892 -0.0554544
v -0.08500883 -0.22439097 -0.05618596
v -0.08072265 0.21884996 -0.06695084
v -0.07601251 0.21789601 -0.0604657
v -0.07601251 0.21789601 -0.0604657
v -0.080713 0.21666788 -0.05543916
v -0.06041702 -0.17049474 -0.06884075
v -0.07254218 -0.17017084 -0.05610353
v -0.07132608 -0.17716165 -0.06969165
v -0.08842236 0.21239887 -0.04773502
v -0.07604796 -0.128672 -0.04756285
v -0.07883857 -0.12449685 -0.03947492
v -0.07835992 0.1981612 -0.03576097
v -0.07850521 -0.05203824 -0.0269133
v -0.07647502 0.01320517 -0.01437488
v -0.06424221 0.14409268 -0.01681883
v -0.08622392 0.14380085 -0.01728236
v -0.06617164 0.14330168 -0.00995154
v -0.07481983 0.02025961 0.00662194
v -0.07831721 0.01078886 0.00878431
v -0.07481983 0.02025961 0.00662194
v -0.07682543 0.01215782 0.01318211
v -0.07858256 -0.02527649 0.01648089
v -0.07759694 -0.05214693 0.02867475
v -0.0789263 -0.0675163 0.02704899
v -0.08447824 0.05724438 0.02830604
v -0.06445546 0.04094515 0.04370494
v -0.07930302 -0.12027148 0.03599209
v -0.07268303 -0.13302255 0.05270739
v -0.07665543 -0.12998611 0.04625615
v -0.07756123 -0.16550988 0.04757581
v -0.06764679 -0.17014165 0.06155883
v -0.07944772 -0.16906343 0.04705217
v -0.08795632 0.14177451 0.07200649
v -0.0782304 -0.17809884 0.06420958
v -0.07773834 -0.20124377 0.07540513
v -0.07301948 -0.22272925 0.07042955
v -0.07944634 -0.20891483 0.07379978
v -0.07485077 -0.2361659 0.07237948
v -0.0704613 -0.24821603 0.07767887
v -0.0808359 -0.24735436 0.06702653
v -0.07532115 -0.20719627 0.07890865
v -0.07685529 -0.2223286 0.06883869
v -0.06533393 -0.17398733 0.08006955
v -0.08035371 -0.20888528 0.07882652
v -0.07619183 -0.24748844 0.07625899
v -0.07606736 0.1498653 0.09094293
v -0.0768212 0.13680549 0.08570193
v -0.07753855 0.23029263 0.09373585
v -0.08370696 0.19466674 0.10219234
v -0.0832075 -0.28458211 0.11217573
v -0.07742306 -0.50007325 -0.21869673
v -0.08327843 -0.48737305 -0.2159317
v -0.09935504 -0.41612703 -0.17234741
v -0.0810268 -0.41487065 -0.15832332
v -0.07593574 -0.3319304 -0.14214772
v -0.07257348 -0.24722472 -0.08275548
v -0.08345636 -0.20501065 -0.06945596
v -0.07765495 -0.24899143 -0.07425231
v -0.08246288 -0.17647651 -0.05766492
v -0.08207129 0.22760332 -0.0625765
v -0.07911506 -0.15008655 -0.04378601
v -0.07981247 -0.16386721 -0.04336053
v -0.07981247 -0.16386721 -0.04336053
v -0.08155755 -0.17008021 -0.04567691
v -0.08384722 -0.10975759 -0.0236931
v -0.08001307 -0.07082959 -0.025367
v -0.08539668 0.17987213 -0.0252291
v -0.08622392 0.14380085 -0.01728236
v -0.06424221 0.14409268 -0.01681883
v -0.07926947 -0.0363295 -0.01635188
v -0.08085118 -0.06052063 -0.01865349
v -0.07755703 0.01013508 -0.01007972
v -0.07993217 -0.02534929 0.00235791
v -0.07831721 0.01078886 0.00878431
v -0.08002145 -0.03218291 0.0117733
v -0.08002145 -0.03218291 0.0117733
v -0.07975592 -0.04519432 0.01883331
v -0.06619813 0.37882084 0.02444807
v -0.08798015 0.35627401 0.01256868
v -0.0694719 0.35792473 0.04323799
v -0.07469077 0.04139983 0.02180794
v -0.07881356 0.00743604 0.02003433
v -0.08025566 -0.04266962 0.02802433
v -0.08029289 -0.09870254 0.02863047
v -0.08456894 0.34575945 0.02904531
v -0.07206046 0.34589693 0.05191401
v -0.07107782 -0.03940608 0.04776744
v -0.07366533 -0.08702926 0.05093743
v -0.07904398 -0.15019742 0.04331086
v -0.08018795 -0.16454621 0.04019107
v -0.08222923 -0.16677375 0.0497896
v -0.08222923 -0.16677375 0.0497896
v -0.08317216 -0.21994588 0.06049903
v -0.08030517 -0.22407186 0.0622883
v -0.07841925 0.14249295 0.07215597
v -0.07776772 -0.17368451 0.06768848
v -0.09306436 -0.18743065 0.05756957
v -0.07886026 0.1417245 0.07785027
v -0.08139946 0.13787572 0.07945738
v -0.07684314 0.14072576 0.08564776
v -0.0818578 0.11225592 0.08110298
v -0.07073268 0.11208614 0.09141577
v -0.08407979 -0.25472611 0.10711941
v -0.08734801 -0.31436667 0.11389405
v -0.08714828 -0.31733531 0.11625274
v -0.08537856 -0.32258177 0.14252514
v -0.0803123 -0.41872135 0.20110902
v -0.081776 -0.41995022 0.20532094
v -0.08351991 -0.42322841 0.20672373
v -0.07954968 -0.49641421 0.21972691
v -0.07970602 -0.49957284 0.21986239
v -0.10505442 -0.41843572 -0.20146839
v -0.15197232 -0.39796457 -0.15635721
v -0.1239418 -0.3236343 -0.13947201
v -0.0858602 -0.31788269 -0.11604119
v -0.09101703 -0.29272825 -0.10532338
v -0.08522685 -0.20779528 -0.0666711
v -0.09284855 -0.1999267 -0.05781059
v -0.08399186 -0.20089799 -0.06802399
v -0.08860447 -0.23032989 -0.05818269
v -0.08785331 -0.24897835 -0.06345906
v -0.08796562 -0.17813826 -0.05390574
v -0.08972529 -0.23279402 -0.05485117
v -0.08605511 0.22556314 -0.05705816
v -0.09237389 -0.17269807 -0.05283681
v -0.08379718 -0.16633075 -0.04708533
v -0.08432047 -0.1653713 -0.03259025
v -0.08814287 -0.14974004 -0.0221179
v -0.08432047 -0.1653713 -0.03259025
v -0.08394337 -0.09991296 -0.02037433
v -0.08151048 -0.05185834 0.00040506
v -0.08421569 -0.08467402 -0.00069721
v -0.08405599 -0.07982779 0.00900728
v -0.0708911 0.23826021 0.02730072
v -0.08524727 0.24325265 0.00084489
v -0.08189635 0.22056429 0.0017045
v -0.07856796 0.04132289 0.00845139
v -0.08239864 -0.00067381 0.00879449
v -0.08373688 -0.08876936 0.01718073
v -0.08405599 -0.07982779 0.00900728
v -0.08443058 -0.11600116 0.022044
v -0.09061555 0.14311644 0.03495988
v -0.08866567 -0.14860781 0.01775742
v -0.08409195 -0.16547243 0.03079446
v -0.08651011 -0.15298904 0.03450919
v -0.07544527 -0.10900276 0.05118386
v -0.09632888 0.14242415 0.05650603
v -0.08442821 -0.17436776 0.05432656
v -0.0782304 -0.17809884 0.06420958
v -0.08702488 -0.17759275 0.05537647
v -0.08660985 -0.22376934 0.05400802
v -0.08702488 -0.17759275 0.05537647
v -0.08887315 -0.19161278 0.05912596
v -0.09195082 -0.20904544 0.0595104
v -0.0808359 -0.24735436 0.06702653
v -0.08624098 -0.25028899 0.06888685
v -0.08636951 -0.24840866 0.06219741
v -0.08570524 -0.20716335 0.06810445
v -0.08716647 -0.20084335 0.06552874
v -0.07886026 0.1417245 0.07785027
v -0.08795632 0.14177451 0.07200649
v -0.08504109 -0.24757257 0.0681247
v -0.08150775 0.21594416 0.09432552
v -0.08464183 0.19501363 0.09970492
v -0.08407979 -0.25472611 0.10711941
v -0.08714828 -0.31733531 0.11625274
v -0.081776 -0.41995022 0.20532094
v -0.08428799 -0.44410008 0.21057478
v -0.09344696 -0.47867996 0.21702112
v -0.12170981 -0.41356963 -0.160228
v -0.09832115 -0.31993654 -0.11607737
v -0.09469526 -0.31329799 -0.1065779
v -0.08866505 -0.31809616 -0.11148264
v -0.09277165 -0.25437024 -0.09747939
v -0.08668081 -0.26141956 -0.10287176
v -0.09385543 -0.25617397 -0.0921533
v -0.08956888 -0.25857273 -0.09870659
v -0.08993625 0.21592599 -0.07886412
v -0.08717905 0.23081607 -0.07025597
v -0.08207129 0.22760332 -0.0625765
v -0.08654923 0.23239645 -0.06032953
v -0.08717905 0.23081607 -0.07025597
v -0.09391868 0.23436069 -0.05487105
v -0.08654923 0.23239645 -0.06032953
v -0.09298352 -0.20686573 -0.05881083
v -0.08654923 0.23239645 -0.06032953
v -0.09326506 0.21748284 -0.04830581
v -0.08773559 -0.22320087 -0.05158094
v -0.08937173 0.20692505 -0.03780306
v -0.09346376 0.20199735 -0.03047251
v -0.0918301 0.19538338 -0.02845419
v -0.08865955 -0.16393457 -0.02065288
v -0.091048 -0.16941294 -0.02070555
v -0.08865955 -0.16393457 -0.02065288
v -0.08610877 -0.12340129 -0.0183421
v -0.08777339 -0.12512334 0.00699016
v -0.09010507 -0.14863595 0.00572147
v -0.08740181 -0.12828356 0.01472259
v -0.08740181 -0.12828356 0.01472259
v -0.08321398 0.07695195 0.0293907
v -0.0864438 0.08144805 0.01679558
v -0.08823821 -0.16602769 0.0179122
v -0.0860174 -0.16454256 0.03621226
v -0.08216652 -0.16482593 0.04525251
v -0.09208269 -0.17196573 0.05325269
v -0.0884648 -0.23525496 0.05730323
v -0.08636951 -0.24840866 0.06219741
v -0.08338049 -0.22218364 0.06152506
v -0.09025465 -0.23324753 0.05723358
v -0.07788161 -0.2333983 0.07173434
v -0.09300122 0.11269189 0.07042465
v -0.08533326 -0.25563043 0.101404
v -0.07987192 -0.25602514 0.10589355
v -0.08889635 -0.25997466 0.10201143
v -0.0955447 -0.25444531 0.09741812
v -0.09706546 -0.31941894 0.11966536
v -0.09592225 -0.50002825 -0.21891958
v -0.12129059 -0.43281281 -0.20559703
v -0.12143718 -0.32497934 -0.14240706
v -0.096313 -0.31921279 -0.10782985
v -0.09893105 -0.25256327 -0.08657089
v -0.09578667 -0.26388398 -0.09479468
v -0.09318206 0.21461461 -0.08177233
v -0.09249035 0.19437322 -0.08682287
v -0.08414079 -0.2470893 -0.07002981
v -0.09213815 0.22924428 -0.07778274
v -0.09213815 0.22924428 -0.07778274
v -0.09533624 -0.24843107 -0.05238233
v -0.09391868 0.23436069 -0.05487105
v -0.0947163 0.23232435 -0.05123503
v -0.0917787 -0.1891413 -0.05333114
v -0.09425377 -0.2433688 -0.05120346
v -0.09210113 -0.17567231 -0.04724996
v -0.09534241 -0.17172559 -0.04539569
v -0.09208302 -0.22096293 -0.04197868
v -0.09522621 -0.22235684 -0.03278453
v -0.09450351 -0.22762199 -0.03780574
v -0.09081878 -0.16680291 0.00259706
v -0.09081878 -0.16680291 0.00259706
v -0.10778688 0.14305575 0.0160653
v -0.08805769 0.3686409 -0.00127431
v -0.097105 0.35436496 -0.00031556
v -0.08798015 0.35627401 0.01256868
v -0.09010507 -0.14863595 0.00572147
v -0.09081878 -0.16680291 0.00259706
v -0.08777339 -0.12512334 0.00699016
v -0.09072905 -0.1654252 0.02496122
v -0.09572689 -0.17195939 0.04461081
v -0.09147641 -0.17252643 0.04369156
v -0.09135162 -0.17629245 0.04874789
v -0.08959847 -0.22090591 0.04870713
v -0.09489114 -0.22289073 0.0346096
v -0.09556045 -0.20766653 0.05135733
v -0.09463242 -0.23530129 0.04395018
v -0.09135162 -0.17629245 0.04874789
v -0.09253293 -0.20145036 0.05918251
v -0.0873014 0.10240253 0.06694181
v -0.09691586 0.10117111 0.04733944
v -0.08468358 0.09854908 0.06483659
v -0.09208269 -0.17196573 0.05325269
v -0.09026272 0.14133771 0.06902403
v -0.09276205 -0.20604956 0.06005038
v -0.0898701 -0.24750735 0.06238175
v -0.10194148 -0.25294578 0.08756445
v -0.0955447 -0.25444531 0.09741812
v -0.09368295 -0.26048228 0.10072657
v -0.0947358 -0.31419599 0.10895463
v -0.09369318 -0.31713051 0.11121793
v -0.1027465 -0.41735643 0.17971738
v -0.10156094 -0.41867295 0.20142001
v -0.10582411 -0.45372483 -0.20930444
v -0.12332978 -0.42257509 -0.20226233
v -0.10818108 -0.37638432 -0.1471975
v -0.11498908 -0.32852986 -0.13995464
v -0.09870925 0.22992347 -0.07085069
v -0.09720656 0.2346486 -0.0540998
v -0.09578498 -0.20644484 -0.05175532
v -0.09570041 -0.19086626 -0.04533646
v -0.10326736 -0.24832824 -0.03186316
v -0.09453723 0.21036458 -0.03616209
v -0.09117668 -0.17263909 -0.04517654
v -0.09415463 -0.17305943 -0.03754936
v -0.09491964 -0.17616671 -0.04035359
v -0.0857733 -0.16457956 -0.03748648
v -0.09211172 -0.16527954 -0.02117485
v -0.08994039 -0.16440418 -0.02749707
v -0.1112599 0.14324692 -0.01724835
v -0.09423107 -0.17073463 0.00290348
v -0.08938698 -0.16976954 0.02557117
v -0.09762518 -0.22665037 0.02914882
v -0.09484764 -0.17359796 0.03568743
v -0.09147641 -0.17252643 0.04369156
v -0.09495128 -0.17640203 0.03986411
v -0.09826127 -0.21151645 0.03804399
v -0.09614902 -0.18167482 0.03839945
v -0.09405518 -0.24745327 0.0511487
v -0.10745397 0.1425698 0.03459581
v -0.10178588 -0.31064534 0.1017293
v -0.09369318 -0.31713051 0.11121793
v -0.12146159 -0.4139266 0.16059169
v -0.07322694 -0.416269 0.16215697
v -0.11872906 -0.34378171 -0.14267702
v -0.11198948 -0.32197484 -0.12660991
v -0.09503537 -0.31747359 -0.10977717
v -0.10397732 -0.3188661 -0.09925138
v -0.10299812 -0.26111123 -0.08653412
v -0.09133316 -0.24712406 -0.06204514
v -0.09834737 -0.24716969 -0.05216963
v -0.08785331 -0.24897835 -0.06345906
v -0.09961812 -0.25100574 -0.05455803
v -0.09420184 -0.25172549 -0.06849383
v -0.10059401 0.23205082 -0.04281126
v -0.10059401 0.23205082 -0.04281126
v -0.10246713 -0.2045891 -0.03572486
v -0.10018764 -0.20697384 -0.04031343
v -0.0994848 -0.24862669 -0.04537564
v -0.1014245 0.22175348 -0.03551657
v -0.10317913 -0.17193747 -0.02384933
v -0.0857733 -0.16457956 -0.03748648
v -0.10437543 -0.19379969 -0.02558754
v -0.0995579 -0.23456872 -0.03202121
v -0.10106587 0.21497589 -0.03150265
v -0.10029613 -0.17757232 -0.02520419
v -0.10145011 0.20126981 -0.02918775
v -0.10217056 -0.21459618 -0.022731
v -0.09211172 -0.16527954 -0.02117485
v -0.09881998 -0.17382249 -0.02180995
v -0.09895205 -0.22212674 -0.02105441
v -0.10038033 -0.22716072 -0.01963319
v -0.11049104 0.15528154 -0.02081227
v -0.11071514 0.14590721 -0.01866491
v -0.1112599 0.14324692 -0.01724835
v -0.09590717 -0.16616237 0.00152384
v -0.0932145 -0.16459034 -0.01042169
v -0.09072905 -0.1654252 0.02496122
v -0.09311429 -0.1650251 0.01316005
v -0.09839448 -0.22254032 0.02374165
v -0.09952883 -0.22455667 0.01450649
v -0.0998943 -0.17216238 0.03339998
v -0.09770632 -0.17360103 0.02358539
v -0.10054845 -0.17750308 0.02361024
v -0.1021046 -0.21338713 0.02380821
v -0.10504019 -0.20698917 0.02788184
v -0.09972738 -0.20735422 0.0411621
v -0.09960528 -0.23466711 0.0326854
v -0.10001811 -0.24635042 0.03792877
v -0.0995444 -0.20044993 0.04078836
v -0.09724709 -0.24485919 0.04870523
v -0.09934087 -0.24743462 0.04761814
v -0.0944306 -0.24754858 0.05508735
v -0.11117877 -0.25278097 0.07336204
v -0.09116578 -0.26988816 0.10213377
v -0.09335042 -0.30820087 0.1066627
v -0.10780351 -0.31470999 0.09385628
v -0.10398223 -0.31681395 0.10213222
v -0.10627932 -0.32172805 0.13181476
v -0.13064919 -0.42086723 0.2054756
v -0.13618879 -0.47671655 -0.21348573
v -0.1270808 -0.42607594 -0.20470621
v -0.10840748 -0.31663853 -0.09349553
v -0.10372567 -0.25421631 -0.08596715
v -0.10928772 0.23122084 -0.05857801
v -0.10706408 0.23291008 -0.05576715
v -0.10305676 -0.24733905 -0.04149263
v -0.10092397 -0.24394467 -0.04053376
v -0.10788541 0.23103426 -0.03383428
v -0.10788541 0.23103426 -0.03383428
v -0.10457452 0.2239788 -0.03215122
v -0.10600517 -0.20704931 -0.0251437
v -0.10461741 -0.24382091 -0.02177942
v -0.11232666 0.17179869 -0.02437119
v -0.10326061 -0.23430236 -0.01981825
v -0.10202712 -0.17853487 -0.01561005
v -0.10691942 -0.17236814 0.0018236
v -0.09590717 -0.16616237 0.00152384
v -0.10040496 -0.22292744 0.00206626
v -0.10400581 -0.23189382 0.0026265
v -0.1003366 -0.17404206 0.00058326
v -0.10370705 -0.17807794 0.00277943
v -0.10418347 -0.21416363 0.00112657
v -0.10382351 -0.17227571 0.02232855
v -0.10330715 -0.23653641 0.02233203
v -0.10540164 -0.20020816 0.02512642
v -0.10744332 -0.20748246 0.01312585
v -0.10463797 -0.24614628 0.02455994
v -0.10527804 -0.24885502 0.02637968
v -0.10030085 -0.24918884 0.0430736
v -0.1013445 -0.24479996 0.03957539
v -0.10398223 -0.31681395 0.10213222
v -0.11240656 -0.31945309 0.10686029
v -0.13385971 -0.410101 0.15949583
v -0.11373036 -0.41591287 0.16192429
v -0.11373036 -0.41591287 0.16192429
v -0.14196728 -0.49994493 -0.21885198
v -0.12623446 -0.41676053 -0.15794453
v -0.12623446 -0.41676053 -0.15794453
v -0.11932833 -0.33261395 -0.14162315
v -0.11932833 -0.33261395 -0.14162315
v -0.10545572 -0.31748357 -0.10000023
v -0.1126257 -0.29143018 -0.07912686
v -0.11034209 -0.26038128 -0.07490578
v -0.11424691 -0.2538535 -0.06939004
v -0.10397898 -0.25583139 -0.07904964
v -0.11302367 -0.25566393 -0.06416842
v -0.11317921 -0.25061765 -0.05402652
v -0.11044805 0.23176901 -0.03703016
v -0.10677011 -0.24745524 -0.03111335
v -0.10438088 -0.24419928 -0.03026358
v -0.10963286 0.2169615 -0.03087103
v -0.10654659 -0.19975297 -0.02255479
v -0.1069221 -0.24869464 -0.01497518
v -0.10753948 -0.20489068 -0.01570108
v -0.10725355 -0.2072648 -0.01451214
v -0.10857445 -0.20036803 0.00131365
v -0.1058039 -0.23479569 -0.01994086
v -0.10444898 -0.22335418 0.00171494
v -0.10237682 -0.22445145 -0.02162144
v -0.10638977 -0.24414468 0.00181444
v -0.11345156 0.14263575 0.00210457
v -0.10899344 -0.20719166 0.0025219
v -0.10779843 -0.24882729 0.00656083
v -0.10779657 -0.2006008 0.01027983
v -0.10382351 -0.17227571 0.02232855
v -0.11006223 -0.20310546 0.02346459
v -0.10552639 -0.2078585 0.03874061
v -0.10434044 -0.24443054 0.02974181
v -0.10642727 -0.24741252 0.02867259
v -0.10578967 0.11310318 0.04628217
v -0.1050121 0.10195933 0.03249368
v -0.11351125 -0.25034049 0.05091655
v -0.10283293 -0.25576937 0.08477246
v -0.104281 -0.25962272 0.08731294
v -0.1094887 -0.25622943 0.07471187
v -0.10722727 -0.25493425 0.08620592
v -0.10722727 -0.25493425 0.08620592
v -0.13846157 -0.39659372 0.15410301
v -0.14803386 -0.39826643 0.15869845
v -0.13064919 -0.42086723 0.2054756
v -0.12518574 -0.41578633 -0.16480836
v -0.13343716 -0.40350077 -0.15594576
v -0.12657478 -0.32204989 -0.10853042
v -0.11504093 -0.31981206 -0.09785768
v -0.11154625 -0.31807786 -0.0892273
v -0.11087102 0.23177396 -0.04183277
v -0.11510774 0.21161829 -0.03141822
v -0.11966909 0.19552784 -0.02773307
v -0.11655482 0.18557145 -0.02672397
v -0.10939922 -0.24734324 -0.01414521
v -0.10743593 -0.24528642 -0.01835958
v -0.10694648 -0.26118907 0.0846104
v -0.11002328 -0.26220852 0.07954249
v -0.11002328 -0.26220852 0.07954249
v -0.10694648 -0.26118907 0.0846104
v -0.11146557 -0.31640962 0.08950746
v -0.11089414 -0.31945828 0.0946245
v -0.1280601 -0.32233292 0.12034334
v -0.1325464 -0.32509372 0.1465116
v -0.11248207 -0.32611629 0.1481044
v -0.15694316 -0.45342019 0.21248829
v -0.13650171 -0.4935357 -0.21723391
v -0.12873419 -0.3965674 -0.14853141
v -0.1300914 -0.36484745 -0.14475404
v -0.11408786 -0.31796956 -0.08994619
v -0.11531667 -0.31864467 -0.08175147
v -0.11512627 -0.2622517 -0.0674255
v -0.11516936 -0.25728315 -0.06285828
v -0.11456691 -0.25349811 -0.05243181
v -0.10840627 -0.25054455 -0.03144935
v -0.1233109 -0.25474703 -0.02904988
v -0.12640746 -0.25212747 -0.02407565
v -0.11327837 -0.25138941 -0.00386862
v -0.11174176 0.14169811 -0.0228863
v -0.11427724 0.14214084 -0.00552615
v -0.1112599 0.14324692 -0.01724835
v -0.11427724 0.14214084 -0.00552615
v -0.11146557 -0.24776493 0.00429892
v -0.12215657 -0.25142288 0.02819384
v -0.11063506 -0.25145504 0.03241879
v -0.11181163 -0.2527369 0.05103042
v -0.12303732 -0.25473404 0.02763732
v -0.11454251 -0.25569141 0.06391717
v -0.11506302 -0.25923699 0.06732926
v -0.11506302 -0.25923699 0.06732926
v -0.11663879 -0.26523596 0.06638967
v -0.11576093 -0.29227638 0.07401425
v -0.11633384 -0.2542544 0.06933592
v -0.11579037 -0.3133353 0.07925282
v -0.11601456 -0.31890321 0.08255684
v -0.11146557 -0.31640962 0.08950746
v -0.11089414 -0.31945828 0.0946245
v -0.11601456 -0.31890321 0.08255684
v -0.11452775 -0.31714886 0.08889646
v -0.13601197 -0.32434484 0.14411573
v -0.12964939 -0.3557322 0.15042692
v -0.13592204 -0.39375365 0.15251262
v -0.13592204 -0.39375365 0.15251262
v -0.14230789 -0.40027821 -0.15449058
v -0.13126856 -0.34924367 -0.1425451
v -0.13786122 -0.32499427 -0.14018857
v -0.11983721 -0.31875372 -0.07247373
v -0.11829179 -0.29695436 -0.06904274
v -0.12273171 -0.25399762 -0.05428839
v -0.11996086 -0.26360819 -0.05846228
v -0.11929245 -0.25572938 -0.05500497
v -0.12760767 -0.25203988 0.00136235
v -0.11880642 -0.25583425 0.0554217
v -0.11880642 -0.25583425 0.0554217
v -0.12393024 -0.25361547 0.05121043
v -0.12233346 -0.28299984 0.05667959
v -0.11038233 -0.26805356 0.08460008
v -0.11940921 -0.27284956 0.06787875
v -0.11736252 -0.31163108 0.08048518
v -0.11992571 -0.31882539 0.07347272
v -0.12202274 -0.31982127 0.09244411
v -0.14803386 -0.39826643 0.15869845
v -0.13587907 -0.37901196 -0.14603977
v -0.13443205 -0.32905313 -0.13886687
v -0.12411163 -0.31995523 -0.07962016
v -0.12149169 -0.31813926 -0.07537285
v -0.12346233 -0.31851336 -0.06090926
v -0.12372825 -0.29217505 -0.05525515
v -0.12275565 -0.26015732 -0.05041381
v -0.12304928 -0.25589207 -0.04172739
v -0.12313078 -0.25947419 0.0492335
v -0.12269081 -0.25571769 0.04536422
v -0.12313078 -0.25947419 0.0492335
v -0.12283523 -0.31306988 0.06124367
v -0.1243406 -0.31912357 0.06109713
v -0.11979176 -0.31716496 0.07844314
v -0.16333969 -0.41805655 0.17833121
v -0.15188518 -0.47598815 0.21650344
v -0.0807111 -0.41906649 -0.20524639
v -0.17865844 -0.42219108 -0.2058576
v -0.13408731 -0.41964519 -0.20438378
v -0.13408731 -0.41964519 -0.20438378
v -0.13749008 -0.32439417 -0.1361476
v -0.12454668 -0.31769288 -0.06430517
v -0.12598853 -0.31791049 -0.05288829
v -0.12597142 -0.2719619 -0.03527701
v -0.12678075 -0.31342688 -0.0433744
v -0.12687042 -0.25962231 -0.02690851
v -0.12703469 -0.25597557 -0.01549031
v -0.12711944 -0.25911361 0.02254497
v -0.12680553 -0.25594693 0.01494621
v -0.12769304 -0.25407189 0.03659163
v -0.12269081 -0.25571769 0.04536422
v -0.12711944 -0.25911361 0.02254497
v -0.12638924 -0.26194787 0.03145305
v -0.12685736 -0.27083185 0.02982081
v -0.12638924 -0.26194787 0.03145305
v -0.12568037 -0.2786667 0.04452137
v -0.12660517 -0.3053118 0.0487859
v -0.12805681 -0.31246373 0.03820341
v -0.12638924 -0.26194787 0.03145305
v -0.12568037 -0.2786667 0.04452137
v -0.12660517 -0.3053118 0.0487859
v -0.12737709 -0.31634778 0.04914213
v -0.12847856 -0.31994733 0.07359118
v -0.1344782 -0.3391383 0.14835329
v -0.17489772 -0.41968647 0.20181304
v -0.14406635 -0.41252416 -0.15823993
v -0.12225271 -0.41073716 -0.15853618
v -0.13443205 -0.32905313 -0.13886687
v -0.14207283 -0.32368606 -0.0928453
v -0.13294336 -0.32068351 -0.05798735
v -0.12918599 -0.31871819 -0.05503645
v -0.12985019 -0.31879702 -0.0282351
v -0.12970664 -0.32224876 -0.05223112
v -0.12531871 -0.2531153 -0.04016596
v -0.12845318 -0.25380236 -0.03107181
v -0.12840052 -0.26325354 -0.014404
v -0.13182107 -0.25387576 -0.00039763
v -0.13095994 -0.31814173 -0.0186189
v -0.13143326 -0.29879719 0.00058825
v -0.12734786 -0.25525069 0.0007657
v -0.12941308 -0.25939339 0.00086416
v -0.12916066 -0.28157943 0.01732738
v -0.12927639 -0.31295627 0.02984005
v -0.13078694 -0.3189564 0.01650119
v -0.12711944 -0.25911361 0.02254497
v -0.12916066 -0.28157943 0.01732738
v -0.12927639 -0.31295627 0.02984005
v -0.13078694 -0.3189564 0.01650119
v -0.13078694 -0.3189564 0.01650119
v -0.12805681 -0.31246373 0.03820341
v -0.13025147 -0.32030019 0.04533634
v -0.12737709 -0.31634778 0.04914213
v -0.12737709 -0.31634778 0.04914213
v -0.1243406 -0.31912357 0.06109713
v -0.13285924 -0.32291561 0.04513207
v -0.12362973 -0.32208422 0.08077752
v -0.12847117 -0.31834894 0.05506535
v -0.12490442 -0.31784722 0.06663255
v -0.13759294 -0.32269847 0.0875864
v -0.1325464 -0.32509372 0.1465116
v -0.14779022 -0.41577157 -0.16159877
v -0.1501618 -0.41248408 -0.15679355
v -0.1370088 -0.39697638 -0.14692032
v -0.13771299 -0.35969219 -0.14236431
v -0.13899572 -0.34637237 -0.13913208
v -0.13548711 -0.32079005 -0.03888243
v -0.13119785 -0.31779015 -0.03739168
v -0.13375089 -0.31926695 -0.0337119
v -0.13193347 -0.31753647 -0.00117363
v -0.133123 -0.32234442 -0.02298468
v -0.13430354 -0.32241061 -5.668E-05
v -0.13193347 -0.31753647 -0.00117363
v -0.13430354 -0.32241061 -5.668E-05
v -0.13129558 -0.31567353 0.03947234
v -0.13304275 -0.31901342 0.0411376
v -0.13021122 -0.3181234 0.04883828
v -0.13421105 -0.32081723 0.04723662
v -0.12847117 -0.31834894 0.05506535
v -0.13421105 -0.32081723 0.04723662
v -0.13683417 -0.36577544 0.1504571
v -0.15483497 -0.41627008 0.16128008
v -0.18998937 -0.49594301 0.21978666
v -0.15431236 -0.41741201 -0.17355169
v -0.15102923 -0.41787937 -0.15798514
v -0.14304547 -0.37697497 -0.14305803
v -0.14262898 -0.39577973 -0.14408258
v -0.14095344 -0.32555953 -0.13635035
v -0.13904501 -0.32933381 -0.13498034
v -0.12299424 -0.32584366 -0.125936
v -0.13849825 -0.32631406 -0.09460951
v -0.13618408 -0.32638079 -0.11446543
v -0.14139098 -0.32286358 -0.06015468
v -0.13870165 -0.3209897 -0.0026225
v -0.13536079 -0.3184073 -0.00123029
v -0.13609478 -0.32097137 0.03945408
v -0.14033933 -0.32460648 0.13460542
v -0.1386167 -0.32899392 0.13367231
v -0.13405305 -0.32938954 0.14322998
v -0.13800038 -0.33248556 0.13784806
v -0.13636661 -0.34417534 0.14345798
v -0.13601197 -0.32434484 0.14411573
v -0.13906291 -0.35895646 0.14376555
v -0.13313727 -0.35010627 0.1462571
v -0.13910152 -0.37619495 0.14713897
v -0.14015043 -0.39585438 0.15179938
v -0.14015043 -0.39585438 0.15179938
v -0.17641261 -0.45704529 -0.20986499
v -0.14642486 -0.39845651 -0.14226741
v -0.14224882 -0.35476887 -0.13688301
v -0.1431939 -0.32523474 -0.1156814
v -0.13904501 -0.32933381 -0.13498034
v -0.14042546 -0.33178031 -0.13145687
v -0.14347993 -0.35531664 -0.13159348
v -0.13899572 -0.34637237 -0.13913208
v -0.14224882 -0.35476887 -0.13688301
v -0.14186376 -0.33237192 -0.12050941
v -0.13904501 -0.32933381 -0.13498034
v -0.14027549 -0.32836461 -0.10620093
v -0.14186376 -0.33237192 -0.12050941
v -0.14042546 -0.33178031 -0.13145687
v -0.14231139 -0.33106434 -0.1022211
v -0.13913183 -0.32572678 -0.07110512
v -0.14212589 -0.32659942 -0.05302184
v -0.14441623 -0.32402816 -0.05587176
v -0.14283079 -0.32618058 -0.00078835
v -0.14385702 -0.32376122 0.03965491
v -0.14378822 -0.32505816 0.0451649
v -0.14057301 -0.3263759 0.04223421
v -0.14216179 -0.32614034 0.04555336
v -0.14320238 -0.33011124 0.04309459
v -0.14417829 -0.32397398 0.05130751
v -0.14417829 -0.32397398 0.05130751
v -0.14185287 -0.32318684 0.06617556
v -0.13916416 -0.32553196 0.06531342
v -0.14099804 -0.32830712 0.07678732
v -0.14160603 -0.32651329 0.04952127
v -0.14310409 -0.32497403 0.10099531
v -0.13862039 -0.32620385 0.09503659
v -0.13956396 -0.32830325 0.11263046
v -0.14196649 -0.33277351 0.09689654
v -0.1403307 -0.33202261 0.12411311
v -0.1403307 -0.33202261 0.12411311
v -0.14280663 -0.35698661 0.13165039
v -0.14196649 -0.33277351 0.09689654
v -0.1386167 -0.32899392 0.13367231
v -0.1386167 -0.32899392 0.13367231
v -0.14195606 -0.3603206 0.13773577
v -0.14195606 -0.3603206 0.13773577
v -0.1425408 -0.37481481 0.14321651
v -0.14274387 -0.39739698 0.14590514
v -0.14107475 -0.3653484 0.14659777
v -0.18140288 -0.499865 0.21990684
v -0.1421534 -0.39618084 -0.1496166
v -0.14844441 -0.39417279 -0.14310713
v -0.14092159 -0.3939755 -0.14918399
v -0.14659582 -0.38241279 -0.13789248
v -0.14666808 -0.39578113 -0.13980469
v -0.14659582 -0.38241279 -0.13789248
v -0.14333414 -0.34424779 -0.11360396
v -0.14729233 -0.37389696 -0.10159976
v -0.14231139 -0.33106434 -0.1022211
v -0.14478104 -0.34544483 -0.07820799
v -0.14301835 -0.32903078 -0.06452045
v -0.14697105 -0.35970679 -0.05165862
v -0.14450851 -0.33331597 -0.04540994
v -0.14301835 -0.32903078 -0.06452045
v -0.14479777 -0.33229637 -0.00497846
v -0.14450851 -0.33331597 -0.04540994
v -0.14702614 -0.35593244 -0.00844132
v -0.14479777 -0.33229637 -0.00497846
v -0.14507194 -0.32378301 0.01006347
v -0.14439015 -0.33326769 0.03382155
v -0.14680463 -0.35941941 0.04429615
v -0.14252701 -0.32640949 0.03009204
v -0.14439015 -0.33326769 0.03382155
v -0.14320238 -0.33011124 0.04309459
v -0.1446474 -0.33962232 0.04650426
v -0.14216179 -0.32614034 0.04555336
v -0.14286824 -0.32899028 0.05008945
v -0.14320238 -0.33011124 0.04309459
v -0.14286824 -0.32899028 0.05008945
v -0.14569125 -0.35760459 0.07711522
v -0.1432872 -0.3479487 0.10407573
v -0.14533557 -0.36585256 0.1135128
v -0.14632335 -0.38148981 0.13539812
v -0.14696747 -0.3786664 0.11052474
v -0.14632335 -0.38148981 0.13539812
v -0.14732827 -0.39703751 0.13881803
v -0.14538433 -0.39400882 0.14691724
v -0.14593107 -0.39642626 0.148434
v -0.1404147 -0.40048662 0.15435316
v -0.15419021 -0.40354696 0.15524541
v -0.15175152 -0.40072453 0.15276115
v -0.15549186 -0.40092713 0.15843041
v -0.15474267 -0.41346711 0.15896502
v -0.15474786 -0.40416649 -0.15457745
v -0.1507621 -0.39637771 -0.14362003
v -0.14877921 -0.39727423 -0.13309914
v -0.14666808 -0.39578113 -0.13980469
v -0.14642486 -0.39845651 -0.14226741
v -0.14908993 -0.38734806 -0.10616716
v -0.15026799 -0.39675933 -0.10389878
v -0.15051784 -0.39600518 -0.09228785
v -0.15094468 -0.39086443 -0.05443554
v -0.14846002 -0.3677941 -0.03117522
v -0.14954115 -0.37716872 0.03480019
v -0.15113123 -0.3916471 0.03416692
v -0.15070894 -0.39148909 0.04577967
v -0.14957128 -0.37969324 0.04678578
v -0.15052976 -0.39617968 0.08326603
v -0.14896449 -0.39714271 0.13153563
v -0.14732827 -0.39703751 0.13881803
v -0.15091917 -0.39617509 0.13776113
v -0.15586823 -0.39773604 0.15584765
v -0.15483497 -0.41627008 0.16128008
v -0.16506019 -0.41708764 0.16303864
v -0.18592566 -0.4953337 -0.21731082
v -0.18760392 -0.47858605 -0.21371597
v -0.15727207 -0.41258669 -0.15650958
v -0.15556769 -0.41734457 -0.15550803
v -0.15249072 -0.39605621 -0.03871384
v -0.15167153 -0.39549774 0.04360634
v -0.15311912 -0.39738315 0.04573325
v -0.15680093 -0.39763817 0.14747024
v -0.15586823 -0.39773604 0.15584765
v -0.16409524 -0.50035971 -0.21939757
v -0.17984946 -0.4367663 -0.20592679
v -0.19922777 -0.4199768 -0.1966683
v -0.16058248 -0.416024 -0.15732802
v -0.15755732 -0.40871632 -0.15040308
v -0.15810575 -0.41749993 -0.15141098
v -0.15820429 -0.39901516 -0.15469515
v -0.15904827 -0.39810762 -0.14662565
v -0.15474786 -0.40416649 -0.15457745
v -0.15636329 -0.40248477 -0.14248157
v -0.15755732 -0.40871632 -0.15040308
v -0.1583178 -0.4154377 -0.14535777
v -0.15810575 -0.41749993 -0.15141098
v -0.15123123 -0.39602309 -0.13942011
v -0.15406632 -0.40046293 -0.15042274
v -0.15454052 -0.40014723 -0.1429221
v -0.15380523 -0.39653116 -0.13522002
v -0.15790416 -0.40742096 -0.12230647
v -0.15803383 -0.40372893 -0.0743914
v -0.15916751 -0.39842975 -0.10645714
v -0.15527898 -0.3964344 -0.06603373
v -0.15540335 -0.39928666 -0.05673836
v -0.15955715 -0.39819384 -0.04958363
v -0.15807509 -0.40369216 -0.0451609
v -0.15549596 -0.39916027 0.03889211
v -0.15551023 -0.39634979 0.038788
v -0.15754113 -0.40245265 0.02143621
v -0.15804167 -0.40384743 0.05818153
v -0.15551023 -0.39634979 0.038788
v -0.15950675 -0.39813071 0.06600893
v -0.15662372 -0.40231186 0.09149525
v -0.15787743 -0.40746298 0.08797674
v -0.15449359 -0.39985681 0.11230851
v -0.15370074 -0.39666086 0.13110639
v -0.15758075 -0.40821707 0.15007398
v -0.15618905 -0.40248403 0.14108334
v -0.15837799 -0.41582561 0.13789381
v -0.1547294 -0.40047824 0.14941996
v -0.15847026 -0.41757864 0.15037838
v -0.1547294 -0.40047824 0.14941996
v -0.15758075 -0.40821707 0.15007398
v -0.15572613 -0.41808432 0.15583776
v -0.15847026 -0.41757864 0.15037838
v -0.15921345 -0.41334906 0.15604568
v -0.16155578 -0.41622394 0.156675
v -0.18768646 -0.42344555 0.20646001
v -0.19942349 -0.4203518 -0.20074682
v -0.20041013 -0.42359859 -0.20158221
v -0.19731824 -0.42616227 -0.20369354
v -0.15902592 -0.41105455 -0.15175192
v -0.1617856 -0.41584471 -0.1470028
v -0.15922335 -0.4147763 -0.07958075
v -0.1583178 -0.4154377 -0.14535777
v -0.15922335 -0.4147763 -0.07958075
v -0.15980193 -0.41765827 -0.14608045
v -0.16068737 -0.41680241 -0.06860848
v -0.15854323 -0.41227108 -0.02289076
v -0.15921167 -0.41571096 -0.02540319
v -0.15921167 -0.41571096 -0.02540319
v -0.1606756 -0.417009 0.06449192
v -0.15956746 -0.39831677 0.02440219
v -0.15925294 -0.41462091 0.06239979
v -0.15925294 -0.41462091 0.06239979
v -0.15950675 -0.39813071 0.06600893
v -0.15916337 -0.41686136 0.1004451
v -0.15916337 -0.41686136 0.1004451
v -0.15852933 -0.39835039 0.15429007
v -0.15852933 -0.39835039 0.15429007
v -0.20029421 -0.42188239 -0.20515966
v -0.16683298 -0.41693497 -0.15730576
v -0.16380121 -0.41571024 -0.10810724
v -0.161342 -0.41412655 -0.1319589
v -0.16164778 -0.41343287 -0.07702652
v -0.16442931 -0.41580465 -0.07726619
v -0.16389024 -0.41535544 -0.05414985
v -0.16139244 -0.41345862 -0.0274254
v -0.16349009 -0.41542014 0.05152163
v -0.16154198 -0.41355044 0.07322261
v -0.16255026 -0.41594151 0.08059048
v -0.16155578 -0.41622394 0.156675
v -0.17448311 -0.50003517 -0.21870866
v -0.17168477 -0.41806689 -0.1718999
v -0.18237416 -0.41757026 -0.08412588
v -0.16539261 -0.41602835 0.06039334
v -0.17132154 -0.41703641 0.07694951
v -0.17186901 -0.41711542 0.1237241
v -0.18330352 -0.41844687 -0.1565506
v -0.20391335 -0.42005283 -0.07451724
v -0.18910448 -0.41807359 -0.04674019
v -0.19177003 -0.41851282 0.08371047
v -0.18954693 -0.41873345 0.16692914
v -0.20144367 -0.43172264 -0.20512876
v -0.16672859 -0.41980931 -0.1514823
v -0.17284831 -0.41965696 -0.09888876
v -0.18591507 -0.42064053 -0.14789458
v -0.1950112 -0.41877005 0.07116297
v -0.1993304 -0.42164528 0.20565096
v -0.1993304 -0.42164528 0.20565096
v -0.18676564 -0.42041835 -0.09426834
v -0.1986036 -0.41983208 0.19818865
v -0.19805914 -0.43875435 0.20998642
v -0.21231914 -0.49973011 -0.21905331
v -0.20392507 -0.41987976 0.07768123
v -0.2087504 -0.4780575 0.21718289
v -0.17149432 -0.44217333 -0.21010152
v -0.20306742 -0.43113908 -0.20802049
v -0.20385052 -0.45039469 -0.20894729
v -0.20313749 -0.41993174 -0.11566696
v -0.20424609 -0.41985935 -0.08132398
v -0.2115228 -0.49051175 -0.2169885
v -0.20681588 -0.47240111 -0.21263808
v -0.20270208 -0.41989639 0.17089996
v -0.20206361 -0.49993914 0.2200774
v -0.20373189 -0.42036271 -0.18500789
v -0.20407425 -0.42003164 0.02130838
v -0.20459023 -0.41983494 0.07195588
v -0.20304559 -0.437729 0.20934035
v -0.21057042 -0.49923137 0.22053361
v -0.20898852 -0.45800582 -0.20893396
v -0.20537311 -0.43652216 -0.20477569
v -0.20700745 -0.44976103 -0.20675772
v -0.20029421 -0.42188239 -0.20515966
v -0.20613408 -0.42186865 -0.20112695
v -0.20559679 -0.42757255 -0.20044725
v -0.20041013 -0.42359859 -0.20158221
v -0.20224264 -0.42319354 -0.19217718
v -0.20476714 -0.42514575 -0.19350865
v -0.20559679 -0.42757255 -0.20044725
v -0.20470269 -0.42448682 -0.11607932
v -0.20272839 -0.42287171 -0.0864154
v -0.20499264 -0.4237572 -0.08730461
v -0.20199497 -0.42264134 -0.06692747
v -0.20472838 -0.42510104 -0.07728595
v -0.20491408 -0.42383805 -0.05904685
v -0.20462479 -0.42386496 0.06784238
v -0.20248319 -0.4227652 0.07684316
v -0.20473222 -0.42470121 0.07587159
v -0.20469718 -0.42373779 0.0851392
v -0.20240135 -0.42279404 0.09830375
v -0.20456034 -0.42506149 0.11245587
v -0.20224246 -0.42281437 0.16403548
v -0.20456021 -0.42621094 0.17072992
v -0.20488544 -0.42667264 0.19257809
v -0.2018933 -0.42338988 0.20064579
v -0.20546959 -0.42178395 0.19913924
v -0.20481732 -0.42905122 0.19983362
v -0.20546959 -0.42178395 0.19913924
v -0.2052085 -0.42638528 0.20471495
v -0.1993304 -0.42164528 0.20565096
v -0.2018933 -0.42338988 0.20064579
v -0.19995584 -0.42923382 0.20491241
v -0.20510325 -0.43824092 0.2043474
v -0.2052085 -0.42638528 0.20471495
v -0.21276858 -0.47853938 -0.21273571
v -0.21093231 -0.47269571 -0.21072397
v -0.20700745 -0.44976103 -0.20675772
v -0.20867103 -0.44925365 -0.20363517
v -0.20898852 -0.45800582 -0.20893396
v -0.20537311 -0.43652216 -0.20477569
v -0.20559679 -0.42757255 -0.20044725
v -0.20783499 -0.44287279 -0.18029152
v -0.20476714 -0.42514575 -0.19350865
v -0.20582969 -0.43281204 -0.15752931
v -0.2105511 -0.45762587 -0.14534369
v -0.20613229 -0.42119592 -0.11391174
v -0.20470269 -0.42448682 -0.11607932
v -0.20801714 -0.44296187 -0.09016307
v -0.20964982 -0.45426682 -0.11106907
v -0.20499264 -0.4237572 -0.08730461
v -0.20588595 -0.42115554 -0.07484511
v -0.20472838 -0.42510104 -0.07728595
v -0.20940503 -0.45300961 -0.07599822
v -0.20491408 -0.42383805 -0.05904685
v -0.20702423 -0.43451771 -0.0537033
v -0.20930243 -0.449202 -0.03365483
v -0.20635647 -0.42109692 0.0636386
v -0.20716324 -0.43589601 0.01859581
v -0.20493893 -0.42380786 0.06434275
v -0.21043071 -0.4563238 0.02683931
v -0.20923196 -0.4509837 0.06066826
v -0.20871581 -0.45159295 0.07199437
v -0.20594072 -0.42116013 0.07618695
v -0.21034451 -0.45922995 0.07822673
v -0.20607254 -0.43520674 0.11378344
v -0.20963079 -0.4555839 0.11348183
v -0.2059619 -0.42151678 0.16361964
v -0.2092471 -0.4529179 0.13621779
v -0.20601331 -0.43624806 0.17613018
v -0.2098304 -0.4570958 0.2009104
v -0.20510325 -0.43824092 0.2043474
v -0.20882165 -0.45267457 0.20383319
v -0.20780048 -0.45444816 0.20725991
v -0.20904246 -0.44083947 0.20516138
v -0.2036541 -0.45053115 0.20867887
v -0.20603703 -0.47232047 0.21313925
v -0.20780048 -0.45444816 0.20725991
v -0.20957716 -0.46053657 0.21227521
v -0.21482095 -0.48899624 -0.2147688
v -0.21093231 -0.47269571 -0.21072397
v -0.21280921 -0.47228044 -0.2073441
v -0.21276858 -0.47853938 -0.21273571
v -0.21435167 -0.47996503 -0.20654748
v -0.20841835 -0.42897168 -0.19657089
v -0.21019037 -0.43948966 -0.15771082
v -0.20715043 -0.42361265 -0.19544853
v -0.21376368 -0.47681257 -0.08886361
v -0.21295349 -0.47298494 -0.0768573
v -0.21383595 -0.47781852 -0.07222484
v -0.21479474 -0.47961497 -0.02705558
v -0.21348454 -0.47473308 0.06475171
v -0.21280798 -0.47470266 0.07248037
v -0.21610434 -0.48801681 0.07551001
v -0.21382973 -0.47752672 0.09113382
v -0.21423391 -0.47916883 0.13916659
v -0.20997751 -0.45867324 0.17851573
v -0.21405865 -0.47855827 0.19628781
v -0.21243852 -0.47346947 0.20934384
v -0.21283415 -0.48465085 0.21722515
v -0.21742213 -0.50070953 -0.216245
v -0.21482095 -0.48899624 -0.2147688
v -0.21669871 -0.48860067 -0.21206281
v -0.21742213 -0.50070953 -0.216245
v -0.21487446 -0.48115644 -0.13868779
v -0.21666244 -0.48814932 -0.08611844
v -0.21676733 -0.48858941 -0.07363963
v -0.21643591 -0.48599264 0.00596091
v -0.21647137 -0.48710102 0.06496408
v -0.21638314 -0.49302411 0.07246466
v -0.21702652 -0.48991725 0.08486147
v -0.2165059 -0.48866177 0.1930088
v -0.21691805 -0.48880443 0.21132348
v -0.21238121 -0.47826481 0.21291517
v -0.21480815 -0.48926067 0.21476066
v -0.21480815 -0.48926067 0.21476066
v -0.21059996 -0.4889814 0.21704298
v -0.21546201 -0.49937192 0.21741343
v -0.2159998 -0.49585274 0.21722648
v -0.21546201 -0.49937192 0.21741343
v -0.21969667 -0.50005877 -0.21253522
v -0.21925496 -0.49987918 -0.18720114
v -0.21969667 -0.50005877 -0.21253522
v -0.21808772 -0.48443002 -0.1846125
v -0.21742418 -0.480748 -0.11115294
v -0.21516453 -0.46551785 -0.1615673
v -0.21928731 -0.49939194 -0.08671214
v -0.21928731 -0.49939194 -0.08671214
v -0.21947894 -0.49963647 -0.125201
v -0.21838982 -0.49933916 -0.07347193
v -0.21921209 -0.49949259 -0.06207023
v -0.21927133 -0.49963409 0.0073741
v -0.21915758 -0.49942562 0.05995958
v -0.21817103 -0.49987772 0.07300262
v -0.21900275 -0.49961114 0.08527245
v -0.21868519 -0.49967971 0.19871485
v -0.21900275 -0.49961114 0.08527245
v -0.21898629 -0.49920616 0.21127385
v -0.21768282 -0.48496008 0.21220717
v -0.22023471 -0.4953737 0.21141624
v -0.2159998 -0.49585274 0.21722648
v -0.21985725 -0.49925029 0.21184227
v -0.21546201 -0.49937192 0.21741343
v -0.22057296 -0.49708879 -0.12466227
v -0.22090335 -0.49820024 -0.08056572
v -0.21724056 -0.47915688 -0.0821793
v 0.21395022 -0.49972877 -0.21731894
v 0.21958163 -0.50003123 -0.06495529
v 0.21624325 -0.48982015 -0.21353403
v 0.21395022 -0.49972877 -0.21731894
v 0.21716021 -0.49082017 -0.20849712
v 0.21783705 -0.49496573 -0.20575847
v 0.21913971 -0.49979731 -0.20602655
v 0.21742198 -0.493009 -0.15464494
v 0.21912655 -0.49986318 -0.10193247
v 0.21722196 -0.49313122 -0.09402776
v 0.21620686 -0.48722303 -0.12190146
v 0.21820717 -0.5001986 -0.08501763
v 0.21688132 -0.49748036 -0.085117
v 0.21741848 -0.493983 -0.07758597
v 0.21958163 -0.50003123 -0.06495529
v 0.21910097 -0.4999032 -0.05534707
v 0.21679108 -0.48944008 -0.07213271
v 0.2175709 -0.49340898 0.04740944
v 0.21915385 -0.4998624 0.0489849
v 0.21723199 -0.49326074 0.05922914
v 0.21873631 -0.49990955 0.06140874
v 0.21908484 -0.4999218 0.0891878
v 0.21762134 -0.4937841 0.12977712
v 0.21758607 -0.49479991 0.19537777
v 0.21693517 -0.48982212 0.21035406
v 0.21883875 -0.49988696 0.19360541
v 0.21917941 -0.49999312 0.20910731
v 0.2175498 -0.49948117 0.21384041
v 0.21291797 -0.49124172 0.21626206
v 0.21162575 -0.49943462 0.21866146
v 0.2175498 -0.49948117 0.21384041
v 0.21010821 -0.49928647 0.22036739
v 0.20802899 -0.49990976 -0.21970415
v 0.21338049 -0.48455733 -0.21261953
v 0.21216996 -0.47497913 -0.20874786
v 0.21408187 -0.47851899 -0.20237128
v 0.21416168 -0.47955558 -0.16675295
v 0.21333756 -0.47278139 -0.12823904
v 0.21389872 -0.47802189 -0.09659293
v 0.21378908 -0.47998986 -0.08569875
v 0.21362016 -0.4757838 -0.07327211
v 0.21448855 -0.47731259 -0.02153758
v 0.21030748 -0.45004067 -0.04728178
v 0.21514447 -0.48229036 0.05344989
v 0.21344879 -0.47100693 0.03017313
v 0.21194507 -0.46366423 0.05861842
v 0.21339579 -0.47935703 0.06955507
v 0.21321234 -0.47086015 0.08110811
v 0.21518713 -0.48239553 0.08050919
v 0.2129858 -0.46653581 0.13718547
v 0.21491756 -0.48041904 0.15939613
v 0.21297553 -0.46727645 0.20103148
v 0.2151925 -0.48176286 0.2052985
v 0.21263577 -0.46746916 0.20445691
v 0.21258551 -0.47769666 0.21031706
v 0.2123957 -0.48268968 0.21324687
v 0.2123957 -0.48268968 0.21324687
v 0.21291797 -0.49124172 0.21626206
v 0.21091299 -0.49202338 0.21724321
v 0.21162575 -0.49943462 0.21866146
v 0.2175498 -0.49948117 0.21384041
v 0.20269935 -0.45769629 -0.21288405
v 0.20851825 -0.44857511 -0.19689931
v 0.21012531 -0.45493627 -0.14541996
v 0.20959049 -0.45044437 -0.09737249
v 0.20997077 -0.4539924 -0.08644433
v 0.2101164 -0.45052311 -0.07648507
v 0.20685203 -0.42609632 -0.07253999
v 0.20689215 -0.42600372 -0.04826626
v 0.21092568 -0.45214647 0.01958853
v 0.20917031 -0.4404622 0.03547664
v 0.20696728 -0.42628548 0.05447739
v 0.20918034 -0.44665051 0.06892092
v 0.20957689 -0.44393483 0.07833385
v 0.20979503 -0.44528106 0.12048176
v 0.20932569 -0.44486982 0.1762982
v 0.20898348 -0.44148341 0.19746473
v 0.20948695 -0.45334604 0.20439327
v 0.20492016 -0.44107819 0.20505835
v 0.2065722 -0.45712855 0.20801929
v 0.2065722 -0.45712855 0.20801929
v 0.21258551 -0.47769666 0.21031706
v 0.20491524 -0.47343528 0.21264207
v 0.20688634 -0.48842707 0.2164606
v 0.20455527 -0.42728382 -0.19326758
v 0.20705755 -0.43883076 -0.19272429
v 0.20461422 -0.42545313 -0.1740035
v 0.20696634 -0.43752527 -0.16533184
v 0.20575809 -0.42325586 -0.09791666
v 0.20647883 -0.42801562 -0.11625355
v 0.20279691 -0.42233676 -0.16391559
v 0.20575809 -0.42325586 -0.09791666
v 0.20301756 -0.42131105 -0.09905721
v 0.20552567 -0.42414218 -0.08913827
v 0.20087552 -0.42103082 -0.08714581
v 0.20552567 -0.42414218 -0.08913827
v 0.20575111 -0.42282876 -0.07246666
v 0.20575111 -0.42282876 -0.07246666
v 0.20295179 -0.42092714 -0.07213268
v 0.20288812 -0.42083454 0.05426765
v 0.205837 -0.42283198 0.05056004
v 0.205837 -0.42283198 0.05056004
v 0.20476367 -0.42260215 0.06610496
v 0.20476367 -0.42260215 0.06610496
v 0.2067083 -0.42858523 0.06598761
v 0.20711888 -0.42600575 0.08165094
v 0.20593846 -0.42282447 0.08770608
v 0.2029918 -0.42087811 0.08190948
v 0.20593846 -0.42282447 0.08770608
v 0.20697656 -0.4267785 0.13570285
v 0.2030099 -0.42107594 0.1365608
v 0.20661485 -0.42707682 0.17366759
v 0.20303251 -0.421884 0.19197457
v 0.205244 -0.4236289 0.19539085
v 0.205244 -0.4236289 0.19539085
v 0.20715535 -0.42922238 0.19373697
v 0.20508903 -0.42870325 0.20065278
v 0.20492016 -0.44107819 0.20505835
v 0.20111541 -0.45300665 0.20861022
v 0.20100562 -0.49947575 0.21874221
v 0.19728564 -0.430251 -0.20787098
v 0.20131539 -0.42041084 -0.20145589
v 0.20147595 -0.42604592 -0.20122637
v 0.20201141 -0.42305735 -0.19555758
v 0.20279691 -0.42233676 -0.16391559
v 0.19853342 -0.42085114 -0.19075713
v 0.20201141 -0.42305735 -0.19555758
v 0.19881488 -0.42035049 -0.15328094
v 0.19925329 -0.42034957 -0.09789877
v 0.20003358 -0.42028472 -0.06973554
v 0.20054233 -0.42018053 0.05793677
v 0.1983396 -0.42037031 0.06806431
v 0.20046912 -0.42017543 0.08205651
v 0.19944887 -0.4201889 0.1355678
v 0.19876267 -0.4204146 0.19262837
v 0.19941968 -0.42297915 0.20207621
v 0.19941968 -0.42297915 0.20207621
v 0.19941968 -0.42297915 0.20207621
v 0.20508903 -0.42870325 0.20065278
v 0.19771951 -0.42631844 0.203702
v 0.19845799 -0.43203199 0.20486557
v 0.19611143 -0.42286015 -0.20222335
v 0.20147595 -0.42604592 -0.20122637
v 0.19265716 -0.42100382 -0.19848207
v 0.19353811 -0.42013258 -0.19206564
v 0.18694982 -0.41957948 -0.15781023
v 0.19455175 -0.4196949 -0.01461383
v 0.19461913 -0.41981637 0.11606735
v 0.18837446 -0.41944617 0.17385803
v 0.18981537 -0.42061242 0.19890754
v 0.18283513 -0.49449527 0.21729484
v 0.18600909 -0.41992339 -0.1737282
v 0.16381061 -0.45607859 0.2089334
v 0.19023266 -0.49973771 0.21880485
v 0.17916936 -0.43124527 -0.20817268
v 0.16217378 -0.41624695 -0.08345983
v 0.17644554 -0.41950214 0.18686551
v 0.16382109 -0.43876776 0.20593253
v 0.16664965 -0.47715476 0.21329373
v 0.17137223 -0.41692361 0.02541683
v 0.17260377 -0.41708371 0.14295688
v 0.15985502 -0.41944012 -0.18165991
v 0.16123137 -0.41605234 -0.12822376
v 0.16470306 -0.41641355 -0.09834912
v 0.16056079 -0.41577563 0.08446822
v 0.1659999 -0.4184311 -0.16986451
v 0.17368793 -0.41809937 -0.15733708
v 0.1611391 -0.4159492 -0.06305233
v 0.16037367 -0.41600069 0.05244667
v 0.16135003 -0.41600978 0.12090608
v 0.12750082 -0.441834 -0.21057808
v 0.13537875 -0.4777782 -0.21662371
v 0.15311879 -0.42256871 -0.20254743
v 0.1606639 -0.41595903 0.000883
v 0.11962043 -0.49605399 -0.21940972
v 0.15934567 -0.41615888 -0.15844819
v 0.16128971 -0.41603976 -0.15060814
v 0.15927023 -0.41606346 0.15586777
v 0.14298463 -0.42257777 0.20230892
v 0.14298463 -0.42257777 0.20230892
v 0.15820804 -0.41322333 -0.11181212
v 0.16123137 -0.41605234 -0.12822376
v 0.15837817 -0.41261613 -0.09016408
v 0.16217378 -0.41624695 -0.08345983
v 0.15819967 -0.41363806 -0.06318844
v 0.15819967 -0.41363806 -0.06318844
v 0.15818489 -0.41400766 -0.00401838
v 0.15822083 -0.41359571 0.06403849
v 0.16037367 -0.41600069 0.05244667
v 0.16056079 -0.41577563 0.08446822
v 0.13770752 -0.42410442 -0.20722568
v 0.15061618 -0.41612226 -0.16076387
v 0.15834589 -0.40205124 -0.15778759
v 0.15610777 -0.41396114 -0.15601516
v 0.15810499 -0.4137198 -0.15129213
v 0.15810499 -0.4137198 -0.15129213
v 0.1580824 -0.41382104 0.04261111
v 0.15818489 -0.41400766 -0.00401838
v 0.15779777 -0.41410741 0.15072554
v 0.15927023 -0.41606346 0.15586777
v 0.15596704 -0.41498581 0.15580973
v 0.14169678 -0.41577572 0.15949892
v 0.13012742 -0.42675877 0.20429584
v 0.15834589 -0.40205124 -0.15778759
v 0.15827188 -0.4123745 -0.15837131
v 0.15226403 -0.39884555 -0.15831041
v 0.15037689 -0.41025612 -0.15900718
v 0.15164304 -0.41369802 -0.1580743
v 0.15758452 -0.40908402 -0.1506176
v 0.15487182 -0.40098593 -0.14176773
v 0.15181322 -0.40098414 -0.15218379
v 0.15435064 -0.40010202 -0.13242994
v 0.15642039 -0.40279499 -0.09767817
v 0.15062802 -0.3965815 -0.12474183
v 0.15307461 -0.39785582 -0.08783334
v 0.15775993 -0.4077881 -0.09720386
v 0.15504628 -0.39946434 -0.05600803
v 0.15680891 -0.4038589 -0.05719099
v 0.1525719 -0.39611271 -0.03774141
v 0.15677767 -0.40391129 -0.00333907
v 0.15505566 -0.39941561 0.03982677
v 0.15255083 -0.39605826 0.03574007
v 0.15646245 -0.4036586 0.04263815
v 0.15084298 -0.39626503 0.04344783
v 0.15664303 -0.40324289 0.06535085
v 0.15770303 -0.40845561 0.07430177
v 0.15198654 -0.3963497 0.05606497
v 0.15491046 -0.39977095 0.07237417
v 0.15550479 -0.40356213 0.1302186
v 0.15062636 -0.39640337 0.10721739
v 0.15414323 -0.400599 0.13128437
v 0.15716867 -0.40951523 0.14054653
v 0.15268221 -0.4018347 0.15137208
v 0.15489535 -0.40489697 0.15441972
v 0.15489535 -0.40489697 0.15441972
v 0.15596704 -0.41498581 0.15580973
v 0.1514066 -0.41428733 0.1581098
v 0.15927023 -0.41606346 0.15586777
v 0.14169678 -0.41577572 0.15949892
v 0.0828521 -0.41969624 0.19115867
v 0.14726794 -0.39726469 -0.14224513
v 0.14966008 -0.39727002 -0.13469894
v 0.15175341 -0.3955569 -0.08811422
v 0.15081662 -0.38495713 -0.0487543
v 0.15097307 -0.38501868 0.03362192
v 0.1506552 -0.39071289 0.0442886
v 0.14986624 -0.37946448 0.06006764
v 0.14943714 -0.38441002 0.10315464
v 0.14971577 -0.39704826 0.13322474
v 0.14705862 -0.39753896 0.14136554
v 0.15268221 -0.4018347 0.15137208
v 0.14629391 -0.40376261 0.15552571
v 0.14530987 -0.40934107 0.15747659
v 0.08227729 -0.48980412 0.21669008
v 0.14344259 -0.400051 -0.15463991
v 0.14853996 -0.38806623 -0.13567066
v 0.14571594 -0.36425623 -0.12756477
v 0.14350054 -0.35684013 -0.13275029
v 0.14898299 -0.38480437 -0.12818767
v 0.14617789 -0.35875469 -0.10098325
v 0.14889675 -0.37781572 -0.09932587
v 0.14861172 -0.36184105 -0.04161394
v 0.14689076 -0.34691623 -0.03309023
v 0.14863215 -0.36141789 0.02553552
v 0.14532247 -0.33296835 0.0304932
v 0.14710774 -0.35018775 0.03252468
v 0.14672555 -0.35497531 0.04367153
v 0.14695346 -0.35331693 0.05267084
v 0.14588928 -0.35803288 0.08685712
v 0.14491852 -0.36167538 0.12732077
v 0.14620601 -0.3722195 0.13349061
v 0.14870055 -0.3861793 0.13264325
v 0.14791413 -0.38941139 0.13913308
v 0.14241534 -0.39844155 0.14902772
v 0.14241534 -0.39844155 0.14902772
v 0.1413241 -0.40066925 0.15377064
v 0.11386771 -0.4564102 0.20932288
v 0.08389247 -0.49942547 0.21990936
v 0.08744147 -0.49995661 -0.21994171
v 0.14102995 -0.36698127 -0.15097724
v 0.14400847 -0.39390978 -0.15341014
v 0.13879445 -0.38735786 -0.15279603
v 0.13100915 -0.41586074 -0.16033266
v 0.14276691 -0.36465091 -0.13971193
v 0.14187901 -0.33342823 -0.12309664
v 0.14430989 -0.33520511 -0.09406977
v 0.1426107 -0.3297452 -0.1054093
v 0.14075334 -0.32789618 -0.10620367
v 0.14278306 -0.32618463 -0.07770221
v 0.14477603 -0.33231121 -0.06424852
v 0.14286765 -0.32601336 -0.06195366
v 0.14495863 -0.32939577 -0.04590762
v 0.14310257 -0.32549432 -0.0500999
v 0.14436284 -0.32831031 0.0280225
v 0.14291407 -0.32580239 0.03081039
v 0.13460411 -0.3226918 -0.00082642
v 0.14310257 -0.32549432 -0.0500999
v 0.14291407 -0.32580239 0.03081039
v 0.144539 -0.33328825 0.04300567
v 0.14333908 -0.32792127 0.05282398
v 0.14213586 -0.32615727 0.05295051
v 0.14486474 -0.33226019 0.05591988
v 0.14249547 -0.32989833 0.09819312
v 0.14418957 -0.34095198 0.09236503
v 0.14213586 -0.32615727 0.05295051
v 0.14249547 -0.32989833 0.09819312
v 0.13875566 -0.32636881 0.08828609
v 0.14064102 -0.3285234 0.10622023
v 0.14172518 -0.33279964 0.12401824
v 0.1430732 -0.35717076 0.13620372
v 0.14339191 -0.37332365 0.14243552
v 0.13954516 -0.37460747 0.14707066
v 0.14261809 -0.3961004 0.14719017
v 0.13615628 -0.39595717 -0.15077528
v 0.13857058 -0.33167192 -0.13184257
v 0.13911808 -0.3289285 -0.12637962
v 0.13626203 -0.32639146 -0.12110789
v 0.13911808 -0.3289285 -0.12637962
v 0.14075334 -0.32789618 -0.10620367
v 0.13876238 -0.32629368 -0.10475417
v 0.14278306 -0.32618463 -0.07770221
v 0.13264737 -0.32395262 -0.05794207
v 0.14286765 -0.32601336 -0.06195366
v 0.13286999 -0.32270268 -0.04100136
v 0.13328762 -0.32321802 0.04089667
v 0.13740027 -0.32639247 0.10323827
v 0.14064102 -0.3285234 0.10622023
v 0.13988192 -0.3285062 0.12377878
v 0.13988192 -0.3285062 0.12377878
v 0.13648653 -0.32655895 0.12083521
v 0.13451923 -0.32685918 0.13328126
v 0.13911717 -0.33014026 0.13433567
v 0.13911717 -0.33014026 0.13433567
v 0.13363196 -0.32962781 0.14144957
v 0.13363196 -0.32962781 0.14144957
v 0.13867486 -0.35550264 0.14324096
v 0.13609584 -0.38846338 0.14923091
v 0.13954516 -0.37460747 0.14707066
v 0.14261809 -0.3961004 0.14719017
v 0.13457662 -0.39711317 0.14947903
v 0.11476463 -0.4159615 0.15975343
v 0.13440785 -0.32965541 -0.13895403
v 0.13440785 -0.32965541 -0.13895403
v 0.13270168 -0.32622406 -0.12773004
v 0.11834706 -0.32415476 -0.09073488
v 0.13029897 -0.32220575 -0.04831371
v 0.12176343 -0.32241035 0.07683627
v 0.13012551 -0.32908657 0.14360589
v 0.13363196 -0.32962781 0.14144957
v 0.13867486 -0.35550264 0.14324096
v 0.13240853 -0.34743837 0.14537726
v 0.10838135 -0.39935052 0.15298304
v 0.11094976 -0.41454092 0.15805212
v 0.08356391 -0.41688842 0.17016283
v 0.12545903 -0.3266632 -0.13962014
v 0.1236619 -0.32266331 -0.0650943
v 0.13209657 -0.3197158 -0.0230581
v 0.13029897 -0.32220575 -0.04831371
v 0.13286999 -0.32270268 -0.04100136
v 0.13020931 -0.28041145 -0.02082387
v 0.12965427 -0.305352 -0.03887772
v 0.13261449 -0.2932201 -0.00094168
v 0.13460411 -0.3226918 -0.00082642
v 0.13356996 -0.32038066 0.00065916
v 0.13105309 -0.27364528 0.00056218
v 0.13100813 -0.321125 0.04066645
v 0.1297031 -0.3000575 0.0332678
v 0.12994441 -0.31848302 0.04063106
v 0.13100813 -0.321125 0.04066645
v 0.12587973 -0.32224941 0.05992515
v 0.12218317 -0.32422742 0.10923214
v 0.12221384 -0.32583201 0.13092853
v 0.12577957 -0.32698622 0.14039859
v 0.13012551 -0.32908657 0.14360589
v 0.12920418 -0.34797701 0.14617248
v 0.12617329 -0.33173314 0.14501902
v 0.11476463 -0.4159615 0.15975343
v 0.08808036 -0.47459781 -0.21605301
v 0.08497712 -0.42625672 -0.20783018
v 0.1236619 -0.32266331 -0.0650943
v 0.12907346 -0.31751174 -0.04460718
v 0.12712796 -0.28236249 -0.0446947
v 0.12568325 -0.31173223 -0.05335472
v 0.12571386 -0.26412436 -0.04075556
v 0.1231983 -0.2544657 -0.03322237
v 0.12720646 -0.25547054 -0.02339643
v 0.12443297 -0.25412562 -0.01779036
v 0.12720646 -0.25547054 -0.02339643
v 0.12682843 -0.25838798 -0.03055313
v 0.12945791 -0.26254484 -0.01386322
v 0.12975828 -0.25844842 -0.00306829
v 0.12713507 -0.25541073 0.02195584
v 0.12713507 -0.25541073 0.02195584
v 0.12300273 -0.25352177 0.00441561
v 0.12882096 -0.26137689 0.01644091
v 0.12472337 -0.25491822 0.02888873
v 0.12594417 -0.25911444 0.03482836
v 0.12735148 -0.28329381 0.04535662
v 0.12941377 -0.30589998 0.04234375
v 0.12862976 -0.31929761 0.0471429
v 0.12587973 -0.32224941 0.05992515
v 0.08222698 -0.49504408 0.21763524
v 0.08863632 -0.39395508 -0.15439084
v 0.14400847 -0.39390978 -0.15341014
v 0.08402883 -0.39674634 -0.15530391
v 0.07734378 -0.41281673 -0.15824875
v 0.1194289 -0.32246602 -0.07509567
v 0.12371681 -0.2759991 -0.05227219
v 0.12299896 -0.25599584 -0.04571928
v 0.1231983 -0.2544657 -0.03322237
v 0.12472337 -0.25491822 0.02888873
v 0.1192966 -0.25327224 0.03913474
v 0.12313356 -0.25558478 0.04134336
v 0.12313356 -0.25558478 0.04134336
v 0.12411419 -0.26153105 0.04714243
v 0.11870451 -0.27856284 0.06473632
v 0.11618237 -0.29790157 0.07338166
v 0.12357532 -0.31643263 0.05986197
v 0.11974403 -0.3196952 0.07378599
v 0.11374917 -0.32201603 0.09808478
v 0.10288593 -0.32199755 0.10774025
v 0.11205781 -0.34301093 0.14672951
v 0.11062259 -0.3673844 0.14897875
v 0.11755498 -0.39696279 0.15055688
v 0.08321165 -0.42649803 0.20435764
v 0.07182171 -0.39925578 -0.15826729
v 0.07563583 -0.35721597 -0.15041943
v 0.13662751 -0.35237232 -0.1496437
v 0.08805172 -0.32514942 -0.14681482
v 0.12894548 -0.32409558 -0.14585167
v 0.13562158 -0.33625251 -0.14791958
v 0.1025385 -0.32475504 -0.11947538
v 0.1140902 -0.32249859 -0.0868506
v 0.1194289 -0.32246602 -0.07509567
v 0.11726709 -0.26275474 -0.06321351
v 0.11540612 -0.275361 -0.07085525
v 0.11892575 -0.25578886 -0.0542863
v 0.11892575 -0.25578886 -0.0542863
v 0.12299896 -0.25599584 -0.04571928
v 0.11520157 -0.25337744 -0.049552
v 0.11314452 -0.25153542 -0.02268694
v 0.11424143 -0.25146496 0.00563911
v 0.11277359 -0.25176704 0.03145474
v 0.11604405 0.1843809 0.03118268
v 0.11936846 -0.25585815 0.0530934
v 0.11936846 -0.25585815 0.0530934
v 0.11556194 -0.25580454 0.06082221
v 0.11584713 -0.26375356 0.0672388
v 0.11556194 -0.25580454 0.06082221
v 0.11805603 -0.31690824 0.07516059
v 0.11974403 -0.3196952 0.07378599
v 0.11543567 -0.31942812 0.08308156
v 0.08411504 -0.4749074 0.21284635
v 0.09207541 -0.37899801 -0.15240905
v 0.10557913 -0.3232353 -0.10139281
v 0.1140902 -0.32249859 -0.0868506
v 0.111058 -0.25580564 -0.06987555
v 0.11511109 -0.25690594 -0.06375814
v 0.111058 -0.25580564 -0.06987555
v 0.10719167 -0.25104332 -0.04408171
v 0.11240261 0.17864306 0.02894133
v 0.11335735 0.17264453 0.02966851
v 0.10376309 -0.2512131 0.05133913
v 0.11116597 -0.25354022 0.05736442
v 0.11543567 -0.31942812 0.08308156
v 0.11197513 -0.31908518 0.09088504
v 0.10324363 -0.39577043 0.15114051
v 0.08061477 -0.45038974 0.20855786
v 0.07893839 -0.49961707 0.2189901
v 0.07893839 -0.49961707 0.2189901
v 0.08561709 -0.49509904 -0.21955462
v 0.07757068 -0.42246103 -0.20287316
v 0.10970792 -0.29104251 -0.08455878
v 0.11144311 -0.2609691 -0.07371034
v 0.10699282 -0.25393173 -0.06641519
v 0.10508115 -0.24870716 -0.03150854
v 0.10745683 -0.24847601 -0.02079766
v 0.10981303 -0.24914584 0.00604846
v 0.09998105 0.19624326 0.02873731
v 0.10610893 0.19264029 0.0282841
v 0.10593484 -0.24912979 0.03401167
v 0.11137869 0.22897677 0.04112862
v 0.10962441 -0.25605878 0.07260711
v 0.10962441 -0.25605878 0.07260711
v 0.11062827 -0.26558653 0.07841738
v 0.11078474 -0.30849826 0.0869981
v 0.11197513 -0.31908518 0.09088504
v 0.1083165 -0.31875846 0.09501738
v 0.09492827 -0.32782489 0.14404388
v 0.09492827 -0.32782489 0.14404388
v 0.08296983 -0.42041346 0.19895649
v 0.09492971 -0.41591212 -0.1632185
v 0.10636643 -0.26026267 -0.08179212
v 0.10289066 -0.25587735 -0.08204751
v 0.10289066 -0.25587735 -0.08204751
v 0.09602531 -0.25183803 -0.06393047
v 0.10094446 -0.24901626 -0.04324643
v 0.1082937 -0.24639986 0.0013354
v 0.10745683 -0.24847601 -0.02079766
v 0.10981303 -0.24914584 0.00604846
v 0.10816669 -0.19996949 0.00130918
v 0.10742015 -0.20447682 -0.01113224
v 0.10865379 -0.20803361 0.00118542
v 0.10762788 -0.20463999 0.01068301
v 0.10662167 -0.20925719 0.01056771
v 0.11059558 0.10110348 0.01135278
v 0.1063244 0.0989486 0.02199619
v 0.10593484 -0.24912979 0.03401167
v 0.10579248 -0.24769406 0.03168553
v 0.09511948 0.16205561 0.02209101
v 0.10379372 0.16220756 0.02481853
v 0.10696106 -0.2598387 0.08214421
v 0.107223 -0.27428275 0.08551277
v 0.10681843 -0.29973906 0.09092457
v 0.1083165 -0.31875846 0.09501738
v 0.10161337 -0.31902757 0.10127269
v 0.08163521 -0.32213005 0.12069778
v 0.09254911 -0.32620561 0.1426691
v 0.09306842 -0.33215827 0.14631093
v 0.08384345 -0.35475206 0.1487978
v 0.08399485 -0.40170366 0.15511598
v 0.07259157 -0.40888318 0.15769491
v 0.07198356 -0.4159424 0.16105813
v 0.08487529 -0.4197053 -0.20572297
v 0.08750892 -0.41914526 -0.18866968
v 0.07182171 -0.39925578 -0.15826729
v 0.08275277 -0.32378122 -0.119158
v 0.10144278 -0.25973749 -0.08822634
v 0.10096969 0.10005574 -0.04601829
v 0.09862005 -0.24620944 -0.04351526
v 0.10094446 -0.24901626 -0.04324643
v 0.10508115 -0.24870716 -0.03150854
v 0.10387781 -0.23563211 -0.02362756
v 0.10555567 -0.20018062 -0.02470523
v 0.10585327 -0.20632361 -0.0258202
v 0.1059516 -0.18976353 0.00171512
v 0.09858552 -0.22408378 -0.0226309
v 0.10544357 -0.23412237 0.00092022
v 0.09974107 -0.17391671 0.00100184
v 0.10277206 -0.17797309 0.01019278
v 0.10283001 -0.19051135 0.02636449
v 0.10413297 -0.23562339 0.02164498
v 0.10504296 -0.20055705 0.02775786
v 0.10573603 -0.20633142 0.02748216
v 0.10483162 -0.20981446 0.02711195
v 0.1033905 -0.23718414 0.02962122
v 0.09648376 -0.24832962 0.04936936
v 0.10159693 -0.25552931 0.08286944
v 0.10696106 -0.2598387 0.08214421
v 0.09935275 -0.2584812 0.08915094
v 0.09671379 -0.26459259 0.09487581
v 0.09891748 -0.30483755 0.10024031
v 0.10681843 -0.29973906 0.09092457
v 0.1083165 -0.31875846 0.09501738
v 0.10161337 -0.31902757 0.10127269
v 0.08465228 -0.38556421 0.1504464
v 0.07175242 -0.42279765 0.20225751
v 0.07175242 -0.42279765 0.20225751
v 0.06506561 -0.41001898 -0.15944949
v 0.06506561 -0.41001898 -0.15944949
v 0.08732615 -0.28777468 -0.11007743
v 0.09528679 -0.32251853 -0.10909656
v 0.09616681 -0.25551298 -0.09095726
v 0.09412231 -0.24775578 -0.05332745
v 0.09827022 -0.20079674 -0.04338464
v 0.097656 -0.18819907 -0.0392286
v 0.09806905 -0.23706388 -0.03968376
v 0.09987359 -0.17756522 -0.03025693
v 0.09433046 -0.22447158 -0.03605931
v 0.10215072 -0.1795419 -0.02349035
v 0.09998677 -0.1748181 -0.02055891
v 0.10031267 -0.22163089 0.0012867
v 0.10017459 -0.22331063 0.00187097
v 0.09816056 -0.17437153 0.02492815
v 0.09835018 -0.22426042 0.02589482
v 0.10076782 -0.17742199 0.02699981
v 0.09459892 0.18176508 0.02487415
v 0.09618764 -0.17431392 0.0335428
v 0.09900212 -0.18043971 0.03254065
v 0.0825439 0.21698931 0.03773873
v 0.0945502 -0.22853774 0.03846183
v 0.09746594 -0.204827 0.04593499
v 0.09556718 -0.23837551 0.04545942
v 0.08834854 0.22640255 0.04137028
v 0.09648376 -0.24832962 0.04936936
v 0.08957779 -0.25138471 0.0709543
v 0.09935275 -0.2584812 0.08915094
v 0.09891748 -0.30483755 0.10024031
v 0.0935958 -0.31989285 0.11059162
v 0.07500804 -0.29491979 -0.11845031
v 0.08275277 -0.32378122 -0.119158
v 0.09616681 -0.25551298 -0.09095726
v 0.08876423 -0.24852446 -0.06313342
v 0.09412231 -0.24775578 -0.05332745
v 0.09641669 -0.20785616 -0.04918151
v 0.09545928 -0.17378786 -0.03775356
v 0.09501207 -0.17616913 -0.04283402
v 0.09183235 -0.17200214 -0.04012021
v 0.09545928 -0.17378786 -0.03775356
v 0.08993019 -0.169873 -0.02045169
v 0.09998677 -0.1748181 -0.02055891
v 0.08810183 0.08870392 -0.0168175
v 0.09194644 -0.17022851 0.00383389
v 0.09974107 -0.17391671 0.00100184
v 0.09816056 -0.17437153 0.02492815
v 0.09029498 -0.17006736 0.02135484
v 0.09170971 -0.17286505 0.04444906
v 0.09618764 -0.17431392 0.0335428
v 0.09521433 -0.17622939 0.04145754
v 0.095312 -0.19041635 0.04518075
v 0.09111395 -0.24846874 0.05765346
v 0.09288951 -0.25584486 0.09262423
v 0.09288951 -0.25584486 0.09262423
v 0.09935275 -0.2584812 0.08915094
v 0.09671379 -0.26459259 0.09487581
v 0.09088457 -0.29910243 0.10601439
v 0.09494773 -0.31746984 0.1078679
v 0.0935958 -0.31989285 0.11059162
v 0.06301796 -0.32226592 0.12642767
v 0.11094976 -0.41454092 0.15805212
v 0.08013275 -0.42068282 -0.19853128
v 0.07253867 -0.41590306 -0.16311646
v 0.09495305 -0.25601918 -0.09456414
v 0.09157389 -0.20498054 -0.06048154
v 0.0880127 0.09975805 -0.06472763
v 0.08908094 -0.23510547 -0.0572459
v 0.09183235 -0.17200214 -0.04012021
v 0.08272622 0.08829097 -0.03105727
v 0.08610202 -0.1697965 -0.03418087
v 0.09052332 -0.16585293 0.00589146
v 0.09194644 -0.17022851 0.00383389
v 0.09029498 -0.17006736 0.02135484
v 0.08493808 0.17737125 0.02379289
v 0.08549982 0.16213533 0.020665
v 0.08032528 0.19196862 0.02877049
v 0.08760331 -0.16991173 0.0300856
v 0.09170971 -0.17286505 0.04444906
v 0.08357999 -0.16979343 0.03966806
v 0.08756909 -0.22493953 0.05163609
v 0.09252921 -0.17563148 0.04735145
v 0.090025 -0.18170892 0.05374862
v 0.0903247 -0.20170498 0.06191001
v 0.09125979 -0.20813914 0.06172497
v 0.08777977 -0.23634215 0.05885402
v 0.09111395 -0.24846874 0.05765346
v 0.09056516 -0.25975779 0.09872866
v 0.08625028 -0.26989159 0.10506203
v 0.08853912 -0.31604803 0.11114838
v 0.07986062 -0.45859608 -0.21306059
v 0.07569203 -0.41687393 -0.17006753
v 0.06959206 -0.41412738 -0.159611
v 0.09528679 -0.32251853 -0.10909656
v 0.08200127 -0.32235512 -0.11514924
v 0.09171075 -0.173544 -0.04711509
v 0.08083682 -0.17018555 -0.04420298
v 0.08856847 -0.14602403 -0.00057275
v 0.08749232 -0.14809076 -0.01869383
v 0.08879249 -0.16567154 -0.0191604
v 0.08993019 -0.169873 -0.02045169
v 0.08667634 -0.12920077 0.00210282
v 0.08699214 -0.13783869 0.01703731
v 0.08867665 -0.1646359 0.02154864
v 0.08760331 -0.16991173 0.0300856
v 0.07995179 -0.1703206 0.04664972
v 0.08780916 -0.17853585 0.05633525
v 0.09252921 -0.17563148 0.04735145
v 0.08780916 -0.17853585 0.05633525
v 0.0835401 -0.1776195 0.05960214
v 0.08828104 -0.19043694 0.05960712
v 0.08701224 -0.24794558 0.06313627
v 0.08701224 -0.24794558 0.06313627
v 0.06637865 -0.25088975 0.0924144
v 0.09127473 0.21735674 0.08162345
v 0.08393978 -0.25562373 0.09985621
v 0.09056516 -0.25975779 0.09872866
v 0.08268016 -0.25965655 0.10515918
v 0.08268016 -0.25965655 0.10515918
v 0.08285999 -0.30016613 0.11158095
v 0.08205863 -0.32016215 0.11600796
v 0.08205863 -0.32016215 0.11600796
v 0.05589009 -0.395643 0.151646
v 0.05899675 -0.41376036 0.15819313
v 0.05899675 -0.41376036 0.15819313
v 0.07817944 -0.48850238 -0.21751092
v 0.07897969 -0.4993211 -0.21711816
v 0.07859333 -0.42825443 -0.20756444
v 0.07895635 -0.41903389 -0.2045871
v 0.07210324 -0.26710206 -0.1161393
v 0.07922816 -0.24885529 -0.07649164
v 0.07824925 -0.22411539 -0.06772716
v 0.0834176 -0.17326 -0.05152002
v 0.08359937 -0.17795241 -0.06072153
v 0.08601332 -0.14602093 -0.02354639
v 0.07962473 -0.15198383 -0.0421659
v 0.08943247 0.27208844 -0.00080181
v 0.08449072 -0.11791243 -0.01981341
v 0.08414235 -0.09464772 0.00262877
v 0.08356228 -0.10317449 -0.0181014
v 0.08452654 -0.10380686 0.0164881
v 0.08481219 -0.11912592 0.02121823
v 0.07502219 0.16249736 0.02081795
v 0.06879728 0.17440452 0.02534126
v 0.08639678 -0.16440096 0.0284676
v 0.07874622 0.21068417 0.03613496
v 0.07921328 -0.16559736 0.04501858
v 0.08357999 -0.16979343 0.03966806
v 0.0825439 0.21698931 0.03773873
v 0.0791779 -0.172454 0.05375108
v 0.08318372 -0.22378156 0.05823408
v 0.07696527 -0.17831396 0.06696448
v 0.07696527 -0.17831396 0.06696448
v 0.0773569 -0.21715099 0.06800786
v 0.08387603 -0.20996736 0.0683236
v 0.08681405 -0.22120796 0.0548874
v 0.08761609 0.23026897 0.07109523
v 0.07686675 0.21726239 0.06424967
v 0.08045402 -0.20559539 0.07280854
v 0.08761609 0.23026897 0.07109523
v 0.07544219 -0.24902244 0.07680472
v 0.07576155 -0.26328498 0.11119854
v 0.07799705 -0.31723863 0.11656363
v 0.06923558 -0.32972077 0.14654529
v 0.0730243 -0.42716208 0.20394893
v 0.07321602 -0.47961968 0.21332502
v 0.06745803 -0.25403643 -0.10634658
v 0.08162926 -0.25589743 -0.10258981
v 0.06263669 0.08880042 -0.0630879
v 0.07258233 -0.17769256 -0.071304
v 0.0776193 -0.16964394 -0.04811582
v 0.07988265 -0.1270778 -0.03514165
v 0.0803098 -0.05318289 -0.01862378
v 0.07977931 -0.04060096 -0.0143888
v 0.08229493 -0.0748585 -0.00027675
v 0.08116 -0.04970525 0.00843134
v 0.07981611 -0.03660922 0.01333344
v 0.08226681 -0.08314461 0.01906732
v 0.0803104 -0.05087017 0.01909641
v 0.07917678 -0.06707659 0.02725667
v 0.07932913 -0.09120801 0.0296081
v 0.0799226 -0.12291857 0.03474149
v 0.07187489 -0.10549346 0.04746258
v 0.07317206 0.20082359 0.03406766
v 0.07932507 -0.15008518 0.0435129
v 0.07995179 -0.1703206 0.04664972
v 0.07097673 0.08852168 0.05201279
v 0.07874622 0.21068417 0.03613496
v 0.06865643 -0.229707 0.07515559
v 0.07394592 -0.24261774 0.07498498
v 0.07016656 -0.17820427 0.07416243
v 0.07608832 -0.20975347 0.07625511
v 0.07510703 -0.28936699 0.1148391
v 0.07033516 -0.42115867 0.19859557
v 0.07332617 -0.44819677 0.20786117
v 0.07119541 -0.49912375 0.21689485
v 0.07514314 -0.49975979 -0.21707898
v 0.07159051 -0.45475042 -0.21326564
v 0.0710697 -0.42714757 -0.20837992
v 0.06987656 -0.42156556 -0.20702361
v 0.06706368 -0.41998869 -0.20094152
v 0.04215661 -0.3891871 -0.15346846
v 0.08805172 -0.32514942 -0.14681482
v 0.04284593 -0.3245919 -0.13951507
v 0.06846084 -0.32242548 -0.12143811
v 0.06968188 0.22968455 -0.09939265
v 0.06849052 -0.22419642 -0.07747208
v 0.07372779 -0.23623694 -0.07552283
v 0.0694004 -0.22447629 -0.07373165
v 0.06710977 -0.22141679 -0.07624184
v 0.06832717 -0.17384203 -0.06597839
v 0.07734486 -0.11094882 -0.03594796
v 0.07725257 0.01184128 -0.01341378
v 0.07809484 -0.00626924 -0.01082912
v 0.07799665 0.00896301 0.0103062
v 0.07950089 -0.02179971 0.00324244
v 0.07695051 0.01370173 0.01265323
v 0.07661183 0.00898535 0.0151428
v 0.07457809 0.01920993 0.00881783
v 0.07387682 0.01861875 0.01479565
v 0.078091 -0.01785476 0.01554575
v 0.07591191 -0.03503651 0.02469844
v 0.06195933 0.15873259 0.02194565
v 0.07839726 -0.05258254 0.02784427
v 0.06681008 0.18474105 0.0294456
v 0.07338267 -0.0541134 0.03561721
v 0.06957805 0.1950113 0.03356472
v 0.0780159 -0.13001959 0.04387578
v 0.07340034 -0.13016345 0.05166613
v 0.07438929 -0.15372378 0.05365447
v 0.07921328 -0.16559736 0.04501858
v 0.07995179 -0.1703206 0.04664972
v 0.07363646 -0.17000167 0.0558564
v 0.07363646 -0.17000167 0.0558564
v 0.06752806 -0.17101347 0.06393391
v 0.06498393 -0.22351234 0.07624247
v 0.07402339 -0.20237337 0.07861919
v 0.06465369 -0.24651994 0.08474529
v 0.06465369 -0.24651994 0.08474529
v 0.06959777 -0.20705184 0.0831475
v 0.07179864 -0.25627521 0.11022267
v 0.07179864 -0.25627521 0.11022267
v 0.07090861 -0.31912205 0.11962852
v 0.07090861 -0.31912205 0.11962852
v 0.05535468 -0.39795277 0.15296248
v 0.07119541 -0.49912375 0.21689485
v 0.07893839 -0.49961707 0.2189901
v 0.07250751 -0.49914294 0.21847676
v 0.06710022 -0.4998737 -0.21986549
v 0.03540314 -0.32555863 -0.14652449
v 0.05799363 -0.32382265 -0.13319482
v 0.06173832 0.21710846 -0.10997508
v 0.06729615 -0.20876043 -0.09169425
v 0.06450662 0.09950698 -0.08758924
v 0.08443233 0.10121574 -0.07119803
v 0.06548991 -0.16996416 -0.06211834
v 0.06931542 -0.04047468 -0.04056187
v 0.07420161 0.01632731 -0.01590418
v 0.07370976 0.02157965 -0.01165264
v 0.07151652 0.01491758 0.0217421
v 0.06821288 -0.0689266 0.04730279
v 0.07317206 0.20082359 0.03406766
v 0.06171862 0.18949753 0.0546288
v 0.06957805 0.1950113 0.03356472
v 0.06504805 0.19038028 0.04296514
v 0.07438929 -0.15372378 0.05365447
v 0.07048248 -0.16773756 0.05793327
v 0.07016656 -0.17820427 0.07416243
v 0.06492862 -0.24876739 0.08672242
v 0.06620596 -0.21034451 0.08476041
v 0.06257013 -0.25480136 0.11271058
v 0.06697436 -0.26043421 0.11526952
v 0.06654576 -0.27543998 0.11779533
v 0.06719395 -0.30902669 0.11992371
v 0.0514732 -0.35582528 0.14902961
v 0.03943707 -0.39964938 0.15474047
v 0.03971044 -0.4029662 0.15629345
v 0.05311267 -0.40524974 -0.15863268
v 0.05251261 -0.28754935 -0.12770236
v 0.05358193 0.08859418 -0.07134183
v 0.06851025 0.03289584 -0.01907183
v 0.06737322 0.04133886 -0.00949553
v 0.06708147 0.04122362 0.01361858
v 0.0692708 0.03611035 0.01292629
v 0.06835635 0.03247531 0.02075756
v 0.06338941 0.17059332 0.02587431
v 0.06166533 0.17020984 0.02603101
v 0.06788654 -0.01005778 0.03557608
v 0.06681008 0.18474105 0.0294456
v 0.06470421 0.18533146 0.03364603
v 0.0654704 -0.02695037 0.04422373
v 0.06942035 -0.10314149 0.05039672
v 0.06821288 -0.0689266 0.04730279
v 0.07187489 -0.10549346 0.04746258
v 0.07340034 -0.13016345 0.05166613
v 0.062133 -0.1277615 0.0619658
v 0.06234175 -0.15296628 0.06477658
v 0.06752806 -0.17101347 0.06393391
v 0.0609641 0.0886269 0.06397485
v 0.05765303 -0.23598911 0.08814333
v 0.05821636 -0.20065856 0.09210587
v 0.05869561 -0.2078439 0.0924373
v 0.06257013 -0.25480136 0.11271058
v 0.09254911 -0.32620561 0.1426691
v 0.05362027 -0.3275812 0.14572552
v 0.05065642 -0.42024875 0.19889641
v 0.06233338 -0.42626855 0.20445772
v 0.05743151 -0.43299341 0.20567493
v 0.06365693 -0.48949131 0.21669813
v 0.0622789 -0.47352922 0.21292967
v 0.06174333 -0.49491912 0.21754004
v 0.06122877 -0.49931994 0.21875086
v 0.06208156 -0.49943268 0.21980405
v 0.06122877 -0.49931994 0.21875086
v 0.03540314 -0.32555863 -0.14652449
v 0.04768915 -0.26533055 -0.12700361
v 0.0582705 0.22988422 -0.10628235
v 0.05072969 0.09933222 -0.09626538
v 0.06041842 -0.24774647 -0.09329567
v 0.05621144 -0.22239947 -0.08695794
v 0.05621144 -0.22239947 -0.08695794
v 0.06122945 -0.17739396 -0.08199704
v 0.05223693 0.27152476 -0.0736335
v 0.06246316 -0.16584775 -0.06397741
v 0.06369831 0.01014518 -0.0429235
v 0.06411733 0.0330242 -0.02969424
v 0.06444198 0.04021823 -0.02248015
v 0.06789488 0.0454324 -0.01145588
v 0.06438704 0.04681471 -0.02547653
v 0.06427822 0.03666474 0.02700786
v 0.06221489 0.03822819 0.0318415
v 0.06455298 0.01905385 0.03482481
v 0.06460845 0.009073 0.03949452
v 0.06470421 0.18533146 0.03364603
v 0.06038989 0.17495991 0.03210443
v 0.06111587 0.18029599 0.04437317
v 0.06374288 0.01103533 0.04312402
v 0.06504805 0.19038028 0.04296514
v 0.05987243 -0.00516153 0.04875897
v 0.0654704 -0.02695037 0.04422373
v 0.06385167 0.18635085 0.047312
v 0.0624364 0.18667482 0.05377599
v 0.06171862 0.18949753 0.0546288
v 0.0624364 0.18667482 0.05377599
v 0.06103094 0.18260553 0.05207056
v 0.06145203 -0.1030435 0.0583745
v 0.06269018 0.19214705 0.06332987
v 0.0546933 -0.17003052 0.07534827
v 0.05716095 0.18083921 0.06096755
v 0.0546933 -0.17003052 0.07534827
v 0.06229594 -0.17789778 0.08110642
v 0.06219323 0.09968677 0.08919461
v 0.06229594 -0.17789778 0.08110642
v 0.06010719 -0.25829482 0.11888029
v 0.06408735 -0.27719963 0.11985623
v 0.06018133 -0.30758089 0.12313769
v 0.05736172 -0.31900772 0.12438769
v 0.05736172 -0.31900772 0.12438769
v 0.04591127 -0.4195796 0.1892274
v 0.05048101 -0.42242813 0.20257984
v 0.05048101 -0.42242813 0.20257984
v 0.06175303 -0.45570439 0.2096882
v 0.02687175 -0.4158999 -0.16303194
v 0.04898696 -0.31602958 -0.13087897
v 0.04731716 0.20266563 -0.11694536
v 0.04980908 -0.24894643 -0.09758391
v 0.05305841 -0.11158948 -0.07424455
v 0.05297093 -0.17264257 -0.08099157
v 0.05435153 -0.17031884 -0.0745962
v 0.05223693 0.27152476 -0.0736335
v 0.06041821 0.03368456 -0.03724002
v 0.0590563 0.04081848 -0.03526924
v 0.06222406 0.04439758 -0.03054073
v 0.06048017 0.02696577 0.03960795
v 0.06193865 0.01108159 0.04600441
v 0.0565697 0.01415368 0.04923431
v 0.06193865 0.01108159 0.04600441
v 0.06374288 0.01103533 0.04312402
v 0.05103943 -0.02091092 0.05986797
v 0.05716095 0.18083921 0.06096755
v 0.05650512 -0.16646002 0.07142051
v 0.05623852 -0.17852859 0.0873831
v 0.05306761 -0.24815914 0.0945861
v 0.06637865 -0.25088975 0.0924144
v 0.06257013 -0.25480136 0.11271058
v 0.05770996 -0.25290409 0.11080367
v 0.05933279 -0.25551847 0.11804193
v 0.05933279 -0.25551847 0.11804193
v 0.05695098 -0.28128359 0.12291148
v 0.05039422 -0.32216313 0.1297318
v 0.03464225 -0.41717592 0.17041846
v 0.03673038 0.19454321 -0.12026086
v 0.0512188 0.13874096 -0.10491405
v 0.04636877 0.12845382 -0.10755812
v 0.04042031 -0.24893747 -0.10132945
v 0.04714076 -0.17363356 -0.09098456
v 0.05176019 -0.1664716 -0.07889593
v 0.05358193 0.08859418 -0.07134183
v 0.05414686 0.04448695 -0.04139468
v 0.05545123 0.03796286 0.04178157
v 0.06221489 0.03822819 0.0318415
v 0.06048017 0.02696577 0.03960795
v 0.05369927 0.1697143 0.05904843
v 0.05079627 -0.05942092 0.06449261
v 0.05286514 -0.10463955 0.06803135
v 0.05302186 -0.13179594 0.07261218
v 0.05282047 -0.15251169 0.07495258
v 0.05097521 -0.1743678 0.0889967
v 0.05097521 -0.1743678 0.0889967
v 0.05178637 -0.23522386 0.09205589
v 0.05306761 -0.24815914 0.0945861
v 0.04688747 -0.2050207 0.09752093
v 0.04688747 -0.2050207 0.09752093
v 0.04667844 -0.26019722 0.12492362
v 0.03473463 -0.32442173 0.14089876
v 0.00905054 -0.41613632 0.16007181
v 0.0353584 0.18242964 -0.11653984
v 0.03987177 0.23086952 -0.10964184
v 0.03316804 0.16582797 -0.11259608
v 0.04313654 0.11337782 -0.11081176
v 0.03851345 0.10112038 -0.1034947
v 0.05157011 0.22294843 -0.08940077
v 0.04313348 -0.16362436 -0.08311344
v 0.04664445 0.03311244 -0.05230642
v 0.04994192 0.01957417 0.05385999
v 0.04829834 0.03970454 0.04727364
v 0.04668633 0.00330334 0.06159953
v 0.04931721 0.15719032 0.05575798
v 0.05170269 0.16459063 0.05039041
v 0.04813511 0.15584245 0.05353912
v 0.04931721 0.15719032 0.05575798
v 0.04931721 0.15719032 0.05575798
v 0.04889746 -0.10827788 0.07158921
v 0.04722625 -0.16580938 0.07843992
v 0.04492101 0.08848105 0.07628597
v 0.04753967 -0.17017429 0.08125664
v 0.04816042 -0.22361335 0.08698751
v 0.0478961 -0.17605682 0.09227268
v 0.04086013 -0.17592163 0.09504037
v 0.05306761 -0.24815914 0.0945861
v 0.04624591 -0.2489094 0.09926894
v 0.04970258 -0.25332215 0.11642008
v 0.0485382 -0.25572085 0.12271245
v 0.0485382 -0.25572085 0.12271245
v 0.04236687 -0.28098112 0.12789357
v 0.0456402 -0.31708294 0.12782283
v 0.01106479 -0.32508272 0.14353526
v 0.05362027 -0.3275812 0.14572552
v 0.00141928 -0.3821829 0.15044919
v 0.02686626 -0.4742758 0.21336511
v 0.01458681 -0.45056355 -0.21257383
v 0.01023294 -0.42577296 -0.20801434
v 0.03582987 -0.288553 -0.13315834
v 0.03798941 0.22580253 -0.11153433
v 0.03582011 0.20477892 -0.11789255
v 0.04714645 -0.17131759 -0.09510235
v 0.03931826 -0.17141362 -0.098523
v 0.05072969 0.09933222 -0.09626538
v 0.03732857 0.08879919 -0.08050075
v 0.04542429 -0.17016207 -0.08085987
v 0.05521492 0.32140809 -0.08199181
v 0.05379944 0.30244741 -0.07885084
v 0.03056172 0.30195859 -0.07836495
v 0.04093688 -0.11236917 -0.08056062
v 0.03884432 0.05812618 -0.08016723
v 0.05223693 0.27152476 -0.0736335
v 0.03025706 0.25893655 -0.07120585
v 0.03029599 -0.03266918 -0.07777979
v 0.04608982 0.20185913 -0.06446064
v 0.04813511 0.15584245 0.05353912
v 0.04433746 0.14495271 0.05412893
v 0.04630091 0.01190229 0.06149305
v 0.04869759 -0.07915834 0.068686
v 0.0448634 -0.13010025 0.07760319
v 0.04444286 -0.14931798 0.07913035
v 0.04753967 -0.17017429 0.08125664
v 0.02913042 0.09255613 0.09148624
v 0.04387337 -0.17275345 0.0920132
v 0.04272573 0.09899941 0.09887301
v 0.04152593 -0.24483073 0.09855714
v 0.05039422 -0.32216313 0.1297318
v 0.01257633 -0.41370979 -0.15820064
v 0.01831065 -0.32603011 -0.14287353
v 0.03132806 0.14685602 -0.11031066
v 0.04175544 -0.20817249 -0.10415877
v 0.04438983 -0.221669 -0.09282656
v 0.03378472 -0.22183412 -0.09700488
v 0.0372235 -0.17307094 -0.09436121
v 0.0376061 -0.16977558 -0.08498397
v 0.05197696 0.36459979 -0.07908034
v 0.05730381 0.34801924 -0.08757155
v 0.0319411 0.3478269 -0.08913645
v 0.04167983 0.19767202 -0.07261199
v 0.03346619 0.08157155 -0.08165868
v 0.03671595 0.20181033 -0.06546126
v 0.04014033 0.18687436 -0.06472174
v 0.03519089 0.18576138 -0.06452994
v 0.04285643 0.03381205 0.05512324
v 0.04027083 0.0237191 0.05966299
v 0.04245464 0.01103795 0.0637719
v 0.04318294 -0.02164644 0.06533846
v 0.04286875 -0.04887856 0.06861931
v 0.03578237 -0.10160716 0.0773562
v 0.03872461 -0.16968298 0.08558059
v 0.0478961 -0.17605682 0.09227268
v 0.04086013 -0.17592163 0.09504037
v 0.04816042 -0.22361335 0.08698751
v 0.05178637 -0.23522386 0.09205589
v 0.03116572 -0.2362397 0.09898925
v 0.04152593 -0.24483073 0.09855714
v 0.03353857 -0.2488811 0.10297012
v 0.02942418 -0.25473061 0.12708645
v 0.03796979 -0.2557542 0.12622336
v 0.03796979 -0.2557542 0.12622336
v 0.02626762 -0.32238168 0.13529147
v 0.00928403 -0.36026886 -0.15040721
v 0.03158782 -0.25756308 -0.1303762
v 0.0283396 -0.25159097 -0.11336044
v 0.03053144 0.14253303 -0.10983325
v 0.02203984 0.09922479 -0.10756008
v 0.03851345 0.10112038 -0.1034947
v 0.0147115 0.34668177 -0.08969285
v 0.05621775 0.33473101 -0.08464523
v 0.03732857 0.08879919 -0.08050075
v 0.03590365 0.04020883 0.05838452
v 0.03462402 0.01592308 0.06451137
v 0.03862575 6.226E-05 0.06545297
v 0.03542795 -0.12633839 0.08045807
v 0.0280085 -0.14742132 0.08556063
v 0.02734337 -0.16553064 0.08701909
v 0.03138822 0.08832311 0.08263068
v 0.03872461 -0.16968298 0.08558059
v 0.03348618 -0.22378263 0.09093398
v 0.04816042 -0.22361335 0.08698751
v 0.03537588 -0.17339228 0.09513765
v 0.03426177 -0.18529113 0.09900358
v 0.02997611 -0.20960544 0.10240039
v 0.03015241 0.09883395 0.10398763
v 0.02813904 -0.28336623 0.13193715
v 0.0344284 -0.31924993 0.13082555
v 0.02626762 -0.32238168 0.13529147
v 0.01122202 -0.33765787 0.14798638
v -0.00066284 -0.42197016 -0.2027854
v 0.01214805 -0.42008871 -0.20038468
v -0.01747375 -0.40519652 -0.15865645
v 0.02382262 0.14229114 -0.11184356
v 0.02162493 0.11275087 -0.11714587
v 0.0251701 -0.21935324 -0.10189622
v 0.02150271 -0.11458527 -0.08984064
v 0.04689216 0.37906447 -0.07187241
v 0.02784861 0.23497616 -0.06827322
v 0.02874692 0.17326985 -0.0643196
v 0.03259671 0.17616604 -0.06473344
v 0.03406885 -0.04251405 0.07237137
v 0.03012981 -0.05187735 0.07687599
v 0.02759197 -0.07310112 0.0794392
v 0.03348618 -0.22378263 0.09093398
v 0.03015241 0.09883395 0.10398763
v 0.03426177 -0.18529113 0.09900358
v 0.04145757 -0.20789628 0.09947786
v 0.02747746 -0.2043083 0.10473075
v 0.02747746 -0.2043083 0.10473075
v 0.02729432 -0.25108522 0.11226245
v 0.02921461 -0.25992897 0.1308971
v -0.00085158 -0.328567 0.14649217
v -0.00085253 -0.39590228 0.15183945
v -0.00641607 -0.45405927 0.20933193
v -0.01870337 -0.4886657 0.21661749
v 0.08863632 -0.39395508 -0.15439084
v 0.03582011 0.20477892 -0.11789255
v 0.03673038 0.19454321 -0.12026086
v 0.0353584 0.18242964 -0.11653984
v 0.02207536 -0.25394008 -0.12325511
v 0.03798941 0.22580253 -0.11153433
v 0.03223782 0.20747794 -0.11139236
v 0.02925523 0.17802113 -0.10064086
v 0.03316804 0.16582797 -0.11259608
v 0.02605595 -0.1710359 -0.1034099
v 0.02675655 -0.207945 -0.11005815
v 0.02591356 -0.24869737 -0.10597797
v 0.02417574 -0.22269948 -0.10022905
v 0.01969652 0.09032428 -0.09048486
v 0.01886799 0.08877317 -0.08811919
v 0.01133132 0.31187418 -0.08104138
v 0.01886799 0.08877317 -0.08811919
v 0.01994164 0.07899001 -0.08750025
v 0.01962109 -0.0443141 -0.08371632
v 0.02759002 0.03538903 0.06440373
v 0.02101252 0.03081014 0.06859083
v 0.02857109 -0.01993137 0.07198447
v 0.02711397 -0.10035655 0.08108152
v 0.02126154 -0.21743828 0.09796064
v 0.02015909 -0.22823915 0.0970554
v 0.02393531 -0.17625 0.10008289
v 0.03537588 -0.17339228 0.09513765
v 0.01949858 -0.24875708 0.10640517
v 0.02942418 -0.25473061 0.12708645
v 0.02293961 -0.31943172 0.13327862
v -0.04166184 -0.39789674 0.15293254
v 0.01935881 -0.27299112 -0.13431296
v 0.02203984 0.09922479 -0.10756008
v 0.03132806 0.14685602 -0.11031066
v 0.02712635 0.14602937 -0.098489
v 0.03053144 0.14253303 -0.10983325
v 0.03053144 0.14253303 -0.10983325
v 0.02417574 -0.22269948 -0.10022905
v 0.02704857 0.19007686 -0.09505233
v 0.02067109 -0.08549871 -0.08735115
v 0.01631751 0.00718075 -0.08006516
v 0.04117393 0.39537999 -0.06308094
v 0.02573712 0.1654212 -0.06464855
v 0.01549916 0.15784709 -0.06362884
v 0.03417938 0.41550666 -0.05182185
v 0.02095682 -0.01047587 0.0754071
v 0.02348843 -0.04205314 0.07798923
v 0.02496138 -0.05173362 0.07962139
v 0.02456605 -0.1187549 0.08374062
v 0.02257711 -0.16981861 0.09105958
v 0.02257711 -0.16981861 0.09105958
v 0.02090151 -0.22381099 0.09504996
v 0.02090151 -0.22381099 0.09504996
v 0.02064227 -0.23310527 0.10022049
v 0.01800928 -0.26384395 0.13363962
v 0.00303213 -0.35056379 0.14908516
v -0.00656167 -0.4144043 0.1581798
v -0.04423367 -0.3944791 -0.15401946
v -0.04423367 -0.3944791 -0.15401946
v -0.01208071 -0.32591692 -0.14583412
v 0.0167957 -0.31556821 -0.13789394
v 0.02273938 0.14598244 -0.08360274
v 0.01806457 -0.1633148 -0.09246759
v 0.01806121 -0.16534986 -0.09302216
v 0.02392164 -0.17414248 -0.09930576
v 0.01934221 0.05752161 -0.08857564
v 0.01752444 -0.0201855 -0.08224665
v 0.00662272 0.28804949 -0.0764773
v -0.01031377 0.22721231 -0.0688918
v 0.01069444 0.19574304 -0.06584974
v 0.02136174 0.15517399 -0.06419656
v 0.02223052 0.01368018 0.07166231
v 0.0223398 -0.06344009 0.08008631
v 0.02269924 -0.10649548 0.08284933
v 0.0227668 -0.14930284 0.08702458
v 0.02008879 -0.16336349 0.08878876
v 0.0217679 -0.2094726 0.10455383
v 0.01964256 -0.24116205 0.10346831
v 0.02141649 -0.19918901 0.10526942
v 0.02747746 -0.2043083 0.10473075
v 0.01204036 -0.2059429 0.10721441
v 0.01204036 -0.2059429 0.10721441
v 0.03015241 0.09883395 0.10398763
v 0.01774228 -0.25602663 0.13138725
v -0.01208089 -0.39885825 -0.15827578
v 0.00801126 -0.24901612 -0.10989428
v 0.00234457 0.34869075 -0.09010257
v 0.02097598 0.1621249 -0.07449784
v 0.01972528 0.14637177 -0.069382
v 0.00286796 0.24977617 -0.07072468
v 0.02042507 0.1464683 -0.06315871
v 0.01738423 0.03612883 0.06849961
v 0.01408643 0.04099141 0.06729198
v 0.01635276 0.01826607 0.07336935
v 0.01460108 0.01277362 0.07647874
v 0.0121845 -0.02660835 0.07929558
v 0.01047405 -0.05121534 0.08014505
v 0.02141649 -0.19918901 0.10526942
v 0.00999226 0.09809328 0.10755498
v 0.00388255 -0.25528508 0.13126792
v 0.01208183 -0.31959888 0.13438705
v -0.02214281 -0.408512 0.15769058
v -0.00617167 -0.43363944 0.20562246
v -0.01208089 -0.39885825 -0.15827578
v 0.0048934 0.14093916 -0.11356497
v 0.00414432 0.1150587 -0.11788051
v -5.968E-05 0.1012759 -0.1102315
v 0.01637762 -0.17088595 -0.10496459
v -0.00079877 -0.21241033 -0.11004081
v -0.00703178 -0.25166029 -0.11534612
v -0.00012074 -0.22139038 -0.10318489
v -0.00012074 -0.22139038 -0.10318489
v -0.00476668 -0.17319608 -0.10110509
v 0.01994164 0.07899001 -0.08750025
v 0.01934221 0.05752161 -0.08857564
v 0.00142204 0.05772134 -0.08919571
v 0.02042507 0.1464683 -0.06315871
v 0.00616367 0.14380659 -0.06222958
v 0.01577099 0.14407955 -0.06286057
v 0.02718526 0.43616992 -0.04079525
v -0.00417734 0.42019114 -0.05045285
v 0.0182018 0.46125868 -0.02718909
v 0.01417442 0.02468526 0.07136149
v 0.00213688 -0.16598777 0.09163471
v 0.00135152 -0.17312674 0.10111982
v 0.02393531 -0.17625 0.10008289
v 0.00181999 -0.22352301 0.09796768
v 0.00794069 -0.1771965 0.10240714
v 0.00931136 -0.20084305 0.10735559
v 0.00220105 -0.24841034 0.10725274
v 0.01774228 -0.25602663 0.13138725
v 0.01106479 -0.32508272 0.14353526
v 0.00905054 -0.41613632 0.16007181
v -0.00635863 -0.41007426 -0.15927131
v -0.00635863 -0.41007426 -0.15927131
v 0.0167957 -0.31556821 -0.13789394
v 0.03106333 -0.31971312 -0.13773112
v 0.0043149 -0.31823811 -0.13940299
v -0.00394499 0.11309921 -0.11784124
v -0.00023057 0.09052058 -0.09165248
v 0.02067109 -0.08549871 -0.08735115
v 0.02150271 -0.11458527 -0.08984064
v 0.00016022 -0.08121227 -0.08819522
v -0.0009047 -0.15246737 -0.09402681
v 0.02158047 -0.1494642 -0.09239361
v -0.00313135 -0.1698872 -0.09435149
v 0.01886799 0.08877317 -0.08811919
v 0.00087104 0.07440992 -0.08865722
v 0.01752444 -0.0201855 -0.08224665
v 0.01962109 -0.0443141 -0.08371632
v 0.00244661 -0.0348062 -0.08439974
v 0.01631751 0.00718075 -0.08006516
v -0.01037271 0.19163738 -0.06583516
v 0.00991657 0.00957824 0.07767412
v 0.00312079 -0.0994046 0.08505307
v -0.0005926 -0.14914821 0.09020782
v 0.00257184 -0.16993149 0.09507538
v 0.00257184 -0.16993149 0.09507538
v 0.00091419 -0.2185241 0.09992012
v 0.00181999 -0.22352301 0.09796768
v 0.02393531 -0.17625 0.10008289
v 0.00794069 -0.1771965 0.10240714
v -0.00091534 -0.23500387 0.10345987
v -0.03780573 -0.38771197 -0.15277193
v 0.00370676 -0.26747274 -0.1351468
v 0.00325664 -0.25292078 -0.13288274
v 0.01959149 -0.25313237 -0.13153365
v 0.00370676 -0.26747274 -0.1351468
v -0.00186331 -0.20718426 -0.11367349
v -5.968E-05 0.1012759 -0.1102315
v -0.00294042 0.09867153 -0.10737349
v 0.01806457 -0.1633148 -0.09246759
v -0.00184507 -0.16324231 -0.09404451
v 0.01806457 -0.1633148 -0.09246759
v 0.01806121 -0.16534986 -0.09302216
v -0.0033836 -0.1653613 -0.09567073
v -0.00184507 -0.16324231 -0.09404451
v 0.01806457 -0.1633148 -0.09246759
v -0.00199509 0.08764359 -0.08856685
v -0.00255838 -0.16586575 -0.09066773
v 0.01550987 0.04112107 -0.07740844
v 0.00342909 0.01058544 -0.08035911
v -0.0067485 0.29977134 -0.07979465
v 0.00087892 0.04131817 -0.07756358
v 0.0010379 0.01541312 0.07649044
v -0.00298544 0.00887313 0.0784897
v -0.00241452 -0.03403227 0.08021866
v -0.0029898 -0.12948769 0.08776036
v -0.00080936 -0.22830015 0.09970869
v 0.00114457 -0.19931732 0.10860589
v -0.01944887 -0.25101894 0.11250227
v 0.00388255 -0.25528508 0.13126792
v 0.00180508 -0.25953013 0.13397244
v 0.00029161 -0.27080807 0.13497855
v -0.00629796 -0.32272357 0.13796897
v -7.481E-05 -0.31954518 0.13565847
v -0.00629796 -0.32272357 0.13796897
v -0.01270335 -0.47447145 0.2133064
v -0.04956638 -0.41953203 -0.18865263
v -0.00321079 -0.17075478 -0.10699695
v -0.00199509 0.08764359 -0.08856685
v -0.00588598 0.1568701 -0.06358746
v -0.00290336 0.03282368 0.07163685
v -0.00430339 0.04169527 0.06878687
v -0.00323173 0.0209342 0.07425618
v 0.00150932 -0.17586824 0.10352055
v 0.00150932 -0.17586824 0.10352055
v -0.00091118 -0.20833026 0.10871485
v -0.06872287 -0.42264178 0.20247269
v -0.06872287 -0.42264178 0.20247269
v -0.03992704 -0.49991348 -0.21994866
v -0.04588456 -0.41616789 -0.1629405
v -0.01208071 -0.32591692 -0.14583412
v 0.00325664 -0.25292078 -0.13288274
v 0.00370676 -0.26747274 -0.1351468
v -0.00922467 0.14149866 -0.11292706
v -0.00474155 -0.13452967 -0.09253174
v 0.00551993 0.49373856 -0.00747814
v -0.03034748 -0.47548732 -0.21655872
v -0.00729274 -0.27679989 -0.13529322
v 0.00370676 -0.26747274 -0.1351468
v 0.0043149 -0.31823811 -0.13940299
v -0.00729274 -0.27679989 -0.13529322
v -0.00899816 -0.31496456 -0.1381374
v -0.01187268 -0.25293997 -0.13160567
v -0.01474958 -0.23065794 -0.10569279
v -0.01845352 -0.24136315 -0.10856955
v -0.04517529 0.3284772 -0.08923459
v -0.01064235 -0.05421404 -0.08507601
v -0.01966009 0.04157389 -0.07611575
v -0.01978757 0.01098272 -0.07876199
v -0.01918564 0.04096579 -0.07602346
v -0.01149165 -0.15499482 0.08940677
v -0.01016461 -0.16650508 0.09075937
v -0.01719528 0.09342441 0.09622076
v -0.01080024 -0.18006204 0.10271428
v -0.00924315 -0.20626521 0.10725456
v -0.00783025 -0.20088279 0.10743872
v -0.01698445 -0.28000125 0.134128
v -0.03356015 -0.35576445 0.14902835
v -0.06393325 -0.49523905 0.2175294
v -0.03912866 -0.36407414 -0.15028453
v -0.00899816 -0.31496456 -0.1381374
v 0.0043149 -0.31823811 -0.13940299
v -0.03380792 -0.31943399 -0.13755935
v -0.0250497 -0.20508268 -0.11018731
v -0.00204681 -0.18675403 -0.1102807
v -0.00186331 -0.20718426 -0.11367349
v -0.02805027 -0.20897038 -0.10935006
v -0.02706424 0.11234991 -0.11533093
v -0.02495937 0.09957024 -0.10694057
v -0.02495937 0.09957024 -0.10694057
v -0.01846532 -0.24814922 -0.10767171
v -0.02482473 -0.152987 -0.09220268
v -0.02117424 0.0889229 -0.08705766
v -0.03927162 0.34685037 -0.09317756
v -0.02294735 0.16330442 -0.06383052
v -0.03276059 0.40820757 -0.05850485
v -0.01153715 -0.04673071 0.07994999
v -0.02548876 -0.14658451 0.08622996
v -0.0203346 -0.16981663 0.09091921
v -0.0203346 -0.16981663 0.09091921
v -0.01777626 -0.22335571 0.09624943
v -0.01777626 -0.22335571 0.09624943
v -0.01710614 -0.17425092 0.09953415
v -0.01080024 -0.18006204 0.10271428
v -0.02077428 -0.232848 0.10080598
v -0.00924315 -0.20626521 0.10725456
v -0.01023411 -0.21023238 0.1052341
v -0.01637589 -0.25595444 0.1306771
v -0.01877377 -0.2628344 0.13284197
v -0.01658381 -0.3201693 0.1346003
v -0.06839899 -0.49961004 0.2186538
v -0.06839899 -0.49961004 0.2186538
v -0.02332399 -0.27680764 -0.13357297
v -0.0221219 0.11368266 -0.11604076
v -0.02563882 -0.17066264 -0.10328648
v -0.00321079 -0.17075478 -0.10699695
v -0.02666945 -0.221248 -0.10090898
v -0.01487846 -0.16372973 -0.09309205
v -0.02128961 0.07379457 -0.08665728
v -0.02216217 0.05729923 -0.08722694
v -0.02150074 -0.16606426 -0.08896106
v -0.02242615 -0.02776276 -0.08139791
v -0.02820847 0.19315313 -0.06648255
v -0.03485397 0.14410502 -0.06104861
v -0.01930372 0.45007163 -0.03478033
v -0.02483232 0.43305737 -0.04423028
v -0.02345062 0.03114997 0.06866854
v -0.01552263 -0.03550067 0.07868493
v -0.01836028 0.09849561 0.10613654
v -0.02951946 -0.20002656 0.10405097
v -0.0294959 -0.25355345 0.12229732
v -0.01637589 -0.25595444 0.1306771
v -0.03599468 -0.32558641 0.14309724
v -0.00629796 -0.32272357 0.13796897
v 0.01106479 -0.32508272 0.14353526
v -0.03719539 -0.32807514 -0.14568324
v -0.02478845 0.14112036 -0.11128088
v -0.02805027 -0.20897038 -0.10935006
v -0.02666945 -0.221248 -0.10090898
v -0.02508674 -0.10314438 -0.08807892
v -0.02117424 0.0889229 -0.08705766
v -0.0240604 -0.06268729 -0.08438733
v -0.01966227 0.0250252 -0.07718369
v -0.02535613 0.23101939 -0.07017376
v -0.02878246 0.42142695 -0.05075349
v -0.00875651 0.48458114 -0.01473845
v -0.02688382 -0.0174219 0.07445592
v -0.02867873 -0.12643254 0.08411726
v -0.02443174 -0.16434915 0.08739939
v -0.02455105 -0.22792925 0.09672634
v -0.02727313 -0.1771832 0.099705
v -0.03158719 -0.20581827 0.10445151
v -0.03158719 -0.20581827 0.10445151
v -0.03599468 -0.32558641 0.14309724
v -0.04458559 -0.41956365 0.18171488
v -0.0563915 -0.42051733 0.19877757
v -0.05067426 -0.42013398 -0.19890127
v -0.03400202 -0.31537262 -0.13544464
v -0.02984271 -0.20618686 -0.10922337
v -0.02865557 -0.23352425 -0.10452499
v -0.02854844 -0.2245695 -0.1005858
v -0.02672751 -0.16446117 -0.09144986
v -0.02277633 -0.17394991 -0.0995285
v -0.04983177 0.33696344 -0.09125609
v -0.02774826 0.26004311 -0.07475307
v -0.01285776 0.47220892 -0.02211566
v -0.01796406 0.45439729 0.02774339
v -0.02563102 0.01270273 0.0716928
v -0.02615248 -0.03719685 0.07685259
v -0.02645962 -0.052423 0.07893592
v -0.03515897 -0.17312372 0.0951069
v -0.02727313 -0.1771832 0.099705
v -0.03345986 -0.25522679 0.12622449
v -0.02707761 -0.26067516 0.13086787
v -0.02631008 -0.31782454 0.13330746
v -0.03307701 -0.32227793 0.13392304
v -0.04617148 -0.33005714 0.14637306
v -0.03207672 0.09003857 -0.08458238
v -0.03693864 0.05747509 -0.08040381
v -0.03603227 0.02040964 -0.0701627
v -0.03901687 0.18165827 -0.06564244
v -0.02878368 0.46381399 -0.00342814
v -0.01621709 0.46104091 -0.02852942
v -0.02963532 -0.04963012 0.0771936
v -0.0273837 0.18587057 0.0844887
v -0.02224776 0.18678562 0.08993324
v -0.03457874 -0.16975939 0.0883891
v -0.02791218 0.08843692 0.08428516
v -0.02945194 -0.22419381 0.09301616
v -0.03457874 -0.16975939 0.0883891
v -0.02926107 -0.23412639 0.09970322
v -0.03345986 -0.25522679 0.12622449
v -0.03307701 -0.32227793 0.13392304
v -0.06027577 -0.38692144 0.15058622
v -0.04660917 -0.4166337 0.15970509
v -0.06572842 -0.45328465 0.20943534
v -0.03719539 -0.32807514 -0.14568324
v -0.0363468 -0.15295388 -0.08694258
v -0.0480053 0.35776454 -0.08738133
v -0.03732948 0.0713488 -0.07960726
v -0.03667402 0.3954286 -0.06593602
v -0.01930372 0.45007163 -0.03478033
v -0.02483232 0.43305737 -0.04423028
v -0.03783105 0.41421112 -0.0411335
v -0.02512025 0.43194607 0.03920401
v -0.03802406 0.01927681 0.06303066
v -0.03214833 -0.1131741 0.08139247
v -0.03308469 -0.15001698 0.08452749
v -0.03357995 -0.16548143 0.08482245
v -0.03789367 0.09209799 0.08717367
v -0.03888633 -0.17595938 0.09530494
v -0.04074207 -0.25862256 0.1266426
v -0.0375963 -0.28290817 0.12977909
v -0.04660917 -0.4166337 0.15970509
v -0.06472774 -0.47834501 -0.2169475
v -0.06566167 -0.45033857 -0.21214136
v -0.06298436 -0.42247707 -0.2028618
v -0.0356219 0.1419494 -0.10765672
v -0.0349679 0.11250298 -0.11262855
v -0.02706424 0.11234991 -0.11533093
v -0.02495937 0.09957024 -0.10694057
v -0.03426386 0.10092396 -0.10462639
v -0.04265353 -0.1884409 -0.10021919
v -0.0436922 0.09877797 -0.0975244
v -0.03784516 0.08885067 -0.07991642
v -0.03784516 0.08885067 -0.07991642
v -0.04625098 0.2893813 -0.08215248
v -0.04021718 -0.0239971 -0.07246806
v -0.0426222 0.37652761 -0.07710194
v -0.04572551 0.2470357 -0.07457712
v -0.04477498 0.22897024 -0.07171202
v -0.03968953 0.15860116 -0.06316993
v -0.02878246 0.42142695 -0.05075349
v -0.03567209 0.43547407 -0.02149333
v -0.03640939 0.45107213 -0.00362317
v -0.0401171 0.04494315 0.05603307
v -0.03682689 0.040867 0.05821212
v -0.04947587 -0.22919562 0.08908241
v -0.02727313 -0.1771832 0.099705
v -0.02951946 -0.20002656 0.10405097
v -0.03158719 -0.20581827 0.10445151
v -0.03771202 -0.24567433 0.10012224
v -0.03959112 -0.31928635 0.13053133
v -0.05981659 -0.32809693 0.14515457
v -0.06548711 -0.49948674 0.21975765
v -0.06296931 -0.42531958 -0.2076937
v -0.0763115 -0.39876583 -0.15835202
v -0.0660523 -0.40997291 -0.15929066
v -0.0660523 -0.40997291 -0.15929066
v -0.04133787 -0.30914432 -0.13380598
v -0.0349679 0.11250298 -0.11262855
v -0.04767216 -0.20842949 -0.10140358
v -0.04328027 -0.17088155 -0.09665575
v -0.04767216 -0.20842949 -0.10140358
v -0.03426386 0.10092396 -0.10462639
v -0.04065873 -0.22120848 -0.09512866
v -0.04065873 -0.22120848 -0.09512866
v -0.04491196 -0.16296099 -0.08292387
v -0.04491196 -0.16296099 -0.08292387
v -0.04419501 0.21486577 -0.07003301
v -0.04486822 0.04103697 -0.06353644
v -0.03970646 0.14425366 -0.06038622
v -0.03276059 0.40820757 -0.05850485
v -0.03842231 -0.13119303 0.07987081
v -0.04108115 -0.14955498 0.08028649
v -0.03715702 0.08860329 0.08106741
v -0.04582718 0.09826041 0.09702539
v -0.03888633 -0.17595938 0.09530494
v -0.04732449 -0.23493302 0.09312867
v -0.04068966 -0.20457618 0.10009294
v -0.05651296 -0.20891006 0.09827593
v -0.05037796 -0.31675258 0.12856498
v -0.06105674 -0.42623425 0.2044072
v -0.04488076 -0.38858378 -0.15221554
v -0.04407937 -0.34351319 -0.14708227
v -0.05023182 0.34643048 -0.09372631
v -0.04641663 0.26481968 -0.07779139
v -0.04419817 0.19687437 -0.06752656
v -0.04554588 0.0410676 -0.06285886
v -0.04713326 0.00717462 -0.06588384
v -0.04360041 0.18887179 -0.06589778
v -0.04280388 0.17524262 -0.0640206
v -0.03667402 0.3954286 -0.06593602
v -0.04802632 -0.063794 0.06808805
v -0.04647311 -0.12981234 0.07640997
v -0.04119413 -0.1694985 0.08548017
v -0.0450526 -0.17309104 0.09185198
v -0.05207242 -0.25349444 0.11701133
v -0.05963363 -0.36356366 0.14907162
v -0.06947108 -0.39974359 0.15497616
v -0.06560689 -0.41531196 0.15822618
v -0.0763115 -0.39876583 -0.15835202
v -0.04572981 -0.36105561 -0.14957809
v -0.04362191 -0.32532653 -0.1433391
v -0.04564838 -0.25630501 -0.1263935
v -0.0552183 -0.22432433 -0.08877487
v -0.04896957 0.30645868 -0.08513901
v -0.05076 -0.17363226 -0.08773129
v -0.05080997 0.08909639 -0.07341504
v -0.05109835 0.07374118 -0.07274932
v -0.05360652 0.05697747 -0.07200996
v -0.05019083 -0.03900466 -0.06880939
v -0.03783105 0.41421112 -0.0411335
v -0.03667402 0.3954286 -0.06593602
v -0.0426222 0.37652761 -0.07710194
v -0.04280388 0.17524262 -0.0640206
v -0.03968953 0.15860116 -0.06316993
v -0.04509781 0.1603824 -0.05830203
v -0.04145427 0.14413281 -0.05863535
v -0.04394137 0.14522649 -0.05780771
v -0.03970646 0.14425366 -0.06038622
v -0.04761855 0.43445507 -0.00326683
v -0.03894462 0.39574248 0.05679031
v -0.04628467 0.04677678 0.05017879
v -0.04930381 -0.151117 0.07664841
v -0.04560532 0.08839542 0.07656536
v -0.04819577 -0.22375746 0.08716693
v -0.04698215 -0.17555997 0.09225341
v -0.04698215 -0.17555997 0.09225341
v -0.04732449 -0.23493302 0.09312867
v -0.03771202 -0.24567433 0.10012224
v -0.0472936 -0.24701263 0.09604431
v -0.0472936 -0.24701263 0.09604431
v -0.05208954 -0.25633925 0.12316376
v -0.05208954 -0.25633925 0.12316376
v -0.04990189 -0.27772096 0.12655036
v -0.0538238 -0.32189685 0.13016634
v -0.05024341 -0.39559865 0.15158173
v -0.0796781 -0.4025771 0.15664445
v -0.06449304 -0.47431713 0.21323453
v -0.06667994 -0.48921278 0.21658568
v -0.06245552 -0.49521172 -0.2196354
v -0.06082704 -0.49998996 -0.21976739
v -0.06082704 -0.49998996 -0.21976739
v -0.06380785 -0.50007647 -0.21865724
v -0.05404415 -0.38877255 -0.15270855
v -0.04983456 -0.32561612 -0.14475682
v -0.05119304 -0.32848331 -0.14552926
v -0.05229546 -0.31617975 -0.13011244
v -0.05490366 -0.25378042 -0.12197416
v -0.06473583 -0.20807518 -0.09398433
v -0.05343555 -0.24726282 -0.09744057
v -0.05047721 -0.24872623 -0.09731393
v -0.05824627 -0.22146696 -0.0866767
v -0.04792489 0.28578702 -0.08115155
v -0.05080997 0.08909639 -0.07341504
v -0.05522397 -0.15006633 -0.07652404
v -0.04826423 0.1862403 -0.05773557
v -0.04360041 0.18887179 -0.06589778
v -0.04394137 0.14522649 -0.05780771
v -0.05119472 0.18192303 -0.05262629
v -0.0487608 0.17193605 -0.05573803
v -0.04762928 0.16062981 -0.05790077
v -0.05139381 0.14319454 0.0398028
v -0.04701241 0.14416391 0.05011997
v -0.04654544 0.37529561 0.06637084
v -0.05206061 0.09039318 0.0752682
v -0.05387868 -0.1754493 0.08802298
v -0.05094005 -0.17015208 0.07896411
v -0.0538785 -0.23495393 0.08991375
v -0.05346943 -0.20527889 0.09551211
v -0.05346943 -0.20527889 0.09551211
v -0.05319699 -0.3011592 0.12706423
v -0.0538238 -0.32189685 0.13016634
v -0.04983456 -0.32561612 -0.14475682
v -0.06400325 -0.26575729 -0.12027483
v -0.05962962 0.09944572 -0.09026438
v -0.0436922 0.09877797 -0.0975244
v -0.05824627 -0.22146696 -0.0866767
v -0.05884133 -0.23084089 -0.08900758
v -0.05962962 0.09944572 -0.09026438
v -0.05474355 -0.16493206 -0.07722987
v -0.05062488 0.27445185 -0.07356357
v -0.04792489 0.28578702 -0.08115155
v -0.04641663 0.26481968 -0.07779139
v -0.04572551 0.2470357 -0.07457712
v -0.04419501 0.21486577 -0.07003301
v -0.04419817 0.19687437 -0.06752656
v -0.05607284 0.20956734 -0.04816382
v -0.06293157 0.36413914 -0.05229781
v -0.06178707 0.18401061 0.03018522
v -0.04730983 0.16805348 0.05621127
v -0.04568723 0.15436664 0.05337534
v -0.05444163 0.14383371 0.05650783
v -0.04701241 0.14416391 0.05011997
v -0.04911336 0.19031768 0.06140316
v -0.04964782 0.23237874 0.07013074
v -0.0478709 0.22236355 0.069709
v -0.04839062 0.20281541 0.06639629
v -0.04922988 0.20162454 0.06505406
v -0.0531799 -0.21544158 0.08896742
v -0.04819577 -0.22375746 0.08716693
v -0.05790195 -0.22440006 0.08228
v -0.04947587 -0.22919562 0.08908241
v -0.05910983 0.09850883 0.08996335
v -0.05935365 -0.20824361 0.09228659
v -0.05872487 -0.24847892 0.08908114
v -0.05780293 -0.21443358 0.09220073
v -0.05872487 -0.24847892 0.08908114
v -0.05868274 -0.25304157 0.10766238
v -0.05643632 -0.25499764 0.11841349
v -0.0563171 -0.2723926 0.12319281
v -0.05637028 -0.31881046 0.1262643
v -0.09578189 -0.36526024 -0.14947715
v -0.07419381 -0.29289111 -0.11912061
v -0.0549487 -0.17166172 -0.09099558
v -0.06111041 -0.19167483 -0.09182224
v -0.05963917 -0.2454896 -0.09214384
v -0.06223842 -0.24792424 -0.08781789
v -0.0480053 0.35776454 -0.08738133
v -0.05023182 0.34643048 -0.09372631
v -0.05564325 0.34742728 -0.08368066
v -0.04983177 0.33696344 -0.09125609
v -0.0426222 0.37652761 -0.07710194
v -0.06024 -0.17677413 -0.0807548
v -0.04896957 0.30645868 -0.08513901
v -0.04477498 0.22897024 -0.07171202
v -0.05717554 0.23090543 -0.04993882
v -0.06416999 0.05713615 -0.06126345
v -0.06779868 0.00699084 -0.04442544
v -0.05679194 0.18657963 -0.04155946
v -0.05348618 0.18484972 -0.04812726
v -0.05761734 0.143123 0.02779277
v -0.0597752 0.18463004 0.06766243
v -0.04911336 0.19031768 0.06140316
v -0.05030381 0.26729494 0.0731101
v -0.05157407 0.20922054 0.06874556
v -0.04922988 0.20162454 0.06505406
v -0.05748529 -0.17030369 0.07285295
v -0.05943674 -0.17624277 0.08095994
v -0.0597097 -0.23549102 0.08548198
v -0.07913709 -0.3260459 0.14307429
v -0.07913709 -0.3260459 0.14307429
v -0.06972159 -0.34502861 0.14715028
v -0.08523095 -0.40779564 0.15778942
v -0.07296936 -0.4179602 0.15991549
v -0.07296936 -0.4179602 0.15991549
v -0.06807739 -0.41968805 -0.17957737
v -0.05824627 -0.22146696 -0.0866767
v -0.06537266 0.34724376 -0.06591157
v -0.06614415 -0.16535072 -0.06522574
v -0.06293157 0.36413914 -0.05229781
v -0.06844082 0.30576736 -0.04919849
v -0.06476716 0.09002799 -0.06342264
v -0.06255063 0.08800295 -0.06347973
v -0.06104643 0.07267431 -0.0641432
v -0.07120003 -0.0456975 -0.04783117
v -0.06814284 0.26164767 -0.037028
v -0.07066784 0.04916222 -0.04498425
v -0.0652184 0.0411687 -0.04172746
v -0.06420559 0.39947289 0.00459351
v -0.05305137 0.2963945 0.07461013
v -0.05997763 0.21175902 0.07551076
v -0.05731146 0.22809023 0.07883932
v -0.05384711 0.21630014 0.0730756
v -0.06375926 0.08991937 0.06396799
v -0.06348773 -0.20906295 0.08823856
v -0.06639803 -0.25611374 0.11278756
v -0.06406181 -0.31898737 0.12335442
v -0.09668945 -0.36632276 0.14887005
v -0.06380785 -0.50007647 -0.21865724
v -0.06699778 -0.42057687 -0.19794537
v -0.06850965 -0.41861936 -0.16959959
v -0.08963345 -0.39443189 -0.15341792
v -0.08963345 -0.39443189 -0.15341792
v -0.06579684 -0.31481868 -0.12432522
v -0.06253599 -0.24708277 -0.09130494
v -0.07745487 -0.25281936 -0.09309317
v -0.06825838 -0.1740976 -0.07830126
v -0.05963917 -0.2454896 -0.09214384
v -0.06476716 0.09002799 -0.06342264
v -0.07736496 -0.15531582 -0.05369024
v -0.06260703 -0.10460151 -0.06318345
v -0.06321454 0.18559214 -0.0278505
v -0.05992972 0.18505608 -0.03442536
v -0.06121738 0.17700048 -0.02874084
v -0.06161614 0.17076525 -0.02572441
v -0.06772678 0.17752402 -0.01667614
v -0.06191895 0.15675719 -0.02152789
v -0.06417719 0.14325048 0.01508942
v -0.06619813 0.37882084 0.02444807
v -0.06628778 0.25704569 0.04017333
v -0.06445546 0.04094515 0.04370494
v -0.07562114 0.1424353 0.06870589
v -0.06141726 0.32966346 0.06875777
v -0.06764679 -0.17014165 0.06155883
v -0.06979274 -0.17799726 0.07288548
v -0.05678137 0.32671857 0.07625586
v -0.06544653 -0.2353299 0.07998415
v -0.05801342 0.23220131 0.08108231
v -0.06564601 -0.208795 0.09195884
v -0.09912186 -0.3959454 0.15073436
v -0.07010514 -0.48834819 -0.21810712
v -0.07046156 -0.49929205 -0.21708469
v -0.06974424 -0.46599221 -0.21436015
v -0.06805774 -0.42702878 -0.20758301
v -0.07502133 -0.25380939 -0.11255892
v -0.07582299 -0.26818928 -0.11499943
v -0.06839523 -0.24502836 -0.0845866
v -0.07765495 -0.24899143 -0.07425231
v -0.0552183 -0.22432433 -0.08877487
v -0.07116774 -0.22128494 -0.0748621
v -0.07297258 -0.24811707 -0.07751797
v -0.07418397 0.09941066 -0.07639194
v -0.07592312 -0.1195595 -0.05173301
v -0.07646879 0.07211803 -0.04555765
v -0.07342763 -0.08337708 -0.05024889
v -0.07535853 0.22148931 -0.01304115
v -0.06765413 0.15880154 -0.0111394
v -0.0620404 0.14697027 -0.01895401
v -0.06424221 0.14409268 -0.01681883
v -0.06617164 0.14330168 -0.00995154
v -0.07127443 0.21535835 0.02074139
v -0.06285373 0.05741642 0.06311207
v -0.08468358 0.09854908 0.06483659
v -0.0704613 -0.24821603 0.07767887
v -0.07663423 0.23101009 0.09259536
v -0.07820257 -0.21403825 0.07535435
v -0.07987192 -0.25602514 0.10589355
v -0.07630638 -0.28305647 0.11372329
v -0.07186283 -0.31577191 0.11954881
v -0.06406181 -0.31898737 0.12335442
v -0.07354268 -0.32187238 0.12591894
v -0.08671868 -0.33193895 0.14622085
v -0.08188691 -0.42624468 0.20467703
v -0.07806244 -0.43358764 0.20559002
v -0.07285906 -0.44840175 0.20814613
v -0.07251064 -0.47554046 0.21314573
v -0.07292515 -0.48656362 0.2154751
v -0.07191781 -0.49575883 0.216713
v -0.07645079 -0.31554669 -0.12026243
v -0.0759957 0.11231261 -0.08629666
v -0.08002852 -0.20819803 -0.07902262
v -0.07209059 -0.20847026 -0.08674786
v -0.07418397 0.09941066 -0.07639194
v -0.07839227 -0.16685697 -0.05372289
v -0.07746282 0.34700495 -0.04460075
v -0.07779589 0.08765722 -0.04443599
v -0.07624232 0.05679686 -0.04669166
v -0.07090251 0.04104199 -0.03005563
v -0.0721646 0.15156133 0.00156138
v -0.07022855 0.14347173 0.00255148
v -0.06966414 0.0411335 0.03343026
v -0.06779316 0.0014717 0.04606796
v -0.06488731 0.08780119 0.06065992
v -0.07245195 0.08876569 0.05071957
v -0.07245195 0.08876569 0.05071957
v -0.07245195 0.08876569 0.05071957
v -0.07406043 0.09247255 0.05918666
v -0.0740295 0.17905147 0.07551899
v -0.08082569 0.21576537 0.0917827
v -0.08548801 -0.31239054 0.11228979
v -0.07813589 -0.31929809 0.11841702
v -0.07813589 -0.31929809 0.11841702
v -0.0877915 -0.32485673 0.1354247
v -0.07803772 -0.49995431 -0.21987687
v -0.07803772 -0.49995431 -0.21987687
v -0.07046156 -0.49929205 -0.21708469
v -0.07742306 -0.50007325 -0.21869673
v -0.07950493 -0.42397857 -0.20711832
v -0.08611445 -0.42042544 -0.19842991
v -0.08250413 0.17881039 -0.08368937
v -0.0730825 0.15791939 -0.08078379
v -0.07655303 0.16660888 -0.08140976
v -0.07696033 -0.24493665 -0.07566415
v -0.09394652 0.09808256 -0.05165518
v -0.07971055 0.09020535 -0.04579808
v -0.07980459 -0.16361958 -0.04990552
v -0.08246288 -0.17647651 -0.05766492
v -0.07779589 0.08765722 -0.04443599
v -0.07608546 0.0006323 -0.02835847
v -0.08736879 0.26215747 -0.00068641
v -0.07535853 0.22148931 -0.01304115
v -0.06321454 0.18559214 -0.0278505
v -0.07745717 0.18957022 0.00108555
v -0.07745717 0.18957022 0.00108555
v -0.07388896 0.00458858 0.03272334
v -0.07646896 0.30432436 0.03259252
v -0.07944772 -0.16906343 0.04705217
v -0.07907631 0.15279837 0.07260667
v -0.08003578 0.1712686 0.07726273
v -0.07820257 -0.21403825 0.07535435
v -0.08365662 -0.26120937 0.10626239
v -0.07938964 -0.45481837 0.20941897
v -0.07977631 -0.49507153 0.21738946
v -0.07406218 -0.49944109 0.21860163
v -0.07918944 -0.49623838 -0.21965033
v -0.09671384 -0.44890073 -0.21159424
v -0.08347399 -0.31127551 -0.115906
v -0.07271753 0.14706554 -0.07938442
v -0.08119202 -0.1088194 -0.03877796
v -0.08763289 0.05689391 -0.02034839
v -0.07644273 0.0414931 -0.01754893
v -0.07856406 0.01947476 -0.01804158
v -0.08861879 0.34693772 -0.02432406
v -0.08114186 0.21791904 -0.000163
v -0.07784119 0.04143204 -0.00448352
v -0.08114186 0.21791904 -0.000163
v -0.06420559 0.39947289 0.00459351
v -0.0862627 0.29441768 0.01281596
v -0.0786526 0.08894403 0.03955925
v -0.0786526 0.08894403 0.03955925
v -0.08318634 -0.17025383 0.04399185
v -0.07841925 0.14249295 0.07215597
v -0.07886026 0.1417245 0.07785027
v -0.08502059 0.19108072 0.08615239
v -0.07907631 0.15279837 0.07260667
v -0.08696647 -0.31857949 0.11366019
v -0.09573419 -0.32128686 0.11503188
v -0.09397858 -0.42238238 0.20253471
v -0.09397858 -0.42238238 0.20253471
v -0.10010943 -0.39005148 -0.15213718
v -0.10332763 -0.3264077 -0.13777442
v -0.08534683 -0.26438266 -0.10700573
v -0.08414079 -0.2470893 -0.07002981
v -0.0730825 0.15791939 -0.08078379
v -0.08745279 0.145477 -0.06842111
v -0.09422008 -0.1913873 -0.05713147
v -0.08704599 -0.24193501 -0.06407463
v -0.08791389 -0.221458 -0.05680832
v -0.08820435 -0.20821366 -0.06993631
v -0.08151387 -0.155393 -0.04633074
v -0.08379718 -0.16633075 -0.04708533
v -0.09117668 -0.17263909 -0.04517654
v -0.07971055 0.09020535 -0.04579808
v -0.08175041 0.08798962 -0.03407237
v -0.08705636 0.07439458 -0.02012789
v -0.0860327 -0.16953199 -0.03865477
v -0.08400609 -0.05247471 -0.02130387
v -0.08036294 0.00287181 -0.01735372
v -0.08456894 0.34575945 0.02904531
v -0.08409195 -0.16547243 0.03079446
v -0.08378747 0.08848912 0.02823346
v -0.08378747 0.08848912 0.02823346
v -0.07760987 -0.15082754 0.05347859
v -0.08216652 -0.16482593 0.04525251
v -0.07753079 -0.16489831 0.05367926
v -0.07753079 -0.16489831 0.05367926
v -0.08035468 0.16914482 0.07849664
v -0.08428472 -0.24087505 0.0667019
v -0.08504109 -0.24757257 0.0681247
v -0.08035468 0.16914482 0.07849664
v -0.09166677 -0.20897894 0.0666397
v -0.0855305 0.19935413 0.09062291
v -0.07753855 0.23029263 0.09373585
v -0.08150775 0.21594416 0.09432552
v -0.10881647 -0.32821169 0.14402761
v -0.09657157 -0.39694402 0.1507798
v -0.10310568 -0.41702247 0.15814726
v -0.10247787 -0.4197785 0.16974995
v -0.10621525 -0.42011058 0.185809
v -0.09631369 -0.42077208 0.19848312
v -0.09456386 -0.48783728 0.21617058
v -0.11063253 -0.48045403 -0.21695326
v -0.12143718 -0.32497934 -0.14240706
v -0.11097919 -0.33110622 -0.14454927
v -0.09603265 -0.31235471 -0.10740131
v -0.09997336 -0.25553507 -0.08483803
v -0.08961523 0.12562683 -0.06975611
v -0.10285031 0.11195714 -0.05742056
v -0.07655303 0.16660888 -0.08140976
v -0.10520886 0.15535139 -0.05832115
v -0.08704599 -0.24193501 -0.06407463
v -0.09654645 0.10173928 -0.05409304
v -0.09394652 0.09808256 -0.05165518
v -0.08136769 -0.17372748 -0.0645229
v -0.08955655 -0.22471391 -0.05350464
v -0.08697705 0.08899333 -0.01976174
v -0.08856723 -0.10815929 -0.02228157
v -0.09372133 0.29819641 0.00043431
v -0.08576684 -0.05441886 -0.00424556
v -0.08918673 0.2689307 0.00054512
v -0.08648886 0.05205816 0.00790096
v -0.08483451 -0.03179859 0.01030853
v -0.08866567 -0.14860781 0.01775742
v -0.08475846 -0.05686077 0.01954055
v -0.08823821 -0.16602769 0.0179122
v -0.08839544 -0.10753439 0.02121906
v -0.08604182 0.09014501 0.02925826
v -0.0860174 -0.16454256 0.03621226
v -0.09271893 -0.24896199 0.05485681
v -0.08338049 -0.22218364 0.06152506
v -0.08502059 0.19108072 0.08615239
v -0.09318546 -0.25573435 0.09380526
v -0.0855305 0.19935413 0.09062291
v -0.08889635 -0.25997466 0.10201143
v -0.08696647 -0.31857949 0.11366019
v -0.093107 -0.31881022 0.11007871
v -0.1310582 -0.36014861 0.14740662
v -0.11652701 -0.40018135 0.15443923
v -0.09892259 -0.32227162 -0.11132059
v -0.09277165 -0.25437024 -0.09747939
v -0.09543831 -0.27053216 -0.0992929
v -0.09877511 0.18211807 -0.07494376
v -0.08250413 0.17881039 -0.08368937
v -0.09598679 0.13511081 -0.062659
v -0.0964857 -0.20775299 -0.06055398
v -0.08704599 -0.24193501 -0.06407463
v -0.09237389 -0.17269807 -0.05283681
v -0.09533624 -0.24843107 -0.05238233
v -0.09213424 -0.22147584 -0.04952515
v -0.09415463 -0.17305943 -0.03754936
v -0.09203431 -0.15195328 -0.02283667
v -0.09691898 0.31830093 0.00016315
v -0.08936188 0.08840004 0.00201027
v -0.09107085 -0.12431188 -0.00791044
v -0.08985385 0.0574572 0.00585905
v -0.08902954 0.08209211 0.00224079
v -0.0914117 -0.12112048 0.00648629
v -0.08775341 0.05885515 0.01607418
v -0.08965448 -0.1041497 0.01575856
v -0.08936188 0.08840004 0.00201027
v -0.09247018 0.09042802 0.00102753
v -0.09171069 -0.15007006 0.0212238
v -0.09071642 -0.16332965 0.02297598
v -0.09770632 -0.17360103 0.02358539
v -0.09484764 -0.17359796 0.03568743
v -0.1005629 0.09788214 0.03342952
v -0.08871434 -0.2228891 0.05497893
v -0.09208819 -0.21631078 0.0566689
v -0.08428472 -0.24087505 0.0667019
v -0.09271893 -0.24896199 0.05485681
v -0.09208819 -0.21631078 0.0566689
v -0.08338049 -0.22218364 0.06152506
v -0.07820257 -0.21403825 0.07535435
v -0.09166677 -0.20897894 0.0666397
v -0.0898701 -0.24750735 0.06238175
v -0.08504109 -0.24757257 0.0681247
v -0.09489412 -0.19838651 0.05961248
v -0.09748534 -0.25947583 0.09349307
v -0.09748534 -0.25947583 0.09349307
v -0.093107 -0.31881022 0.11007871
v -0.12900586 -0.49544528 -0.21943367
v -0.09585077 -0.49996459 -0.21991235
v -0.12332978 -0.42257509 -0.20226233
v -0.09318206 0.21461461 -0.08177233
v -0.09249035 0.19437322 -0.08682287
v -0.09494194 0.20319037 -0.08337361
v -0.10408249 0.14226748 -0.0563625
v -0.0939684 -0.24482977 -0.05569456
v -0.09559558 -0.238539 -0.05076768
v -0.0939684 -0.24482977 -0.05569456
v -0.08697705 0.08899333 -0.01976174
v -0.09881998 -0.17382249 -0.02180995
v -0.10138025 0.34665897 -0.0002611
v -0.10123991 0.34610677 -0.00027849
v -0.09368023 -0.15056874 -0.00356523
v -0.1003366 -0.17404206 0.00058326
v -0.09438531 -0.15542185 0.00639409
v -0.09412102 -0.16340753 0.00543569
v -0.0944306 -0.24754858 0.05508735
v -0.10030085 -0.24918884 0.0430736
v -0.09026272 0.14133771 0.06902403
v -0.10634028 -0.4188548 0.16253217
v -0.10310568 -0.41702247 0.15814726
v -0.10552051 0.19401081 -0.0763918
v -0.09870925 0.22992347 -0.07085069
v -0.09213815 0.22924428 -0.07778274
v -0.10792547 0.16581461 -0.06041742
v -0.10308925 0.13165346 -0.05627893
v -0.09559558 -0.238539 -0.05076768
v -0.09534241 -0.17172559 -0.04539569
v -0.10132828 -0.2084455 -0.04777082
v -0.0994848 -0.24862669 -0.04537564
v -0.10399678 0.10078724 -0.03371341
v -0.10479891 0.098533 -0.02504262
v -0.09617414 -0.22405986 -0.03817523
v -0.10479891 0.098533 -0.02504262
v -0.10779367 0.09805328 -0.00064413
v -0.09635276 -0.22336785 0.03733968
v -0.09691586 0.10117111 0.04733944
v -0.09909578 -0.23598933 0.04044449
v -0.09572689 -0.17195939 0.04461081
v -0.09724709 -0.24485919 0.04870523
v -0.09665384 -0.20848969 0.06007001
v -0.09665384 -0.20848969 0.06007001
v -0.11181163 -0.2527369 0.05103042
v -0.104281 -0.25962272 0.08731294
v -0.10133217 -0.31948158 0.10362577
v -0.10133217 -0.31948158 0.10362577
v -0.11544817 -0.32509467 0.1284762
v -0.11492621 -0.32242361 -0.09490059
v -0.10372567 -0.25421631 -0.08596715
v -0.10479816 -0.263298 -0.08795585
v -0.10474947 0.20635054 -0.07273946
v -0.11212001 0.17547598 -0.06120044
v -0.10916691 0.11191815 -0.04081796
v -0.10096529 -0.23358707 -0.0342495
v -0.10092397 -0.24394467 -0.04053376
v -0.09965836 -0.22155285 -0.03071949
v -0.10068458 -0.22119224 0.02671114
v -0.10120649 -0.2246345 0.02415881
v -0.0998943 -0.17216238 0.03339998
v -0.1013445 -0.24479996 0.03957539
v -0.10552639 -0.2078585 0.03874061
v -0.09665384 -0.20848969 0.06007001
v -0.09632888 0.14242415 0.05650603
v -0.10859283 0.13789797 0.0342635
v -0.13144997 -0.32689971 0.13992846
v -0.15436183 -0.43405637 0.2056303
v -0.11071699 -0.47426817 0.21311115
v -0.13577038 -0.42093498 -0.19736415
v -0.1402158 -0.41973859 -0.16957137
v -0.12243895 -0.40008745 -0.15820763
v -0.12225271 -0.41073716 -0.15853618
v -0.12701973 -0.38934353 -0.15112691
v -0.10931955 -0.30221167 -0.09189495
v -0.10928772 0.23122084 -0.05857801
v -0.10795397 0.1362108 -0.04247207
v -0.10898372 -0.20790519 -0.02975151
v -0.10438088 -0.24419928 -0.03026358
v -0.10326736 -0.24832824 -0.03186316
v -0.1024199 -0.22096021 -0.02283124
v -0.1069221 -0.24869464 -0.01497518
v -0.10453252 -0.22127481 0.00202162
v -0.10509527 -0.23606341 0.02250965
v -0.1050121 0.10195933 0.03249368
v -0.11102463 -0.20828401 0.02276323
v -0.10434044 -0.24443054 0.02974181
v -0.10527804 -0.24885502 0.02637968
v -0.10030085 -0.24918884 0.0430736
v -0.10745397 0.1425698 0.03459581
v -0.11450467 -0.32149711 0.0983371
v -0.10881647 -0.32821169 0.14402761
v -0.14219101 -0.45120895 0.20886929
v -0.13430482 -0.39403844 -0.15124683
v -0.13430482 -0.39403844 -0.15124683
v -0.12085903 -0.32641712 -0.13597351
v -0.1108023 -0.31527618 -0.09279154
v -0.11395167 -0.26132184 -0.0731465
v -0.11426286 0.21342012 -0.06025632
v -0.10811026 0.15749539 -0.04700334
v -0.10972883 0.15924272 -0.03539729
v -0.10956834 0.14767985 -0.03363874
v -0.1092103 0.14136721 -0.03718652
v -0.11262063 0.11214091 -0.03084952
v -0.11140906 -0.20716754 -0.02318789
v -0.10317913 -0.17193747 -0.02384933
v -0.11093343 -0.20882979 -0.02281659
v -0.11785018 0.11311483 -0.00387326
v -0.10743593 -0.24528642 -0.01835958
v -0.10691942 -0.17236814 0.0018236
v -0.10688936 -0.23166095 0.00157494
v -0.11427572 -0.20802744 0.00325935
v -0.10969714 -0.24508791 0.00343405
v -0.10779843 -0.24882729 0.00656083
v -0.10691942 -0.17236814 0.0018236
v -0.10642727 -0.24741252 0.02867259
v -0.10509527 -0.23606341 0.02250965
v -0.11161774 0.11278363 0.03440098
v -0.11193865 -0.30004233 0.08908179
v -0.11150351 -0.31534165 0.09247424
v -0.12612127 -0.32501891 0.11712205
v -0.13743657 -0.42592749 0.2046856
v -0.12243895 -0.40008745 -0.15820763
v -0.12806281 -0.33794391 -0.14467095
v -0.12343235 -0.32233551 -0.07462755
v -0.11424691 -0.2538535 -0.06939004
v -0.12080975 0.19338574 -0.06275443
v -0.11660147 0.20916183 -0.04971826
v -0.11470929 0.17668629 -0.04628299
v -0.11087102 0.23177396 -0.04183277
v -0.11348961 0.17373888 -0.0374964
v -0.11044805 0.23176901 -0.03703016
v -0.11232666 0.17179869 -0.02437119
v -0.11049104 0.15528154 -0.02081227
v -0.11071514 0.14590721 -0.01866491
v -0.10779367 0.09805328 -0.00064413
v -0.10969714 -0.24508791 0.00343405
v -0.11427572 -0.20802744 0.00325935
v -0.11655502 0.11319499 0.0069471
v -0.1050121 0.10195933 0.03249368
v -0.11102463 -0.20828401 0.02276323
v -0.11161774 0.11278363 0.03440098
v -0.10745397 0.1425698 0.03459581
v -0.11345156 0.14263575 0.00210457
v -0.11158095 0.13857257 0.01901563
v -0.10859283 0.13789797 0.0342635
v -0.10722727 -0.25493425 0.08620592
v -0.11633384 -0.2542544 0.06933592
v -0.11038233 -0.26805356 0.08460008
v -0.11452775 -0.31714886 0.08889646
v -0.13575578 -0.39757374 0.14923945
v -0.13459589 -0.40262535 0.15603259
v -0.14221324 -0.49997044 -0.21994738
v -0.16734639 -0.47055224 -0.2151774
v -0.14268366 -0.42378032 -0.20675069
v -0.12861422 -0.41841933 -0.16229695
v -0.11635674 -0.31516901 -0.08269329
v -0.11510774 0.21161829 -0.03141822
v -0.11044805 0.23176901 -0.03703016
v -0.11655482 0.18557145 -0.02672397
v -0.11193865 -0.30004233 0.08908179
v -0.11150351 -0.31534165 0.09247424
v -0.11452775 -0.31714886 0.08889646
v -0.12788512 -0.33268511 0.14554381
v -0.14014065 -0.4081997 0.15766667
v -0.1239906 -0.26275986 -0.05520765
v -0.12124232 -0.31488708 -0.07209907
v -0.12273171 -0.25399762 -0.05428839
v -0.12129387 0.19397923 -0.06126348
v -0.12115313 0.19360319 -0.04002284
v -0.11966909 0.19552784 -0.02773307
v -0.11992571 -0.31882539 0.07347272
v -0.11979176 -0.31716496 0.07844314
v -0.13621791 -0.3263931 0.12527743
v -0.13584676 -0.39236981 0.14947867
v -0.13570018 -0.32722238 -0.13168456
v -0.12589069 -0.28007084 -0.05468252
v -0.12393024 -0.25361547 0.05121043
v -0.12561062 -0.25546429 0.04893111
v -0.12736849 -0.2733795 0.04873627
v -0.12362604 -0.31476083 0.06593598
v -0.12490442 -0.31784722 0.06663255
v -0.13405305 -0.32938954 0.14322998
v -0.15025696 -0.41718006 0.15806818
v -0.15878353 -0.41985866 0.16359091
v -0.136969 -0.3632164 -0.14690425
v -0.13612427 -0.33048084 -0.14236319
v -0.13612427 -0.33048084 -0.14236319
v -0.12784149 -0.31571957 -0.05522146
v -0.12741834 -0.27053541 -0.04425653
v -0.12975973 -0.28876477 -0.03747561
v -0.12845318 -0.25380236 -0.03107181
v -0.12769304 -0.25407189 0.03659163
v -0.14287138 -0.41808927 0.15951686
v -0.14287138 -0.41808927 0.15951686
v -0.16653568 -0.45710653 -0.21297203
v -0.14406635 -0.41252416 -0.15823993
v -0.13127461 -0.27004912 -0.02023828
v -0.13182107 -0.25387576 -0.00039763
v -0.13060196 -0.25531963 0.01757246
v -0.13245054 -0.28146818 0.01700344
v -0.12939049 -0.26256269 0.03210505
v -0.13285924 -0.32291561 0.04513207
v -0.18126148 -0.49989077 0.21883179
v -0.07406218 -0.49944109 0.21860163
v -0.07970602 -0.49957284 0.21986239
v -0.14092159 -0.3939755 -0.14918399
v -0.1340602 -0.31573763 -0.01655994
v -0.13414612 -0.28964025 -0.00095519
v -0.13327061 -0.31589159 0.02310702
v -0.1386167 -0.32899392 0.13367231
v -0.13800038 -0.33248556 0.13784806
v -0.13906291 -0.35895646 0.14376555
v -0.1480421 -0.47342515 0.21279974
v -0.15786929 -0.41971117 -0.16373815
v -0.15335348 -0.40024209 -0.15722495
v -0.15335348 -0.40024209 -0.15722495
v -0.15102923 -0.41787937 -0.15798514
v -0.14639068 -0.37997001 -0.14305876
v -0.13786122 -0.32499427 -0.14018857
v -0.14404003 -0.34652704 -0.13857533
v -0.13601197 -0.32434484 0.14411573
v -0.14033933 -0.32460648 0.13460542
v -0.13837679 -0.33210129 0.14298183
v -0.13837679 -0.33210129 0.14298183
v -0.14705829 -0.39933428 0.14673096
v -0.19767888 -0.42205653 0.19842395
v -0.1792534 -0.49535996 -0.2193734
v -0.14844441 -0.39417279 -0.14310713
v -0.14691639 -0.36103752 -0.13790385
v -0.14095344 -0.32555953 -0.13635035
v -0.14261366 -0.3299568 -0.13500512
v -0.14261366 -0.3299568 -0.13500512
v -0.14310409 -0.32497403 0.10099531
v -0.14397608 -0.33182305 0.11202266
v -0.1427549 -0.3376691 0.13385706
v -0.14697216 -0.36935315 0.13604073
v -0.14107475 -0.3653484 0.14659777
v -0.14538433 -0.39400882 0.14691724
v -0.19242975 -0.42641389 0.20453119
v -0.19307388 -0.49524951 0.21742059
v -0.15275227 -0.40975413 -0.15730056
v -0.15406632 -0.40046293 -0.15042274
v -0.14261366 -0.3299568 -0.13500512
v -0.14404003 -0.34652704 -0.13857533
v -0.14691639 -0.36103752 -0.13790385
v -0.14474796 -0.33369336 -0.11918513
v -0.1431939 -0.32523474 -0.1156814
v -0.14667292 -0.33037919 -0.05333481
v -0.14683314 -0.34442827 -0.10710905
v -0.14615725 -0.32576537 -0.04105322
v -0.14615725 -0.32576537 -0.04105322
v -0.1463583 -0.32562914 0.01598256
v -0.1460098 -0.32654536 0.04031496
v -0.14615823 -0.33211088 0.04530323
v -0.14559229 -0.32705504 0.05146121
v -0.14310409 -0.32497403 0.10099531
v -0.14559229 -0.32705504 0.05146121
v -0.14754063 -0.34934655 0.08448281
v -0.14887218 -0.37309647 0.12109715
v -0.1547294 -0.40047824 0.14941996
v -0.14705829 -0.39933428 0.14673096
v -0.15175152 -0.40072453 0.15276115
v -0.15127325 -0.40914801 0.15701416
v -0.17871772 -0.42067841 0.18301128
v -0.19270289 -0.42311952 0.20207447
v -0.19270289 -0.42311952 0.20207447
v -0.18946537 -0.48808166 0.21625623
v -0.17852387 -0.42188513 -0.19766177
v -0.15727207 -0.41258669 -0.15650958
v -0.15123123 -0.39602309 -0.13942011
v -0.15123123 -0.39602309 -0.13942011
v -0.15154599 -0.39426342 -0.13463044
v -0.15238117 -0.38921767 -0.10551963
v -0.14948717 -0.35262442 -0.05377581
v -0.14880735 -0.34217441 -0.01052625
v -0.15159865 -0.36727083 -0.0177952
v -0.1463583 -0.32562914 0.01598256
v -0.14931917 -0.35047212 0.03940922
v -0.1460098 -0.32654536 0.04031496
v -0.14615823 -0.33211088 0.04530323
v -0.15064593 -0.36661524 0.04613134
v -0.15061291 -0.37185466 0.07253565
v -0.15159211 -0.3942087 0.12763484
v -0.15091917 -0.39617509 0.13776113
v -0.15091917 -0.39617509 0.13776113
v -0.15572613 -0.41808432 0.15583776
v -0.16409524 -0.50035971 -0.21939757
v -0.16409524 -0.50035971 -0.21939757
v -0.15820429 -0.39901516 -0.15469515
v -0.15556769 -0.41734457 -0.15550803
v -0.15810575 -0.41749993 -0.15141098
v -0.15154599 -0.39426342 -0.13463044
v -0.15369451 -0.39445195 -0.09474744
v -0.15369451 -0.39445195 -0.09474744
v -0.15368381 -0.39017329 -0.06182605
v -0.15455493 -0.39297494 -0.02166244
v -0.15455493 -0.39297494 -0.02166244
v -0.15527898 -0.3964344 -0.06603373
v -0.15551023 -0.39634979 0.038788
v -0.15423216 -0.39262554 0.04045819
v -0.15384053 -0.39364025 0.04548701
v -0.15337324 -0.39417976 0.07520608
v -0.15337324 -0.39417976 0.07520608
v -0.15384053 -0.39364025 0.04548701
v -0.15159211 -0.3942087 0.12763484
v -0.18292418 -0.42122692 -0.18653621
v -0.15820429 -0.39901516 -0.15469515
v -0.15727207 -0.41258669 -0.15650958
v -0.15902592 -0.41105455 -0.15175192
v -0.16254412 -0.4190622 -0.15230696
v -0.16283605 -0.41772524 -0.08791871
v -0.16346458 -0.4184742 -0.01085355
v -0.16296935 -0.41827819 0.06891209
v -0.16251177 -0.41950709 0.15218076
v -0.15847026 -0.41757864 0.15037838
v -0.19852868 -0.44508246 0.20818432
v -0.15904827 -0.39810762 -0.14662565
v -0.15986952 -0.4098663 -0.13801934
v -0.15986952 -0.4098663 -0.13801934
v -0.16066672 -0.40960017 -0.07335784
v -0.16066672 -0.40960017 -0.07335784
v -0.15916751 -0.39842975 -0.10645714
v -0.161342 -0.41412655 -0.1319589
v -0.16164778 -0.41343287 -0.07702652
v -0.16662693 -0.41884986 -0.07335266
v -0.15955715 -0.39819384 -0.04958363
v -0.16139244 -0.41345862 -0.0274254
v -0.1604159 -0.40954649 -0.03457
v -0.15956746 -0.39831677 0.02440219
v -0.16058999 -0.40946779 0.07221577
v -0.16154198 -0.41355044 0.07322261
v -0.16643064 -0.41924542 0.07222401
v -0.15950675 -0.39813071 0.06600893
v -0.15990441 -0.40979087 0.13199262
v -0.15917143 -0.3997297 0.14658405
v -0.16075097 -0.41397324 0.13671353
v -0.16075097 -0.41397324 0.13671353
v -0.15917143 -0.3997297 0.14658405
v -0.15921345 -0.41334906 0.15604568
v -0.15921345 -0.41334906 0.15604568
v -0.15852933 -0.39835039 0.15429007
v -0.17209753 -0.41961658 -0.06721335
v -0.17171742 -0.41981462 0.07254529
v -0.17142807 -0.41991597 0.12705617
v -0.17472479 -0.49997088 -0.21967256
v -0.20494668 -0.45689505 -0.21301772
v -0.16409524 -0.50035971 -0.21939757
v -0.2019631 -0.46132508 0.21127003
v -0.18699619 -0.42033255 0.06067364
v -0.18591641 -0.42023957 0.08678787
v -0.18979414 -0.42057067 0.16409488
v -0.18629834 -0.42033044 -0.05255096
v -0.19819403 -0.42221597 -0.19130485
v -0.20646288 -0.48227894 -0.21755967
v -0.19775309 -0.42146358 -0.07885668
v -0.19781148 -0.42126879 0.07529677
v -0.20064642 -0.49982768 0.21880949
v -0.19751258 -0.42145649 -0.00110061
v -0.19819827 -0.42139006 0.16537082
v -0.2018933 -0.42338988 0.20064579
v -0.21271899 -0.49964467 -0.22056888
v -0.20221893 -0.42251652 0.06127471
v -0.20462479 -0.42386496 0.06784238
v -0.20248319 -0.4227652 0.07684316
v -0.20240135 -0.42279404 0.09830375
v -0.20224246 -0.42281437 0.16403548
v -0.20890611 -0.49929947 0.21905704
v -0.20565131 -0.42542079 -0.20518039
v -0.20493893 -0.42380786 0.06434275
v -0.20469718 -0.42373779 0.0851392
v -0.21057042 -0.49923137 0.22053361
v -0.20890611 -0.49929947 0.21905704
v -0.21022232 -0.47073969 -0.21483177
v -0.20961468 -0.44988751 -0.20967241
v -0.20613408 -0.42186865 -0.20112695
v -0.21243852 -0.47346947 0.20934384
v -0.21238121 -0.47826481 0.21291517
v -0.21604827 -0.49089819 -0.2176975
v -0.2129506 -0.46041664 -0.2094508
v -0.20565131 -0.42542079 -0.20518039
v -0.20961468 -0.44988751 -0.20967241
v -0.20954423 -0.43771076 -0.20482782
v -0.20613408 -0.42186865 -0.20112695
v -0.20723648 -0.42348281 -0.12320369
v -0.20613229 -0.42119592 -0.11391174
v -0.20773104 -0.42389357 -0.08099113
v -0.20588595 -0.42115554 -0.07484511
v -0.20840512 -0.43152547 -0.07507955
v -0.20767826 -0.42411476 -0.06543373
v -0.20635647 -0.42109692 0.0636386
v -0.20899488 -0.4301247 -0.04538496
v -0.20867683 -0.42808706 0.05478805
v -0.20755309 -0.42325059 0.06979623
v -0.20594072 -0.42116013 0.07618695
v -0.20876734 -0.43466267 0.07511255
v -0.20752704 -0.42408797 0.08144946
v -0.20696793 -0.42360273 0.12889813
v -0.20998316 -0.44022244 0.13062982
v -0.2059619 -0.42151678 0.16361964
v -0.20762269 -0.42882955 0.19812398
v -0.20904246 -0.44083947 0.20516138
v -0.21546201 -0.49937192 0.21741343
v -0.21772628 -0.49996895 -0.21753526
v -0.21647461 -0.48140344 -0.21364278
v -0.21394971 -0.46168569 -0.2064767
v -0.2129506 -0.46041664 -0.2094508
v -0.213921 -0.46038777 -0.10520656
v -0.21466592 -0.46657521 -0.07498175
v -0.21334925 -0.45745099 -0.06855812
v -0.21295066 -0.45289645 0.02743769
v -0.21266727 -0.45307398 0.06882258
v -0.21331263 -0.46273804 0.07497849
v -0.21324843 -0.45860037 0.08279653
v -0.21637885 -0.47552717 0.11147286
v -0.21617925 -0.47428364 0.15913081
v -0.21138631 -0.4498046 0.17435388
v -0.21234107 -0.454898 0.20464554
v -0.21335691 -0.46613306 0.21075988
v -0.21335691 -0.46613306 0.21075988
v -0.21546201 -0.49937192 0.21741343
v -0.21647461 -0.48140344 -0.21364278
v -0.21714438 -0.47984025 -0.21051027
v -0.22048022 -0.49953842 -0.12409689
v -0.22005065 -0.49974492 -0.07644776
v -0.21838982 -0.49933916 -0.07347193
v -0.21921209 -0.49949259 -0.06207023
v -0.2202943 -0.49961889 -0.06688534
v -0.2175473 -0.48050323 -0.05341721
v -0.21525222 -0.46541438 -0.03058896
v -0.22025426 -0.49978426 0.06287044
v -0.21814016 -0.48279825 0.01836482
v -0.21927133 -0.49963409 0.0073741
v -0.21738461 -0.47964057 0.06971664
v -0.21915758 -0.49942562 0.05995958
v -0.21817103 -0.49987772 0.07300262
v -0.22081435 -0.49865657 0.06791563
v -0.21764009 -0.48252153 0.07795389
v -0.2186453 -0.49285862 0.07453026
v -0.21817103 -0.49987772 0.07300262
v -0.22020872 -0.49972302 0.08134828
v -0.2200809 -0.49630949 0.17821597
v -0.21681151 -0.47802231 0.20665936
v -0.21898629 -0.49920616 0.21127385
v -0.21985725 -0.49925029 0.21184227
v -0.21283415 -0.48465085 0.21722515
v -0.21546201 -0.49937192 0.21741343
v -0.21604827 -0.49089819 -0.2176975
v -0.22014873 -0.49599993 -0.21263614
v -0.21772628 -0.49996895 -0.21753526
v -0.21969667 -0.50005877 -0.21253522
v -0.2199544 -0.50006324 -0.20240206
v -0.22030649 -0.49990368 -0.18633901
v -0.22048022 -0.49953842 -0.12409689
v -0.22005065 -0.49974492 -0.07644776
v -0.22084844 -0.49790102 -0.06416785
v -0.2202943 -0.49961889 -0.06688534
v -0.22025426 -0.49978426 0.06287044
v -0.22082013 -0.49794486 0.02120306
v -0.22088861 -0.49736765 0.06286847
v -0.22081435 -0.49865657 0.06791563
v -0.21817103 -0.49987772 0.07300262
v -0.22031033 -0.49588653 0.08049283
v -0.22020872 -0.49972302 0.08134828
v -0.21997407 -0.49984506 0.18995591
v -0.2200145 -0.49970916 0.20010528
vt 0 0
vt 0.75585 0.47896
vt 0.75673 0.47902
vt 0.75527 0.47444
vt 0.75421 0.47444
vt 0.75656 0.46946
vt 0.75568 0.46948
vt 0.67499 0.00874
vt 0.67473 0.00738
vt 0.67422 0.01153
vt 0.99956 0.88662
vt 0.99867 0.88445
vt 0.99956 0.87359
vt 0.73404 0.00217
vt 0.71066 0.0028
vt 0.73283 0.00297
vt 0.65905 0.0025
vt 0.66512 0.00325
vt 0.73649 0.00391
vt 0.65412 0.00391
vt 0.12603 0.48196
vt 0.13174 0.48202
vt 0.12603 0.48111
vt 0.13263 0.48092
vt 0.08643 0.53995
vt 0.07607 0.53997
vt 0.08586 0.53916
vt 0.26909 0.53702
vt 0.26087 0.53581
vt 0.26901 0.53638
vt 0.24434 0.53301
vt 0.24449 0.53402
vt 0.23871 0.53736
vt 0.24085 0.5346
vt 0.24096 0.53558
vt 0.77793 0.58696
vt 0.77713 0.57466
vt 0.77684 0.58786
vt 0.77806 0.57458
vt 0.17867 0.94227
vt 0.14863 0.94309
vt 0.1787 0.94163
vt 0.14845 0.94239
vt 0.81875 0.83025
vt 0.81054 0.83467
vt 0.81312 0.82983
vt 0.82164 0.80462
vt 0.82185 0.81009
vt 0.81565 0.8087
vt 0.84678 0.82993
vt 0.85324 0.82674
vt 0.85042 0.83553
vt 0.84196 0.81778
vt 0.83828 0.82304
vt 0.83634 0.81731
vt 0.83123 0.83222
vt 0.8349 0.82824
vt 0.83759 0.83454
vt 0.84706 0.82216
vt 0.81921 0.81993
vt 0.82227 0.82577
vt 0.81602 0.82492
vt 0.81642 0.80307
vt 0.78746 0.80657
vt 0.78551 0.81312
vt 0.77604 0.80567
vt 0.8324 0.80209
vt 0.82742 0.80578
vt 0.82665 0.80071
vt 0.83681 0.79904
vt 0.83374 0.80654
vt 0.81392 0.79556
vt 0.81502 0.7897
vt 0.82014 0.79044
vt 0.80704 0.79863
vt 0.80555 0.80418
vt 0.80162 0.79614
vt 0.80165 0.79058
vt 0.79709 0.78877
vt 0.84428 0.7977
vt 0.84436 0.80237
vt 0.83151 0.84613
vt 0.83874 0.84373
vt 0.83419 0.85039
vt 0.84088 0.82917
vt 0.84325 0.83412
vt 0.83955 0.80707
vt 0.84054 0.81231
vt 0.83483 0.81182
vt 0.82731 0.79203
vt 0.8229 0.78719
vt 0.82694 0.7869
vt 0.80869 0.81294
vt 0.81022 0.80673
vt 0.77838 0.8188
vt 0.81649 0.83905
vt 0.82165 0.83802
vt 0.82495 0.83079
vt 0.82726 0.83499
vt 0.84057 0.83872
vt 0.84538 0.83789
vt 0.83059 0.83911
vt 0.82545 0.84014
vt 0.82375 0.81554
vt 0.8286 0.81107
vt 0.8176 0.79767
vt 0.81939 0.7868
vt 0.81244 0.85912
vt 0.81073 0.86563
vt 0.80444 0.86208
vt 0.82005 0.86208
vt 0.82586 0.86534
vt 0.81842 0.87272
vt 0.83502 0.84031
vt 0.82608 0.82122
vt 0.80557 0.83534
vt 0.80285 0.8305
vt 0.78989 0.83533
vt 0.79869 0.83556
vt 0.78979 0.84335
vt 0.82798 0.85652
vt 0.82706 0.85202
vt 0.82884 0.82713
vt 0.83244 0.82226
vt 0.83264 0.7949
vt 0.8302 0.8166
vt 0.84627 0.80739
vt 0.85071 0.80585
vt 0.84681 0.81106
vt 0.83199 0.78993
vt 0.80292 0.82091
vt 0.80809 0.81767
vt 0.81009 0.82456
vt 0.84594 0.82549
vt 0.81266 0.81914
vt 0.81658 0.81432
vt 0.84684 0.81404
vt 0.82185 0.79939
vt 0.82551 0.84611
vt 0.82873 0.84266
vt 0.80727 0.79283
vt 0.81175 0.78671
vt 0.81998 0.85578
vt 0.85688 0.84228
vt 0.85182 0.84045
vt 0.85784 0.8368
vt 0.80542 0.84517
vt 0.80999 0.84324
vt 0.8086 0.84929
vt 0.77621 0.85391
vt 0.79174 0.85499
vt 0.78516 0.85812
vt 0.79127 0.79851
vt 0.79265 0.7908
vt 0.82247 0.79439
vt 0.79724 0.80381
vt 0.85702 0.82496
vt 0.85675 0.82975
vt 0.79871 0.84521
vt 0.80299 0.85142
vt 0.84812 0.84359
vt 0.84182 0.85104
vt 0.78753 0.86549
vt 0.79726 0.86247
vt 0.79551 0.87026
vt 0.7972 0.81932
vt 0.79303 0.80972
vt 0.80178 0.81288
vt 0.77857 0.84425
vt 0.82076 0.84367
vt 0.81453 0.84671
vt 0.80771 0.87272
vt 0.79908 0.87157
vt 0.82021 0.84964
vt 0.83937 0.79412
vt 0.84709 0.818
vt 0.85656 0.82085
vt 0.85541 0.81399
vt 0.80332 0.84084
vt 0.78387 0.79694
vt 0.78711 0.82129
vt 0.80674 0.85557
vt 0.82797 0.87146
vt 0.79484 0.84993
vt 0.77786 0.83512
vt 0.77393 0.82656
vt 0.78075 0.82691
vt 0.83678 0.85543
vt 0.82955 0.86244
vt 0.79972 0.85617
vt 0.79664 0.82838
vt 0.83688 0.86715
vt 0.84169 0.86317
vt 0.81282 0.85322
vt 0.8499 0.85395
vt 0.76973 0.81997
vt 0.83165 0.86975
vt 0.77069 0.84664
vt 0.76978 0.84339
vt 0.80623 0.78682
vt 0.85458 0.84691
vt 0.76932 0.83033
vt 0.76838 0.83599
vt 0.77 0.81293
vt 0.14755 0.76774
vt 0.17081 0.76725
vt 0.19305 0.76756
vt 0.1247 0.76822
vt 0.1249 0.76746
vt 0.19448 0.76672
vt 0.19973 0.76846
vt 0.86709 0.60245
vt 0.87045 0.60217
vt 0.8662 0.59982
vt 0.87096 0.59917
vt 0.23516 0.85447
vt 0.23251 0.84904
vt 0.23356 0.84877
vt 0.23423 0.79933
vt 0.23516 0.7773
vt 0.23397 0.77194
vt 0.99056 0.4503
vt 0.99032 0.45718
vt 0.98986 0.45054
vt 0.98951 0.45753
vt 0.75686 0.46183
vt 0.75661 0.43675
vt 0.75612 0.46135
vt 0.75601 0.39515
vt 0.75686 0.38708
vt 0.75626 0.38532
vt 0.75634 0.50887
vt 0.75686 0.48679
vt 0.75614 0.48684
vt 0.75603 0.55299
vt 0.75655 0.53098
vt 0.75675 0.55317
vt 0.30698 0.62582
vt 0.30344 0.62205
vt 0.30734 0.61936
vt 0.30298 0.61913
vt 0.30076 0.63834
vt 0.27275 0.62192
vt 0.22844 0.61921
vt 0.22889 0.62153
vt 0.254 0.63759
vt 0.22765 0.63413
vt 0.22304 0.62376
vt 0.22343 0.61903
vt 0.22124 0.61919
vt 0.21734 0.63353
vt 0.21537 0.62136
vt 0.21046 0.61911
vt 0.18727 0.63245
vt 0.20441 0.61924
vt 0.13673 0.61941
vt 0.14801 0.63546
vt 0.12928 0.6217
vt 0.12679 0.63534
vt 0.12879 0.61938
vt 0.12366 0.62574
vt 0.12302 0.63084
vt 0.12397 0.61938
vt 0.11881 0.61953
vt 0.11845 0.62204
vt 0.11207 0.63061
vt 0.09884 0.62194
vt 0.11105 0.61952
vt 0.06054 0.63813
vt 0.03264 0.62253
vt 0.03491 0.61993
vt 0.03502 0.63398
vt 0.03096 0.62584
vt 0.03296 0.61984
vt 0.02967 0.62029
vt 0.3037 0.64009
vt 0.28318 0.64894
vt 0.29707 0.64908
vt 0.25854 0.65409
vt 0.2273 0.66659
vt 0.22375 0.64798
vt 0.21791 0.65309
vt 0.18682 0.64347
vt 0.20099 0.66058
vt 0.14175 0.65813
vt 0.12656 0.66575
vt 0.12334 0.65121
vt 0.11882 0.65511
vt 0.67787 0.19276
vt 0.67401 0.18654
vt 0.67384 0.19164
vt 0.09652 0.64618
vt 0.08712 0.65761
vt 0.05937 0.65877
vt 0.04121 0.65636
vt 0.0386 0.64302
vt 0.03426 0.65164
vt 0.02968 0.63358
vt 0.62082 0.27413
vt 0.61219 0.27301
vt 0.61362 0.27758
vt 0.60724 0.27101
vt 0.60786 0.27727
vt 0.01146 0.61138
vt 0.01372 0.61816
vt 0.00966 0.61764
vt 0.0098 0.60755
vt 0.00664 0.61704
vt 0.30207 0.65726
vt 0.30563 0.64311
vt 0.29659 0.6632
vt 0.28235 0.66497
vt 0.25698 0.66888
vt 0.22395 0.66646
vt 0.21871 0.66918
vt 0.15208 0.66999
vt 0.14986 0.665
vt 0.12382 0.66562
vt 0.11937 0.6671
vt 0.0976 0.67051
vt 0.08415 0.66603
vt 0.05645 0.66765
vt 0.0419 0.66792
vt 0.6398 0.27239
vt 0.62969 0.27163
vt 0.61925 0.26956
vt 0.01376 0.61222
vt 0.01396 0.6018
vt 0.62489 0.61618
vt 0.62187 0.61294
vt 0.62318 0.60151
vt 0.01289 0.594
vt 0.01003 0.60095
vt 0.7046 0.01395
vt 0.70542 0.01017
vt 0.69881 0.01053
vt 0.29934 0.66665
vt 0.2928 0.66926
vt 0.27552 0.67028
vt 0.26045 0.67127
vt 0.229 0.67202
vt 0.22748 0.67082
vt 0.22407 0.67103
vt 0.22073 0.67148
vt 0.14995 0.6716
vt 0.08176 0.26318
vt 0.10835 0.26223
vt 0.15241 0.2635
vt 0.17417 0.26168
vt 0.126 0.671
vt 0.17641 0.26368
vt 0.17833 0.2627
vt 0.124 0.67143
vt 0.12121 0.67192
vt 0.11967 0.66988
vt 0.09609 0.67202
vt 0.05986 0.67193
vt 0.04105 0.67035
vt 0.0417 0.67181
vt 0.66057 0.27184
vt 0.66209 0.27124
vt 0.65542 0.2689
vt 0.03603 0.66717
vt 0.65193 0.26579
vt 0.6351 0.26681
vt 0.01916 0.61788
vt 0.6185 0.59178
vt 0.01575 0.58817
vt 0.01694 0.59666
vt 0.30264 0.668
vt 0.29944 0.67102
vt 0.71835 0.01663
vt 0.71899 0.01256
vt 0.71108 0.01278
vt 0.00359 0.25949
vt 0.00959 0.25999
vt 0.0097 0.26253
vt 0.027 0.26264
vt 0.02555 0.25891
vt 0.04209 0.26245
vt 0.07351 0.26257
vt 0.07938 0.25644
vt 0.07844 0.26283
vt 0.07509 0.26368
vt 0.08989 0.25851
vt 0.1739 0.25821
vt 0.17801 0.25571
vt 0.183 0.25695
vt 0.18115 0.26281
vt 0.20636 0.26284
vt 0.2213 0.25903
vt 0.24267 0.26234
vt 0.25239 0.25821
vt 0.26092 0.26178
vt 0.6585 0.26569
vt 0.60969 0.25938
vt 0.6072 0.26561
vt 0.02159 0.61487
vt 0.02239 0.61036
vt 0.0195 0.58526
vt 0.01828 0.5749
vt 0.01533 0.58205
vt 0.01769 0.56944
vt 0.0214 0.56768
vt 0.00866 0.25508
vt 0.07356 0.25416
vt 0.261 0.25549
vt 0.26578 0.25584
vt 0.26698 0.25884
vt 0.02328 0.57019
vt 0.00245 0.25464
vt 0.02397 0.25132
vt 0.13223 0.24469
vt 0.21948 0.25247
vt 0.65299 0.2477
vt 0.62128 0.24898
vt 0.23136 0.23464
vt 0.2521 0.24832
vt 0.65949 0.24226
vt 0.63432 0.2434
vt 0.60717 0.25868
vt 0.03126 0.5758
vt 0.0177 0.24436
vt 0.0809 0.23689
vt 0.08943 0.23643
vt 0.6601 0.26291
vt 0.62385 0.63674
vt 0.6045 0.62758
vt 0.62362 0.62961
vt 0.05879 0.60295
vt 0.04118 0.23631
vt 0.17017 0.23595
vt 0.22029 0.23556
vt 0.00864 0.24096
vt 0.0306 0.23493
vt 0.14929 0.23595
vt 0.17595 0.23615
vt 0.23995 0.23241
vt 0.02664 0.23039
vt 0.07162 0.23663
vt 0.25439 0.23299
vt 0.09135 0.61801
vt 0.04963 0.56996
vt 0.26503 0.22423
vt 0.66146 0.23146
vt 0.61008 0.21978
vt 0.04921 0.56748
vt 0.01376 0.22073
vt 0.03664 0.23364
vt 0.07819 0.23408
vt 0.15431 0.23369
vt 0.1795 0.23385
vt 0.22301 0.23296
vt 0.262 0.19209
vt 0.61483 0.58956
vt 0.56772 0.58825
vt 0.61377 0.58748
vt 0.03014 0.22795
vt 0.0317 0.23187
vt 0.03778 0.23209
vt 0.0115 0.88197
vt 0.01726 0.88751
vt 0.01107 0.88856
vt 0.01789 0.88002
vt 0.05794 0.88901
vt 0.01617 0.88919
vt 0.04502 0.88084
vt 0.05687 0.88709
vt 0.06992 0.87979
vt 0.08186 0.88698
vt 0.08545 0.87836
vt 0.09863 0.87923
vt 0.13409 0.88904
vt 0.11918 0.87845
vt 0.11046 0.88705
vt 0.14085 0.8794
vt 0.14392 0.88701
vt 0.15935 0.88923
vt 0.74358 0.37663
vt 0.74288 0.37321
vt 0.7299 0.3647
vt 0.15913 0.87974
vt 0.71997 0.3525
vt 0.15837 0.88724
vt 0.18566 0.88728
vt 0.19961 0.88021
vt 0.2033 0.88919
vt 0.2038 0.88752
vt 0.21406 0.88841
vt 0.23358 0.23145
vt 0.23596 0.23089
vt 0.09187 0.61433
vt 0.06653 0.61066
vt 0.06446 0.58778
vt 0.0119 0.87956
vt 0.49453 0.45666
vt 0.49294 0.46235
vt 0.48988 0.45066
vt 0.49236 0.44714
vt 0.49445 0.41953
vt 0.49823 0.40566
vt 0.05555 0.87737
vt 0.0842 0.87628
vt 0.11381 0.87615
vt 0.13852 0.87601
vt 0.14378 0.87761
vt 0.70022 0.33807
vt 0.68955 0.32684
vt 0.69959 0.33359
vt 0.21533 0.87953
vt 0.21335 0.88068
vt 0.21656 0.8886
vt 0.97737 0.48262
vt 0.97727 0.4806
vt 0.98658 0.48262
vt 0.62281 0.2036
vt 0.8389 0.59806
vt 0.84131 0.6013
vt 0.84502 0.59869
vt 0.84425 0.60165
vt 0.0235 0.8764
vt 0.02812 0.87559
vt 0.02755 0.87761
vt 0.04032 0.87585
vt 0.03939 0.85959
vt 0.08273 0.8419
vt 0.08685 0.86355
vt 0.07435 0.83444
vt 0.10849 0.84359
vt 0.13632 0.86663
vt 0.1388 0.84115
vt 0.14245 0.8471
vt 0.14267 0.8712
vt 0.14735 0.83868
vt 0.14861 0.86932
vt 0.18152 0.85675
vt 0.19008 0.87648
vt 0.17473 0.87823
vt 0.19474 0.86279
vt 0.20247 0.87878
vt 0.20219 0.87621
vt 0.20108 0.85522
vt 0.69692 0.32488
vt 0.68979 0.32482
vt 0.03205 0.22692
vt 0.49004 0.46314
vt 0.48567 0.46071
vt 0.48738 0.45616
vt 0.01843 0.85712
vt 0.01741 0.8763
vt 0.03184 0.8377
vt 0.04209 0.84061
vt 0.06091 0.83205
vt 0.06882 0.8309
vt 0.081 0.83067
vt 0.0997 0.8328
vt 0.13849 0.8316
vt 0.1048 0.82951
vt 0.51367 0.17996
vt 0.51781 0.20835
vt 0.51973 0.21057
vt 0.14259 0.83627
vt 0.14279 0.83101
vt 0.14696 0.83152
vt 0.15721 0.83282
vt 0.1621 0.836
vt 0.19059 0.83679
vt 0.20862 0.87524
vt 0.2113 0.87721
vt 0.98508 0.47381
vt 0.09488 0.57774
vt 0.00082 0.20949
vt 0.0034 0.18831
vt 0.52769 0.88961
vt 0.5299 0.89182
vt 0.52037 0.8925
vt 0.52293 0.89581
vt 0.01318 0.87444
vt 0.01509 0.85729
vt 0.01251 0.87666
vt 0.03249 0.83313
vt 0.04397 0.83293
vt 0.04691 0.8297
vt 0.51677 0.1278
vt 0.51124 0.1567
vt 0.51552 0.1481
vt 0.514 0.15891
vt 0.51847 0.21449
vt 0.51748 0.21767
vt 0.52037 0.21801
vt 0.45634 0.06395
vt 0.45613 0.04689
vt 0.45926 0.06294
vt 0.19971 0.83222
vt 0.45473 0.01086
vt 0.20007 0.83683
vt 0.20759 0.83291
vt 0.20497 0.84792
vt 0.21015 0.85613
vt 0.21284 0.87214
vt 0.69677 0.32045
vt 0.69203 0.32201
vt 0.98692 0.47309
vt 0.23737 0.22147
vt 0.60808 0.19107
vt 0.02695 0.20064
vt 0.57073 0.89709
vt 0.52259 0.89878
vt 0.01685 0.84865
vt 0.81941 0.59334
vt 0.82871 0.59767
vt 0.82987 0.59516
vt 0.01956 0.832
vt 0.02804 0.83025
vt 0.03342 0.82841
vt 0.51648 0.11598
vt 0.51536 0.12234
vt 0.51957 0.12534
vt 0.5075 0.15914
vt 0.50928 0.17415
vt 0.5104 0.18722
vt 0.50759 0.17757
vt 0.51348 0.2082
vt 0.51028 0.19949
vt 0.51316 0.21522
vt 0.45231 0.0097
vt 0.21282 0.85885
vt 0.21495 0.875
vt 0.69905 0.3211
vt 0.09667 0.56924
vt 0.01488 0.84755
vt 0.017 0.83743
vt 0.80955 0.59322
vt 0.81697 0.59692
vt 0.52979 0.88647
vt 0.532 0.87425
vt 0.53233 0.88589
vt 0.50536 0.1607
vt 0.48503 0.17275
vt 0.4924 0.18914
vt 0.50636 0.17869
vt 0.50767 0.18754
vt 0.48203 0.19014
vt 0.48061 0.2022
vt 0.50868 0.19925
vt 0.50178 0.21144
vt 0.51179 0.2157
vt 0.45227 0.06733
vt 0.44605 0.0494
vt 0.44277 0.02905
vt 0.44759 0.00224
vt 0.21094 0.83085
vt 0.2114 0.83265
vt 0.21322 0.84845
vt 0.64214 0.18905
vt 0.44595 0.46099
vt 0.01605 0.82856
vt 0.53411 0.85795
vt 0.53023 0.86598
vt 0.51653 0.1032
vt 0.51898 0.11153
vt 0.52037 0.10383
vt 0.80094 0.59063
vt 0.79102 0.59081
vt 0.8008 0.59463
vt 0.50157 0.13998
vt 0.50326 0.14734
vt 0.50287 0.15441
vt 0.50403 0.16083
vt 0.50501 0.16913
vt 0.47893 0.16765
vt 0.49301 0.16465
vt 0.46962 0.17804
vt 0.47772 0.18345
vt 0.47123 0.19139
vt 0.47193 0.20431
vt 0.47852 0.21671
vt 0.48911 0.21686
vt 0.50961 0.21565
vt 0.51104 0.21777
vt 0.44905 0.06554
vt 0.44699 0.06018
vt 0.44452 0.05399
vt 0.93151 0.36342
vt 0.94178 0.36071
vt 0.91486 0.36492
vt 0.23996 0.18135
vt 0.25761 0.18304
vt 0.78579 0.59221
vt 0.78745 0.59484
vt 0.50804 0.10897
vt 0.49941 0.11771
vt 0.50128 0.14888
vt 0.48806 0.14983
vt 0.47416 0.15744
vt 0.46785 0.16828
vt 0.46886 0.18774
vt 0.46995 0.20748
vt 0.4721 0.21403
vt 0.51103 0.22318
vt 0.97007 0.97785
vt 0.99247 0.98045
vt 0.96944 0.98045
vt 0.98415 0.43158
vt 0.05874 0.27578
vt 0.07987 0.26931
vt 0.03046 0.27403
vt 0.56001 0.87978
vt 0.49939 0.14249
vt 0.46518 0.1648
vt 0.47035 0.21579
vt 0.47215 0.22033
vt 0.48177 0.23277
vt 0.50836 0.23451
vt 0.51102 0.22948
vt 0.43988 0.04381
vt 0.44485 0.00512
vt 0.6534 0.19122
vt 0.09487 0.58869
vt 0.02965 0.17267
vt 0.56377 0.85512
vt 0.49673 0.12725
vt 0.49719 0.13233
vt 0.49718 0.1364
vt 0.46482 0.15857
vt 0.4588 0.18004
vt 0.45969 0.19272
vt 0.4604 0.20707
vt 0.46017 0.21414
vt 0.46862 0.2331
vt 0.47125 0.23145
vt 0.51073 0.24012
vt 0.43505 0.03524
vt 0.42893 0.02257
vt 0.95794 0.35892
vt 0.94848 0.34204
vt 0.93054 0.34448
vt 0.97731 0.47703
vt 0.57376 0.89181
vt 0.56465 0.88509
vt 0.47634 0.148
vt 0.34644 0.86164
vt 0.34351 0.84508
vt 0.35199 0.84482
vt 0.55461 0.50468
vt 0.55348 0.51083
vt 0.55757 0.5027
vt 0.89253 0.56235
vt 0.90118 0.56817
vt 0.90119 0.56169
vt 0.90985 0.56086
vt 0.50843 0.24147
vt 0.91456 0.34358
vt 0.661 0.18329
vt 0.66006 0.18667
vt 0.49448 0.13004
vt 0.46215 0.15154
vt 0.46024 0.15428
vt 0.45425 0.16569
vt 0.95817 0.51085
vt 0.95731 0.53158
vt 0.96063 0.51043
vt 0.45658 0.1729
vt 0.94057 0.51771
vt 0.96816 0.53064
vt 0.94011 0.53112
vt 0.96802 0.54279
vt 0.45735 0.182
vt 0.9394 0.54617
vt 0.95646 0.54918
vt 0.45819 0.19341
vt 0.96674 0.55127
vt 0.93796 0.56197
vt 0.94667 0.56415
vt 0.95578 0.5657
vt 0.9154 0.5709
vt 0.91754 0.56055
vt 0.88146 0.56677
vt 0.87998 0.56767
vt 0.88083 0.57447
vt 0.90113 0.57484
vt 0.9078 0.58109
vt 0.45675 0.22708
vt 0.89168 0.57976
vt 0.90141 0.58107
vt 0.46687 0.24369
vt 0.47065 0.24118
vt 0.47577 0.24179
vt 0.5082 0.24788
vt 0.51051 0.2495
vt 0.41838 0.00988
vt 0.0891 0.60251
vt 0.09801 0.56735
vt 0.01224 0.18139
vt 0.53764 0.84514
vt 0.49192 0.12203
vt 0.48026 0.13106
vt 0.46006 0.1465
vt 0.86543 0.26957
vt 0.87308 0.26299
vt 0.86492 0.2568
vt 0.95687 0.42428
vt 0.94638 0.40886
vt 0.94604 0.42485
vt 0.94131 0.40864
vt 0.86831 0.24276
vt 0.94638 0.9987
vt 0.94677 0.99175
vt 0.96058 0.99515
vt 0.45517 0.18141
vt 0.96935 0.40877
vt 0.96969 0.39232
vt 0.94648 0.3925
vt 0.93621 0.99699
vt 0.93155 0.99175
vt 0.94886 0.39206
vt 0.45806 0.20698
vt 0.87624 0.23239
vt 0.87499 0.22893
vt 0.96585 0.56497
vt 0.45753 0.2139
vt 0.93159 0.56128
vt 0.929 0.57253
vt 0.95529 0.57589
vt 0.71864 0.39401
vt 0.72058 0.39094
vt 0.71744 0.38664
vt 0.91615 0.58091
vt 0.71701 0.38222
vt 0.88135 0.57871
vt 0.89248 0.5854
vt 0.90132 0.58719
vt 0.74269 0.99384
vt 0.73654 0.96142
vt 0.7402 0.95975
vt 0.26604 0.17589
vt 0.5641 0.86677
vt 0.49008 0.11576
vt 0.48972 0.12298
vt 0.33178 0.84349
vt 0.32398 0.84345
vt 0.32605 0.84057
vt 0.45066 0.15795
vt 0.6305 0.57216
vt 0.6421 0.57248
vt 0.6411 0.57465
vt 0.45259 0.16576
vt 0.45474 0.1738
vt 0.94081 0.51055
vt 0.97033 0.5113
vt 0.96015 0.43387
vt 0.94563 0.43143
vt 0.94549 0.44195
vt 0.8658 0.27648
vt 0.96937 0.42501
vt 0.76758 0.56169
vt 0.77111 0.57208
vt 0.77295 0.56321
vt 0.77369 0.57298
vt 0.88404 0.06731
vt 0.89359 0.06039
vt 0.88271 0.05643
vt 0.93596 0.42559
vt 0.89034 0.04393
vt 0.85215 0.26395
vt 0.84334 0.25668
vt 0.8523 0.26757
vt 0.93586 0.40722
vt 0.89824 0.0441
vt 0.87751 0.24238
vt 0.89196 0.03391
vt 0.93665 0.39067
vt 0.89638 0.02672
vt 0.92793 0.9987
vt 0.55657 0.47228
vt 0.55757 0.46616
vt 0.55439 0.46794
vt 0.55401 0.46666
vt 0.97033 0.3814
vt 0.94636 0.38357
vt 0.94279 0.3792
vt 0.92427 0.99189
vt 0.94237 0.57348
vt 0.72711 0.38888
vt 0.94882 0.57892
vt 0.96703 0.57489
vt 0.45588 0.22261
vt 0.92915 0.57918
vt 0.72483 0.3842
vt 0.92485 0.58154
vt 0.72076 0.37535
vt 0.88075 0.58603
vt 0.4654 0.25299
vt 0.7307 0.99763
vt 0.73338 0.99409
vt 0.74258 0.99866
vt 0.50606 0.25102
vt 0.73009 0.95885
vt 0.73904 0.95724
vt 0.42338 0.0253
vt 0.98626 0.42604
vt 0.2378 0.1745
vt 0.0385 0.74855
vt 0.0385 0.77608
vt 0.03602 0.75044
vt 0.48733 0.11644
vt 0.47591 0.13059
vt 0.45796 0.14161
vt 0.32513 0.85498
vt 0.63076 0.55431
vt 0.6426 0.55469
vt 0.77287 0.55368
vt 0.86211 0.27955
vt 0.96962 0.43866
vt 0.79687 0.62945
vt 0.81083 0.62972
vt 0.80208 0.63555
vt 0.78463 0.64111
vt 0.6385 0.92668
vt 0.63882 0.92162
vt 0.65547 0.92099
vt 0.64823 0.92715
vt 0.93364 0.42439
vt 0.6554 0.94675
vt 0.64849 0.94709
vt 0.63959 0.94074
vt 0.93422 0.40691
vt 0.78056 0.63346
vt 0.77445 0.64483
vt 0.76532 0.6412
vt 0.88099 0.23551
vt 0.93428 0.3906
vt 0.90255 0.0289
vt 0.54854 0.4678
vt 0.96823 0.55905
vt 0.90706 0.01985
vt 0.90192 0.01181
vt 0.89135 0.02084
vt 0.1162 0.55126
vt 0.11288 0.55734
vt 0.10319 0.55719
vt 0.94325 0.5805
vt 0.95506 0.36846
vt 0.95547 0.58605
vt 0.94278 0.58348
vt 0.92617 0.58877
vt 0.89971 0.59781
vt 0.90169 0.60089
vt 0.72573 0.99309
vt 0.72361 0.9563
vt 0.40984 0.00181
vt 0.44788 0.00043
vt 0.95457 0.32425
vt 0.00044 0.1857
vt 0.48345 0.10593
vt 0.46251 0.13525
vt 0.45407 0.14115
vt 0.61896 0.57161
vt 0.62283 0.5833
vt 0.8693 0.28669
vt 0.87352 0.27545
vt 0.95571 0.4482
vt 0.94525 0.45006
vt 0.76742 0.55069
vt 0.93433 0.43419
vt 0.89339 0.06983
vt 0.6284 0.92813
vt 0.62806 0.92307
vt 0.79181 0.64077
vt 0.56764 0.39268
vt 0.56295 0.38869
vt 0.55969 0.40025
vt 0.76112 0.65357
vt 0.75717 0.64873
vt 0.67153 0.92212
vt 0.68162 0.91873
vt 0.68318 0.92732
vt 0.93422 0.3802
vt 0.9361 0.37825
vt 0.53642 0.52386
vt 0.53905 0.52693
vt 0.54855 0.52439
vt 0.97013 0.37142
vt 0.94641 0.36707
vt 0.72506 0.36881
vt 0.91552 0.58833
vt 0.45269 0.23799
vt 0.88015 0.59335
vt 0.88752 0.59583
vt 0.46144 0.25656
vt 0.72492 0.95845
vt 0.93261 0.32718
vt 0.74358 0.26281
vt 0.97388 0.39928
vt 0.97662 0.40824
vt 0.02657 0.18121
vt 0.57416 0.8883
vt 0.03499 0.7936
vt 0.47718 0.08845
vt 0.48397 0.1105
vt 0.45498 0.13795
vt 0.4471 0.1481
vt 0.77369 0.5444
vt 0.96883 0.44738
vt 0.93575 0.44285
vt 0.93319 0.44535
vt 0.89103 0.0802
vt 0.8823 0.07822
vt 0.87763 0.28285
vt 0.80297 0.6392
vt 0.79866 0.63891
vt 0.55368 0.38063
vt 0.53609 0.37811
vt 0.07552 0.37723
vt 0.06938 0.37736
vt 0.06847 0.38561
vt 0.07799 0.39202
vt 0.06708 0.37867
vt 0.57348 0.40219
vt 0.57675 0.38913
vt 0.88901 0.23934
vt 0.09125 0.37268
vt 0.07765 0.36387
vt 0.06919 0.3692
vt 0.06652 0.36803
vt 0.06833 0.36335
vt 0.06889 0.35827
vt 0.06599 0.35192
vt 0.91187 0.00912
vt 0.72799 0.38209
vt 0.96669 0.5859
vt 0.94239 0.36826
vt 0.12356 0.55719
vt 0.4533 0.23218
vt 0.93965 0.59149
vt 0.95583 0.59566
vt 0.91026 0.60274
vt 0.91649 0.60336
vt 0.72586 0.9987
vt 0.71618 0.99706
vt 0.72206 0.96036
vt 0.4146 0.01848
vt 0.39926 0.0038
vt 0.9597 0.3215
vt 0.61069 0.18916
vt 0.09717 0.60493
vt 0.51614 0.10186
vt 0.48207 0.1123
vt 0.45055 0.13157
vt 0.32524 0.86755
vt 0.31173 0.86582
vt 0.31743 0.84633
vt 0.32642 0.8802
vt 0.32187 0.88256
vt 0.31638 0.88208
vt 0.32625 0.8848
vt 0.6199 0.55422
vt 0.4477 0.15156
vt 0.87242 0.29611
vt 0.8772 0.28806
vt 0.61755 0.58165
vt 0.76306 0.54431
vt 0.88529 0.08522
vt 0.89155 0.08562
vt 0.94137 0.45122
vt 0.93412 0.45112
vt 0.81972 0.63016
vt 0.81581 0.63705
vt 0.80934 0.63935
vt 0.07573 0.40397
vt 0.06877 0.39703
vt 0.06829 0.39268
vt 0.10319 0.39253
vt 0.10227 0.38257
vt 0.57965 0.413
vt 0.12744 0.37757
vt 0.1481 0.36837
vt 0.56944 0.37044
vt 0.54371 0.3723
vt 0.11 0.36516
vt 0.07573 0.35448
vt 0.81564 0.24404
vt 0.81226 0.25334
vt 0.82819 0.25923
vt 0.0686 0.35087
vt 0.75705 0.65981
vt 0.69281 0.91915
vt 0.74994 0.6558
vt 0.93611 0.36885
vt 0.93368 0.36806
vt 0.73118 0.38981
vt 0.73118 0.37615
vt 0.08475 0.81081
vt 0.08882 0.82407
vt 0.0775 0.818
vt 0.45001 0.2241
vt 0.4516 0.23613
vt 0.72894 0.37222
vt 0.08212 0.7909
vt 0.09582 0.7949
vt 0.08327 0.79904
vt 0.89529 0.59931
vt 0.7151 0.99263
vt 0.71727 0.95655
vt 0.91275 0.29188
vt 0.91283 0.36533
vt 0.09717 0.61741
vt 0.00135 0.18193
vt 0.58275 0.88511
vt 0.58143 0.84411
vt 0.31612 0.88592
vt 0.87869 0.3003
vt 0.95948 0.46354
vt 0.94507 0.46108
vt 0.96811 0.45699
vt 0.87543 0.08377
vt 0.87518 0.0921
vt 0.61126 0.92913
vt 0.61508 0.92078
vt 0.61589 0.92766
vt 0.82911 0.6331
vt 0.62373 0.95035
vt 0.61344 0.94821
vt 0.61929 0.94662
vt 0.62231 0.91889
vt 0.61866 0.91695
vt 0.81492 0.63979
vt 0.06876 0.40342
vt 0.23682 0.39824
vt 0.23701 0.38952
vt 0.22768 0.39032
vt 0.22752 0.40609
vt 0.21873 0.39023
vt 0.88961 0.26227
vt 0.13407 0.39194
vt 0.22789 0.38096
vt 0.53855 0.35815
vt 0.15065 0.39124
vt 0.23684 0.37177
vt 0.15289 0.37538
vt 0.21869 0.36992
vt 0.22873 0.37007
vt 0.20862 0.37039
vt 0.56806 0.34908
vt 0.816 0.25935
vt 0.80907 0.25738
vt 0.8258 0.26301
vt 0.2369 0.3558
vt 0.13429 0.36488
vt 0.12686 0.34499
vt 0.07052 0.34857
vt 0.06779 0.34463
vt 0.85634 0.57121
vt 0.87089 0.56615
vt 0.85708 0.56641
vt 0.74571 0.66408
vt 0.07969 0.77656
vt 0.08866 0.77655
vt 0.08302 0.80286
vt 0.09402 0.80235
vt 0.92409 0.60405
vt 0.93585 0.60289
vt 0.76218 0.3023
vt 0.78164 0.3021
vt 0.77739 0.30992
vt 0.44694 0.24751
vt 0.78508 0.31227
vt 0.78314 0.31321
vt 0.79236 0.31199
vt 0.45426 0.26274
vt 0.41756 0.02277
vt 0.4779 0.10434
vt 0.30533 0.85535
vt 0.30866 0.84626
vt 0.60601 0.51063
vt 0.60843 0.51001
vt 0.60382 0.51992
vt 0.61221 0.51946
vt 0.60291 0.52968
vt 0.60436 0.53001
vt 0.44682 0.12967
vt 0.79133 0.06079
vt 0.79479 0.06395
vt 0.79052 0.05019
vt 0.61563 0.53044
vt 0.44105 0.14103
vt 0.61491 0.55486
vt 0.60976 0.57118
vt 0.60498 0.93208
vt 0.60399 0.92909
vt 0.611 0.90156
vt 0.60064 0.90409
vt 0.60043 0.90187
vt 0.88341 0.09869
vt 0.60925 0.90946
vt 0.60614 0.94617
vt 0.61778 0.93864
vt 0.6009 0.9239
vt 0.83189 0.63829
vt 0.82487 0.64047
vt 0.61174 0.91808
vt 0.82024 0.64065
vt 0.07717 0.41441
vt 0.0689 0.40905
vt 0.10428 0.41305
vt 0.143 0.40978
vt 0.73156 0.169
vt 0.72764 0.1601
vt 0.72779 0.16725
vt 0.55114 0.40804
vt 0.55644 0.33058
vt 0.54785 0.32543
vt 0.55411 0.31651
vt 0.89813 0.24996
vt 0.17465 0.39083
vt 0.18531 0.37693
vt 0.17993 0.36956
vt 0.55934 0.92224
vt 0.53897 0.92224
vt 0.55228 0.90487
vt 0.09519 0.34233
vt 0.07763 0.34135
vt 0.06886 0.34097
vt 0.09552 0.80802
vt 0.08378 0.8087
vt 0.09746 0.8191
vt 0.09862 0.82382
vt 0.44663 0.24461
vt 0.93235 0.60408
vt 0.95643 0.60646
vt 0.96776 0.60443
vt 0.93861 0.60804
vt 0.10237 0.79778
vt 0.4421 0.2548
vt 0.44741 0.27553
vt 0.45617 0.26599
vt 0.70424 0.99551
vt 0.71017 0.95826
vt 0.70899 0.9561
vt 0.41012 0.01927
vt 0.9183 0.27917
vt 0.608 0.18786
vt 0.09963 0.61768
vt 0.47805 0.10085
vt 0.30843 0.88307
vt 0.59066 0.51832
vt 0.60259 0.50853
vt 0.60407 0.49846
vt 0.60351 0.54204
vt 0.60557 0.49879
vt 0.79553 0.07168
vt 0.79823 0.05234
vt 0.79366 0.03864
vt 0.61685 0.54226
vt 0.87789 0.30626
vt 0.87428 0.30025
vt 0.94513 0.47084
vt 0.87626 0.09919
vt 0.87378 0.096
vt 0.88122 0.29605
vt 0.8868 0.29393
vt 0.06865 0.41449
vt 0.73065 0.15959
vt 0.72808 0.15695
vt 0.54207 0.41677
vt 0.54879 0.42845
vt 0.51829 0.39979
vt 0.23716 0.40389
vt 0.21859 0.40848
vt 0.21873 0.40015
vt 0.1343 0.41152
vt 0.79592 0.17049
vt 0.8041 0.16884
vt 0.76856 0.16764
vt 0.8938 0.27668
vt 0.50301 0.37268
vt 0.5181 0.37537
vt 0.56514 0.42337
vt 0.20579 0.3901
vt 0.20566 0.37773
vt 0.19631 0.39014
vt 0.55231 0.30768
vt 0.55294 0.302
vt 0.20565 0.37067
vt 0.59601 0.42391
vt 0.06172 0.21677
vt 0.07839 0.22719
vt 0.04827 0.22719
vt 0.16743 0.3563
vt 0.60242 0.35686
vt 0.21837 0.351
vt 0.20575 0.36016
vt 0.22864 0.35339
vt 0.75568 0.6633
vt 0.74145 0.67371
vt 0.41161 0.45016
vt 0.4095 0.44335
vt 0.41623 0.44593
vt 0.10117 0.81007
vt 0.09886 0.77606
vt 0.95022 0.28021
vt 0.26083 0.17557
vt 0.64276 0.1839
vt 0.61974 0.18402
vt 0.60847 0.18379
vt 0.10403 0.56877
vt 0.10245 0.58634
vt 0.00329 0.17604
vt 0.46001 0.07827
vt 0.04006 0.77268
vt 0.03935 0.79877
vt 0.30257 0.87509
vt 0.58945 0.51983
vt 0.84598 0.00384
vt 0.84976 0.008
vt 0.8474 0.00304
vt 0.80074 0.07124
vt 0.6057 0.55469
vt 0.60376 0.55226
vt 0.60734 0.55467
vt 0.60256 0.55783
vt 0.60243 0.57078
vt 0.80843 0.04754
vt 0.61315 0.55348
vt 0.96781 0.46633
vt 0.59737 0.93247
vt 0.59711 0.92945
vt 0.93524 0.46127
vt 0.80497 0.03892
vt 0.79478 0.02643
vt 0.79571 0.01563
vt 0.79079 0.01493
vt 0.59738 0.94715
vt 0.89107 0.10131
vt 0.89112 0.09256
vt 0.83788 0.63682
vt 0.85102 0.29064
vt 0.84905 0.28873
vt 0.85141 0.29673
vt 0.23719 0.41169
vt 0.75338 0.15907
vt 0.75628 0.15584
vt 0.7385 0.15631
vt 0.21326 0.40949
vt 0.17378 0.40975
vt 0.80475 0.16555
vt 0.80281 0.16085
vt 0.7834 0.15706
vt 0.20538 0.39875
vt 0.19118 0.40957
vt 0.89816 0.26416
vt 0.83716 0.17267
vt 0.84491 0.16829
vt 0.81287 0.17034
vt 0.54925 0.28495
vt 0.5367 0.30141
vt 0.5878 0.42689
vt 0.61183 0.4174
vt 0.19126 0.34924
vt 0.59728 0.38518
vt 0.14852 0.34643
vt 0.23711 0.34782
vt 0.80497 0.24196
vt 0.79405 0.25182
vt 0.77382 0.29274
vt 0.79251 0.2923
vt 0.93505 0.60495
vt 0.79882 0.31173
vt 0.79948 0.30501
vt 0.80659 0.312
vt 0.11079 0.79671
vt 0.70436 0.99724
vt 0.24024 0.17252
vt 0.10433 0.60196
vt 0.10437 0.61407
vt 0.00598 0.17136
vt 0.01713 0.17135
vt 0.47304 0.09511
vt 0.47252 0.099
vt 0.29987 0.86162
vt 0.29779 0.84652
vt 0.30859 0.84291
vt 0.44514 0.12547
vt 0.3023 0.88474
vt 0.85369 0.01778
vt 0.28754 0.19675
vt 0.29637 0.18057
vt 0.28991 0.17627
vt 0.81283 0.06518
vt 0.59962 0.58218
vt 0.6368 0.6923
vt 0.63344 0.68005
vt 0.63451 0.69288
vt 0.93486 0.47278
vt 0.60375 0.94935
vt 0.80594 0.02693
vt 0.83746 0.64666
vt 0.10832 0.42405
vt 0.73966 0.15185
vt 0.72919 0.15017
vt 0.72793 0.14517
vt 0.53279 0.42541
vt 0.22833 0.41578
vt 0.78239 0.15277
vt 0.76217 0.15507
vt 0.89615 0.25346
vt 0.55368 0.2796
vt 0.54717 0.27388
vt 0.56929 0.3006
vt 0.90301 0.24386
vt 0.53968 0.46625
vt 0.52493 0.46351
vt 0.53044 0.46504
vt 0.58462 0.32038
vt 0.16925 0.34817
vt 0.23025 0.34122
vt 0.21917 0.34067
vt 0.11052 0.33228
vt 0.09997 0.32221
vt 0.08008 0.31996
vt 0.7514 0.67304
vt 0.81617 0.30964
vt 0.81477 0.31318
vt 0.81764 0.3106
vt 0.8178 0.31321
vt 0.3995 0.44614
vt 0.10522 0.80724
vt 0.11092 0.7821
vt 0.11323 0.81754
vt 0.44075 0.25375
vt 0.95693 0.61471
vt 0.43711 0.26957
vt 0.7023 0.98089
vt 0.40533 0.01811
vt 0.65422 0.17856
vt 0.62086 0.17932
vt 0.61028 0.17858
vt 0.10632 0.61792
vt 0.00112 0.16884
vt 0.02698 0.15897
vt 0.30347 0.88717
vt 0.58963 0.5326
vt 0.58993 0.54224
vt 0.43813 0.12954
vt 0.59215 0.55584
vt 0.59413 0.57028
vt 0.84171 0.00843
vt 0.43882 0.13717
vt 0.59134 0.93484
vt 0.59152 0.93093
vt 0.59002 0.94233
vt 0.66335 0.679
vt 0.65574 0.67741
vt 0.66215 0.68448
vt 0.63483 0.67694
vt 0.81596 0.05684
vt 0.65658 0.68833
vt 0.8016 0.0152
vt 0.83113 0.6452
vt 0.95497 0.14736
vt 0.95704 0.1603
vt 0.92623 0.1603
vt 0.06905 0.42624
vt 0.2189 0.41742
vt 0.74018 0.1421
vt 0.23761 0.42035
vt 0.90133 0.28652
vt 0.20559 0.40954
vt 0.98666 0.20265
vt 0.97499 0.18388
vt 0.9659 0.20875
vt 0.52239 0.31916
vt 0.85245 0.16448
vt 0.847 0.15917
vt 0.83046 0.15888
vt 0.53552 0.2684
vt 0.5272 0.26906
vt 0.54614 0.26824
vt 0.59397 0.43734
vt 0.54991 0.26745
vt 0.52341 0.46483
vt 0.5748 0.29061
vt 0.20603 0.34956
vt 0.62738 0.39067
vt 0.61713 0.3804
vt 0.17503 0.33561
vt 0.23741 0.33895
vt 0.12854 0.3251
vt 0.62083 0.36154
vt 0.0702 0.33028
vt 0.79359 0.29767
vt 0.82055 0.3018
vt 0.74846 0.68021
vt 0.33911 0.82311
vt 0.33768 0.81738
vt 0.345 0.81982
vt 0.34323 0.8218
vt 0.11285 0.80941
vt 0.34442 0.81508
vt 0.10905 0.82367
vt 0.33583 0.80943
vt 0.9392 0.61849
vt 0.9677 0.61398
vt 0.43633 0.26254
vt 0.44143 0.27582
vt 0.70151 0.99239
vt 0.70127 0.95738
vt 0.70403 0.95592
vt 0.39907 0.01262
vt 0.26337 0.17029
vt 0.26705 0.17158
vt 0.66051 0.17893
vt 0.60825 0.17712
vt 0.11405 0.57678
vt 0.56353 0.84144
vt 0.58655 0.83988
vt 0.46928 0.09505
vt 0.588 0.57033
vt 0.84042 0.01931
vt 0.64326 0.68942
vt 0.64352 0.67571
vt 0.81084 0.07075
vt 0.58901 0.94969
vt 0.65304 0.68468
vt 0.84541 0.6512
vt 0.51281 0.42085
vt 0.50563 0.41168
vt 0.06809 0.43258
vt 0.06965 0.432
vt 0.92338 0.14205
vt 0.81617 0.04467
vt 0.80785 0.01417
vt 0.23159 0.42365
vt 0.89304 0.29261
vt 0.20632 0.42649
vt 0.80277 0.15466
vt 0.78733 0.14357
vt 0.82518 0.1532
vt 0.81093 0.14285
vt 0.56215 0.44805
vt 0.9 0.27232
vt 0.55832 0.2677
vt 0.55747 0.2658
vt 0.56678 0.27949
vt 0.8543 0.61166
vt 0.85521 0.61192
vt 0.85884 0.60923
vt 0.20629 0.34465
vt 0.86588 0.60468
vt 0.23119 0.33566
vt 0.07097 0.32242
vt 0.33712 0.82891
vt 0.78668 0.24335
vt 0.77901 0.25549
vt 0.11272 0.80714
vt 0.11146 0.77413
vt 0.43418 0.26113
vt 0.64016 0.17295
vt 0.46806 0.0894
vt 0.28699 0.84474
vt 0.29897 0.84368
vt 0.28903 0.87271
vt 0.28855 0.86241
vt 0.27974 0.1665
vt 0.27996 0.15745
vt 0.27716 0.16439
vt 0.29622 0.8853
vt 0.43478 0.13291
vt 0.87833 0.11643
vt 0.88525 0.11173
vt 0.87538 0.10681
vt 0.67423 0.67504
vt 0.66657 0.67065
vt 0.66718 0.67808
vt 0.66251 0.6696
vt 0.66118 0.67439
vt 0.84678 0.64249
vt 0.65127 0.67426
vt 0.65134 0.68705
vt 0.53272 0.44132
vt 0.52226 0.43499
vt 0.51758 0.42788
vt 0.078 0.43557
vt 0.08192 0.4267
vt 0.81854 0.04947
vt 0.81427 0.02969
vt 0.21909 0.42687
vt 0.76813 0.14169
vt 0.75836 0.13987
vt 0.75406 0.14367
vt 0.76383 0.15202
vt 0.17153 0.4292
vt 0.85183 0.1542
vt 0.84568 0.14742
vt 0.84497 0.15158
vt 0.82965 0.15021
vt 0.58818 0.45612
vt 0.55948 0.26605
vt 0.5627 0.27307
vt 0.86603 0.61359
vt 0.86582 0.61236
vt 0.21907 0.33242
vt 0.60921 0.33738
vt 0.60884 0.31897
vt 0.74515 0.68683
vt 0.73738 0.68617
vt 0.39521 0.43745
vt 0.40133 0.44111
vt 0.1119 0.80081
vt 0.43894 0.28198
vt 0.69529 0.99721
vt 0.69879 0.97156
vt 0.69573 0.9556
vt 0.39762 0.01522
vt 0.98356 0.39936
vt 0.53502 0.63377
vt 0.50128 0.62427
vt 0.53166 0.62375
vt 0.10475 0.56516
vt 0.11671 0.56883
vt 0.61269 0.89687
vt 0.60668 0.86075
vt 0.46472 0.09005
vt 0.28563 0.84838
vt 0.43995 0.12025
vt 0.43172 0.11581
vt 0.28567 0.15416
vt 0.83182 0.02686
vt 0.8336 0.02619
vt 0.83636 0.01548
vt 0.94703 0.4838
vt 0.96934 0.48155
vt 0.9684 0.47679
vt 0.63186 0.6696
vt 0.68125 0.67254
vt 0.67342 0.66706
vt 0.84528 0.02007
vt 0.85023 0.64591
vt 0.59378 0.95044
vt 0.58326 0.95439
vt 0.65522 0.66926
vt 0.84208 0.65049
vt 0.85801 0.02208
vt 0.86201 0.02729
vt 0.86436 0.02866
vt 0.54173 0.44706
vt 0.22967 0.42757
vt 0.7528 0.13526
vt 0.73657 0.13468
vt 0.72946 0.13626
vt 0.72765 0.13453
vt 0.13249 0.43186
vt 0.14144 0.42112
vt 0.81859 0.04062
vt 0.81862 0.02555
vt 0.81698 0.0126
vt 0.20621 0.42846
vt 0.90227 0.29122
vt 0.51451 0.30934
vt 0.51247 0.28881
vt 0.90172 0.28039
vt 0.60024 0.44808
vt 0.57928 0.28084
vt 0.57685 0.27607
vt 0.58502 0.28735
vt 0.59375 0.29574
vt 0.20683 0.33119
vt 0.80839 0.29157
vt 0.82344 0.29459
vt 0.33213 0.835
vt 0.16817 0.32872
vt 0.14192 0.32657
vt 0.62737 0.3833
vt 0.07197 0.31866
vt 0.62748 0.37776
vt 0.0707 0.31496
vt 0.32633 0.81485
vt 0.71955 0.92099
vt 0.72414 0.92678
vt 0.71482 0.92487
vt 0.38998 0.44371
vt 0.11848 0.81778
vt 0.11651 0.79624
vt 0.11854 0.82304
vt 0.93943 0.62984
vt 0.95771 0.62802
vt 0.96934 0.6285
vt 0.69309 0.98676
vt 0.25276 0.1527
vt 0.2631 0.1589
vt 0.62221 0.1658
vt 0.12391 0.61446
vt 0.64543 0.88704
vt 0.46033 0.08301
vt 0.2897 0.88561
vt 0.84025 0.02257
vt 0.6339 0.66857
vt 0.6842 0.66615
vt 0.6823 0.66561
vt 0.85352 0.6493
vt 0.75391 0.13014
vt 0.73088 0.12879
vt 0.86756 0.03357
vt 0.77119 0.13305
vt 0.76941 0.13578
vt 0.87024 0.03409
vt 0.81887 0.04684
vt 0.50849 0.30886
vt 0.50788 0.32638
vt 0.51072 0.30446
vt 0.51018 0.30691
vt 0.83082 0.13843
vt 0.58343 0.27112
vt 0.874 0.61659
vt 0.8727 0.61504
vt 0.72287 0.76759
vt 0.72361 0.76573
vt 0.72828 0.76417
vt 0.62733 0.40387
vt 0.59792 0.29494
vt 0.32877 0.83797
vt 0.61391 0.33317
vt 0.2377 0.32738
vt 0.23406 0.32907
vt 0.61851 0.34721
vt 0.07382 0.31218
vt 0.12019 0.77243
vt 0.42755 0.26801
vt 0.68896 0.97759
vt 0.68834 0.95601
vt 0.13244 0.59475
vt 0.13021 0.61029
vt 0.13281 0.5764
vt 0.2829 0.15005
vt 0.42772 0.12577
vt 0.94078 0.47673
vt 0.9344 0.48706
vt 0.94525 0.49211
vt 0.66265 0.66239
vt 0.89388 0.11942
vt 0.88676 0.12439
vt 0.65052 0.66402
vt 0.85515 0.03425
vt 0.86538 0.03583
vt 0.84576 0.65557
vt 0.74445 0.12569
vt 0.7278 0.1277
vt 0.78965 0.13539
vt 0.74967 0.60052
vt 0.74957 0.61846
vt 0.74857 0.61024
vt 0.86715 0.03606
vt 0.82185 0.13507
vt 0.55223 0.45333
vt 0.84731 0.14061
vt 0.84466 0.1378
vt 0.51027 0.29851
vt 0.50914 0.28398
vt 0.90301 0.28916
vt 0.51904 0.27016
vt 0.50949 0.27566
vt 0.51032 0.27163
vt 0.59219 0.28295
vt 0.58794 0.27525
vt 0.72928 0.76147
vt 0.69527 0.76315
vt 0.70081 0.76027
vt 0.70904 0.76374
vt 0.60363 0.30521
vt 0.21938 0.32655
vt 0.13572 0.30693
vt 0.11196 0.30417
vt 0.07256 0.30879
vt 0.12202 0.80657
vt 0.12347 0.80856
vt 0.73748 0.69531
vt 0.13187 0.81479
vt 0.13076 0.78836
vt 0.12819 0.81722
vt 0.12587 0.82256
vt 0.42746 0.26516
vt 0.425 0.28572
vt 0.39041 0.0138
vt 0.38924 0.01232
vt 0.3808 0.00798
vt 0.95872 0.27825
vt 0.23978 0.1477
vt 0.6402 0.13118
vt 0.61763 0.89069
vt 0.27906 0.86455
vt 0.27791 0.84838
vt 0.43507 0.11603
vt 0.28861 0.14616
vt 0.87605 0.11898
vt 0.87698 0.13052
vt 0.87857 0.12414
vt 0.84475 0.0268
vt 0.8468 0.03679
vt 0.85172 0.03899
vt 0.68423 0.65965
vt 0.6821 0.66173
vt 0.64215 0.661
vt 0.84854 0.65582
vt 0.76373 0.1239
vt 0.86604 0.04732
vt 0.86802 0.04646
vt 0.18982 0.43461
vt 0.85233 0.13612
vt 0.84496 0.13514
vt 0.8602 0.13589
vt 0.81887 0.01696
vt 0.5082 0.27124
vt 0.61463 0.44574
vt 0.73512 0.76127
vt 0.62755 0.41622
vt 0.58541 0.26455
vt 0.71812 0.76374
vt 0.71978 0.76047
vt 0.71166 0.75038
vt 0.68311 0.76244
vt 0.32038 0.83111
vt 0.19446 0.31315
vt 0.66785 0.76324
vt 0.68527 0.7574
vt 0.65221 0.76391
vt 0.66729 0.7569
vt 0.23174 0.32275
vt 0.60393 0.76759
vt 0.64057 0.75469
vt 0.6369 0.76488
vt 0.08407 0.30153
vt 0.3832 0.43608
vt 0.38943 0.43826
vt 0.32541 0.80555
vt 0.12517 0.7954
vt 0.95855 0.6384
vt 0.67859 0.99268
vt 0.67872 0.98087
vt 0.92971 0.28172
vt 0.65503 0.13345
vt 0.13091 0.58608
vt 0.01415 0.13544
vt 0.61421 0.8441
vt 0.45657 0.08458
vt 0.04892 0.80806
vt 0.04454 0.81596
vt 0.04851 0.79839
vt 0.27907 0.88674
vt 0.28496 0.88875
vt 0.42128 0.12105
vt 0.87952 0.13095
vt 0.83944 0.03519
vt 0.85738 0.65328
vt 0.86327 0.66028
vt 0.89466 0.12661
vt 0.63366 0.66107
vt 0.85769 0.04355
vt 0.86648 0.05641
vt 0.80677 0.13462
vt 0.80515 0.12808
vt 0.84681 0.13193
vt 0.5654 0.46094
vt 0.6063 0.45813
vt 0.62754 0.42527
vt 0.7242 0.75223
vt 0.3229 0.83776
vt 0.57804 0.7594
vt 0.58745 0.75094
vt 0.59113 0.76352
vt 0.60371 0.73996
vt 0.66837 0.74525
vt 0.23782 0.31876
vt 0.21934 0.31181
vt 0.60663 0.75148
vt 0.62681 0.75194
vt 0.74554 0.69323
vt 0.93952 0.63901
vt 0.13564 0.794
vt 0.42096 0.29069
vt 0.67858 0.99737
vt 0.64277 0.88351
vt 0.44429 0.07277
vt 0.60785 0.83942
vt 0.45693 0.0825
vt 0.42553 0.10899
vt 0.66651 0.65293
vt 0.66197 0.65284
vt 0.65879 0.65743
vt 0.84298 0.04302
vt 0.68068 0.65429
vt 0.65125 0.65691
vt 0.64901 0.65779
vt 0.74175 0.11214
vt 0.73188 0.11425
vt 0.80486 0.12126
vt 0.77969 0.12318
vt 0.85595 0.1256
vt 0.86724 0.1298
vt 0.86232 0.12867
vt 0.86561 0.13964
vt 0.57908 0.4691
vt 0.59438 0.46607
vt 0.62749 0.43519
vt 0.73561 0.75551
vt 0.31848 0.83678
vt 0.20744 0.31898
vt 0.69182 0.7452
vt 0.1629 0.30932
vt 0.07469 0.30017
vt 0.74645 0.70188
vt 0.74284 0.70587
vt 0.12781 0.80573
vt 0.31467 0.81067
vt 0.31669 0.80325
vt 0.13106 0.77107
vt 0.13653 0.82185
vt 0.41627 0.26982
vt 0.67738 0.95578
vt 0.37983 0.01131
vt 0.62208 0.13623
vt 0.41595 0.46205
vt 0.36342 0.4612
vt 0.62269 0.85574
vt 0.26861 0.84937
vt 0.27816 0.8891
vt 0.87853 0.13952
vt 0.88122 0.14059
vt 0.63122 0.65345
vt 0.63164 0.66316
vt 0.83745 0.03697
vt 0.68285 0.65091
vt 0.85339 0.66221
vt 0.08242 0.45873
vt 0.07895 0.44748
vt 0.07168 0.45459
vt 0.84832 0.04791
vt 0.85435 0.05243
vt 0.74822 0.11421
vt 0.86126 0.05735
vt 0.81451 0.11914
vt 0.86809 0.05491
vt 0.86819 0.05795
vt 0.60744 0.47696
vt 0.61462 0.47225
vt 0.62726 0.4427
vt 0.64638 0.74466
vt 0.30998 0.82586
vt 0.73791 0.70653
vt 0.13348 0.80731
vt 0.13598 0.80524
vt 0.13751 0.81679
vt 0.41489 0.27269
vt 0.378 0.00973
vt 0.3645 0.00265
vt 0.36588 0.00132
vt 0.26368 0.10156
vt 0.00347 0.10758
vt 0.14855 0.56695
vt 0.14655 0.56893
vt 0.27219 0.87025
vt 0.04713 0.81701
vt 0.67906 0.65177
vt 0.65654 0.65109
vt 0.64082 0.64871
vt 0.64858 0.65028
vt 0.85794 0.66776
vt 0.77 0.11431
vt 0.86809 0.06342
vt 0.86814 0.12565
vt 0.31022 0.83651
vt 0.72373 0.74361
vt 0.23373 0.31072
vt 0.43357 0.95819
vt 0.44321 0.95784
vt 0.44327 0.97556
vt 0.43397 0.97708
vt 0.45232 0.97579
vt 0.67093 0.98042
vt 0.98544 0.35655
vt 0.23757 0.10517
vt 0.26705 0.11544
vt 0.63172 0.64828
vt 0.65894 0.64604
vt 0.39243 0.15248
vt 0.39169 0.15412
vt 0.40113 0.15689
vt 0.40182 0.15604
vt 0.21934 0.44578
vt 0.20624 0.43964
vt 0.20645 0.44978
vt 0.79884 0.11554
vt 0.85602 0.05627
vt 0.86098 0.06061
vt 0.81171 0.11524
vt 0.84689 0.11538
vt 0.86867 0.07057
vt 0.84712 0.11954
vt 0.85973 0.11915
vt 0.596 0.47858
vt 0.62735 0.47237
vt 0.62734 0.46208
vt 0.62748 0.45323
vt 0.73536 0.74298
vt 0.20786 0.31377
vt 0.14346 0.807
vt 0.30748 0.80235
vt 0.14036 0.78963
vt 0.20328 0.20341
vt 0.19412 0.19914
vt 0.2003 0.19643
vt 0.45059 0.9874
vt 0.40278 0.29196
vt 0.67047 0.99624
vt 0.64393 0.88511
vt 0.41641 0.10503
vt 0.26181 0.88923
vt 0.41484 0.11807
vt 0.6302 0.64176
vt 0.66573 0.63533
vt 0.38319 0.15402
vt 0.38908 0.1722
vt 0.65084 0.64672
vt 0.74938 0.8453
vt 0.7484 0.83925
vt 0.74507 0.84344
vt 0.41016 0.1608
vt 0.7805 0.11386
vt 0.41091 0.15866
vt 0.4149 0.16186
vt 0.41497 0.15854
vt 0.85218 0.1166
vt 0.86639 0.11982
vt 0.5567 0.7529
vt 0.54895 0.7302
vt 0.56577 0.75552
vt 0.56967 0.72808
vt 0.62011 0.74099
vt 0.91704 0.46492
vt 0.91151 0.44481
vt 0.92078 0.43835
vt 0.90835 0.5397
vt 0.90979 0.5354
vt 0.91823 0.53997
vt 0.92348 0.41506
vt 0.9179 0.38485
vt 0.92724 0.38795
vt 0.91846 0.37817
vt 0.92781 0.37871
vt 0.74829 0.71063
vt 0.14531 0.80447
vt 0.29775 0.81016
vt 0.18463 0.19426
vt 0.40088 0.27592
vt 0.67 0.95688
vt 0.67531 0.95453
vt 0.3614 0.00429
vt 0.40903 0.2581
vt 0.38673 0.22597
vt 0.41143 0.26716
vt 0.1742 0.61785
vt 0.02642 0.10747
vt 0.29223 0.13948
vt 0.30384 0.1262
vt 0.30087 0.12493
vt 0.40896 0.10526
vt 0.29763 0.7809
vt 0.27783 0.76662
vt 0.2972 0.757
vt 0.66256 0.64252
vt 0.86638 0.66581
vt 0.77148 0.10008
vt 0.60912 0.48588
vt 0.61792 0.48237
vt 0.61976 0.48083
vt 0.53921 0.74796
vt 0.54677 0.75002
vt 0.67847 0.73522
vt 0.91175 0.50925
vt 0.90469 0.509
vt 0.91403 0.49595
vt 0.90711 0.48258
vt 0.1532 0.81257
vt 0.45376 0.95752
vt 0.44306 0.07395
vt 0.25679 0.85238
vt 0.25554 0.84849
vt 0.04338 0.82928
vt 0.25975 0.88184
vt 0.25853 0.87004
vt 0.88001 0.14714
vt 0.88355 0.15084
vt 0.80531 0.10461
vt 0.78812 0.10095
vt 0.84512 0.11264
vt 0.83074 0.11063
vt 0.86681 0.11335
vt 0.85806 0.11013
vt 0.61842 0.49029
vt 0.62607 0.48992
vt 0.62674 0.4795
vt 0.71646 0.73445
vt 0.69179 0.73674
vt 0.91179 0.52101
vt 0.89718 0.51708
vt 0.90027 0.53891
vt 0.89972 0.53144
vt 0.89911 0.52107
vt 0.90794 0.38182
vt 0.90932 0.37788
vt 0.19731 0.22024
vt 0.18123 0.21673
vt 0.15133 0.79245
vt 0.15244 0.80457
vt 0.15212 0.82019
vt 0.3983 0.27273
vt 0.40107 0.29583
vt 0.66165 0.99684
vt 0.66153 0.98282
vt 0.36415 0.00758
vt 0.66102 0.12283
vt 0.65895 0.09355
vt 0.17085 0.61127
vt 0.18116 0.60198
vt 0.63632 0.87222
vt 0.38068 0.16595
vt 0.38043 0.17499
vt 0.63287 0.63755
vt 0.68068 0.63394
vt 0.66111 0.63559
vt 0.68328 0.63317
vt 0.65587 0.63664
vt 0.6504 0.6337
vt 0.64838 0.63603
vt 0.64147 0.63637
vt 0.86424 0.68002
vt 0.75385 0.09993
vt 0.74201 0.09758
vt 0.73215 0.10787
vt 0.8177 0.10467
vt 0.84961 0.10791
vt 0.62171 0.49204
vt 0.51992 0.74192
vt 0.51359 0.72319
vt 0.52877 0.74453
vt 0.73362 0.72335
vt 0.61997 0.7296
vt 0.76042 0.26974
vt 0.75397 0.27303
vt 0.75486 0.2762
vt 0.90624 0.395
vt 0.91039 0.37627
vt 0.74879 0.71864
vt 0.74155 0.72111
vt 0.15294 0.80687
vt 0.29734 0.80235
vt 0.74046 0.72255
vt 0.18383 0.19767
vt 0.66093 0.95517
vt 0.3637 0.00955
vt 0.4943 0.58828
vt 0.44888 0.58688
vt 0.52637 0.58729
vt 0.0021 0.09292
vt 0.89675 0.14922
vt 0.88844 0.13838
vt 0.88992 0.14985
vt 0.87191 0.67722
vt 0.73246 0.09679
vt 0.71883 0.51258
vt 0.70413 0.49847
vt 0.72981 0.49468
vt 0.62606 0.49392
vt 0.51004 0.73875
vt 0.69354 0.71462
vt 0.65136 0.72523
vt 0.89696 0.50861
vt 0.89955 0.47237
vt 0.2862 0.82141
vt 0.90246 0.43436
vt 0.35666 0.4403
vt 0.35516 0.43565
vt 0.36215 0.43623
vt 0.02988 0.10265
vt 0.28913 0.11206
vt 0.28423 0.0958
vt 0.27814 0.10136
vt 0.30625 0.11854
vt 0.29667 0.1193
vt 0.40733 0.10258
vt 0.84653 0.10007
vt 0.41478 0.16798
vt 0.72306 0.4159
vt 0.71803 0.41643
vt 0.71991 0.41225
vt 0.49026 0.72996
vt 0.49247 0.72819
vt 0.4926 0.73338
vt 0.49731 0.72818
vt 0.50299 0.73666
vt 0.60391 0.72297
vt 0.27679 0.80832
vt 0.46364 0.97557
vt 0.37535 0.29024
vt 0.19265 0.57752
vt 0.42474 0.05973
vt 0.27612 0.09854
vt 0.29306 0.1036
vt 0.88497 0.16486
vt 0.64127 0.62497
vt 0.64973 0.62035
vt 0.75244 0.09369
vt 0.73431 0.0922
vt 0.40868 0.19797
vt 0.80824 0.09562
vt 0.82837 0.0971
vt 0.85544 0.09815
vt 0.86935 0.10087
vt 0.86686 0.10154
vt 0.70922 0.4436
vt 0.71168 0.43553
vt 0.72701 0.42943
vt 0.71467 0.42651
vt 0.71711 0.41489
vt 0.28608 0.57928
vt 0.28749 0.58309
vt 0.28477 0.58261
vt 0.50414 0.72549
vt 0.52587 0.72011
vt 0.73484 0.72238
vt 0.72782 0.72221
vt 0.59969 0.72133
vt 0.29022 0.83161
vt 0.88888 0.53901
vt 0.88878 0.53239
vt 0.89083 0.52067
vt 0.75028 0.73792
vt 0.16002 0.81178
vt 0.28439 0.80544
vt 0.38989 0.27448
vt 0.38929 0.27641
vt 0.64925 0.98636
vt 0.93076 0.23618
vt 0.61162 0.09502
vt 0.35855 0.46251
vt 0.56344 0.00478
vt 0.55802 0.027
vt 0.56524 0.00587
vt 0.3042 0.10912
vt 0.3158 0.11211
vt 0.66243 0.62839
vt 0.63114 0.6248
vt 0.66598 0.6275
vt 0.65913 0.62904
vt 0.64681 0.62177
vt 0.8489 0.09755
vt 0.2913 0.57813
vt 0.29916 0.58442
vt 0.73279 0.718
vt 0.71796 0.71704
vt 0.28929 0.83733
vt 0.68346 0.71383
vt 0.61535 0.71929
vt 0.89089 0.48564
vt 0.74765 0.28583
vt 0.90102 0.37685
vt 0.15916 0.82151
vt 0.46985 0.98615
vt 0.46743 0.9569
vt 0.38796 0.2951
vt 0.65081 0.99706
vt 0.65102 0.97215
vt 0.64993 0.9565
vt 0.6432 0.95439
vt 0.34609 0.01013
vt 0.91425 0.22268
vt 0.23982 0.10605
vt 0.17679 0.5853
vt 0.64891 0.89005
vt 0.65623 0.89569
vt 0.3981 0.11354
vt 0.87467 0.69153
vt 0.86954 0.69264
vt 0.65594 0.61975
vt 0.74465 0.08217
vt 0.73315 0.08471
vt 0.77294 0.08502
vt 0.79848 0.08806
vt 0.84341 0.09551
vt 0.81441 0.08903
vt 0.54223 0.71582
vt 0.55763 0.71101
vt 0.64479 0.71796
vt 0.88697 0.50835
vt 0.88631 0.43141
vt 0.88823 0.40147
vt 0.16285 0.80582
vt 0.64321 0.88022
vt 0.6451 0.86163
vt 0.64742 0.85188
vt 0.29058 0.08742
vt 0.2905 0.08449
vt 0.66619 0.61925
vt 0.68257 0.62193
vt 0.67837 0.62014
vt 0.73588 0.08123
vt 0.75909 0.08377
vt 0.9755 0.92063
vt 0.97279 0.90926
vt 0.97932 0.90633
vt 0.97525 0.93228
vt 0.97186 0.92822
vt 0.97672 0.92615
vt 0.97518 0.94382
vt 0.96947 0.93642
vt 0.86121 0.09389
vt 0.29962 0.5729
vt 0.30865 0.5852
vt 0.70404 0.71775
vt 0.28757 0.83335
vt 0.28841 0.82806
vt 0.416 0.81433
vt 0.41066 0.81186
vt 0.41276 0.80173
vt 0.08636 0.97524
vt 0.08396 0.97215
vt 0.08192 0.9655
vt 0.88295 0.48873
vt 0.40227 0.75521
vt 0.40078 0.73665
vt 0.41582 0.73877
vt 0.88926 0.37588
vt 0.28212 0.81615
vt 0.7541 0.72609
vt 0.75542 0.73662
vt 0.17169 0.80453
vt 0.17076 0.82139
vt 0.16473 0.19207
vt 0.37898 0.29392
vt 0.95396 0.2395
vt 0.28908 0.08312
vt 0.28652 0.08298
vt 0.26794 0.10206
vt 0.29696 0.08914
vt 0.31789 0.10708
vt 0.3806 0.18501
vt 0.3825 0.19211
vt 0.66232 0.61905
vt 0.66009 0.61964
vt 0.6383 0.61718
vt 0.86662 0.69484
vt 0.86476 0.68753
vt 0.38988 0.18788
vt 0.9733 0.89159
vt 0.80703 0.08684
vt 0.97393 0.94588
vt 0.96539 0.94024
vt 0.56838 0.70742
vt 0.72753 0.7153
vt 0.28442 0.83797
vt 0.42466 0.414
vt 0.41782 0.41326
vt 0.41674 0.41815
vt 0.42518 0.41229
vt 0.43826 0.4112
vt 0.07646 0.97305
vt 0.0814 0.96789
vt 0.88432 0.46046
vt 0.06326 0.97451
vt 0.07014 0.96192
vt 0.07878 0.9598
vt 0.88884 0.38351
vt 0.17258 0.80641
vt 0.17041 0.81164
vt 0.17007 0.81663
vt 0.16445 0.19572
vt 0.37626 0.27282
vt 0.37378 0.27412
vt 0.64326 0.99736
vt 0.63948 0.97201
vt 0.34008 0.00923
vt 0.63951 0.83942
vt 0.55475 0.03111
vt 0.39076 0.10216
vt 0.63079 0.61619
vt 0.68119 0.618
vt 0.64654 0.61696
vt 0.97467 0.87591
vt 0.97254 0.8691
vt 0.97512 0.85064
vt 0.79189 0.08509
vt 0.96031 0.9272
vt 0.41323 0.19412
vt 0.96524 0.94697
vt 0.58305 0.70279
vt 0.72353 0.71396
vt 0.70756 0.71171
vt 0.88098 0.50815
vt 0.43609 0.42006
vt 0.88118 0.53877
vt 0.87873 0.53069
vt 0.88133 0.51992
vt 0.05575 0.97505
vt 0.04828 0.97512
vt 0.7597 0.73589
vt 0.07679 0.95466
vt 0.07614 0.95091
vt 0.33851 0.97412
vt 0.33693 0.96957
vt 0.34763 0.96914
vt 0.16279 0.21606
vt 0.47991 0.98321
vt 0.64077 0.9555
vt 0.31158 0.00298
vt 0.95932 0.22483
vt 0.62507 0.1133
vt 0.18606 0.61406
vt 0.4493 0.58829
vt 0.39192 0.09941
vt 0.31171 0.09872
vt 0.97618 0.8141
vt 0.9712 0.8122
vt 0.98007 0.81193
vt 0.96913 0.84942
vt 0.97591 0.83702
vt 0.96537 0.88466
vt 0.95899 0.91833
vt 0.9588 0.90719
vt 0.95988 0.94744
vt 0.96161 0.94204
vt 0.83848 0.34709
vt 0.8196 0.33619
vt 0.82834 0.33208
vt 0.83924 0.32675
vt 0.82066 0.33161
vt 0.71843 0.71077
vt 0.42419 0.83277
vt 0.41941 0.83084
vt 0.42507 0.82747
vt 0.42267 0.42549
vt 0.42692 0.42594
vt 0.41696 0.4237
vt 0.60339 0.69644
vt 0.33997 0.44536
vt 0.33516 0.44698
vt 0.33644 0.43967
vt 0.47573 0.95589
vt 0.47868 0.95892
vt 0.47815 0.97559
vt 0.63699 0.9856
vt 0.37449 0.19741
vt 0.37694 0.20471
vt 0.97574 0.3606
vt 0.98299 0.35213
vt 0.18879 0.56719
vt 0.18978 0.56901
vt 0.02702 0.09839
vt 0.57973 0.03876
vt 0.59603 0.03941
vt 0.59721 0.02962
vt 0.3206 0.10787
vt 0.39082 0.11328
vt 0.8746 0.70361
vt 0.68217 0.61163
vt 0.75313 0.80339
vt 0.74757 0.80276
vt 0.74693 0.81534
vt 0.96196 0.83429
vt 0.39403 0.19875
vt 0.97245 0.88407
vt 0.95428 0.94602
vt 0.95749 0.93664
vt 0.71387 0.70813
vt 0.67269 0.70315
vt 0.8697 0.50727
vt 0.65474 0.70065
vt 0.86624 0.48352
vt 0.87524 0.53866
vt 0.88488 0.39962
vt 0.46201 0.41181
vt 0.45319 0.41051
vt 0.45795 0.41741
vt 0.75606 0.7444
vt 0.4703 0.41068
vt 0.03111 0.9744
vt 0.0429 0.96652
vt 0.17175 0.79335
vt 0.17774 0.8041
vt 0.06016 0.95498
vt 0.07146 0.95181
vt 0.47713 0.95151
vt 0.62934 0.95566
vt 0.34392 0.01167
vt 0.92305 0.21942
vt 0.60938 0.09631
vt 0.64791 0.84118
vt 0.2899 0.07741
vt 0.29637 0.08326
vt 0.29564 0.08015
vt 0.88719 0.17197
vt 0.889 0.1774
vt 0.88915 0.17126
vt 0.66566 0.61154
vt 0.66159 0.61042
vt 0.63342 0.60898
vt 0.65559 0.60644
vt 0.64203 0.60557
vt 0.65113 0.60428
vt 0.64932 0.60408
vt 0.9762 0.82277
vt 0.95707 0.84143
vt 0.95524 0.89013
vt 0.95413 0.9436
vt 0.80558 0.33742
vt 0.80973 0.32189
vt 0.70494 0.70468
vt 0.6838 0.70213
vt 0.4327 0.42782
vt 0.4377 0.42969
vt 0.42358 0.77477
vt 0.41835 0.76152
vt 0.4296 0.74855
vt 0.86799 0.44779
vt 0.87313 0.51996
vt 0.18209 0.80712
vt 0.32817 0.44299
vt 0.18413 0.81362
vt 0.36539 0.27136
vt 0.04984 0.95633
vt 0.48268 0.96718
vt 0.19166 0.57172
vt 0.64955 0.88325
vt 0.6511 0.87498
vt 0.41899 0.05633
vt 0.41784 0.05961
vt 0.29182 0.07921
vt 0.38496 0.11454
vt 0.66664 0.59905
vt 0.86787 0.70408
vt 0.74619 0.80728
vt 0.74453 0.80225
vt 0.74433 0.80552
vt 0.9628 0.82092
vt 0.95727 0.86698
vt 0.95692 0.85179
vt 0.954 0.90627
vt 0.41339 0.19724
vt 0.95391 0.93088
vt 0.95688 0.9236
vt 0.78333 0.32884
vt 0.32828 0.57711
vt 0.35372 0.56993
vt 0.35343 0.58688
vt 0.70076 0.70381
vt 0.6985 0.70381
vt 0.596 0.69852
vt 0.61249 0.69801
vt 0.86944 0.5383
vt 0.4516 0.42257
vt 0.46304 0.42377
vt 0.87721 0.37609
vt 0.88265 0.37581
vt 0.87758 0.37229
vt 0.33806 0.45155
vt 0.32579 0.45465
vt 0.76559 0.74618
vt 0.1796 0.8209
vt 0.02498 0.97524
vt 0.02259 0.97277
vt 0.48811 0.95206
vt 0.4888 0.96296
vt 0.14591 0.19114
vt 0.36687 0.26891
vt 0.02914 0.9659
vt 0.03584 0.96066
vt 0.03981 0.95673
vt 0.35799 0.28948
vt 0.62579 0.99727
vt 0.33279 0.01379
vt 0.30971 0.09082
vt 0.37307 0.10559
vt 0.32742 0.11721
vt 0.33182 0.10108
vt 0.32055 0.11091
vt 0.89309 0.18049
vt 0.63187 0.60322
vt 0.39136 0.2115
vt 0.66147 0.60515
vt 0.63426 0.60124
vt 0.68114 0.6085
vt 0.75702 0.80342
vt 0.75361 0.80967
vt 0.96354 0.81185
vt 0.41444 0.19846
vt 0.95403 0.92371
vt 0.95374 0.91525
vt 0.94689 0.94645
vt 0.94128 0.94354
vt 0.4321 0.80975
vt 0.4299 0.80801
vt 0.43285 0.7974
vt 0.69658 0.70165
vt 0.45095 0.42927
vt 0.44704 0.43199
vt 0.86718 0.46492
vt 0.49709 0.98245
vt 0.15403 0.21576
vt 0.14429 0.19391
vt 0.47862 0.41449
vt 0.47874 0.41057
vt 0.47628 0.4122
vt 0.49645 0.97486
vt 0.48349 0.89965
vt 0.48609 0.90026
vt 0.4829 0.9086
vt 0.47821 0.9404
vt 0.49452 0.93966
vt 0.35878 0.27948
vt 0.35582 0.28788
vt 0.62552 0.98639
vt 0.6255 0.96721
vt 0.26655 0.08316
vt 0.62052 0.09376
vt 0.18939 0.61793
vt 0.29495 0.0746
vt 0.3035 0.07795
vt 0.37771 0.10072
vt 0.32277 0.10154
vt 0.32619 0.10282
vt 0.33755 0.10415
vt 0.98004 0.14773
vt 0.9603 0.14212
vt 0.96033 0.15569
vt 0.38736 0.20422
vt 0.68087 0.60185
vt 0.66216 0.59873
vt 0.64379 0.59731
vt 0.6842 0.60786
vt 0.68372 0.60283
vt 0.65636 0.59739
vt 0.95689 0.82201
vt 0.95667 0.81189
vt 0.76103 0.79853
vt 0.75725 0.79846
vt 0.95247 0.86672
vt 0.40965 0.20442
vt 0.95041 0.92536
vt 0.94327 0.93697
vt 0.94186 0.94618
vt 0.50972 0.55247
vt 0.49884 0.55388
vt 0.51808 0.54943
vt 0.43838 0.83088
vt 0.43689 0.82095
vt 0.44321 0.82801
vt 0.43478 0.81122
vt 0.4376 0.81111
vt 0.43637 0.80216
vt 0.8635 0.50692
vt 0.67734 0.70098
vt 0.45665 0.43133
vt 0.45117 0.43261
vt 0.46457 0.29448
vt 0.4628 0.29844
vt 0.4628 0.29235
vt 0.45336 0.43231
vt 0.45574 0.43388
vt 0.86533 0.53777
vt 0.86616 0.53107
vt 0.86491 0.51939
vt 0.42809 0.70008
vt 0.4248 0.69821
vt 0.42968 0.69548
vt 0.4223 0.69556
vt 0.47204 0.42001
vt 0.32161 0.44994
vt 0.18555 0.80499
vt 0.19237 0.80783
vt 0.76228 0.75092
vt 0.10854 0.99158
vt 0.10698 0.98013
vt 0.11987 0.98057
vt 0.48955 0.98612
vt 0.1847 0.82164
vt 0.36144 0.26656
vt 0.35934 0.26749
vt 0.05359 0.981
vt 0.05004 0.97805
vt 0.05262 0.97698
vt 0.49392 0.93661
vt 0.49455 0.91032
vt 0.47956 0.93084
vt 0.49439 0.92142
vt 0.4811 0.9215
vt 0.32821 0.01461
vt 0.23994 0.09066
vt 0.19162 0.58842
vt 0.66967 0.89242
vt 0.66025 0.86521
vt 0.65756 0.88293
vt 0.55214 0.02961
vt 0.54809 0.0357
vt 0.65442 0.84011
vt 0.55211 0.0406
vt 0.2929 0.07353
vt 0.55457 0.04098
vt 0.55717 0.03241
vt 0.30102 0.0769
vt 0.30887 0.07825
vt 0.3754 0.11831
vt 0.65051 0.598
vt 0.40375 0.20995
vt 0.17287 0.08338
vt 0.1749 0.09319
vt 0.1534 0.09431
vt 0.95639 0.83327
vt 0.94603 0.89485
vt 0.94362 0.92512
vt 0.9375 0.94597
vt 0.71878 0.40897
vt 0.71767 0.40193
vt 0.71289 0.40983
vt 0.71308 0.41172
vt 0.43452 0.7828
vt 0.43657 0.7726
vt 0.43486 0.74051
vt 0.46061 0.43416
vt 0.43337 0.72389
vt 0.63594 0.69882
vt 0.46609 0.43311
vt 0.86573 0.53997
vt 0.43537 0.69556
vt 0.4711 0.42725
vt 0.86983 0.40806
vt 0.87036 0.38455
vt 0.8724 0.37452
vt 0.47874 0.42362
vt 0.14497 0.21503
vt 0.05224 0.99025
vt 0.04331 0.98429
vt 0.62464 0.95548
vt 0.3144 0.00422
vt 0.67044 0.88654
vt 0.65639 0.8741
vt 0.65937 0.85461
vt 0.5453 0.0445
vt 0.32645 0.08733
vt 0.63373 0.59383
vt 0.24996 0.99666
vt 0.24837 0.99363
vt 0.2571 0.99651
vt 0.25731 0.99957
vt 0.25621 0.96516
vt 0.25072 0.95722
vt 0.25698 0.95858
vt 0.39715 0.2159
vt 0.20977 0.08676
vt 0.21068 0.09479
vt 0.20902 0.09134
vt 0.95162 0.80843
vt 0.9593 0.80888
vt 0.94436 0.83491
vt 0.51262 0.02854
vt 0.52526 0.02145
vt 0.53372 0.02969
vt 0.53543 0.02319
vt 0.9474 0.85008
vt 0.51787 0.02021
vt 0.93918 0.87969
vt 0.51145 0.0184
vt 0.51202 0.0158
vt 0.51835 0.01854
vt 0.50847 0.01446
vt 0.50943 0.01312
vt 0.94083 0.91428
vt 0.50676 0.00912
vt 0.9388 0.9303
vt 0.44762 0.83337
vt 0.44948 0.83087
vt 0.451 0.8188
vt 0.44544 0.81146
vt 0.45948 0.5634
vt 0.47869 0.55034
vt 0.4896 0.56127
vt 0.45098 0.77942
vt 0.4432 0.75765
vt 0.44302 0.73803
vt 0.86766 0.43048
vt 0.61635 0.69644
vt 0.39301 0.58644
vt 0.40105 0.58549
vt 0.40054 0.58643
vt 0.47486 0.43197
vt 0.47786 0.43126
vt 0.49993 0.98617
vt 0.19225 0.81407
vt 0.19053 0.82326
vt 0.35495 0.26317
vt 0.49624 0.95536
vt 0.49682 0.96587
vt 0.4948 0.90123
vt 0.49443 0.9225
vt 0.34792 0.2841
vt 0.62365 0.99788
vt 0.6223 0.97962
vt 0.94679 0.21622
vt 0.66182 0.09058
vt 0.64358 0.09416
vt 0.1944 0.60632
vt 0.66863 0.88908
vt 0.66137 0.8409
vt 0.30535 0.07152
vt 0.66599 0.59516
vt 0.66206 0.59455
vt 0.25324 0.98052
vt 0.25535 0.94829
vt 0.87392 0.7119
vt 0.86996 0.72304
vt 0.86689 0.71068
vt 0.25576 0.97091
vt 0.24686 0.96581
vt 0.24444 0.96364
vt 0.95073 0.82127
vt 0.93999 0.81156
vt 0.50563 0.019
vt 0.93938 0.85041
vt 0.93807 0.91122
vt 0.92958 0.3662
vt 0.92958 0.3775
vt 0.9287 0.37216
vt 0.93804 0.92449
vt 0.94015 0.92306
vt 0.93654 0.93756
vt 0.93115 0.94033
vt 0.34765 0.50332
vt 0.35532 0.52459
vt 0.34003 0.52179
vt 0.71571 0.39359
vt 0.45127 0.83372
vt 0.37007 0.57976
vt 0.38771 0.56519
vt 0.84874 0.48095
vt 0.85934 0.428
vt 0.85597 0.539
vt 0.8542 0.53732
vt 0.8554 0.52989
vt 0.85695 0.51938
vt 0.85997 0.41382
vt 0.4419 0.72554
vt 0.43536 0.70781
vt 0.43505 0.69818
vt 0.44413 0.69911
vt 0.86218 0.3751
vt 0.86676 0.37298
vt 0.6039 0.69548
vt 0.7754 0.75045
vt 0.77171 0.7565
vt 0.12707 0.99705
vt 0.12114 0.99771
vt 0.12808 0.9938
vt 0.12617 0.97994
vt 0.1201 0.97572
vt 0.12617 0.97691
vt 0.03946 0.9987
vt 0.04124 0.99158
vt 0.14186 0.19916
vt 0.61482 0.97946
vt 0.62225 0.95654
vt 0.31759 0.01504
vt 0.98557 0.33912
vt 0.23739 0.08781
vt 0.26397 0.08351
vt 0.00126 0.09004
vt 0.00341 0.09082
vt 0.44605 0.5882
vt 0.01956 0.09048
vt 0.0274 0.08951
vt 0.66874 0.84208
vt 0.29486 0.06831
vt 0.36185 0.10432
vt 0.3315 0.0976
vt 0.3327 0.09317
vt 0.36829 0.12168
vt 0.86398 0.71794
vt 0.53081 0.03717
vt 0.93785 0.82068
vt 0.94025 0.80863
vt 0.49963 0.01918
vt 0.49801 0.01775
vt 0.79636 0.70016
vt 0.7983 0.70683
vt 0.79141 0.70937
vt 0.79955 0.71589
vt 0.93658 0.88815
vt 0.80171 0.70554
vt 0.93492 0.92584
vt 0.93018 0.9455
vt 0.32341 0.5235
vt 0.34892 0.53421
vt 0.33348 0.42677
vt 0.33525 0.42354
vt 0.33525 0.43223
vt 0.46073 0.8371
vt 0.45472 0.83597
vt 0.45664 0.8329
vt 0.46027 0.82834
vt 0.45717 0.82426
vt 0.4512 0.81035
vt 0.45853 0.81313
vt 0.44916 0.81111
vt 0.45102 0.79833
vt 0.447 0.70701
vt 0.19379 0.80541
vt 0.20367 0.80636
vt 0.20435 0.80857
vt 0.05359 0.99809
vt 0.13864 0.19114
vt 0.50937 0.96862
vt 0.39788 0.93206
vt 0.4005 0.92886
vt 0.40526 0.93152
vt 0.34148 0.27921
vt 0.61674 0.997
vt 0.61705 0.95814
vt 0.6115 0.95655
vt 0.31628 0.01989
vt 0.37183 0.20146
vt 0.97504 0.33225
vt 0.19374 0.61721
vt 0.54831 0.05216
vt 0.55087 0.05229
vt 0.3111 0.07131
vt 0.3097 0.06936
vt 0.35753 0.10915
vt 0.24553 0.9771
vt 0.25311 0.97661
vt 0.24662 0.97496
vt 0.23677 0.99231
vt 0.24326 0.98
vt 0.24576 0.94769
vt 0.24019 0.96859
vt 0.23985 0.9956
vt 0.49069 0.02843
vt 0.80137 0.69831
vt 0.93747 0.83959
vt 0.93624 0.85525
vt 0.9352 0.90311
vt 0.80517 0.71416
vt 0.80108 0.72189
vt 0.92251 0.92399
vt 0.92522 0.9365
vt 0.92042 0.94679
vt 0.91964 0.9443
vt 0.47551 0.83522
vt 0.46924 0.83535
vt 0.47607 0.83339
vt 0.46742 0.83204
vt 0.46209 0.83379
vt 0.71365 0.38477
vt 0.46365 0.82364
vt 0.45859 0.79001
vt 0.45345 0.77856
vt 0.43942 0.56531
vt 0.42007 0.57044
vt 0.40719 0.56498
vt 0.69779 0.41582
vt 0.78585 0.75511
vt 0.13549 0.99495
vt 0.1295 0.96369
vt 0.1333 0.96915
vt 0.12449 0.96957
vt 0.30868 0.45656
vt 0.31064 0.45001
vt 0.3165 0.45237
vt 0.20997 0.81467
vt 0.20688 0.82375
vt 0.19964 0.82215
vt 0.51157 0.98514
vt 0.12392 0.97477
vt 0.12827 0.97414
vt 0.34801 0.25446
vt 0.34613 0.25525
vt 0.50455 0.95869
vt 0.37319 0.97348
vt 0.35488 0.9688
vt 0.37934 0.96022
vt 0.50634 0.91147
vt 0.33237 0.26958
vt 0.50892 0.93093
vt 0.40842 0.92839
vt 0.98285 0.33513
vt 0.60924 0.09436
vt 0.30211 0.05856
vt 0.32222 0.07866
vt 0.33698 0.09353
vt 0.97967 0.13479
vt 0.96008 0.12079
vt 0.95967 0.13346
vt 0.5289 0.04561
vt 0.52594 0.04476
vt 0.52738 0.04292
vt 0.98965 0.76625
vt 0.99182 0.75584
vt 0.98512 0.75347
vt 0.24253 0.95618
vt 0.49043 0.0379
vt 0.85581 0.73354
vt 0.48859 0.01994
vt 0.8014 0.69242
vt 0.93271 0.86102
vt 0.81089 0.71345
vt 0.92261 0.89228
vt 0.81075 0.71915
vt 0.80157 0.72622
vt 0.80955 0.73239
vt 0.80195 0.73546
vt 0.92083 0.90791
vt 0.80212 0.74188
vt 0.91908 0.92853
vt 0.9192 0.93337
vt 0.90963 0.94744
vt 0.90982 0.94553
vt 0.90629 0.94011
vt 0.47435 0.82721
vt 0.71188 0.37613
vt 0.46908 0.81396
vt 0.46242 0.77477
vt 0.45833 0.75663
vt 0.43609 0.54978
vt 0.45087 0.75295
vt 0.45246 0.73434
vt 0.84843 0.45481
vt 0.84912 0.42427
vt 0.04725 0.17664
vt 0.06101 0.17668
vt 0.05033 0.1856
vt 0.8486 0.41013
vt 0.45292 0.70765
vt 0.45024 0.6983
vt 0.84914 0.38318
vt 0.84944 0.37412
vt 0.85495 0.37271
vt 0.78204 0.76111
vt 0.33829 0.25166
vt 0.03853 0.99838
vt 0.50191 0.90047
vt 0.509 0.94108
vt 0.50574 0.94978
vt 0.61031 0.99756
vt 0.60118 0.99258
vt 0.60967 0.96048
vt 0.95829 0.20394
vt 0.18125 0.50454
vt 0.18988 0.51976
vt 0.18927 0.49874
vt 0.23852 0.0847
vt 0.64221 0.09074
vt 0.61737 0.09119
vt 0.60954 0.09082
vt 0.20091 0.61429
vt 0.19834 0.60287
vt 0.00118 0.08108
vt 0.17575 0.29494
vt 0.1927 0.29452
vt 0.1841 0.29238
vt 0.30487 0.46076
vt 0.67691 0.88242
vt 0.68197 0.88298
vt 0.68288 0.85705
vt 0.31109 0.06512
vt 0.31451 0.06646
vt 0.33565 0.09089
vt 0.95799 0.12623
vt 0.9005 0.19643
vt 0.90035 0.19967
vt 0.90478 0.20322
vt 0.50423 0.0434
vt 0.51927 0.04269
vt 0.23993 0.97448
vt 0.23329 0.94872
vt 0.86428 0.73373
vt 0.22822 0.96499
vt 0.22916 0.96278
vt 0.48147 0.02666
vt 0.48349 0.02186
vt 0.80444 0.68812
vt 0.8084 0.69009
vt 0.76252 0.79347
vt 0.77109 0.78692
vt 0.76165 0.78572
vt 0.81445 0.69425
vt 0.9348 0.83504
vt 0.92941 0.83787
vt 0.81109 0.70702
vt 0.92347 0.88412
vt 0.91806 0.92567
vt 0.71878 0.36518
vt 0.70506 0.36145
vt 0.71645 0.36911
vt 0.90518 0.93158
vt 0.90308 0.92525
vt 0.47542 0.81869
vt 0.47212 0.81272
vt 0.47174 0.78878
vt 0.46494 0.77128
vt 0.4666 0.76161
vt 0.06057 0.16259
vt 0.0725 0.17582
vt 0.46263 0.72791
vt 0.45135 0.71944
vt 0.45614 0.72145
vt 0.45625 0.69895
vt 0.44512 0.69577
vt 0.45719 0.69653
vt 0.68951 0.4159
vt 0.14337 0.99427
vt 0.13682 0.97917
vt 0.13631 0.96415
vt 0.13802 0.97412
vt 0.13587 0.95514
vt 0.13104 0.94755
vt 0.14073 0.94763
vt 0.13394 0.97551
vt 0.21125 0.80754
vt 0.13399 0.21404
vt 0.12588 0.19133
vt 0.34103 0.24899
vt 0.51004 0.9507
vt 0.51276 0.95964
vt 0.50884 0.90051
vt 0.50856 0.92238
vt 0.60284 0.97806
vt 0.1983 0.61791
vt 0.20201 0.60959
vt 0.02246 0.06941
vt 0.67308 0.89669
vt 0.29675 0.06258
vt 0.36001 0.12666
vt 0.23582 0.97671
vt 0.24218 0.94664
vt 0.2293 0.9952
vt 0.80826 0.68196
vt 0.93146 0.82159
vt 0.93084 0.81285
vt 0.7807 0.78547
vt 0.77815 0.78213
vt 0.91907 0.84757
vt 0.9218 0.87227
vt 0.81697 0.72038
vt 0.81785 0.7439
vt 0.80358 0.74414
vt 0.91726 0.89443
vt 0.91773 0.879
vt 0.91515 0.92395
vt 0.90563 0.9021
vt 0.47519 0.81205
vt 0.89927 0.89817
vt 0.47519 0.78456
vt 0.47116 0.77602
vt 0.74358 0.02839
vt 0.76484 0.03448
vt 0.74461 0.04648
vt 0.07253 0.16063
vt 0.09507 0.15958
vt 0.12786 0.16566
vt 0.46674 0.74179
vt 0.39179 0.55137
vt 0.39699 0.56733
vt 0.12484 0.17949
vt 0.15611 0.18258
vt 0.45891 0.70878
vt 0.46134 0.69976
vt 0.84544 0.37268
vt 0.79434 0.75833
vt 0.14585 0.96574
vt 0.14364 0.96299
vt 0.69549 0.4175
vt 0.12263 0.21453
vt 0.11074 0.20584
vt 0.5181 0.9565
vt 0.51813 0.95957
vt 0.51291 0.95692
vt 0.5162 0.97642
vt 0.50613 0.97572
vt 0.33219 0.27324
vt 0.60037 0.95882
vt 0.30676 0.02385
vt 0.30784 0.00677
vt 0.2637 0.08017
vt 0.26654 0.07923
vt 0.6598 0.08551
vt 0.6115 0.08731
vt 0.60946 0.08718
vt 0.00372 0.06575
vt 0.29372 0.4626
vt 0.52077 0.06505
vt 0.54897 0.06062
vt 0.32949 0.07362
vt 0.23389 0.97481
vt 0.22637 0.97932
vt 0.23479 0.97926
vt 0.98864 0.73834
vt 0.23266 0.94613
vt 0.22527 0.99339
vt 0.22686 0.95672
vt 0.81191 0.68455
vt 0.85904 0.74255
vt 0.8528 0.73797
vt 0.78696 0.78213
vt 0.91636 0.82222
vt 0.92323 0.81208
vt 0.91724 0.85392
vt 0.90578 0.88521
vt 0.90513 0.86431
vt 0.89906 0.86777
vt 0.46102 0.53978
vt 0.45377 0.5222
vt 0.46821 0.52051
vt 0.07265 0.15154
vt 0.10076 0.15219
vt 0.47421 0.74841
vt 0.47913 0.75439
vt 0.47211 0.73098
vt 0.69385 0.39276
vt 0.47645 0.71041
vt 0.46794 0.69942
vt 0.20039 0.17228
vt 0.1706 0.18316
vt 0.68678 0.40507
vt 0.84229 0.7807
vt 0.84949 0.78365
vt 0.8436 0.77836
vt 0.15084 0.96297
vt 0.15152 0.9938
vt 0.14968 0.9847
vt 0.15002 0.97367
vt 0.38246 0.98304
vt 0.38576 0.98048
vt 0.38696 0.98479
vt 0.14343 0.97512
vt 0.14545 0.97893
vt 0.69424 0.42094
vt 0.52502 0.95767
vt 0.3347 0.242
vt 0.51088 0.90945
vt 0.50977 0.92221
vt 0.60142 0.99752
vt 0.60114 0.95651
vt 0.66209 0.08666
vt 0.64603 0.08483
vt 0.62328 0.07869
vt 0.03057 0.05538
vt 0.54266 0.06615
vt 0.32365 0.06316
vt 0.31812 0.0638
vt 0.34646 0.1127
vt 0.33855 0.08822
vt 0.34568 0.08722
vt 0.34154 0.08809
vt 0.48034 0.03648
vt 0.47249 0.02837
vt 0.47602 0.02315
vt 0.47166 0.02195
vt 0.73028 0.80969
vt 0.71954 0.81313
vt 0.72544 0.81441
vt 0.22707 0.97522
vt 0.81206 0.67984
vt 0.81725 0.69116
vt 0.2253 0.96346
vt 0.81771 0.7006
vt 0.82194 0.70549
vt 0.82101 0.7101
vt 0.79465 0.78102
vt 0.79436 0.77738
vt 0.91499 0.81326
vt 0.91498 0.83907
vt 0.89853 0.83888
vt 0.8984 0.82385
vt 0.8934 0.83721
vt 0.47753 0.72341
vt 0.04894 0.16355
vt 0.04627 0.15601
vt 0.47668 0.69938
vt 0.80331 0.757
vt 0.79706 0.7568
vt 0.79437 0.76562
vt 0.14929 0.95503
vt 0.14544 0.94662
vt 0.98251 0.65401
vt 0.98982 0.65911
vt 0.99014 0.64683
vt 0.52622 0.97691
vt 0.41962 0.93209
vt 0.41505 0.93154
vt 0.42141 0.92895
vt 0.32358 0.26473
vt 0.3003 0.02148
vt 0.21021 0.61784
vt 0.22645 0.57415
vt 0.52063 0.06269
vt 0.32157 0.05991
vt 0.34057 0.12017
vt 0.34311 0.08375
vt 0.48019 0.0394
vt 0.49223 0.04561
vt 0.34995 0.13461
vt 0.4718 0.03421
vt 0.73206 0.80375
vt 0.22415 0.94616
vt 0.81797 0.67997
vt 0.81941 0.6822
vt 0.22399 0.98616
vt 0.22366 0.94953
vt 0.22013 0.99462
vt 0.85492 0.74576
vt 0.21809 0.96455
vt 0.21158 0.96344
vt 0.21506 0.96003
vt 0.80895 0.77854
vt 0.89978 0.81219
vt 0.68615 0.37847
vt 0.37213 0.52808
vt 0.38258 0.53044
vt 0.37708 0.53871
vt 0.48427 0.71064
vt 0.48671 0.6992
vt 0.48279 0.72557
vt 0.81106 0.75745
vt 0.80046 0.76584
vt 0.8351 0.77675
vt 0.83906 0.77595
vt 0.15515 0.96466
vt 0.16524 0.96299
vt 0.15562 0.97418
vt 0.15904 0.95469
vt 0.15676 0.9942
vt 0.15055 0.97824
vt 0.52502 0.9848
vt 0.53988 0.98764
vt 0.52472 0.98826
vt 0.10949 0.21596
vt 0.68841 0.41375
vt 0.15005 0.97551
vt 0.33135 0.23714
vt 0.31932 0.25629
vt 0.59168 0.99828
vt 0.59375 0.99417
vt 0.5946 0.95919
vt 0.5959 0.9571
vt 0.24982 0.066
vt 0.26384 0.0667
vt 0.2165 0.5877
vt 0.22776 0.56709
vt 0.69024 0.86989
vt 0.30586 0.04442
vt 0.72574 0.80335
vt 0.71776 0.81178
vt 0.22245 0.97513
vt 0.21839 0.98488
vt 0.20991 0.94575
vt 0.82155 0.69876
vt 0.21914 0.99685
vt 0.21371 0.99642
vt 0.21533 0.99419
vt 0.20951 0.1244
vt 0.20992 0.13576
vt 0.20936 0.13141
vt 0.68935 0.35752
vt 0.80922 0.77536
vt 0.82352 0.77851
vt 0.1693 0.96034
vt 0.16553 0.99579
vt 0.15993 0.99676
vt 0.16292 0.99391
vt 0.16407 0.97096
vt 0.16397 0.99054
vt 0.15427 0.94675
vt 0.68335 0.38988
vt 0.58821 0.96192
vt 0.30254 0.02703
vt 0.98499 0.3058
vt 0.98716 0.33615
vt 0.69634 0.84886
vt 0.53137 0.06656
vt 0.54753 0.06802
vt 0.32767 0.05657
vt 0.34867 0.08206
vt 0.34367 0.13984
vt 0.33718 0.14668
vt 0.36079 0.0933
vt 0.36608 0.087
vt 0.35829 0.08936
vt 0.82548 0.68456
vt 0.71052 0.81451
vt 0.21154 0.97593
vt 0.21478 0.97446
vt 0.21901 0.94557
vt 0.82696 0.69225
vt 0.84356 0.75501
vt 0.84722 0.74085
vt 0.20496 0.98245
vt 0.21049 0.95494
vt 0.82742 0.69721
vt 0.20508 0.99289
vt 0.82738 0.7062
vt 0.20379 0.96881
vt 0.8389 0.74812
vt 0.20306 0.99561
vt 0.20322 0.96337
vt 0.2022 0.95988
vt 0.83354 0.73608
vt 0.83377 0.74221
vt 0.83414 0.74414
vt 0.21061 0.15062
vt 0.20935 0.14276
vt 0.209 0.16605
vt 0.20919 0.15826
vt 0.17302 0.96308
vt 0.17926 0.96164
vt 0.8082 0.76586
vt 0.17359 0.99584
vt 0.17389 0.9928
vt 0.17357 0.96951
vt 0.17159 0.97422
vt 0.16263 0.97413
vt 0.16724 0.95471
vt 0.16381 0.94707
vt 0.16292 0.9785
vt 0.32792 0.2253
vt 0.32517 0.22471
vt 0.32836 0.23103
vt 0.3129 0.24428
vt 0.42275 0.92264
vt 0.42296 0.89816
vt 0.43566 0.89463
vt 0.58709 0.95785
vt 0.29434 0.0136
vt 0.26667 0.04827
vt 0.23616 0.60251
vt 0.23018 0.56981
vt 0.33217 0.0557
vt 0.33663 0.11979
vt 0.71499 0.80321
vt 0.71448 0.80576
vt 0.33216 0.1543
vt 0.3349 0.15593
vt 0.70283 0.81441
vt 0.83218 0.68733
vt 0.83007 0.69175
vt 0.20464 0.97429
vt 0.20332 0.94859
vt 0.83459 0.72532
vt 0.2021 0.95481
vt 0.19884 0.99218
vt 0.82888 0.76286
vt 0.82623 0.75538
vt 0.18767 0.96261
vt 0.18734 0.95626
vt 0.18852 0.99557
vt 0.18718 0.99225
vt 0.18831 0.96881
vt 0.8158 0.76562
vt 0.1744 0.95318
vt 0.17336 0.97835
vt 0.18086 0.97383
vt 0.17306 0.94691
vt 0.17197 0.94507
vt 0.16073 0.94483
vt 0.32578 0.21785
vt 0.29591 0.03278
vt 0.29033 0.02958
vt 0.98234 0.29802
vt 0.98655 0.31064
vt 0.23829 0.05909
vt 0.23994 0.61768
vt 0.22188 0.29412
vt 0.70218 0.89802
vt 0.30437 0.04158
vt 0.69654 0.84179
vt 0.54605 0.07786
vt 0.34634 0.06474
vt 0.35508 0.07914
vt 0.32633 0.13111
vt 0.35319 0.08322
vt 0.36127 0.07941
vt 0.32554 0.14326
vt 0.70341 0.81181
vt 0.32804 0.16196
vt 0.33101 0.16335
vt 0.83308 0.69631
vt 0.20295 0.97868
vt 0.19882 0.94526
vt 0.19875 0.97548
vt 0.19807 0.97398
vt 0.18815 0.97819
vt 0.99043 0.7109
vt 0.98189 0.69703
vt 0.98326 0.71268
vt 0.18793 0.94818
vt 0.68483 0.36903
vt 0.18742 0.97406
vt 0.1849 0.94499
vt 0.18264 0.97804
vt 0.08813 0.21822
vt 0.08502 0.19849
vt 0.09489 0.19423
vt 0.3244 0.20982
vt 0.32143 0.20909
vt 0.54439 0.9786
vt 0.55155 0.98827
vt 0.3132 0.22606
vt 0.39337 0.96728
vt 0.39453 0.9644
vt 0.39951 0.9721
vt 0.31473 0.25508
vt 0.58116 0.99866
vt 0.35484 0.16786
vt 0.97458 0.28924
vt 0.66197 0.05567
vt 0.02736 0.05317
vt 0.70686 0.88961
vt 0.53057 0.0812
vt 0.54111 0.08286
vt 0.33469 0.05328
vt 0.7057 0.80956
vt 0.83669 0.69959
vt 0.83924 0.71013
vt 0.83722 0.71641
vt 0.32397 0.17495
vt 0.32685 0.17209
vt 0.39718 0.9651
vt 0.40056 0.96722
vt 0.44151 0.92866
vt 0.43764 0.92899
vt 0.43942 0.89388
vt 0.43682 0.8912
vt 0.2802 0.0208
vt 0.27739 0.00396
vt 0.29031 0.00258
vt 0.64057 0.03869
vt 0.2364 0.61348
vt 0.70422 0.88232
vt 0.70402 0.86193
vt 0.54493 0.08709
vt 0.33925 0.05099
vt 0.35868 0.07635
vt 0.36173 0.07795
vt 0.36732 0.07919
vt 0.37858 0.0817
vt 0.37871 0.07364
vt 0.31102 0.16496
vt 0.39263 0.07669
vt 0.96032 0.07577
vt 0.96076 0.06402
vt 0.9592 0.07208
vt 0.68546 0.3642
vt 0.3201 0.18924
vt 0.30832 0.20708
vt 0.41162 0.07312
vt 0.42117 0.06991
vt 0.40739 0.06717
vt 0.40473 0.9778
vt 0.40534 0.97465
vt 0.4498 0.93136
vt 0.45115 0.92762
vt 0.44813 0.9101
vt 0.30872 0.24074
vt 0.44638 0.89649
vt 0.44486 0.89267
vt 0.85561 0.93778
vt 0.85339 0.93468
vt 0.86118 0.93785
vt 0.28903 0.04112
vt 0.27515 0.00557
vt 0.93899 0.19312
vt 0.91429 0.18918
vt 0.35749 0.16829
vt 0.71262 0.88751
vt 0.70445 0.85204
vt 0.5139 0.06927
vt 0.34493 0.04863
vt 0.35103 0.05948
vt 0.31762 0.1416
vt 0.36308 0.07366
vt 0.36596 0.07671
vt 0.30691 0.185
vt 0.40911 0.98216
vt 0.45754 0.9344
vt 0.30424 0.22543
vt 0.45944 0.91711
vt 0.59402 0.19957
vt 0.58842 0.1885
vt 0.5656 0.20119
vt 0.45119 0.89332
vt 0.28399 0.03869
vt 0.34888 0.16429
vt 0.7081 0.87064
vt 0.30875 0.03476
vt 0.5419 0.09667
vt 0.54515 0.09843
vt 0.3517 0.04646
vt 0.35962 0.05897
vt 0.36757 0.0737
vt 0.3723 0.07443
vt 0.41427 0.98413
vt 0.41361 0.98762
vt 0.46255 0.93241
vt 0.45879 0.89789
vt 0.45962 0.89403
vt 0.28561 0.04773
vt 0.24878 0.02767
vt 0.62564 0.04167
vt 0.43686 0.58799
vt 0.37366 0.58982
vt 0.40242 0.58793
vt 0.00185 0.04743
vt 0.51546 0.07102
vt 0.54634 0.10609
vt 0.3565 0.04524
vt 0.37307 0.06562
vt 0.36241 0.04614
vt 0.3791 0.07036
vt 0.3852 0.07052
vt 0.40397 0.06453
vt 0.40039 0.06699
vt 0.30248 0.21325
vt 0.41672 0.06487
vt 0.42471 0.9987
vt 0.42276 0.99279
vt 0.401 0.41732
vt 0.40677 0.41851
vt 0.39565 0.42654
vt 0.37819 0.42876
vt 0.37369 0.42188
vt 0.47431 0.93217
vt 0.46723 0.92068
vt 0.46661 0.90363
vt 0.46731 0.89667
vt 0.27964 0.05064
vt 0.9498 0.19003
vt 0.26392 0.02029
vt 0.03227 0.04146
vt 0.03269 0.0551
vt 0.70621 0.83912
vt 0.52707 0.09461
vt 0.54245 0.11219
vt 0.54579 0.11316
vt 0.36973 0.04112
vt 0.35639 0.04204
vt 0.31383 0.15241
vt 0.30993 0.15907
vt 0.38478 0.06685
vt 0.30336 0.18306
vt 0.37495 0.04012
vt 0.3875 0.04726
vt 0.3933 0.0689
vt 0.39281 0.06673
vt 0.39842 0.0537
vt 0.40056 0.03633
vt 0.39289 0.0351
vt 0.40877 0.41289
vt 0.39417 0.40911
vt 0.37349 0.41651
vt 0.3698 0.40791
vt 0.89958 0.95946
vt 0.88551 0.95494
vt 0.88482 0.94801
vt 0.88094 0.94904
vt 0.37097 0.42876
vt 0.87475 0.94375
vt 0.88642 0.94623
vt 0.86563 0.93473
vt 0.27969 0.06248
vt 0.28214 0.05517
vt 0.2737 0.04158
vt 0.959 0.19115
vt 0.02949 0.03901
vt 0.71741 0.89533
vt 0.71002 0.8819
vt 0.70884 0.85838
vt 0.70965 0.84983
vt 0.54431 0.12477
vt 0.5479 0.12485
vt 0.54663 0.12768
vt 0.38406 0.03819
vt 0.37213 0.03807
vt 0.38412 0.03545
vt 0.90863 0.96655
vt 0.9101 0.9633
vt 0.55723 0.17463
vt 0.55487 0.17603
vt 0.55705 0.18093
vt 0.55408 0.1802
vt 0.55776 0.18489
vt 0.2755 0.06733
vt 0.9325 0.18855
vt 0.98653 0.28498
vt 0.61289 0.01733
vt 0.02182 0.03479
vt 0.71791 0.89878
vt 0.71268 0.86881
vt 0.71387 0.88012
vt 0.51359 0.0721
vt 0.71004 0.83884
vt 0.31447 0.0422
vt 0.33284 0.03625
vt 0.32185 0.03624
vt 0.53649 0.11286
vt 0.54771 0.14814
vt 0.55065 0.14864
vt 0.55225 0.17513
vt 0.27229 0.01158
vt 0.51589 0.77508
vt 0.5226 0.77639
vt 0.51807 0.77781
vt 0.52061 0.78574
vt 0.9597 0.18848
vt 0.51853 0.79504
vt 0.523 0.78974
vt 0.51876 0.80608
vt 0.91295 0.18644
vt 0.35552 0.16613
vt 0.26208 0.5897
vt 0.71669 0.88092
vt 0.7128 0.85471
vt 0.51944 0.08296
vt 0.31191 0.34553
vt 0.31423 0.34721
vt 0.31397 0.36227
vt 0.30878 0.3562
vt 0.31051 0.3618
vt 0.32128 0.34778
vt 0.3112 0.03273
vt 0.32661 0.03448
vt 0.31918 0.03145
vt 0.31324 0.03145
vt 0.32886 0.03282
vt 0.34566 0.03674
vt 0.35541 0.03501
vt 0.53546 0.11588
vt 0.38302 0.0308
vt 0.5468 0.17569
vt 0.54633 0.17986
vt 0.40543 0.02845
vt 0.4072 0.02765
vt 0.40546 0.02602
vt 0.54748 0.18473
vt 0.26882 0.06457
vt 0.27065 0.05515
vt 0.87997 0.93416
vt 0.87595 0.92761
vt 0.88856 0.93991
vt 0.27006 0.03296
vt 0.86588 0.92122
vt 0.85845 0.9126
vt 0.8682 0.91688
vt 0.85443 0.90595
vt 0.47862 0.34745
vt 0.48361 0.36339
vt 0.4611 0.34818
vt 0.84825 0.90363
vt 0.48481 0.34535
vt 0.48762 0.36539
vt 0.51419 0.79523
vt 0.51566 0.80478
vt 0.51463 0.81923
vt 0.93303 0.18493
vt 0.61027 0.02273
vt 0.29992 0.45804
vt 0.29607 0.45362
vt 0.30111 0.45695
vt 0.71701 0.87132
vt 0.7173 0.87926
vt 0.30967 0.37952
vt 0.32562 0.35543
vt 0.3331 0.37459
vt 0.33301 0.3471
vt 0.34837 0.35652
vt 0.35723 0.34607
vt 0.36541 0.36583
vt 0.3695 0.34894
vt 0.34917 0.03401
vt 0.38037 0.02775
vt 0.35893 0.03026
vt 0.39327 0.36349
vt 0.3955 0.34835
vt 0.54459 0.15684
vt 0.42047 0.34889
vt 0.42728 0.36564
vt 0.39897 0.02858
vt 0.40047 0.02476
vt 0.42644 0.34678
vt 0.42865 0.35291
vt 0.89059 0.94151
vt 0.88944 0.93832
vt 0.8934 0.9404
vt 0.43093 0.34603
vt 0.44845 0.36427
vt 0.46579 0.35785
vt 0.47196 0.3693
vt 0.48613 0.37913
vt 0.47011 0.37757
vt 0.5096 0.80786
vt 0.50952 0.81753
vt 0.35727 0.162
vt 0.3554 0.16192
vt 0.51756 0.82447
vt 0.51032 0.82756
vt 0.51089 0.82548
vt 0.9763 0.28471
vt 0.98422 0.28482
vt 0.72029 0.89004
vt 0.29417 0.45445
vt 0.31241 0.38919
vt 0.30808 0.38761
vt 0.30629 0.38863
vt 0.33004 0.38325
vt 0.33141 0.38934
vt 0.33896 0.38903
vt 0.36351 0.38592
vt 0.37859 0.37111
vt 0.42118 0.37713
vt 0.4208 0.38645
vt 0.42832 0.38628
vt 0.42894 0.37871
vt 0.45259 0.3891
vt 0.48383 0.38932
vt 0.48861 0.38878
vt 0.35943 0.15557
vt 0.34778 0.15914
vt 0.23774 0.03311
vt 0.23891 0.02663
vt 0.26832 0.61451
vt 0.26937 0.6036
vt 0.03366 0.0337
vt 0.72109 0.89814
vt 0.37367 0.38941
vt 0.42692 0.38892
vt 0.42829 0.39043
vt 0.35201 0.15579
vt 0.97387 0.28397
vt 0.25423 0.61801
vt 0.26425 0.57654
vt 0.00697 0.00641
vt 0.03247 0.03099
vt 0.72376 0.89243
vt 0.72409 0.89787
vt 0.28961 0.4619
vt 0.28885 0.45675
vt 0.29894 0.39636
vt 0.30675 0.39558
vt 0.30173 0.39967
vt 0.30504 0.40395
vt 0.30115 0.4053
vt 0.2936 0.45181
vt 0.30162 0.39395
vt 0.30637 0.39373
vt 0.29172 0.44927
vt 0.31981 0.39861
vt 0.35068 0.39578
vt 0.2864 0.43148
vt 0.28678 0.40575
vt 0.36203 0.39227
vt 0.28283 0.39565
vt 0.36954 0.39556
vt 0.42384 0.39227
vt 0.28035 0.33967
vt 0.41256 0.39475
vt 0.43628 0.39576
vt 0.41143 0.11859
vt 0.39512 0.12583
vt 0.45781 0.39477
vt 0.4555 0.39814
vt 0.47129 0.39293
vt 0.36205 0.15178
vt 0.49548 0.3993
vt 0.48977 0.39544
vt 0.48756 0.40404
vt 0.49518 0.39405
vt 0.49557 0.4053
vt 0.5086 0.825
vt 0.50664 0.82899
vt 0.50866 0.83519
vt 0.50531 0.83412
vt 0.98376 0.2815
vt 0.98559 0.28019
vt 0.66071 0.0195
vt 0.00434 0.00625
vt 0.27758 0.56755
vt 0.27551 0.56961
vt 0.03649 0.03353
vt 0.03912 0.02997
vt 0.34742 0.40291
vt 0.24176 0.30192
vt 0.24254 0.34352
vt 0.24345 0.30138
vt 0.24425 0.35045
vt 0.38393 0.40102
vt 0.38232 0.40327
vt 0.24325 0.37783
vt 0.24486 0.43479
vt 0.27833 0.349
vt 0.43897 0.40269
vt 0.24306 0.43346
vt 0.27591 0.32276
vt 0.46344 0.40431
vt 0.24392 0.45757
vt 0.34765 0.15718
vt 0.97425 0.28189
vt 0.35968 0.58942
vt 0.0324 0.02689
vt 0.06409 0.02858
vt 0.04877 0.03066
vt 0.08412 0.03032
vt 0.08394 0.02802
vt 0.09887 0.02835
vt 0.11614 0.03023
vt 0.16711 0.0282
vt 0.18111 0.02998
vt 0.18587 0.02843
vt 0.23479 0.02888
vt 0.26095 0.61767
vt 0.02293 0.02379
vt 0.07944 0.01666
vt 0.17283 0.02684
vt 0.18348 0.0229
vt 0.21358 0.02241
vt 0.03281 0.0164
vt 0.08552 0.00288
vt 0.10353 0.0122
vt 0.18777 0.00991
vt 0.24139 0.01111
vt 0.27815 0.57324
vt 0.24812 0.29789
vt 0.25228 0.33119
vt 0.26056 0.30009
vt 0.17965 0.00792
vt 0.26649 0.00477
vt 0.66209 0.01213
vt 0.26133 0.33406
vt 0.26153 0.00532
vt 0.65062 0.01278
vt 0.28538 0.61743
vt 0.18383 0.0022
vt 0.62481 0.00562
vt 0.37822 0.60292
vt 0.35791 0.59563
vt 0.27978 0.58535
vt 0.05903 0.00364
vt 0.08112 0.00276
vt 0.28483 0.61142
vt 0.28177 0.59956
vt 0.24393 0.00275
vt 0.61039 0.00964
vt 0.01444 0.00354
vt 0.14741 0.00232
vt 0.18012 0.00183
vt 0.65141 0.00962
vt 0.61092 0.00425
vt 0.28324 0.5901
vt 0.28094 0.57609
vt 0.2822 0.58462
vt 0.00135 0.00561
vt 0.00404 0.0019
vt 0.2814 0.56966
vt 0.2698 0.26596
vt 0.27103 0.27195
vt 0.27306 0.27102
vt 0.27414 0.26638
vt 0.27331 0.32015
vt 0.27185 0.33896
vt 0.27341 0.33837
vt 0.27146 0.35132
vt 0.27379 0.34474
vt 0.27352 0.3563
vt 0.52525 0.64386
vt 0.53104 0.6425
vt 0.53043 0.64439
vt 0.5364 0.6438
vt 0.54493 0.64248
vt 0.55403 0.64459
vt 0.58733 0.64277
vt 0.59162 0.64541
vt 0.60566 0.64584
vt 0.61097 0.64322
vt 0.26223 0.00081
vt 0.61028 0.64726
vt 0.67986 0.54042
vt 0.67699 0.54405
vt 0.68158 0.54584
vt 0.30097 0.72475
vt 0.2993 0.72031
vt 0.3031 0.71491
vt 0.65934 0.0081
vt 0.28574 0.60336
vt 0.28471 0.59944
vt 0.3478 0.65993
vt 0.3501 0.65983
vt 0.34657 0.66532
vt 0.34918 0.6515
vt 0.3522 0.64594
vt 0.36518 0.65579
vt 0.35669 0.64434
vt 0.37988 0.64931
vt 0.38771 0.66537
vt 0.06014 0.00157
vt 0.40664 0.64404
vt 0.42333 0.65599
vt 0.40983 0.66321
vt 0.4252 0.64365
vt 0.08529 0.00143
vt 0.43166 0.64448
vt 0.43246 0.66244
vt 0.44343 0.64374
vt 0.44686 0.65065
vt 0.45977 0.6601
vt 0.17474 0.0005
vt 0.49348 0.65161
vt 0.52299 0.64386
vt 0.49877 0.66474
vt 0.52059 0.66131
vt 0.52791 0.66165
vt 0.18286 0.00067
vt 0.53193 0.6666
vt 0.55488 0.65112
vt 0.55467 0.66426
vt 0.23923 0.00043
vt 0.56933 0.66257
vt 0.59507 0.65186
vt 0.61102 0.66528
vt 0.61339 0.65298
vt 0.61289 0.6624
vt 0.61524 0.66339
vt 0.65023 0.00472
vt 0.30179 0.70667
vt 0.30338 0.69252
vt 0.30483 0.70445
vt 0.63662 0.00507
vt 0.28723 0.61011
vt 0.34517 0.67464
vt 0.34767 0.67468
vt 0.3441 0.67855
vt 0.34817 0.67967
vt 0.67674 0.29008
vt 0.66962 0.31457
vt 0.68028 0.2908
vt 0.42413 0.67779
vt 0.43188 0.67532
vt 0.43486 0.67844
vt 0.46399 0.67972
vt 0.5232 0.67662
vt 0.5282 0.67653
vt 0.53019 0.68522
vt 0.54025 0.67842
vt 0.57121 0.67952
vt 0.59659 0.66628
vt 0.60803 0.67916
vt 0.61645 0.6758
vt 0.62065 0.00286
vt 0.28919 0.61757
vt 0.3425 0.68524
vt 0.34463 0.68536
vt 0.34145 0.69288
vt 0.39197 0.68057
vt 0.42588 0.68522
vt 0.43394 0.68552
vt 0.48528 0.68392
vt 0.5233 0.68469
vt 0.52818 0.68836
vt 0.53621 0.68653
vt 0.6059 0.68575
vt 0.61768 0.68592
vt 0.61896 0.6787
vt 0.62029 0.68586
vt 0.30934 0.68183
vt 0.30627 0.68165
vt 0.30957 0.67517
vt 0.6135 0.00043
vt 0.61119 0.00057
vt 0.3443 0.69287
vt 0.36065 0.69273
vt 0.06953 0.53995
vt 0.64027 0.29732
vt 0.64227 0.34374
vt 0.65251 0.31198
vt 0.42548 0.69255
vt 0.15072 0.53814
vt 0.12588 0.53869
vt 0.43403 0.69242
vt 0.44139 0.69261
vt 0.48617 0.69277
vt 0.52007 0.69268
vt 0.52852 0.69285
vt 0.53646 0.69281
vt 0.60957 0.69288
vt 0.05801 0.48351
vt 0.61767 0.69263
vt 0.63818 0.5485
vt 0.63129 0.54794
vt 0.63145 0.55249
vt 0.62881 0.54838
vt 0.62913 0.553
vt 0.63159 0.33512
vt 0.63061 0.36294
vt 0.64314 0.36205
vt 0.31045 0.61976
vt 0.75636 0.55908
vt 0.62932 0.63318
vt 0.62737 0.63992
vt 0.6804 0.01092
vt 0.67765 0.01259
vt 0.6744 0.0124
vt 0.67878 0.04498
vt 0.67401 0.07834
vt 0.67852 0.08338
vt 0.68251 0.06574
vt 0.67386 0.08908
vt 0.6758 0.08903
vt 0.67791 0.09384
vt 0.6737 0.10184
vt 0.67386 0.10793
vt 0.68087 0.09731
vt 0.67798 0.17305
vt 0.67367 0.17402
vt 0.67806 0.18054
vt 0.67362 0.18185
vt 0.6736 0.19974
vt 0.67773 0.22545
vt 0.67711 0.267
vt 0.68039 0.27647
vt 0.6737 0.26589
vt 0.67363 0.27574
vt 0.67421 0.2789
vt 0.68018 0.28106
vt 0.9901 0.46396
vt 0.99336 0.46785
vt 0.98893 0.46295
vt 0.62317 0.6403
vt 0.68496 0.00805
vt 0.69114 0.01072
vt 0.68861 0.01481
vt 0.68781 0.03736
vt 0.69209 0.06178
vt 0.68858 0.08181
vt 0.68729 0.08871
vt 0.68997 0.09661
vt 0.68878 0.1294
vt 0.70677 0.11315
vt 0.68535 0.17693
vt 0.69282 0.16219
vt 0.69763 0.18025
vt 0.68737 0.18719
vt 0.69286 0.19456
vt 0.68525 0.1942
vt 0.6957 0.23011
vt 0.68662 0.2442
vt 0.6953 0.27059
vt 0.68577 0.27332
vt 0.69523 0.27279
vt 0.6887 0.27669
vt 0.68563 0.27882
vt 0.03308 0.68628
vt 0.0328 0.68054
vt 0.03417 0.67989
vt 0.03369 0.67511
vt 0.02879 0.67574
vt 0.61954 0.61298
vt 0.70836 0.01838
vt 0.70392 0.05096
vt 0.70671 0.0814
vt 0.70436 0.08831
vt 0.70655 0.09464
vt 0.72254 0.09721
vt 0.72254 0.11258
vt 0.70521 0.15552
vt 0.71285 0.16561
vt 0.72214 0.17767
vt 0.70882 0.18681
vt 0.71053 0.1928
vt 0.70966 0.21951
vt 0.71002 0.25488
vt 0.71225 0.26828
vt 0.70461 0.27276
vt 0.71305 0.2737
vt 0.70266 0.27602
vt 0.03693 0.70285
vt 0.03261 0.68989
vt 0.03804 0.69208
vt 0.03676 0.68223
vt 0.72235 0.0208
vt 0.71472 0.0211
vt 0.72347 0.03296
vt 0.71547 0.03841
vt 0.72454 0.08113
vt 0.72146 0.06951
vt 0.0087 0.29222
vt 0.00673 0.33389
vt 0.00888 0.33315
vt 0.00664 0.33945
vt 0.01028 0.3407
vt 0.72396 0.08669
vt 0.72478 0.09725
vt 0.00687 0.35
vt 0.00904 0.35022
vt 0.00974 0.42996
vt 0.72451 0.1752
vt 0.00741 0.42766
vt 0.72479 0.18505
vt 0.00834 0.43748
vt 0.72069 0.18497
vt 0.72228 0.19491
vt 0.72449 0.19873
vt 0.00986 0.44747
vt 0.0076 0.45114
vt 0.72182 0.22915
vt 0.01032 0.48192
vt 0.7217 0.2532
vt 0.01065 0.51689
vt 0.7241 0.26697
vt 0.00896 0.51917
vt 0.72028 0.2659
vt 0.72091 0.27043
vt 0.03803 0.7132
vt 0.04057 0.70532
vt 0.04055 0.67505
vt 0.61595 0.59515
vt 0.61893 0.58748
vt 0.7237 0.01551
vt 0.7255 0.01925
vt 0.72586 0.03933
vt 0.01164 0.27526
vt 0.00908 0.27213
vt 0.01159 0.29894
vt 0.01138 0.33388
vt 0.01097 0.35172
vt 0.01133 0.43225
vt 0.01277 0.43866
vt 0.01154 0.44754
vt 0.01267 0.48126
vt 0.01356 0.51718
vt 0.01307 0.52339
vt 0.72586 0.27236
vt 0.04171 0.72488
vt 0.03757 0.72156
vt 0.04285 0.72254
vt 0.04235 0.71885
vt 0.01298 0.26782
vt 0.00881 0.26798
vt 0.01534 0.27036
vt 0.01485 0.27444
vt 0.01925 0.29606
vt 0.01481 0.38646
vt 0.01561 0.46894
vt 0.02012 0.50528
vt 0.01933 0.52104
vt 0.05228 0.67831
vt 0.01981 0.28598
vt 0.06466 0.70327
vt 0.04749 0.67486
vt 0.60429 0.59587
vt 0.03545 0.3429
vt 0.02787 0.5134
vt 0.06469 0.71443
vt 0.06277 0.68959
vt 0.03005 0.41158
vt 0.03011 0.48569
vt 0.03669 0.28079
vt 0.03599 0.31471
vt 0.03378 0.33353
vt 0.03743 0.44875
vt 0.03281 0.28836
vt 0.02788 0.29635
vt 0.03622 0.35575
vt 0.03731 0.42856
vt 0.0372 0.47171
vt 0.57104 0.60295
vt 0.57622 0.62623
vt 0.04084 0.26717
vt 0.03685 0.39606
vt 0.56613 0.63809
vt 0.03727 0.29568
vt 0.03597 0.30063
vt 0.03882 0.49372
vt 0.04945 0.52345
vt 0.07818 0.72502
vt 0.84422 0.57053
vt 0.84721 0.58084
vt 0.84362 0.55683
vt 0.847 0.55254
vt 0.03862 0.35564
vt 0.84406 0.53961
vt 0.03885 0.39295
vt 0.84426 0.45868
vt 0.84634 0.46606
vt 0.84655 0.4457
vt 0.57757 0.59139
vt 0.0429 0.29409
vt 0.49432 0.46438
vt 0.03959 0.29744
vt 0.03848 0.3003
vt 0.84513 0.59548
vt 0.84429 0.47231
vt 0.84437 0.50196
vt 0.84531 0.40347
vt 0.84721 0.40043
vt 0.84531 0.40009
vt 0.05015 0.49592
vt 0.08647 0.72206
vt 0.47431 0.94435
vt 0.47426 0.9509
vt 0.47039 0.94233
vt 0.46916 0.94958
vt 0.04238 0.2964
vt 0.84215 0.59507
vt 0.83641 0.58981
vt 0.83603 0.59643
vt 0.83525 0.584
vt 0.8371 0.56173
vt 0.83161 0.57916
vt 0.83306 0.55541
vt 0.84048 0.56137
vt 0.83448 0.53505
vt 0.83758 0.53581
vt 0.83179 0.52341
vt 0.83771 0.50151
vt 0.83468 0.47402
vt 0.83182 0.47655
vt 0.83759 0.47225
vt 0.83153 0.47163
vt 0.83744 0.45782
vt 0.84095 0.45212
vt 0.8319 0.4637
vt 0.83495 0.45333
vt 0.83784 0.41631
vt 0.83175 0.43099
vt 0.83562 0.41555
vt 0.84214 0.40988
vt 0.83687 0.40294
vt 0.83922 0.40116
vt 0.70953 0.82848
vt 0.71056 0.83506
vt 0.70715 0.83503
vt 0.71258 0.83615
vt 0.70075 0.83623
vt 0.0881 0.51587
vt 0.831 0.59109
vt 0.83169 0.58582
vt 0.83131 0.55559
vt 0.82442 0.53041
vt 0.82451 0.47795
vt 0.82808 0.47114
vt 0.82079 0.46113
vt 0.82385 0.43368
vt 0.83184 0.4141
vt 0.83143 0.4084
vt 0.70828 0.82553
vt 0.70386 0.82804
vt 0.70316 0.8318
vt 0.11725 0.68108
vt 0.83166 0.59936
vt 0.82548 0.58604
vt 0.81009 0.58043
vt 0.80506 0.58364
vt 0.82364 0.58114
vt 0.80686 0.56354
vt 0.81944 0.56263
vt 0.80928 0.52581
vt 0.79951 0.52036
vt 0.80905 0.48311
vt 0.79041 0.47998
vt 0.80168 0.47868
vt 0.80474 0.47158
vt 0.80367 0.46586
vt 0.80657 0.44415
vt 0.80861 0.41851
vt 0.81539 0.4145
vt 0.82458 0.41484
vt 0.82632 0.41063
vt 0.83019 0.40297
vt 0.70168 0.82249
vt 0.7007 0.82574
vt 0.09692 0.70291
vt 0.99257 0.38238
vt 0.5454 0.64071
vt 0.90311 0.61741
vt 0.88545 0.61555
vt 0.88975 0.61885
vt 0.05558 0.29413
vt 0.80986 0.58824
vt 0.79005 0.57734
vt 0.79157 0.55901
vt 0.78785 0.56616
vt 0.78617 0.56675
vt 0.78565 0.54863
vt 0.78982 0.5401
vt 0.78553 0.53866
vt 0.78801 0.52847
vt 0.78521 0.53113
vt 0.78733 0.48154
vt 0.78548 0.47975
vt 0.1312 0.74402
vt 0.0991 0.73922
vt 0.15152 0.73776
vt 0.79053 0.47202
vt 0.78694 0.46578
vt 0.78555 0.46568
vt 0.78992 0.46383
vt 0.78814 0.43708
vt 0.79541 0.44073
vt 0.16585 0.7377
vt 0.19512 0.73545
vt 0.18878 0.73886
vt 0.20033 0.73678
vt 0.78984 0.42077
vt 0.8055 0.41294
vt 0.81567 0.40868
vt 0.81597 0.40494
vt 0.82942 0.40421
vt 0.82678 0.59861
vt 0.78854 0.58309
vt 0.78677 0.5796
vt 0.0532 0.74437
vt 0.04958 0.7422
vt 0.06272 0.74099
vt 0.06374 0.74258
vt 0.08123 0.73972
vt 0.09418 0.74609
vt 0.09142 0.73949
vt 0.10519 0.74583
vt 0.15826 0.74391
vt 0.19848 0.73931
vt 0.78686 0.43196
vt 0.78682 0.42084
vt 0.21169 0.73681
vt 0.20985 0.73936
vt 0.21788 0.74022
vt 0.78787 0.41416
vt 0.21869 0.73667
vt 0.22346 0.7401
vt 0.78694 0.40858
vt 0.80395 0.40787
vt 0.69733 0.81612
vt 0.69955 0.80718
vt 0.70193 0.82073
vt 0.69654 0.8217
vt 0.68315 0.83611
vt 0.78672 0.58817
vt 0.04137 0.74537
vt 0.04897 0.74671
vt 0.07306 0.75554
vt 0.10051 0.74765
vt 0.18184 0.75027
vt 0.22491 0.74239
vt 0.69601 0.77813
vt 0.69942 0.7947
vt 0.69484 0.78978
vt 0.67921 0.82388
vt 0.68068 0.83464
vt 0.08759 0.50251
vt 0.04136 0.75142
vt 0.08967 0.75198
vt 0.38004 0.84401
vt 0.36373 0.84167
vt 0.36866 0.84092
vt 0.38037 0.86932
vt 0.36931 0.85291
vt 0.3936 0.86164
vt 0.39462 0.8427
vt 0.3955 0.84433
vt 0.39397 0.87418
vt 0.4214 0.84517
vt 0.41595 0.85849
vt 0.42137 0.84698
vt 0.15811 0.74589
vt 0.17078 0.74817
vt 0.2028 0.74892
vt 0.21681 0.74808
vt 0.22277 0.74542
vt 0.69332 0.77797
vt 0.69271 0.79018
vt 0.69071 0.7798
vt 0.06748 0.49602
vt 0.54571 0.6243
vt 0.54359 0.59294
vt 0.35212 0.84136
vt 0.36579 0.84499
vt 0.36489 0.86755
vt 0.35963 0.84863
vt 0.36686 0.87937
vt 0.28651 0.25593
vt 0.28913 0.26601
vt 0.29493 0.26849
vt 0.378 0.88541
vt 0.37338 0.88333
vt 0.38438 0.88091
vt 0.39119 0.88369
vt 0.40717 0.88675
vt 0.31655 0.30083
vt 0.30953 0.28466
vt 0.40379 0.88261
vt 0.32264 0.30472
vt 0.41571 0.8848
vt 0.42318 0.86965
vt 0.42201 0.85509
vt 0.42574 0.84673
vt 0.43427 0.84525
vt 0.11727 0.67769
vt 0.88543 0.6507
vt 0.48469 0.4586
vt 0.88353 0.65363
vt 0.09023 0.29554
vt 0.08325 0.75483
vt 0.35951 0.87157
vt 0.36315 0.88458
vt 0.37112 0.88647
vt 0.41187 0.88767
vt 0.33326 0.30923
vt 0.4201 0.88756
vt 0.33118 0.31362
vt 0.42383 0.88368
vt 0.43654 0.87378
vt 0.44335 0.86189
vt 0.43443 0.84924
vt 0.17976 0.75233
vt 0.19582 0.75479
vt 0.20251 0.76134
vt 0.68157 0.78709
vt 0.68066 0.80277
vt 0.68531 0.82182
vt 0.11676 0.72211
vt 0.43807 0.4635
vt 0.90958 0.6589
vt 0.9127 0.62018
vt 0.93064 0.65097
vt 0.93136 0.62501
vt 0.92329 0.6208
vt 0.05459 0.76588
vt 0.07569 0.75835
vt 0.34513 0.84144
vt 0.35129 0.88004
vt 0.34636 0.87187
vt 0.35698 0.88475
vt 0.27694 0.23755
vt 0.27888 0.2464
vt 0.28306 0.23876
vt 0.30104 0.25784
vt 0.31733 0.28027
vt 0.33389 0.29938
vt 0.55653 0.49391
vt 0.42818 0.88798
vt 0.34109 0.32065
vt 0.34865 0.3245
vt 0.43793 0.88346
vt 0.43377 0.88858
vt 0.44493 0.84971
vt 0.44386 0.84772
vt 0.18591 0.75468
vt 0.11611 0.69087
vt 0.89528 0.64849
vt 0.06631 0.76383
vt 0.33684 0.84133
vt 0.3456 0.8848
vt 0.35036 0.88393
vt 0.27364 0.22157
vt 0.2927 0.23797
vt 0.55439 0.48982
vt 0.55585 0.48618
vt 0.35289 0.30968
vt 0.35035 0.31889
vt 0.45041 0.84845
vt 0.19102 0.75664
vt 0.67587 0.82116
vt 0.11841 0.7067
vt 0.11935 0.67463
vt 0.99336 0.37924
vt 0.54422 0.63762
vt 0.08965 0.26623
vt 0.33681 0.86179
vt 0.34352 0.88119
vt 0.27896 0.22163
vt 0.30245 0.24601
vt 0.30726 0.25552
vt 0.32149 0.27763
vt 0.54448 0.49971
vt 0.54876 0.49792
vt 0.34118 0.29704
vt 0.54916 0.52269
vt 0.36024 0.33042
vt 0.44234 0.88923
vt 0.44599 0.88299
vt 0.45338 0.85591
vt 0.45588 0.84907
vt 0.19375 0.75878
vt 0.22686 0.76475
vt 0.67054 0.77701
vt 0.08803 0.52078
vt 0.07883 0.29202
vt 0.33735 0.88169
vt 0.33601 0.88505
vt 0.2723 0.20837
vt 0.28859 0.21683
vt 0.29823 0.23473
vt 0.65539 0.90087
vt 0.64092 0.89974
vt 0.6584 0.89878
vt 0.65555 0.93275
vt 0.64782 0.93006
vt 0.65542 0.92793
vt 0.66132 0.92984
vt 0.6613 0.92689
vt 0.83737 0.2514
vt 0.83001 0.24952
vt 0.67666 0.89914
vt 0.67522 0.90014
vt 0.54421 0.47735
vt 0.55011 0.4784
vt 0.4489 0.88707
vt 0.45157 0.87792
vt 0.45631 0.86191
vt 0.45936 0.8498
vt 0.19807 0.76269
vt 0.21174 0.77431
vt 0.22565 0.76639
vt 0.66929 0.78012
vt 0.66326 0.79467
vt 0.66321 0.82559
vt 0.65567 0.83038
vt 0.09504 0.4967
vt 0.54351 0.58854
vt 0.08339 0.2757
vt 0.41839 0.94257
vt 0.05496 0.77851
vt 0.3321 0.88219
vt 0.63888 0.58427
vt 0.6252 0.90223
vt 0.62584 0.9
vt 0.63383 0.89987
vt 0.63898 0.90827
vt 0.63936 0.93284
vt 0.63862 0.92912
vt 0.65585 0.9391
vt 0.63925 0.91664
vt 0.65517 0.90897
vt 0.65551 0.95012
vt 0.66128 0.94657
vt 0.67138 0.93872
vt 0.66884 0.90805
vt 0.67204 0.93239
vt 0.67182 0.92887
vt 0.67178 0.92668
vt 0.67403 0.90702
vt 0.35778 0.30348
vt 0.37266 0.33378
vt 0.36737 0.33804
vt 0.37774 0.33879
vt 0.4598 0.88526
vt 0.46457 0.8596
vt 0.28213 0.90654
vt 0.28211 0.8942
vt 0.28799 0.89352
vt 0.66372 0.81449
vt 0.09527 0.52325
vt 0.12417 0.72476
vt 0.41402 0.94941
vt 0.03162 0.17313
vt 0.4687 0.12381
vt 0.31795 0.84187
vt 0.27187 0.19829
vt 0.29754 0.22315
vt 0.62682 0.93298
vt 0.62945 0.94076
vt 0.62775 0.90809
vt 0.63555 0.94712
vt 0.6296 0.91681
vt 0.63997 0.94573
vt 0.64164 0.94906
vt 0.65537 0.91785
vt 0.65586 0.9168
vt 0.67105 0.94954
vt 0.67221 0.91633
vt 0.67203 0.94688
vt 0.54216 0.48986
vt 0.67685 0.94943
vt 0.67584 0.94522
vt 0.53128 0.51263
vt 0.68122 0.91385
vt 0.68448 0.93007
vt 0.68555 0.90729
vt 0.53427 0.51947
vt 0.68807 0.90094
vt 0.37561 0.31713
vt 0.45542 0.88887
vt 0.28964 0.90253
vt 0.20434 0.76739
vt 0.46669 0.11427
vt 0.30766 0.8421
vt 0.32869 0.88548
vt 0.29505 0.21292
vt 0.61819 0.90165
vt 0.62281 0.92879
vt 0.63029 0.94999
vt 0.62706 0.94839
vt 0.77442 0.89109
vt 0.77585 0.89388
vt 0.78783 0.89015
vt 0.78734 0.89758
vt 0.8409 0.27532
vt 0.80421 0.89225
vt 0.80204 0.89791
vt 0.81841 0.89766
vt 0.81614 0.89162
vt 0.83188 0.89362
vt 0.82435 0.89659
vt 0.68196 0.94807
vt 0.6844 0.93917
vt 0.36686 0.30697
vt 0.38522 0.33675
vt 0.29153 0.9344
vt 0.28679 0.93269
vt 0.29028 0.9283
vt 0.29628 0.90574
vt 0.29413 0.8939
vt 0.29574 0.89203
vt 0.21626 0.78586
vt 0.06993 0.49464
vt 0.08807 0.26928
vt 0.0933 0.29187
vt 0.27073 0.19528
vt 0.61533 0.93094
vt 0.86633 0.29343
vt 0.61491 0.9101
vt 0.62805 0.95199
vt 0.84574 0.2835
vt 0.77868 0.88729
vt 0.73187 0.19278
vt 0.72882 0.19165
vt 0.72969 0.20275
vt 0.53624 0.48626
vt 0.53787 0.47648
vt 0.53195 0.49564
vt 0.82216 0.8901
vt 0.68446 0.95072
vt 0.82877 0.88776
vt 0.69094 0.91665
vt 0.68612 0.94864
vt 0.69071 0.94489
vt 0.69548 0.93223
vt 0.69516 0.92839
vt 0.69545 0.90933
vt 0.69437 0.90144
vt 0.29515 0.93112
vt 0.29945 0.92425
vt 0.29884 0.89466
vt 0.54032 0.61392
vt 0.0912 0.28746
vt 0.09523 0.29432
vt 0.06153 0.77052
vt 0.05771 0.77903
vt 0.76959 0.89091
vt 0.77212 0.88363
vt 0.74459 0.18791
vt 0.74261 0.17642
vt 0.73114 0.17674
vt 0.72826 0.1762
vt 0.7557 0.18896
vt 0.75068 0.19884
vt 0.73337 0.2028
vt 0.73028 0.20848
vt 0.83364 0.88567
vt 0.69286 0.94708
vt 0.83439 0.89483
vt 0.84118 0.89247
vt 0.84331 0.88948
vt 0.69478 0.93947
vt 0.69872 0.90223
vt 0.37338 0.30875
vt 0.40662 0.32109
vt 0.7691 0.30652
vt 0.39657 0.33741
vt 0.39042 0.34212
vt 0.40049 0.34275
vt 0.30173 0.93075
vt 0.30258 0.90473
vt 0.30389 0.89176
vt 0.20845 0.77436
vt 0.64493 0.82084
vt 0.64676 0.83341
vt 0.1034 0.49438
vt 0.53927 0.63336
vt 0.53974 0.64029
vt 0.53946 0.59415
vt 0.53966 0.58793
vt 0.45372 0.12381
vt 0.29339 0.19795
vt 0.93339 0.45843
vt 0.76685 0.88534
vt 0.75996 0.88565
vt 0.74385 0.17315
vt 0.73964 0.16074
vt 0.99867 0.1742
vt 0.76226 0.1745
vt 0.77822 0.18793
vt 0.7719 0.17504
vt 0.77285 0.19712
vt 0.7631 0.20081
vt 0.53099 0.47589
vt 0.52578 0.48342
vt 0.73395 0.20745
vt 0.52926 0.50824
vt 0.7343 0.21903
vt 0.73092 0.21507
vt 0.85563 0.57859
vt 0.83868 0.88562
vt 0.69606 0.91779
vt 0.84863 0.88543
vt 0.70281 0.94795
vt 0.7025 0.92315
vt 0.70135 0.9269
vt 0.42028 0.45656
vt 0.87532 0.56516
vt 0.87322 0.57658
vt 0.70497 0.93001
vt 0.76299 0.29735
vt 0.39046 0.31342
vt 0.30749 0.92806
vt 0.30648 0.89367
vt 0.65386 0.77856
vt 0.12335 0.72176
vt 0.12316 0.68785
vt 0.28211 0.1718
vt 0.27479 0.18233
vt 0.8537 0.30567
vt 0.75353 0.87796
vt 0.76978 0.8813
vt 0.75593 0.16452
vt 0.80425 0.17278
vt 0.81252 0.17489
vt 0.79097 0.18527
vt 0.80761 0.1897
vt 0.81632 0.19226
vt 0.78646 0.19793
vt 0.80735 0.19649
vt 0.79736 0.20255
vt 0.78187 0.20538
vt 0.76151 0.2102
vt 0.77384 0.21859
vt 0.52628 0.50147
vt 0.74429 0.21717
vt 0.73118 0.22011
vt 0.80015 0.2566
vt 0.85566 0.58339
vt 0.71084 0.9158
vt 0.70947 0.90707
vt 0.70933 0.94832
vt 0.70879 0.92746
vt 0.30828 0.91138
vt 0.09619 0.52068
vt 0.12313 0.70815
vt 0.12446 0.67526
vt 0.53736 0.64059
vt 0.53494 0.61152
vt 0.53456 0.59361
vt 0.53377 0.58998
vt 0.09658 0.26772
vt 0.88865 0.68019
vt 0.49304 0.09074
vt 0.04197 0.80409
vt 0.05368 0.78769
vt 0.59835 0.4982
vt 0.93313 0.46758
vt 0.5994 0.91068
vt 0.59906 0.91868
vt 0.59697 0.92065
vt 0.75777 0.87506
vt 0.76644 0.16307
vt 0.84588 0.17345
vt 0.83464 0.17572
vt 0.84519 0.18807
vt 0.82534 0.18519
vt 0.84828 0.18927
vt 0.84558 0.19107
vt 0.85192 0.18678
vt 0.8519 0.19061
vt 0.82849 0.19282
vt 0.81805 0.1998
vt 0.5226 0.4727
vt 0.8067 0.20217
vt 0.52347 0.4903
vt 0.80644 0.20808
vt 0.52419 0.49757
vt 0.75736 0.21649
vt 0.75792 0.22225
vt 0.74265 0.22459
vt 0.33348 0.70701
vt 0.33362 0.70381
vt 0.34078 0.70302
vt 0.83983 0.88152
vt 0.84557 0.87786
vt 0.71245 0.92016
vt 0.71054 0.93236
vt 0.71836 0.90571
vt 0.40388 0.31253
vt 0.7149 0.9296
vt 0.41227 0.3391
vt 0.30954 0.93276
vt 0.31143 0.89236
vt 0.21094 0.78137
vt 0.64455 0.82252
vt 0.49026 0.8235
vt 0.48814 0.82841
vt 0.48875 0.82432
vt 0.53196 0.64069
vt 0.46276 0.07772
vt 0.04605 0.7944
vt 0.5908 0.50618
vt 0.94516 0.47403
vt 0.86847 0.31413
vt 0.86847 0.29772
vt 0.76113 0.87284
vt 0.81195 0.15706
vt 0.84883 0.17135
vt 0.85243 0.17378
vt 0.85021 0.19554
vt 0.79774 0.21717
vt 0.85591 0.59072
vt 0.87146 0.59757
vt 0.85656 0.59504
vt 0.86352 0.59766
vt 0.34086 0.71366
vt 0.34331 0.7043
vt 0.85358 0.88098
vt 0.40464 0.31534
vt 0.71742 0.92751
vt 0.42117 0.33566
vt 0.31382 0.92971
vt 0.31441 0.92004
vt 0.31392 0.89871
vt 0.64226 0.79526
vt 0.63416 0.82395
vt 0.63431 0.82629
vt 0.4063 0.94637
vt 0.45365 0.10662
vt 0.85416 0.31328
vt 0.85988 0.16813
vt 0.86611 0.17388
vt 0.86731 0.18894
vt 0.86361 0.18865
vt 0.86175 0.19399
vt 0.52237 0.48075
vt 0.52126 0.48039
vt 0.83523 0.20641
vt 0.85497 0.60214
vt 0.85804 0.60179
vt 0.82491 0.21325
vt 0.34629 0.74561
vt 0.34859 0.76734
vt 0.3436 0.74451
vt 0.34255 0.72861
vt 0.35255 0.72879
vt 0.35145 0.71272
vt 0.34703 0.70129
vt 0.7902 0.25683
vt 0.72218 0.91301
vt 0.72408 0.9344
vt 0.72439 0.92973
vt 0.31559 0.93423
vt 0.66903 0.77561
vt 0.64378 0.77699
vt 0.10894 0.52075
vt 0.13026 0.72222
vt 0.13342 0.71789
vt 0.1294 0.68129
vt 0.13026 0.69171
vt 0.13063 0.6778
vt 0.13098 0.6749
vt 0.4876 0.81767
vt 0.48861 0.81713
vt 0.93047 0.68439
vt 0.44279 0.11385
vt 0.59004 0.49801
vt 0.58843 0.58224
vt 0.87517 0.11215
vt 0.89261 0.11111
vt 0.93413 0.47813
vt 0.74722 0.86996
vt 0.50089 0.37378
vt 0.73067 0.143
vt 0.84431 0.15339
vt 0.8599 0.16061
vt 0.86502 0.1651
vt 0.86884 0.17249
vt 0.86935 0.16294
vt 0.86536 0.19829
vt 0.86686 0.20153
vt 0.85429 0.20453
vt 0.84804 0.20808
vt 0.83384 0.32103
vt 0.8295 0.31472
vt 0.83851 0.31407
vt 0.84954 0.21035
vt 0.84099 0.32103
vt 0.35897 0.807
vt 0.3523 0.79393
vt 0.84232 0.31716
vt 0.84632 0.31517
vt 0.90124 0.2576
vt 0.90213 0.25962
vt 0.90124 0.26281
vt 0.35353 0.74465
vt 0.87664 0.59465
vt 0.35812 0.7006
vt 0.80074 0.29145
vt 0.85324 0.8694
vt 0.85836 0.87582
vt 0.77743 0.24436
vt 0.71621 0.94904
vt 0.31893 0.93081
vt 0.3164 0.91881
vt 0.31893 0.89947
vt 0.32069 0.89221
vt 0.21441 0.78981
vt 0.11197 0.5146
vt 0.10904 0.52346
vt 0.1379 0.72495
vt 0.13061 0.70323
vt 0.12285 0.29166
vt 0.46419 0.09254
vt 0.58094 0.51423
vt 0.29838 0.16692
vt 0.10537 0.43379
vt 0.74917 0.86412
vt 0.75357 0.86511
vt 0.99867 0.22632
vt 0.86012 0.15509
vt 0.86514 0.15555
vt 0.8676 0.15932
vt 0.86016 0.20763
vt 0.84999 0.21251
vt 0.36268 0.81899
vt 0.35834 0.81757
vt 0.35616 0.81786
vt 0.36651 0.79572
vt 0.87686 0.60281
vt 0.35594 0.70343
vt 0.722 0.94894
vt 0.41872 0.31505
vt 0.28299 0.98812
vt 0.28317 0.97494
vt 0.2866 0.97582
vt 0.31928 0.93268
vt 0.28465 0.97128
vt 0.32133 0.91607
vt 0.21892 0.79373
vt 0.11919 0.50258
vt 0.5742 0.51937
vt 0.5857 0.55425
vt 0.58217 0.56103
vt 0.30126 0.15925
vt 0.74308 0.85973
vt 0.06967 0.43837
vt 0.23758 0.42758
vt 0.86767 0.1504
vt 0.36272 0.83519
vt 0.35502 0.8371
vt 0.35806 0.82867
vt 0.87733 0.61032
vt 0.36514 0.7711
vt 0.36167 0.74243
vt 0.36111 0.72495
vt 0.3604 0.71179
vt 0.863 0.86758
vt 0.72512 0.95222
vt 0.72652 0.91417
vt 0.7281 0.90604
vt 0.7327 0.93256
vt 0.38714 0.43472
vt 0.32841 0.92926
vt 0.22697 0.80313
vt 0.13568 0.49592
vt 0.5737 0.52692
vt 0.57853 0.49652
vt 0.57296 0.53738
vt 0.57966 0.57095
vt 0.57863 0.58081
vt 0.84836 0.02404
vt 0.07198 0.44444
vt 0.85981 0.14183
vt 0.36848 0.82166
vt 0.36878 0.83541
vt 0.37155 0.81048
vt 0.87733 0.61903
vt 0.73915 0.05256
vt 0.73206 0.05256
vt 0.73271 0.05083
vt 0.81723 0.291
vt 0.36482 0.73969
vt 0.36355 0.70285
vt 0.77764 0.25997
vt 0.85733 0.86486
vt 0.72526 0.92227
vt 0.7282 0.95125
vt 0.73319 0.95201
vt 0.29144 0.98576
vt 0.2952 0.9821
vt 0.29103 0.9715
vt 0.29091 0.9672
vt 0.32686 0.93228
vt 0.33128 0.91599
vt 0.32862 0.89315
vt 0.22985 0.81799
vt 0.22975 0.79088
vt 0.60962 0.81188
vt 0.15314 0.6912
vt 0.4982 0.6088
vt 0.49541 0.5927
vt 0.44648 0.09908
vt 0.57688 0.49967
vt 0.57392 0.51267
vt 0.96986 0.48622
vt 0.96985 0.49176
vt 0.86741 0.32447
vt 0.85258 0.32477
vt 0.75005 0.85917
vt 0.75294 0.54305
vt 0.75207 0.55523
vt 0.73698 0.55564
vt 0.10552 0.44253
vt 0.21926 0.43778
vt 0.75111 0.5751
vt 0.73684 0.58324
vt 0.15815 0.44406
vt 0.74717 0.61963
vt 0.81857 0.28975
vt 0.82595 0.29093
vt 0.37252 0.81569
vt 0.36619 0.75825
vt 0.36735 0.72529
vt 0.36663 0.7131
vt 0.36387 0.69957
vt 0.76324 0.26125
vt 0.86469 0.86272
vt 0.76447 0.25047
vt 0.73526 0.90968
vt 0.32592 0.88944
vt 0.13213 0.29494
vt 0.03951 0.8197
vt 0.57224 0.54933
vt 0.30791 0.78174
vt 0.30957 0.79192
vt 0.30229 0.79154
vt 0.74169 0.85319
vt 0.74808 0.85395
vt 0.75115 0.51392
vt 0.75421 0.52583
vt 0.73771 0.52585
vt 0.86163 0.04031
vt 0.23342 0.44096
vt 0.74104 0.6196
vt 0.74325 0.6291
vt 0.74003 0.62979
vt 0.37413 0.83036
vt 0.37619 0.82329
vt 0.37515 0.81485
vt 0.37261 0.79446
vt 0.37167 0.77707
vt 0.37453 0.74294
vt 0.86019 0.85917
vt 0.86584 0.86591
vt 0.86788 0.86126
vt 0.29912 0.9987
vt 0.29478 0.99186
vt 0.30696 0.98589
vt 0.29894 0.98332
vt 0.3029 0.97848
vt 0.30257 0.96249
vt 0.29719 0.96383
vt 0.3341 0.93213
vt 0.22354 0.80878
vt 0.90769 0.70101
vt 0.43278 0.11117
vt 0.30033 0.14585
vt 0.57166 0.55206
vt 0.86181 0.34325
vt 0.86667 0.33353
vt 0.7265 0.52648
vt 0.75354 0.53444
vt 0.2378 0.43859
vt 0.37972 0.83385
vt 0.38028 0.81763
vt 0.37702 0.80778
vt 0.37391 0.72707
vt 0.37812 0.71309
vt 0.37759 0.7015
vt 0.76904 0.26422
vt 0.37016 0.699
vt 0.37909 0.44804
vt 0.38893 0.44844
vt 0.86707 0.85731
vt 0.73906 0.94658
vt 0.37548 0.4367
vt 0.97033 0.6376
vt 0.34078 0.91424
vt 0.3361 0.89165
vt 0.34173 0.88897
vt 0.61628 0.78343
vt 0.14046 0.26576
vt 0.13217 0.26774
vt 0.36068 0.94632
vt 0.56679 0.55227
vt 0.56516 0.57174
vt 0.29641 0.78934
vt 0.10515 0.45636
vt 0.74818 0.50359
vt 0.73529 0.59852
vt 0.73582 0.63769
vt 0.73836 0.63588
vt 0.37827 0.78041
vt 0.3811 0.77399
vt 0.38183 0.76042
vt 0.30782 0.99506
vt 0.75663 0.25491
vt 0.87555 0.85831
vt 0.73678 0.9312
vt 0.74633 0.93484
vt 0.37369 0.4331
vt 0.30586 0.97182
vt 0.34031 0.92907
vt 0.60852 0.77748
vt 0.60804 0.82069
vt 0.17462 0.7043
vt 0.18255 0.68184
vt 0.44891 0.45911
vt 0.82861 0.04465
vt 0.82772 0.05126
vt 0.83116 0.05859
vt 0.29776 0.13784
vt 0.83111 0.03059
vt 0.83327 0.04266
vt 0.84231 0.06005
vt 0.83532 0.06864
vt 0.97033 0.50093
vt 0.94561 0.50261
vt 0.30603 0.14821
vt 0.29569 0.79174
vt 0.85098 0.33732
vt 0.84923 0.33672
vt 0.72446 0.5492
vt 0.23782 0.45038
vt 0.23191 0.44968
vt 0.15107 0.45227
vt 0.38602 0.82979
vt 0.39069 0.82605
vt 0.38302 0.79433
vt 0.38073 0.74311
vt 0.37047 0.44299
vt 0.31499 0.98887
vt 0.74489 0.95356
vt 0.73639 0.95439
vt 0.31167 0.97491
vt 0.33969 0.93312
vt 0.3437 0.89134
vt 0.58151 0.82184
vt 0.43293 0.09975
vt 0.5669 0.58243
vt 0.8388 0.0803
vt 0.84693 0.07972
vt 0.83965 0.08297
vt 0.38488 0.14987
vt 0.89502 0.13306
vt 0.84505 0.05219
vt 0.12419 0.45473
vt 0.18474 0.45124
vt 0.74486 0.49175
vt 0.73389 0.64268
vt 0.72719 0.64746
vt 0.74082 0.47701
vt 0.38907 0.79959
vt 0.38599 0.77978
vt 0.38476 0.77366
vt 0.3817 0.73118
vt 0.38097 0.69808
vt 0.86398 0.84885
vt 0.37056 0.44745
vt 0.31531 0.99186
vt 0.31386 0.98544
vt 0.34766 0.92643
vt 0.61089 0.79165
vt 0.60414 0.83347
vt 0.88527 0.73501
vt 0.36317 0.45966
vt 0.4369 0.06419
vt 0.44816 0.07951
vt 0.85688 0.07835
vt 0.07351 0.46156
vt 0.07215 0.46177
vt 0.73915 0.84454
vt 0.21888 0.45033
vt 0.16687 0.45217
vt 0.72146 0.56455
vt 0.71049 0.60336
vt 0.72411 0.62339
vt 0.73102 0.64915
vt 0.38922 0.81496
vt 0.3858 0.7662
vt 0.38345 0.73893
vt 0.38152 0.71156
vt 0.38261 0.70239
vt 0.37004 0.43641
vt 0.31302 0.97999
vt 0.26 0.80706
vt 0.25661 0.80321
vt 0.25539 0.81319
vt 0.36356 0.43411
vt 0.43671 0.98827
vt 0.34776 0.9316
vt 0.38393 0.46354
vt 0.31143 0.13669
vt 0.71848 0.52509
vt 0.86125 0.06739
vt 0.86621 0.07673
vt 0.71906 0.58904
vt 0.87024 0.07599
vt 0.39341 0.82932
vt 0.39575 0.83253
vt 0.39351 0.81738
vt 0.39468 0.81352
vt 0.39412 0.7889
vt 0.394 0.77334
vt 0.74978 0.93881
vt 0.74662 0.264
vt 0.31821 0.95642
vt 0.35078 0.89106
vt 0.59407 0.82963
vt 0.17446 0.71748
vt 0.36416 0.9423
vt 0.5538 0.5533
vt 0.55365 0.57073
vt 0.55151 0.58167
vt 0.29055 0.75669
vt 0.2786 0.78374
vt 0.31417 0.12649
vt 0.27897 0.79044
vt 0.89898 0.1481
vt 0.73972 0.82648
vt 0.04661 0.05357
vt 0.05952 0.05398
vt 0.0593 0.06445
vt 0.73038 0.65468
vt 0.7211 0.65639
vt 0.72735 0.6562
vt 0.73679 0.46205
vt 0.71603 0.47318
vt 0.73158 0.44381
vt 0.39507 0.8216
vt 0.39429 0.69975
vt 0.87136 0.83539
vt 0.87126 0.85013
vt 0.35811 0.44748
vt 0.87369 0.83992
vt 0.25878 0.81489
vt 0.32288 0.97216
vt 0.30936 0.95809
vt 0.61625 0.77462
vt 0.61428 0.83517
vt 0.36786 0.94943
vt 0.03182 0.12807
vt 0.21213 0.46071
vt 0.21479 0.45135
vt 0.21479 0.46872
vt 0.54838 0.57239
vt 0.844 0.34766
vt 0.15244 0.04531
vt 0.17153 0.0428
vt 0.15109 0.0587
vt 0.19807 0.05467
vt 0.1945 0.0404
vt 0.74443 0.82787
vt 0.04072 0.05422
vt 0.04933 0.06477
vt 0.11011 0.05171
vt 0.12556 0.04877
vt 0.12059 0.0603
vt 0.09262 0.05419
vt 0.71041 0.62597
vt 0.39742 0.81126
vt 0.39655 0.74241
vt 0.39678 0.71042
vt 0.39381 0.69646
vt 0.86687 0.83607
vt 0.3572 0.44413
vt 0.32684 0.98861
vt 0.27583 0.80519
vt 0.27509 0.81552
vt 0.3268 0.98049
vt 0.88977 0.73094
vt 0.42368 0.09642
vt 0.30602 0.43223
vt 0.30569 0.42181
vt 0.29628 0.43223
vt 0.27792 0.77988
vt 0.85503 0.35586
vt 0.85192 0.3558
vt 0.2039 0.04169
vt 0.20528 0.05458
vt 0.73118 0.8788
vt 0.72941 0.87862
vt 0.73118 0.8649
vt 0.86228 0.67961
vt 0.85774 0.66776
vt 0.84122 0.34691
vt 0.74783 0.82847
vt 0.07146 0.05618
vt 0.09114 0.06236
vt 0.71273 0.55691
vt 0.07161 0.06514
vt 0.40324 0.81458
vt 0.40542 0.81019
vt 0.4031 0.78354
vt 0.39918 0.72294
vt 0.32776 0.98519
vt 0.25973 0.82013
vt 0.33592 0.96522
vt 0.35688 0.93219
vt 0.35817 0.92896
vt 0.35901 0.9218
vt 0.36266 0.88836
vt 0.35872 0.89093
vt 0.22681 0.82928
vt 0.17868 0.69109
vt 0.17224 0.27485
vt 0.27705 0.7563
vt 0.0414 0.06646
vt 0.71329 0.64805
vt 0.40669 0.82588
vt 0.40815 0.83185
vt 0.40625 0.81811
vt 0.87375 0.83553
vt 0.27591 0.81965
vt 0.25376 0.82158
vt 0.1861 0.52294
vt 0.21481 0.72485
vt 0.46309 0.64064
vt 0.17001 0.29134
vt 0.93036 0.71453
vt 0.60275 0.01721
vt 0.59435 0.01451
vt 0.54392 0.55312
vt 0.18648 0.0583
vt 0.72422 0.4195
vt 0.46926 0.6249
vt 0.21922 0.18101
vt 0.22719 0.17507
vt 0.22719 0.20808
vt 0.58716 0.01922
vt 0.56491 0.0139
vt 0.60029 0.02582
vt 0.89511 0.15855
vt 0.88865 0.16253
vt 0.68759 0.53802
vt 0.13406 0.0674
vt 0.07156 0.07821
vt 0.09189 0.07705
vt 0.07214 0.07788
vt 0.40366 0.70631
vt 0.4023 0.69897
vt 0.74194 0.28283
vt 0.27336 0.82768
vt 0.25541 0.82696
vt 0.25894 0.82597
vt 0.37006 0.91583
vt 0.58718 0.79468
vt 0.21175 0.67764
vt 0.90531 0.73177
vt 0.21213 0.10966
vt 0.21479 0.10122
vt 0.21479 0.12554
vt 0.97095 0.79169
vt 0.95812 0.80556
vt 0.97154 0.80669
vt 0.25981 0.78139
vt 0.53247 0.57384
vt 0.53418 0.58427
vt 0.84309 0.36683
vt 0.32255 0.12366
vt 0.19984 0.07009
vt 0.83339 0.35605
vt 0.69136 0.52611
vt 0.70221 0.64396
vt 0.69715 0.48168
vt 0.40843 0.7752
vt 0.41319 0.71128
vt 0.40865 0.69634
vt 0.86464 0.82144
vt 0.34554 0.44923
vt 0.339 0.9868
vt 0.87094 0.82352
vt 0.87555 0.82729
vt 0.33959 0.97997
vt 0.34959 0.43569
vt 0.34933 0.43858
vt 0.37014 0.93135
vt 0.37143 0.92668
vt 0.36945 0.89043
vt 0.21463 0.67477
vt 0.49026 0.73458
vt 0.58455 0.02835
vt 0.53586 0.57267
vt 0.9483 0.78956
vt 0.94764 0.80398
vt 0.26063 0.79045
vt 0.20642 0.06306
vt 0.04972 0.07778
vt 0.05943 0.07813
vt 0.7497 0.81702
vt 0.11741 0.07657
vt 0.69882 0.62496
vt 0.69444 0.65623
vt 0.70694 0.45152
vt 0.70293 0.46372
vt 0.42021 0.82395
vt 0.41154 0.78208
vt 0.7356 0.27909
vt 0.26017 0.84003
vt 0.3407 0.95735
vt 0.33112 0.95379
vt 0.79666 0.94577
vt 0.7854 0.96166
vt 0.77458 0.96655
vt 0.92902 0.73046
vt 0.53293 0.55372
vt 0.97356 0.78979
vt 0.90375 0.1643
vt 0.16707 0.0734
vt 0.04069 0.07774
vt 0.14042 0.07542
vt 0.08265 0.07767
vt 0.7007 0.60086
vt 0.70007 0.47207
vt 0.2903 0.56847
vt 0.41984 0.79304
vt 0.4161 0.72401
vt 0.41191 0.69997
vt 0.34276 0.98334
vt 0.87221 0.81684
vt 0.2563 0.84144
vt 0.33518 0.43785
vt 0.58584 0.77454
vt 0.17042 0.50957
vt 0.1781 0.52034
vt 0.17289 0.26834
vt 0.56053 0.02804
vt 0.97177 0.78861
vt 0.89582 0.16752
vt 0.90207 0.1661
vt 0.20754 0.07085
vt 0.74139 0.81531
vt 0.68453 0.53251
vt 0.69911 0.58226
vt 0.29496 0.56037
vt 0.32104 0.5859
vt 0.4204 0.81201
vt 0.41837 0.78061
vt 0.41775 0.77098
vt 0.86797 0.81199
vt 0.27583 0.83833
vt 0.34253 0.95412
vt 0.37693 0.92801
vt 0.37583 0.89184
vt 0.38003 0.88876
vt 0.57925 0.7781
vt 0.82813 0.36068
vt 0.05963 0.08742
vt 0.08606 0.08908
vt 0.69178 0.63225
vt 0.30986 0.56713
vt 0.30136 0.51601
vt 0.42008 0.77267
vt 0.44517 0.41575
vt 0.44575 0.41101
vt 0.41777 0.69552
vt 0.74457 0.29328
vt 0.34651 0.98578
vt 0.86313 0.81243
vt 0.34481 0.97865
vt 0.38166 0.93194
vt 0.79967 0.95158
vt 0.56955 0.81439
vt 0.5781 0.83504
vt 0.21288 0.70478
vt 0.42362 0.05604
vt 0.20036 0.07826
vt 0.68595 0.51812
vt 0.05134 0.08794
vt 0.69428 0.49094
vt 0.31029 0.49427
vt 0.32226 0.48976
vt 0.33618 0.4942
vt 0.33761 0.5867
vt 0.43016 0.81612
vt 0.41912 0.73239
vt 0.41814 0.70891
vt 0.41808 0.69905
vt 0.73851 0.297
vt 0.86931 0.8093
vt 0.38617 0.92934
vt 0.38363 0.9139
vt 0.17163 0.49552
vt 0.4471 0.62675
vt 0.44653 0.60856
vt 0.18087 0.26542
vt 0.5248 0.55319
vt 0.98075 0.15705
vt 0.98168 0.1629
vt 0.99245 0.16082
vt 0.99034 0.15439
vt 0.96014 0.779
vt 0.83086 0.37266
vt 0.82347 0.36155
vt 0.04093 0.08831
vt 0.68696 0.56318
vt 0.11563 0.08947
vt 0.68992 0.5047
vt 0.68739 0.59044
vt 0.68804 0.60203
vt 0.69132 0.64695
vt 0.3305 0.48669
vt 0.32184 0.50549
vt 0.31159 0.51661
vt 0.43404 0.83311
vt 0.43143 0.8304
vt 0.359 0.98185
vt 0.10183 0.99957
vt 0.09965 0.98433
vt 0.10018 0.9803
vt 0.34948 0.97117
vt 0.38457 0.89095
vt 0.57047 0.77655
vt 0.48919 0.73642
vt 0.4483 0.59233
vt 0.32265 0.94222
vt 0.32928 0.94935
vt 0.03216 0.09045
vt 0.56279 0.03331
vt 0.52659 0.5738
vt 0.97352 0.77652
vt 0.94864 0.77757
vt 0.2462 0.78176
vt 0.83844 0.37097
vt 0.25093 0.79096
vt 0.90729 0.17319
vt 0.20737 0.084
vt 0.86486 0.70736
vt 0.68841 0.61103
vt 0.07244 0.09647
vt 0.69126 0.6562
vt 0.33974 0.48287
vt 0.42286 0.7208
vt 0.42401 0.70908
vt 0.74255 0.29914
vt 0.72926 0.29695
vt 0.11011 0.999
vt 0.35678 0.9779
vt 0.32878 0.43932
vt 0.19044 0.79469
vt 0.39172 0.89236
vt 0.20987 0.72225
vt 0.88927 0.73543
vt 0.91892 0.73492
vt 0.68423 0.52631
vt 0.6869 0.57899
vt 0.68841 0.62254
vt 0.07249 0.09751
vt 0.09527 0.09637
vt 0.68875 0.62771
vt 0.68924 0.63641
vt 0.3487 0.47924
vt 0.43302 0.76342
vt 0.42853 0.72151
vt 0.86131 0.80831
vt 0.8659 0.80575
vt 0.35563 0.95681
vt 0.57022 0.79942
vt 0.56343 0.82348
vt 0.56578 0.83373
vt 0.34249 0.4637
vt 0.90732 0.73598
vt 0.93106 0.73466
vt 0.59297 0.04479
vt 0.90921 0.1833
vt 0.68516 0.55221
vt 0.75013 0.79835
vt 0.04096 0.09672
vt 0.05007 0.09691
vt 0.05996 0.09821
vt 0.12593 0.09569
vt 0.83747 0.77194
vt 0.85102 0.75699
vt 0.86494 0.75195
vt 0.49307 0.47135
vt 0.50329 0.46937
vt 0.50285 0.47401
vt 0.51286 0.47073
vt 0.51235 0.47243
vt 0.51255 0.46922
vt 0.32408 0.51887
vt 0.36455 0.58677
vt 0.43966 0.83434
vt 0.42979 0.70796
vt 0.74168 0.30513
vt 0.35877 0.98546
vt 0.86704 0.80409
vt 0.11581 0.99831
vt 0.11349 0.95699
vt 0.10541 0.95069
vt 0.11198 0.94923
vt 0.35612 0.97137
vt 0.3546 0.95265
vt 0.39386 0.93076
vt 0.39185 0.91714
vt 0.39351 0.88867
vt 0.57597 0.82008
vt 0.55677 0.82553
vt 0.21209 0.69121
vt 0.2135 0.68152
vt 0.44864 0.63764
vt 0.44969 0.64067
vt 0.11132 0.76772
vt 0.10939 0.76846
vt 0.88908 0.74123
vt 0.93069 0.73867
vt 0.92876 0.73952
vt 0.5569 0.03886
vt 0.59309 0.051
vt 0.97264 0.76509
vt 0.89326 0.18588
vt 0.33691 0.10959
vt 0.91187 0.18476
vt 0.68585 0.56554
vt 0.81522 0.36551
vt 0.19922 0.09224
vt 0.48656 0.47666
vt 0.48448 0.47095
vt 0.41497 0.2002
vt 0.48958 0.48011
vt 0.4957 0.47719
vt 0.50285 0.47561
vt 0.523 0.53901
vt 0.52391 0.54594
vt 0.37963 0.5867
vt 0.73935 0.30885
vt 0.86405 0.79977
vt 0.85747 0.80203
vt 0.11813 0.95656
vt 0.11584 0.9782
vt 0.32055 0.44228
vt 0.39375 0.9023
vt 0.81098 0.94405
vt 0.5496 0.03174
vt 0.58475 0.05469
vt 0.99003 0.13454
vt 0.99173 0.14635
vt 0.23871 0.79192
vt 0.9059 0.18677
vt 0.82086 0.37799
vt 0.86457 0.7145
vt 0.42986 0.47292
vt 0.42228 0.46852
vt 0.43576 0.4689
vt 0.4472 0.46961
vt 0.4678 0.47011
vt 0.4793 0.47063
vt 0.47233 0.48529
vt 0.87467 0.77194
vt 0.49575 0.53648
vt 0.48578 0.31094
vt 0.49485 0.3106
vt 0.50067 0.31743
vt 0.50177 0.31131
vt 0.49626 0.55784
vt 0.47115 0.56797
vt 0.4775 0.56702
vt 0.4891 0.56239
vt 0.45495 0.43484
vt 0.11894 0.97014
vt 0.11635 0.96445
vt 0.12342 0.96367
vt 0.11624 0.96076
vt 0.72764 0.3067
vt 0.31705 0.44541
vt 0.12048 0.94774
vt 0.19259 0.79952
vt 0.36465 0.97323
vt 0.36143 0.96135
vt 0.35812 0.955
vt 0.39647 0.92057
vt 0.39594 0.89119
vt 0.90453 0.76775
vt 0.56687 0.05684
vt 0.94922 0.76926
vt 0.96224 0.76632
vt 0.89666 0.19001
vt 0.34446 0.10486
vt 0.37552 0.4686
vt 0.38314 0.46525
vt 0.38307 0.47237
vt 0.3893 0.46602
vt 0.36248 0.47358
vt 0.75427 0.79205
vt 0.40895 0.46765
vt 0.45879 0.47003
vt 0.45875 0.48565
vt 0.06011 0.10681
vt 0.09589 0.11573
vt 0.48724 0.48801
vt 0.48797 0.48337
vt 0.52118 0.53079
vt 0.47325 0.31953
vt 0.471 0.31119
vt 0.44991 0.57418
vt 0.45795 0.31288
vt 0.46334 0.31123
vt 0.85369 0.7979
vt 0.85986 0.79579
vt 0.12281 0.95607
vt 0.81666 0.92655
vt 0.55803 0.77463
vt 0.5639 0.78742
vt 0.55318 0.82896
vt 0.5611 0.83574
vt 0.18869 0.49561
vt 0.18429 0.28043
vt 0.98307 0.76557
vt 0.38416 0.48492
vt 0.20962 0.10203
vt 0.3725 0.49252
vt 0.41135 0.49295
vt 0.0403 0.10652
vt 0.04178 0.10558
vt 0.05084 0.10453
vt 0.13091 0.11469
vt 0.44 0.49739
vt 0.06629 0.11674
vt 0.07283 0.11647
vt 0.78255 0.34709
vt 0.43181 0.57819
vt 0.45503 0.31929
vt 0.44436 0.31717
vt 0.45274 0.31473
vt 0.74071 0.31911
vt 0.31409 0.4477
vt 0.36543 0.95649
vt 0.40122 0.89107
vt 0.54624 0.8007
vt 0.44768 0.64075
vt 0.18348 0.26878
vt 0.18463 0.28675
vt 0.8853 0.76381
vt 0.33389 0.4594
vt 0.55506 0.0477
vt 0.89634 0.19217
vt 0.34351 0.09564
vt 0.95042 0.75759
vt 0.99956 0.76714
vt 0.80488 0.36878
vt 0.20329 0.11261
vt 0.16948 0.10259
vt 0.48847 0.49717
vt 0.48839 0.49268
vt 0.49373 0.49554
vt 0.49784 0.49685
vt 0.49414 0.50396
vt 0.50696 0.49844
vt 0.51914 0.52214
vt 0.37088 0.55917
vt 0.45122 0.55054
vt 0.84836 0.50603
vt 0.49898 0.33286
vt 0.4098 0.57718
vt 0.84657 0.79155
vt 0.85503 0.78894
vt 0.41285 0.58211
vt 0.12798 0.95607
vt 0.44138 0.31785
vt 0.19721 0.7954
vt 0.54421 0.81968
vt 0.44357 0.63326
vt 0.44336 0.64031
vt 0.44385 0.61868
vt 0.445 0.59334
vt 0.59036 0.06376
vt 0.58174 0.06187
vt 0.99922 0.75963
vt 0.35381 0.09796
vt 0.985 0.76793
vt 0.98297 0.75421
vt 0.35151 0.10026
vt 0.80798 0.3801
vt 0.17972 0.11353
vt 0.05147 0.11848
vt 0.15583 0.11381
vt 0.46675 0.51068
vt 0.50635 0.5059
vt 0.51331 0.49932
vt 0.51548 0.50083
vt 0.51622 0.50523
vt 0.47445 0.53302
vt 0.06119 0.18636
vt 0.73061 0.32975
vt 0.37409 0.97815
vt 0.43977 0.33165
vt 0.20958 0.80107
vt 0.37511 0.95839
vt 0.41082 0.91396
vt 0.40681 0.89314
vt 0.81906 0.94303
vt 0.822 0.93716
vt 0.5531 0.77886
vt 0.22331 0.7222
vt 0.22084 0.71751
vt 0.21749 0.70797
vt 0.21727 0.69046
vt 0.21754 0.6833
vt 0.2169 0.67745
vt 0.55245 0.0545
vt 0.97945 0.12498
vt 0.97255 0.75236
vt 0.97286 0.75902
vt 0.98961 0.12096
vt 0.21111 0.11283
vt 0.38545 0.50009
vt 0.04229 0.11958
vt 0.06058 0.11768
vt 0.07291 0.12519
vt 0.51181 0.51375
vt 0.51711 0.51353
vt 0.07262 0.16868
vt 0.09797 0.17776
vt 0.04271 0.18496
vt 0.04198 0.1776
vt 0.84664 0.53675
vt 0.74428 0.32845
vt 0.73867 0.32622
vt 0.47508 0.3303
vt 0.44929 0.33528
vt 0.41675 0.89539
vt 0.41081 0.89074
vt 0.82768 0.93883
vt 0.82414 0.92622
vt 0.43826 0.64066
vt 0.19032 0.94136
vt 0.19531 0.94308
vt 0.19074 0.94209
vt 0.43762 0.59136
vt 0.19586 0.26844
vt 0.32728 0.67289
vt 0.32728 0.68766
vt 0.3264 0.68168
vt 0.99895 0.7516
vt 0.78747 0.38008
vt 0.79025 0.36947
vt 0.20889 0.11542
vt 0.76993 0.7798
vt 0.79029 0.36731
vt 0.10019 0.12748
vt 0.4417 0.5229
vt 0.78116 0.65552
vt 0.76926 0.67897
vt 0.79052 0.67607
vt 0.48775 0.51719
vt 0.09649 0.16834
vt 0.42022 0.55006
vt 0.83714 0.78458
vt 0.49179 0.33487
vt 0.47949 0.33491
vt 0.12519 0.18723
vt 0.41709 0.92799
vt 0.2217 0.70382
vt 0.22196 0.67777
vt 0.21828 0.67487
vt 0.43759 0.63831
vt 0.42647 0.60753
vt 0.55374 0.06047
vt 0.95563 0.12396
vt 0.17269 0.12252
vt 0.06067 0.13434
vt 0.0726 0.13426
vt 0.08755 0.13436
vt 0.38659 0.51443
vt 0.46974 0.51916
vt 0.07269 0.14297
vt 0.79052 0.65767
vt 0.74358 0.00999
vt 0.42329 0.53534
vt 0.0418 0.1701
vt 0.74757 0.33582
vt 0.83529 0.78211
vt 0.49841 0.33562
vt 0.4983 0.33927
vt 0.46555 0.33833
vt 0.52202 0.9502
vt 0.41722 0.89131
vt 0.83716 0.93214
vt 0.20247 0.52285
vt 0.23109 0.72502
vt 0.88824 0.77047
vt 0.3055 0.0507
vt 0.58291 0.06963
vt 0.90645 0.20903
vt 0.94864 0.12422
vt 0.95673 0.1121
vt 0.96129 0.7368
vt 0.99663 0.74171
vt 0.98227 0.73818
vt 0.97231 0.74494
vt 0.20342 0.11806
vt 0.21125 0.11823
vt 0.77895 0.77603
vt 0.0403 0.11925
vt 0.04218 0.12597
vt 0.05034 0.13446
vt 0.78291 0.77985
vt 0.13543 0.13361
vt 0.09869 0.13514
vt 0.7605 0.04648
vt 0.82647 0.78295
vt 0.75148 0.34272
vt 0.04206 0.16283
vt 0.1981 0.18563
vt 0.20771 0.18018
vt 0.20734 0.18636
vt 0.79099 0.75609
vt 0.48063 0.33601
vt 0.21513 0.81963
vt 0.21476 0.82407
vt 0.51979 0.93969
vt 0.11512 0.19159
vt 0.45955 0.33927
vt 0.43997 0.33266
vt 0.44858 0.3368
vt 0.53892 0.77593
vt 0.54586 0.82034
vt 0.54204 0.83491
vt 0.20783 0.50185
vt 0.21032 0.512
vt 0.20397 0.52008
vt 0.23149 0.68243
vt 0.41738 0.62797
vt 0.9312 0.78414
vt 0.92703 0.77746
vt 0.55093 0.07023
vt 0.35004 0.08498
vt 0.97006 0.11143
vt 0.97883 0.09978
vt 0.94284 0.12259
vt 0.94963 0.09897
vt 0.91176 0.21069
vt 0.98698 0.10017
vt 0.99044 0.09974
vt 0.94987 0.74569
vt 0.98447 0.73559
vt 0.04173 0.13474
vt 0.17228 0.13412
vt 0.4189 0.5271
vt 0.13648 0.14467
vt 0.43746 0.52443
vt 0.06429 0.15071
vt 0.1213 0.15363
vt 0.89061 0.82443
vt 0.13757 0.16009
vt 0.81847 0.78041
vt 0.17096 0.16218
vt 0.74981 0.34362
vt 0.20792 0.17384
vt 0.15171 0.94575
vt 0.21745 0.80798
vt 0.51756 0.92532
vt 0.38569 0.96346
vt 0.51511 0.91958
vt 0.38217 0.95789
vt 0.83392 0.93713
vt 0.8383 0.9359
vt 0.52419 0.79615
vt 0.53288 0.82363
vt 0.31946 0.05731
vt 0.58825 0.07737
vt 0.57808 0.07679
vt 0.93173 0.10925
vt 0.93436 0.12035
vt 0.96363 0.10525
vt 0.97174 0.73754
vt 0.34896 0.14078
vt 0.94917 0.73556
vt 0.36744 0.08969
vt 0.98203 0.73246
vt 0.78379 0.77444
vt 0.20116 0.13461
vt 0.40612 0.52886
vt 0.04216 0.14731
vt 0.18271 0.14369
vt 0.06048 0.14941
vt 0.04589 0.14745
vt 0.18034 0.15287
vt 0.05962 0.15538
vt 0.16892 0.15848
vt 0.76258 0.35558
vt 0.76161 0.3578
vt 0.19901 0.16303
vt 0.20766 0.16475
vt 0.82233 0.77281
vt 0.83002 0.7745
vt 0.74094 0.35004
vt 0.98263 0.65954
vt 0.97764 0.65935
vt 0.99505 0.65204
vt 0.39238 0.98805
vt 0.37499 0.26356
vt 0.37334 0.25632
vt 0.38308 0.25065
vt 0.38308 0.26143
vt 0.99945 0.65653
vt 0.99956 0.65171
vt 0.11064 0.19868
vt 0.38904 0.96177
vt 0.4292 0.92968
vt 0.42174 0.89122
vt 0.40549 0.63764
vt 0.42685 0.64064
vt 0.21991 0.26563
vt 0.91101 0.11295
vt 0.92353 0.11651
vt 0.91819 0.11357
vt 0.95865 0.09849
vt 0.34154 0.14483
vt 0.99396 0.73168
vt 0.99832 0.73469
vt 0.77437 0.36288
vt 0.79373 0.77188
vt 0.3881 0.5313
vt 0.38845 0.53122
vt 0.19998 0.14702
vt 0.8078 0.77107
vt 0.20302 0.15352
vt 0.20836 0.15309
vt 0.99927 0.66205
vt 0.39946 0.99379
vt 0.52774 0.9581
vt 0.21028 0.49723
vt 0.20816 0.49425
vt 0.92429 0.10665
vt 0.90243 0.10489
vt 0.90213 0.11057
vt 0.94238 0.09895
vt 0.96592 0.09889
vt 0.34313 0.15064
vt 0.94832 0.73045
vt 0.97208 0.72931
vt 0.37144 0.0872
vt 0.98846 0.0858
vt 0.99077 0.08006
vt 0.98344 0.7245
vt 0.76945 0.37524
vt 0.75568 0.36709
vt 0.98219 0.67237
vt 0.73426 0.34317
vt 0.99106 0.67149
vt 0.10343 0.21662
vt 0.99727 0.66642
vt 0.10976 0.19222
vt 0.38089 0.26629
vt 0.40531 0.9865
vt 0.43514 0.92985
vt 0.42846 0.89088
vt 0.84495 0.93494
vt 0.83996 0.91691
vt 0.33112 0.04993
vt 0.58768 0.08682
vt 0.58195 0.08606
vt 0.91696 0.10496
vt 0.93581 0.09789
vt 0.97943 0.08862
vt 0.98996 0.72067
vt 0.99711 0.72413
vt 0.98154 0.71916
vt 0.98035 0.68001
vt 0.98272 0.68181
vt 0.09571 0.21739
vt 0.99691 0.67279
vt 0.97006 0.67301
vt 0.97136 0.65807
vt 0.53719 0.95819
vt 0.55403 0.96275
vt 0.84201 0.90448
vt 0.27002 0.71722
vt 0.2419 0.69126
vt 0.22795 0.26892
vt 0.23091 0.2865
vt 0.29283 0.94304
vt 0.29295 0.94979
vt 0.88875 0.78756
vt 0.55628 0.08457
vt 0.90287 0.09531
vt 0.96327 0.08914
vt 0.97093 0.71724
vt 0.99688 0.71725
vt 0.37875 0.08468
vt 0.98088 0.71351
vt 0.38752 0.08136
vt 0.98037 0.69686
vt 0.99063 0.68357
vt 0.73873 0.35331
vt 0.9696 0.68387
vt 0.99635 0.6793
vt 0.40927 0.07695
vt 0.41862 0.07712
vt 0.55377 0.95955
vt 0.85336 0.93112
vt 0.8296 0.91252
vt 0.26218 0.70615
vt 0.88569 0.79219
vt 0.30519 0.45836
vt 0.30894 0.04209
vt 0.54719 0.08419
vt 0.58314 0.09676
vt 0.91385 0.09576
vt 0.94881 0.09115
vt 0.94826 0.08346
vt 0.95593 0.08276
vt 0.96002 0.08533
vt 0.97966 0.08196
vt 0.97025 0.71309
vt 0.94764 0.71625
vt 0.97123 0.71295
vt 0.98023 0.06432
vt 0.99726 0.70951
vt 0.94641 0.70012
vt 0.98783 0.69705
vt 0.96933 0.69654
vt 0.9968 0.69574
vt 0.39876 0.07849
vt 0.07484 0.22024
vt 0.99798 0.6797
vt 0.32965 0.20272
vt 0.55338 0.97971
vt 0.57826 0.96955
vt 0.5793 0.95953
vt 0.85001 0.91718
vt 0.25912 0.7224
vt 0.31275 0.46438
vt 0.92256 0.78829
vt 0.3434 0.0458
vt 0.58795 0.09877
vt 0.92508 0.0959
vt 0.91645 0.08963
vt 0.93611 0.0889
vt 0.90253 0.08534
vt 0.93862 0.08384
vt 0.83464 0.68635
vt 0.9406 0.07593
vt 0.95133 0.07431
vt 0.95746 0.07307
vt 0.99247 0.06356
vt 0.32277 0.18887
vt 0.0713 0.19739
vt 0.98103 0.05755
vt 0.99245 0.04081
vt 0.08396 0.19528
vt 0.98362 0.03912
vt 0.96294 0.03606
vt 0.96073 0.05862
vt 0.9647 0.04733
vt 0.96628 0.03685
vt 0.60275 0.19957
vt 0.60053 0.18767
vt 0.57836 0.99037
vt 0.57617 0.95865
vt 0.51997 0.82015
vt 0.52137 0.82587
vt 0.39695 0.64052
vt 0.3808 0.62138
vt 0.39686 0.59103
vt 0.22343 0.29118
vt 0.54734 0.09227
vt 0.91486 0.07902
vt 0.90243 0.08249
vt 0.93161 0.07682
vt 0.57428 0.20587
vt 0.5651 0.20991
vt 0.56323 0.20735
vt 0.52664 0.77879
vt 0.51833 0.82963
vt 0.58259 0.1096
vt 0.54779 0.10023
vt 0.58818 0.10949
vt 0.92497 0.09566
vt 0.92587 0.08443
vt 0.92506 0.07718
vt 0.86707 0.9402
vt 0.56164 0.20017
vt 0.85082 0.9089
vt 0.52033 0.81671
vt 0.31269 0.03497
vt 0.57152 0.1109
vt 0.59842 0.17541
vt 0.59679 0.174
vt 0.58538 0.17577
vt 0.56157 0.1918
vt 0.55945 0.19236
vt 0.8416 0.90139
vt 0.51223 0.83513
vt 0.24424 0.49765
vt 0.90601 0.79391
vt 0.92758 0.79348
vt 0.51236 0.06615
vt 0.54802 0.11264
vt 0.57824 0.11702
vt 0.56694 0.12263
vt 0.58973 0.12403
vt 0.59622 0.16608
vt 0.51684 0.83623
vt 0.2339 0.49501
vt 0.38137 0.61266
vt 0.27885 0.95091
vt 0.58032 0.13216
vt 0.59233 0.14307
vt 0.59325 0.15434
vt 0.57655 0.15661
vt 0.59029 0.16413
vt 0.40753 0.0326
vt 0.28739 0.67463
vt 0.77901 0.50608
vt 0.77789 0.50968
vt 0.8859 0.7966
vt 0.5509 0.13838
vt 0.56941 0.14607
vt 0.55501 0.16411
vt 0.30868 0.34014
vt 0.30602 0.33708
vt 0.30868 0.31929
vt 0.26596 0.69185
vt 0.24233 0.29016
vt 0.29267 0.46402
vt 0.27285 0.94311
vt 0.23788 0.29392
vt 0.8955 0.80098
vt 0.93133 0.7949
vt 0.91755 0.79977
vt 0.05855 0.93788
vt 0.06472 0.93738
vt 0.05932 0.93276
vt 0.95481 0.18634
vt 0.51227 0.82137
vt 0.26959 0.51959
vt 0.37305 0.63746
vt 0.8863 0.80275
vt 0.90824 0.80233
vt 0.93136 0.79805
vt 0.92865 0.7997
vt 0.51151 0.07414
vt 0.08647 0.93706
vt 0.07938 0.93259
vt 0.06527 0.92888
vt 0.06401 0.9084
vt 0.05713 0.9114
vt 0.91443 0.18197
vt 0.29451 0.72216
vt 0.295 0.67772
vt 0.27323 0.94913
vt 0.72018 0.88669
vt 0.23909 0.93502
vt 0.24147 0.9244
vt 0.24111 0.91494
vt 0.22889 0.93239
vt 0.22658 0.93788
vt 0.18631 0.93403
vt 0.22113 0.92534
vt 0.5368 0.12513
vt 0.17835 0.93694
vt 0.54366 0.16076
vt 0.5445 0.17612
vt 0.54025 0.17978
vt 0.54372 0.18505
vt 0.54923 0.25673
vt 0.11853 0.93575
vt 0.09727 0.92128
vt 0.0737 0.90592
vt 0.76306 0.41833
vt 0.76306 0.42354
vt 0.75952 0.41938
vt 0.51186 0.83052
vt 0.25724 0.50988
vt 0.26642 0.52207
vt 0.29479 0.72478
vt 0.29268 0.68233
vt 0.25561 0.2686
vt 0.27031 0.9509
vt 0.88546 0.80582
vt 0.24225 0.89236
vt 0.23915 0.89343
vt 0.22031 0.89643
vt 0.1867 0.91966
vt 0.15869 0.92616
vt 0.1635 0.91002
vt 0.14147 0.93675
vt 0.12643 0.92062
vt 0.12573 0.93609
vt 0.12253 0.93252
vt 0.12216 0.91023
vt 0.1051 0.90678
vt 0.06957 0.89226
vt 0.06302 0.89102
vt 0.91369 0.17507
vt 0.24212 0.49267
vt 0.38282 0.64071
vt 0.13419 0.94308
vt 0.26971 0.94226
vt 0.24073 0.29553
vt 0.24238 0.29804
vt 0.29372 0.44864
vt 0.29026 0.42366
vt 0.21337 0.89294
vt 0.19207 0.89551
vt 0.16612 0.89347
vt 0.28603 0.37759
vt 0.19482 0.89141
vt 0.12705 0.89096
vt 0.12595 0.89343
vt 0.1227 0.8928
vt 0.10348 0.89236
vt 0.39293 0.13309
vt 0.40899 0.12264
vt 0.36511 0.1522
vt 0.25848 0.27563
vt 0.9603 0.98687
vt 0.96147 0.97821
vt 0.9584 0.97909
vt 0.24537 0.2974
vt 0.24568 0.3382
vt 0.24658 0.38703
vt 0.24656 0.43758
vt 0.24655 0.49036
vt 0.24368 0.48919
vt 0.29844 0.71009
vt 0.95509 0.9874
vt 0.94952 0.9798
vt 0.04502 0.03356
vt 0.90774 0.97994
vt 0.08592 0.03241
vt 0.92913 0.9872
vt 0.94561 0.97698
vt 0.91011 0.97741
vt 0.24833 0.34741
vt 0.89239 0.98733
vt 0.87806 0.97742
vt 0.88268 0.98
vt 0.84458 0.98727
vt 0.81369 0.98006
vt 0.81303 0.97738
vt 0.2489 0.43967
vt 0.8177 0.9874
vt 0.77506 0.9799
vt 0.76564 0.98641
vt 0.77201 0.97717
vt 0.22194 0.03028
vt 0.35125 0.15366
vt 0.75952 0.97767
vt 0.23438 0.03122
vt 0.76066 0.98734
vt 0.25194 0.35128
vt 0.25234 0.43986
vt 0.2523 0.47442
vt 0.37596 0.64043
vt 0.35658 0.6124
vt 0.27591 0.53736
vt 0.30071 0.69961
vt 0.26219 0.43228
vt 0.26158 0.44884
vt 0.26434 0.49785
vt 0.26122 0.36051
vt 0.26835 0.27254
vt 0.35552 0.62892
vt 0.26855 0.34378
vt 0.26928 0.44151
vt 0.29989 0.6747
vt 0.26876 0.39307
vt 0.26981 0.49864
vt 0.27242 0.52106
vt 0.35143 0.64019
vt 0.27217 0.4326
vt 0.27397 0.43675
vt 0.27246 0.44247
vt 0.27248 0.45609
vt 0.27259 0.49779
vt 0.30521 0.67501
vt 0.35609 0.59161
vt 0.27414 0.43453
vt 0.27405 0.44773
vt 0.77635 0.5933
vt 0.77764 0.59224
vt 0.35309 0.62132
vt 0.35337 0.60755
vt 0.35519 0.5882
vt 0.30825 0.6925
vt 0.30758 0.68885
vt 0.34921 0.63433
vt 0.3506 0.61407
vt 0.67943 0.28446
vt 0.66342 0.28133
vt 0.67109 0.28484
vt 0.68158 0.2872
vt 0.67996 0.33646
vt 0.68157 0.34234
vt 0.67938 0.36312
vt 0.6814 0.36706
vt 0.67445 0.36686
vt 0.67917 0.37302
vt 0.6807 0.4547
vt 0.67508 0.38567
vt 0.6759 0.44906
vt 0.67904 0.45857
vt 0.68057 0.46267
vt 0.67161 0.46193
vt 0.67845 0.466
vt 0.67868 0.49599
vt 0.66774 0.49704
vt 0.68005 0.51795
vt 0.6751 0.53973
vt 0.66729 0.5442
vt 0.77901 0.59644
vt 0.34765 0.64003
vt 0.34839 0.62777
vt 0.65535 0.28363
vt 0.65628 0.28169
vt 0.6556 0.34761
vt 0.65138 0.36671
vt 0.65731 0.37084
vt 0.65973 0.43163
vt 0.65945 0.45784
vt 0.65318 0.46175
vt 0.6558 0.46673
vt 0.64456 0.48484
vt 0.64527 0.51498
vt 0.66137 0.52466
vt 0.65795 0.54379
vt 0.65068 0.54772
vt 0.63337 0.00203
vt 0.62223 0.69227
vt 0.64255 0.27888
vt 0.64343 0.28097
vt 0.12661 0.53944
vt 0.15735 0.53866
vt 0.15926 0.53736
vt 0.16662 0.53799
vt 0.16352 0.5388
vt 0.64203 0.38029
vt 0.65179 0.39483
vt 0.2472 0.53918
vt 0.64011 0.42572
vt 0.21136 0.53826
vt 0.64193 0.4583
vt 0.24533 0.5383
vt 0.25376 0.53771
vt 0.2505 0.53995
vt 0.64002 0.46357
vt 0.6332 0.46133
vt 0.05004 0.48436
vt 0.05544 0.48259
vt 0.63076 0.527
vt 0.64271 0.545
vt 0.1399 0.4816
vt 0.14026 0.48089
vt 0.63906 0.55284
vt 0.14393 0.48436
vt 0.63656 0.27585
vt 0.63283 0.27958
vt 0.63052 0.27596
vt 0.63019 0.27946
vt 0.63008 0.28599
vt 0.63012 0.29615
vt 0.62999 0.33546
vt 0.62958 0.36558
vt 0.63061 0.3734
vt 0.62948 0.37165
vt 0.62865 0.4538
vt 0.63012 0.42744
vt 0.63026 0.45381
vt 0.62941 0.45696
vt 0.62862 0.46046
vt 0.6312 0.46523
vt 0.62875 0.46576
vt 0.62843 0.53441
vt 0.62847 0.54082
usemtl mat0
f 1/1 2/1 1/1
f 3/2 4/3 5/4
f 6/5 3/2 5/4
f 1/1 7/1 1/1
f 5/4 8/6 9/7
f 10/8 11/9 12/10
f 13/11 14/12 15/13
f 16/14 17/15 18/16
f 19/17 17/15 16/14
f 19/17 20/18 17/15
f 21/1 22/1 22/1
f 16/14 18/16 23/19
f 24/20 20/18 19/17
f 18/16 17/15 20/18
f 22/1 22/1 25/1
f 26/21 27/22 28/23
f 27/22 29/24 28/23
f 30/25 31/26 32/27
f 33/28 34/29 35/30
f 35/30 34/29 36/31
f 33/28 37/32 34/29
f 34/29 37/32 36/31
f 38/33 39/34 40/35
f 37/32 39/34 36/31
f 39/34 37/32 40/35
f 41/36 42/37 43/38
f 41/36 44/39 42/37
f 45/40 46/41 47/42
f 46/41 48/43 47/42
f 49/44 50/45 51/46
f 52/47 53/48 54/49
f 55/50 56/51 57/52
f 58/53 59/54 60/55
f 61/56 62/57 63/58
f 64/59 59/54 58/53
f 65/60 66/61 67/62
f 68/63 52/47 54/49
f 69/64 70/65 71/66
f 72/67 73/68 74/69
f 75/70 76/71 72/67
f 77/72 78/73 79/74
f 80/75 81/76 82/77
f 83/78 82/77 84/79
f 72/67 76/71 73/68
f 85/80 86/81 75/70
f 87/82 88/83 89/84
f 59/54 90/85 62/57
f 63/58 90/85 91/86
f 92/87 93/88 94/89
f 95/90 96/91 97/92
f 98/93 99/94 54/49
f 53/48 52/47 73/68
f 100/95 71/66 70/65
f 101/96 49/44 102/97
f 103/98 102/97 49/44
f 102/97 103/98 104/99
f 105/100 106/101 88/83
f 104/99 107/102 108/103
f 109/104 53/48 110/105
f 79/74 111/106 77/72
f 112/107 96/91 79/74
f 113/108 114/109 115/110
f 116/111 117/112 118/113
f 87/82 119/114 88/83
f 120/115 65/60 109/104
f 50/45 121/116 122/117
f 123/118 124/119 125/120
f 126/121 127/122 89/84
f 50/45 49/44 101/96
f 128/123 129/124 62/57
f 61/56 63/58 107/102
f 74/69 130/125 72/67
f 129/124 120/115 131/126
f 132/127 133/128 134/129
f 95/90 135/130 130/125
f 51/46 67/62 49/44
f 136/131 137/132 138/133
f 90/85 59/54 139/134
f 65/60 67/62 140/135
f 140/135 141/136 65/60
f 133/128 132/127 86/81
f 142/137 58/53 93/88
f 60/55 131/126 94/89
f 68/63 143/138 52/47
f 66/61 128/123 103/98
f 87/82 127/122 144/139
f 108/103 107/102 145/140
f 52/47 143/138 74/69
f 80/75 146/141 77/72
f 68/63 77/72 111/106
f 146/141 147/142 78/73
f 126/121 116/111 148/143
f 149/144 150/145 151/146
f 59/54 64/59 139/134
f 76/71 94/89 110/105
f 109/104 65/60 141/136
f 89/84 127/122 87/82
f 152/147 153/148 154/149
f 155/150 156/151 157/152
f 52/47 74/69 73/68
f 72/67 130/125 75/70
f 82/77 158/153 159/154
f 95/90 160/155 79/74
f 112/107 79/74 78/73
f 161/156 82/77 81/76
f 162/157 163/158 56/51
f 128/123 66/61 120/115
f 164/159 152/147 165/160
f 88/83 166/161 167/162
f 168/163 169/164 170/165
f 104/99 61/56 107/102
f 132/127 93/88 92/87
f 53/48 73/68 110/105
f 160/155 143/138 111/106
f 171/166 172/167 173/168
f 156/151 155/150 174/169
f 158/153 82/77 161/156
f 108/103 102/97 104/99
f 168/163 156/151 169/164
f 102/97 175/170 101/96
f 116/111 114/109 113/108
f 153/148 176/171 154/149
f 90/85 55/50 91/86
f 138/133 137/132 140/135
f 95/90 97/92 135/130
f 115/110 177/172 178/173
f 175/170 176/171 101/96
f 148/143 179/174 127/122
f 105/100 91/86 106/101
f 80/75 77/72 68/63
f 180/175 85/80 75/70
f 180/175 75/70 130/125
f 98/93 140/135 137/132
f 105/100 119/114 63/58
f 181/176 182/177 64/59
f 119/114 145/140 107/102
f 132/127 134/129 93/88
f 146/141 82/77 83/78
f 143/138 68/63 111/106
f 121/116 124/119 122/117
f 60/55 59/54 129/124
f 183/178 181/176 134/129
f 132/127 92/87 86/81
f 158/153 161/156 69/64
f 176/171 153/148 101/96
f 163/158 57/52 56/51
f 116/111 118/113 114/109
f 66/61 103/98 49/44
f 152/147 164/159 184/179
f 117/112 116/111 126/121
f 175/170 179/174 176/171
f 158/153 69/64 185/180
f 186/181 100/95 70/65
f 153/148 152/147 184/179
f 85/80 133/128 86/81
f 67/62 66/61 49/44
f 53/48 109/104 141/136
f 115/110 187/182 113/108
f 188/183 118/113 117/112
f 164/159 125/120 124/119
f 164/159 165/160 189/184
f 50/45 101/96 153/148
f 190/185 191/186 192/187
f 126/121 193/188 194/189
f 187/182 195/190 165/160
f 87/82 145/140 119/114
f 164/159 124/119 184/179
f 191/186 100/95 192/187
f 189/184 125/120 164/159
f 104/99 103/98 61/56
f 166/161 106/101 150/145
f 136/131 122/117 196/191
f 174/169 123/118 125/120
f 152/147 154/149 165/160
f 123/118 190/185 192/187
f 197/192 193/188 198/193
f 106/101 91/86 57/52
f 80/75 68/63 99/94
f 136/131 171/166 173/168
f 115/110 114/109 177/172
f 63/58 91/86 105/100
f 176/171 199/194 154/149
f 182/177 56/51 64/59
f 128/123 62/57 61/56
f 200/195 198/193 167/162
f 125/120 189/184 156/151
f 156/151 168/163 157/152
f 201/196 100/95 191/186
f 51/46 122/117 138/133
f 194/189 197/192 202/197
f 165/160 154/149 187/182
f 185/180 159/154 158/153
f 161/156 173/168 172/167
f 84/79 82/77 159/154
f 143/138 160/155 74/69
f 174/169 203/198 204/199
f 79/74 96/91 95/90
f 121/116 184/179 124/119
f 138/133 67/62 51/46
f 192/187 100/95 186/181
f 204/199 190/185 174/169
f 116/111 113/108 148/143
f 121/116 153/148 184/179
f 144/139 179/174 175/170
f 199/194 187/182 154/149
f 175/170 108/103 144/139
f 167/162 198/193 193/188
f 189/184 195/190 156/151
f 188/183 117/112 202/197
f 168/163 155/150 157/152
f 122/117 124/119 196/191
f 196/191 124/119 123/118
f 174/169 125/120 156/151
f 112/107 78/73 147/142
f 173/168 81/76 98/93
f 155/150 203/198 174/169
f 194/189 202/197 117/112
f 71/66 185/180 69/64
f 89/84 88/83 167/162
f 171/166 196/191 186/181
f 205/200 83/78 84/79
f 62/57 90/85 63/58
f 136/131 173/168 137/132
f 141/136 98/93 54/49
f 114/109 118/113 177/172
f 90/85 139/134 55/50
f 194/189 193/188 197/192
f 141/136 140/135 98/93
f 171/166 136/131 196/191
f 106/101 57/52 150/145
f 87/82 144/139 145/140
f 131/126 60/55 129/124
f 86/81 92/87 75/70
f 142/137 181/176 58/53
f 189/184 165/160 195/190
f 172/167 186/181 70/65
f 173/168 98/93 137/132
f 76/71 110/105 73/68
f 139/134 64/59 56/51
f 103/98 128/123 61/56
f 110/105 94/89 131/126
f 150/145 57/52 151/146
f 88/83 106/101 166/161
f 64/59 58/53 181/176
f 142/137 93/88 134/129
f 94/89 93/88 60/55
f 55/50 139/134 56/51
f 160/155 95/90 74/69
f 142/137 134/129 181/176
f 206/201 166/161 150/145
f 151/146 57/52 163/158
f 80/75 82/77 146/141
f 113/108 187/182 199/194
f 166/161 206/201 200/195
f 175/170 102/97 108/103
f 195/190 115/110 169/164
f 57/52 91/86 55/50
f 200/195 167/162 166/161
f 195/190 187/182 115/110
f 51/46 50/45 122/117
f 89/84 167/162 193/188
f 182/177 162/157 56/51
f 122/117 136/131 138/133
f 54/49 99/94 68/63
f 54/49 53/48 141/136
f 138/133 140/135 67/62
f 79/74 160/155 111/106
f 186/181 172/167 171/166
f 178/173 170/165 169/164
f 182/177 181/176 183/178
f 207/202 190/185 208/203
f 207/202 191/186 190/185
f 172/167 70/65 69/64
f 205/200 146/141 83/78
f 123/118 186/181 196/191
f 201/196 191/186 207/202
f 148/143 113/108 199/194
f 149/144 206/201 150/145
f 134/129 133/128 183/178
f 93/88 58/53 60/55
f 95/90 130/125 74/69
f 92/87 76/71 75/70
f 81/76 99/94 98/93
f 62/57 129/124 59/54
f 180/175 130/125 135/130
f 126/121 89/84 193/188
f 120/115 109/104 131/126
f 105/100 88/83 119/114
f 131/126 109/104 110/105
f 176/171 179/174 199/194
f 128/123 120/115 129/124
f 199/194 179/174 148/143
f 190/185 204/199 208/203
f 123/118 192/187 186/181
f 178/173 169/164 115/110
f 76/71 92/87 94/89
f 195/190 169/164 156/151
f 99/94 81/76 80/75
f 172/167 69/64 161/156
f 100/95 209/204 71/66
f 123/118 174/169 190/185
f 66/61 65/60 120/115
f 144/139 127/122 179/174
f 127/122 126/121 148/143
f 144/139 108/103 145/140
f 119/114 107/102 63/58
f 194/189 117/112 126/121
f 78/73 77/72 146/141
f 146/141 205/200 147/142
f 209/204 100/95 201/196
f 50/45 153/148 121/116
f 173/168 161/156 81/76
f 210/205 211/206 212/207
f 213/208 214/209 210/205
f 213/208 210/205 212/207
f 215/210 211/206 214/209
f 212/207 211/206 215/210
f 215/210 216/211 212/207
f 214/209 211/206 210/205
f 217/212 218/213 219/214
f 218/213 220/215 219/214
f 221/216 222/217 223/218
f 224/219 225/220 223/218
f 224/219 226/221 225/220
f 223/218 222/217 224/219
f 226/221 224/219 222/217
f 227/222 228/223 229/224
f 228/223 230/225 229/224
f 231/226 232/227 233/228
f 233/228 232/227 234/229
f 231/226 235/230 232/227
f 235/230 236/231 234/229
f 232/227 235/230 234/229
f 237/232 238/233 239/234
f 237/232 240/235 241/236
f 242/237 241/236 240/235
f 237/232 239/234 240/235
f 241/236 242/237 238/233
f 238/233 237/232 241/236
f 243/238 244/239 245/240
f 244/239 246/241 245/240
f 247/242 248/243 244/239
f 244/239 248/243 246/241
f 248/243 249/244 246/241
f 248/243 250/245 249/244
f 251/246 250/245 248/243
f 251/246 252/247 250/245
f 252/247 253/248 250/245
f 253/248 254/249 249/244
f 250/245 253/248 249/244
f 253/248 255/250 254/249
f 256/251 257/252 253/248
f 253/248 257/252 255/250
f 257/252 258/253 255/250
f 256/251 259/254 257/252
f 257/252 260/255 258/253
f 257/252 261/256 260/255
f 259/254 262/257 257/252
f 262/257 263/258 257/252
f 257/252 263/258 261/256
f 262/257 264/259 263/258
f 263/258 265/260 261/256
f 264/259 266/261 263/258
f 264/259 267/262 266/261
f 263/258 266/261 268/263
f 263/258 268/263 265/260
f 268/263 266/261 269/264
f 267/262 270/265 266/261
f 266/261 270/265 269/264
f 267/262 271/266 270/265
f 271/266 272/267 270/265
f 270/265 273/268 269/264
f 270/265 272/267 273/268
f 271/266 274/269 272/267
f 274/269 275/270 272/267
f 272/267 276/271 273/268
f 272/267 275/270 276/271
f 274/269 277/272 275/270
f 277/272 278/273 275/270
f 275/270 279/274 276/271
f 275/270 278/273 280/275
f 275/270 280/275 279/274
f 281/276 244/239 243/238
f 281/276 247/242 244/239
f 282/277 247/242 283/278
f 282/277 248/243 247/242
f 282/277 284/279 248/243
f 284/279 251/246 248/243
f 285/280 252/247 251/246
f 285/280 286/281 252/247
f 286/281 253/248 252/247
f 286/281 256/251 253/248
f 286/281 287/282 256/251
f 287/282 288/283 256/251
f 287/282 289/284 288/283
f 256/251 288/283 259/254
f 290/285 288/283 289/284
f 288/283 262/257 259/254
f 290/285 262/257 288/283
f 290/285 264/259 262/257
f 290/285 291/286 264/259
f 291/286 292/287 264/259
f 292/287 267/262 264/259
f 292/287 293/288 267/262
f 294/289 295/290 296/291
f 293/288 271/266 267/262
f 293/288 297/292 271/266
f 293/288 298/293 297/292
f 297/292 274/269 271/266
f 298/293 299/294 297/292
f 297/292 299/294 274/269
f 299/294 300/295 301/296
f 299/294 301/296 274/269
f 274/269 301/296 277/272
f 302/297 277/272 301/296
f 302/297 303/298 277/272
f 277/272 303/298 278/273
f 304/299 305/300 306/301
f 306/301 305/300 307/302
f 306/301 307/302 308/303
f 309/304 310/305 311/306
f 312/307 309/304 313/308
f 314/309 247/242 315/310
f 315/310 247/242 281/276
f 314/309 316/311 247/242
f 316/311 283/278 247/242
f 316/311 317/312 283/278
f 283/278 317/312 282/277
f 317/312 284/279 282/277
f 317/312 318/313 284/279
f 318/313 285/280 284/279
f 284/279 285/280 251/246
f 319/314 286/281 285/280
f 319/314 320/315 286/281
f 320/315 287/282 286/281
f 320/315 289/284 287/282
f 320/315 321/316 289/284
f 321/316 322/317 289/284
f 322/317 290/285 289/284
f 321/316 291/286 322/317
f 322/317 291/286 290/285
f 323/318 292/287 291/286
f 323/318 324/319 292/287
f 292/287 324/319 293/288
f 324/319 298/293 293/288
f 325/320 326/321 324/319
f 324/319 326/321 298/293
f 326/321 299/294 298/293
f 326/321 327/322 299/294
f 327/322 328/323 299/294
f 299/294 328/323 300/295
f 328/323 302/297 300/295
f 302/297 301/296 300/295
f 329/324 330/325 304/299
f 304/299 330/325 331/326
f 304/299 331/326 305/300
f 331/326 307/302 305/300
f 309/304 332/327 310/305
f 309/304 333/328 332/327
f 334/329 335/330 336/331
f 337/332 333/328 338/333
f 339/334 340/335 341/336
f 342/337 316/311 314/309
f 342/337 343/338 316/311
f 343/338 317/312 316/311
f 343/338 344/339 317/312
f 344/339 318/313 317/312
f 345/340 318/313 344/339
f 345/340 346/341 318/313
f 346/341 347/342 318/313
f 318/313 347/342 285/280
f 348/343 319/314 285/280
f 347/342 348/343 285/280
f 348/343 349/344 320/315
f 348/343 320/315 319/314
f 349/344 321/316 320/315
f 349/344 350/345 321/316
f 351/346 352/347 353/348
f 353/348 352/347 354/349
f 350/345 355/350 321/316
f 321/316 355/350 291/286
f 353/348 354/349 356/351
f 354/349 357/352 356/351
f 358/353 323/318 291/286
f 355/350 358/353 291/286
f 358/353 324/319 323/318
f 359/354 360/355 358/353
f 358/353 360/355 324/319
f 359/354 325/320 360/355
f 359/354 361/356 325/320
f 325/320 324/319 360/355
f 361/356 362/357 325/320
f 325/320 327/322 326/321
f 362/357 363/358 325/320
f 325/320 363/358 327/322
f 362/357 364/359 363/358
f 363/358 328/323 327/322
f 365/360 366/361 367/362
f 363/358 368/363 328/323
f 328/323 368/363 302/297
f 367/362 369/364 329/324
f 329/324 369/364 330/325
f 369/364 370/365 330/325
f 330/325 370/365 331/326
f 332/327 371/366 310/305
f 372/367 336/331 335/330
f 373/368 374/369 337/332
f 337/332 374/369 333/328
f 314/309 375/370 342/337
f 376/371 342/337 375/370
f 377/372 378/373 379/374
f 376/371 343/338 342/337
f 380/375 381/376 382/377
f 381/376 383/378 382/377
f 381/376 384/379 383/378
f 383/378 384/379 385/380
f 384/379 386/381 385/380
f 386/381 387/382 388/383
f 389/384 386/381 388/383
f 388/383 387/382 351/346
f 351/346 390/385 352/347
f 390/385 391/386 352/347
f 352/347 391/386 354/349
f 354/349 392/387 357/352
f 357/352 392/387 393/388
f 357/352 393/388 394/389
f 394/389 393/388 395/390
f 395/390 393/388 396/391
f 395/390 396/391 397/392
f 396/391 398/393 397/392
f 397/392 398/393 399/394
f 366/361 400/395 367/362
f 367/362 400/395 369/364
f 307/302 401/396 402/397
f 332/327 403/398 371/366
f 333/328 404/399 332/327
f 373/368 405/400 374/369
f 406/401 405/400 407/402
f 407/402 405/400 373/368
f 408/403 409/404 406/401
f 380/375 410/405 381/376
f 381/376 410/405 384/379
f 384/379 411/406 386/381
f 351/346 387/382 390/385
f 398/393 412/407 399/394
f 412/407 413/408 399/394
f 399/394 413/408 414/409
f 406/401 415/410 405/400
f 409/404 415/410 406/401
f 380/375 416/411 410/405
f 410/405 417/412 384/379
f 417/412 411/406 384/379
f 386/381 411/406 387/382
f 390/385 418/413 391/386
f 354/349 391/386 392/387
f 393/388 419/414 396/391
f 396/391 419/414 398/393
f 369/364 420/415 370/365
f 370/365 421/416 331/326
f 331/326 401/396 307/302
f 419/414 422/417 398/393
f 398/393 422/417 423/418
f 398/393 423/418 412/407
f 400/395 424/419 369/364
f 370/365 420/415 425/420
f 370/365 425/420 421/416
f 401/396 426/421 402/397
f 415/410 427/422 405/400
f 410/405 428/423 417/412
f 387/382 429/424 390/385
f 390/385 430/425 418/413
f 431/426 424/419 400/395
f 432/427 433/428 434/429
f 374/369 435/430 333/328
f 333/328 435/430 404/399
f 417/412 436/431 411/406
f 387/382 411/406 429/424
f 429/424 430/425 390/385
f 391/386 437/432 392/387
f 419/414 438/433 422/417
f 424/419 420/415 369/364
f 405/400 435/430 374/369
f 416/411 439/434 410/405
f 417/412 440/435 436/431
f 418/413 441/436 391/386
f 391/386 441/436 437/432
f 392/387 442/437 393/388
f 393/388 438/433 419/414
f 422/417 443/438 423/418
f 331/326 421/416 401/396
f 410/405 439/434 428/423
f 417/412 428/423 444/439
f 417/412 444/439 440/435
f 436/431 445/440 411/406
f 437/432 442/437 392/387
f 393/388 442/437 438/433
f 423/418 446/441 412/407
f 403/398 447/442 371/366
f 409/404 448/443 415/410
f 415/410 448/443 427/422
f 411/406 445/440 429/424
f 430/425 441/436 418/413
f 443/438 446/441 423/418
f 412/407 449/444 413/408
f 431/426 450/445 424/419
f 421/416 451/446 401/396
f 409/404 452/447 448/443
f 439/434 453/448 428/423
f 453/448 444/439 428/423
f 440/435 454/449 436/431
f 436/431 454/449 455/450
f 436/431 455/450 445/440
f 445/440 455/450 429/424
f 429/424 455/450 430/425
f 455/450 456/451 430/425
f 430/425 456/451 441/436
f 441/436 456/451 437/432
f 456/451 457/452 437/432
f 437/432 457/452 442/437
f 442/437 457/452 438/433
f 457/452 458/453 438/433
f 438/433 458/453 422/417
f 446/441 459/454 412/407
f 460/455 461/456 462/457
f 444/439 463/458 440/435
f 440/435 463/458 464/459
f 440/435 464/459 465/460
f 466/461 467/462 468/463
f 440/435 465/460 454/449
f 466/461 469/464 467/462
f 467/462 470/465 471/466
f 469/464 472/467 467/462
f 472/467 473/468 467/462
f 467/462 473/468 470/465
f 472/467 469/464 474/469
f 472/467 474/469 473/468
f 474/469 475/470 473/468
f 473/468 475/470 470/465
f 474/469 476/471 477/472
f 474/469 477/472 475/470
f 475/470 478/473 470/465
f 476/471 479/474 477/472
f 477/472 480/475 475/470
f 475/470 480/475 478/473
f 481/476 482/477 480/475
f 477/472 481/476 480/475
f 480/475 482/477 478/473
f 482/477 483/478 478/473
f 484/479 485/480 486/481
f 481/476 487/482 482/477
f 486/481 485/480 488/483
f 487/482 489/484 482/477
f 482/477 489/484 483/478
f 487/482 490/485 489/484
f 489/484 490/485 483/478
f 487/482 491/486 490/485
f 490/485 492/487 483/478
f 491/486 493/488 490/485
f 490/485 493/488 492/487
f 492/487 493/488 494/489
f 458/453 495/490 422/417
f 422/417 495/490 496/491
f 422/417 496/491 443/438
f 412/407 459/454 449/444
f 401/396 451/446 426/421
f 403/398 497/492 447/442
f 435/430 498/493 404/399
f 405/400 499/494 435/430
f 500/495 469/464 466/461
f 501/496 502/497 503/498
f 501/496 503/498 504/499
f 501/496 504/499 505/500
f 505/500 506/501 501/496
f 507/502 508/503 474/469
f 508/503 476/471 474/469
f 509/504 479/474 476/471
f 508/503 509/504 476/471
f 479/474 481/476 477/472
f 509/504 481/476 479/474
f 509/504 510/505 481/476
f 510/505 511/506 481/476
f 488/483 512/507 486/481
f 488/483 513/508 512/507
f 488/483 514/509 513/508
f 515/510 516/511 491/486
f 491/486 516/511 494/489
f 491/486 494/489 493/488
f 516/511 515/510 517/512
f 516/511 517/512 494/489
f 518/513 519/514 520/515
f 425/420 521/516 421/416
f 522/517 523/518 524/519
f 524/519 523/518 525/520
f 526/521 527/522 528/523
f 527/522 529/524 528/523
f 527/522 530/525 529/524
f 529/524 507/502 528/523
f 530/525 531/526 532/527
f 533/528 531/526 530/525
f 530/525 532/527 529/524
f 529/524 508/503 507/502
f 529/524 532/527 508/503
f 532/527 509/504 508/503
f 531/526 534/529 532/527
f 532/527 534/529 509/504
f 534/529 535/530 509/504
f 509/504 535/530 510/505
f 536/531 537/532 535/530
f 535/530 537/532 538/533
f 535/530 538/533 510/505
f 538/533 511/506 510/505
f 537/532 539/534 540/535
f 537/532 540/535 538/533
f 538/533 540/535 511/506
f 539/534 541/536 540/535
f 540/535 542/537 511/506
f 542/537 543/538 511/506
f 541/536 542/537 540/535
f 544/539 542/537 541/536
f 542/537 545/540 543/538
f 544/539 546/541 542/537
f 542/537 546/541 545/540
f 544/539 547/542 546/541
f 514/509 548/543 513/508
f 548/543 549/544 513/508
f 421/416 521/516 451/446
f 550/545 464/459 463/458
f 551/546 552/547 502/497
f 502/497 552/547 553/548
f 554/549 526/521 555/550
f 554/549 556/551 527/522
f 554/549 527/522 526/521
f 557/552 530/525 556/551
f 556/551 530/525 527/522
f 557/552 558/553 533/528
f 557/552 533/528 530/525
f 558/553 559/554 533/528
f 559/554 560/555 533/528
f 560/555 561/556 533/528
f 533/528 561/556 531/526
f 531/526 561/556 534/529
f 560/555 562/557 561/556
f 560/555 563/558 562/557
f 564/559 565/560 566/561
f 561/556 562/557 534/529
f 562/557 536/531 534/529
f 534/529 536/531 535/530
f 562/557 567/562 536/531
f 562/557 568/563 567/562
f 567/562 537/532 536/531
f 569/564 539/534 567/562
f 567/562 539/534 537/532
f 569/564 570/565 539/534
f 570/565 571/566 539/534
f 571/566 541/536 539/534
f 571/566 572/567 541/536
f 541/536 572/567 544/539
f 572/567 547/542 544/539
f 547/542 573/568 546/541
f 573/568 574/569 545/540
f 546/541 573/568 545/540
f 519/514 575/570 520/515
f 576/571 499/494 427/422
f 427/422 499/494 405/400
f 577/572 578/573 416/411
f 416/411 578/573 439/434
f 579/574 580/575 581/576
f 581/576 580/575 582/577
f 583/578 584/579 555/550
f 583/578 555/550 585/580
f 586/581 587/582 556/551
f 556/551 587/582 557/552
f 588/583 558/553 587/582
f 587/582 558/553 557/552
f 588/583 559/554 558/553
f 589/584 590/585 591/586
f 591/586 590/585 592/587
f 592/587 590/585 564/559
f 565/560 593/588 566/561
f 593/588 594/589 595/590
f 568/563 569/564 567/562
f 596/591 597/592 598/593
f 570/565 572/567 571/566
f 569/564 599/594 570/565
f 570/565 599/594 572/567
f 598/593 597/592 600/595
f 572/567 599/594 601/596
f 572/567 601/596 547/542
f 601/596 602/597 603/598
f 601/596 603/598 547/542
f 603/598 604/599 547/542
f 547/542 604/599 573/568
f 604/599 605/600 573/568
f 573/568 605/600 574/569
f 548/543 606/601 549/544
f 549/544 606/601 607/602
f 575/570 608/603 520/515
f 496/491 609/604 443/438
f 451/446 610/605 426/421
f 448/443 576/571 427/422
f 444/439 611/606 463/458
f 582/577 612/607 613/608
f 614/609 554/549 584/579
f 615/610 616/611 617/612
f 556/551 554/549 618/613
f 618/613 554/549 614/609
f 619/614 586/581 618/613
f 618/613 586/581 556/551
f 619/614 620/615 586/581
f 620/615 587/582 586/581
f 621/616 622/617 623/618
f 623/618 622/617 589/584
f 624/619 625/620 590/585
f 625/620 564/559 590/585
f 625/620 626/621 564/559
f 625/620 627/622 626/621
f 626/621 628/623 564/559
f 626/621 629/624 628/623
f 628/623 565/560 564/559
f 565/560 628/623 630/625
f 565/560 630/625 593/588
f 593/588 630/625 594/589
f 597/592 631/626 600/595
f 599/594 602/597 601/596
f 602/597 604/599 603/598
f 604/599 632/627 605/600
f 632/627 633/628 605/600
f 605/600 633/628 574/569
f 634/629 606/601 548/543
f 452/447 635/630 448/443
f 453/448 611/606 444/439
f 614/609 636/631 637/632
f 638/633 639/634 615/610
f 615/610 639/634 616/611
f 640/635 641/636 642/637
f 637/632 618/613 614/609
f 624/619 643/638 625/620
f 625/620 643/638 627/622
f 644/639 645/640 646/641
f 645/640 647/642 646/641
f 646/641 626/621 627/622
f 646/641 647/642 626/621
f 648/643 649/644 645/640
f 645/640 650/645 647/642
f 647/642 629/624 626/621
f 647/642 650/645 629/624
f 645/640 651/646 650/645
f 628/623 629/624 652/647
f 628/623 652/647 630/625
f 653/648 597/592 596/591
f 653/648 654/649 597/592
f 597/592 655/650 631/626
f 631/626 656/651 600/595
f 599/594 657/652 602/597
f 602/597 657/652 658/653
f 602/597 658/653 604/599
f 658/653 659/654 604/599
f 604/599 659/654 632/627
f 420/415 660/655 425/420
f 551/546 661/656 552/547
f 637/632 662/657 618/613
f 663/658 641/636 664/659
f 665/660 666/661 667/662
f 668/663 669/664 670/665
f 666/661 665/660 621/616
f 589/584 671/666 590/585
f 590/585 671/666 672/667
f 672/667 673/668 624/619
f 590/585 672/667 624/619
f 673/668 674/669 624/619
f 624/619 674/669 643/638
f 674/669 675/670 643/638
f 676/671 644/639 677/672
f 677/672 675/670 674/669
f 677/672 644/639 675/670
f 644/639 646/641 675/670
f 675/670 646/641 643/638
f 678/673 679/674 644/639
f 646/641 627/622 643/638
f 644/639 679/674 645/640
f 678/673 680/675 679/674
f 679/674 648/643 645/640
f 679/674 680/675 648/643
f 680/675 649/644 648/643
f 680/675 681/676 649/644
f 645/640 649/644 651/646
f 650/645 652/647 629/624
f 649/644 682/677 683/678
f 649/644 683/678 651/646
f 651/646 684/679 650/645
f 650/645 684/679 652/647
f 651/646 683/678 684/679
f 684/679 685/680 652/647
f 652/647 685/680 630/625
f 653/648 686/681 687/682
f 653/648 687/682 654/649
f 654/649 687/682 688/683
f 597/592 654/649 655/650
f 689/684 690/685 691/686
f 609/604 692/687 443/438
f 443/438 693/688 446/441
f 446/441 693/688 459/454
f 694/689 695/690 669/664
f 669/664 695/690 670/665
f 665/660 696/691 621/616
f 696/691 697/692 622/617
f 621/616 696/691 622/617
f 622/617 697/692 589/584
f 589/584 697/692 671/666
f 672/667 698/693 673/668
f 699/694 677/672 673/668
f 700/695 676/671 699/694
f 699/694 676/671 677/672
f 677/672 674/669 673/668
f 701/696 678/673 676/671
f 678/673 644/639 676/671
f 678/673 702/697 680/675
f 702/697 703/698 680/675
f 680/675 703/698 681/676
f 681/676 703/698 704/699
f 681/676 704/699 682/677
f 681/676 682/677 649/644
f 684/679 705/700 685/680
f 706/701 707/702 708/703
f 519/514 709/704 575/570
f 575/570 709/704 608/603
f 710/705 711/706 712/707
f 641/636 713/708 642/637
f 671/666 714/709 672/667
f 672/667 714/709 698/693
f 699/694 673/668 698/693
f 701/696 715/710 678/673
f 678/673 715/710 702/697
f 703/698 716/711 704/699
f 716/711 717/712 704/699
f 704/699 717/712 682/677
f 682/677 717/712 683/678
f 717/712 718/713 683/678
f 683/678 719/714 684/679
f 684/679 719/714 705/700
f 719/714 720/715 705/700
f 688/683 721/716 654/649
f 655/650 722/717 631/626
f 631/626 722/717 656/651
f 424/419 723/718 420/415
f 576/571 724/719 499/494
f 439/434 578/573 453/448
f 611/606 725/720 463/458
f 663/658 726/721 641/636
f 697/692 727/722 671/666
f 727/722 728/723 671/666
f 728/723 729/724 671/666
f 729/724 714/709 671/666
f 699/694 698/693 714/709
f 730/725 701/696 700/695
f 730/725 715/710 701/696
f 715/710 731/726 702/697
f 702/697 732/727 703/698
f 703/698 733/728 734/729
f 703/698 734/729 716/711
f 716/711 735/730 717/712
f 735/730 736/731 717/712
f 736/731 718/713 717/712
f 718/713 719/714 683/678
f 719/714 737/732 720/715
f 654/649 721/716 738/733
f 654/649 738/733 655/650
f 739/734 722/717 655/650
f 740/735 741/736 690/685
f 690/685 742/737 691/686
f 519/514 743/738 709/704
f 443/438 692/687 693/688
f 580/575 744/739 582/577
f 582/577 744/739 612/607
f 642/637 713/708 745/740
f 746/741 699/694 729/724
f 699/694 714/709 729/724
f 746/741 730/725 700/695
f 746/741 700/695 699/694
f 747/742 748/743 749/744
f 702/697 731/726 732/727
f 732/727 733/728 703/698
f 750/745 751/746 752/747
f 753/748 754/749 755/750
f 755/750 754/749 756/751
f 718/713 757/752 719/714
f 757/752 737/732 719/714
f 655/650 738/733 739/734
f 742/737 758/753 691/686
f 450/445 759/754 424/419
f 424/419 760/755 723/718
f 499/494 724/719 435/430
f 727/722 761/756 728/723
f 761/756 729/724 728/723
f 746/741 729/724 761/756
f 762/757 730/725 746/741
f 762/757 763/758 730/725
f 730/725 763/758 715/710
f 763/758 764/759 715/710
f 765/760 766/761 767/762
f 715/710 768/763 731/726
f 769/764 766/761 765/760
f 766/761 770/765 767/762
f 769/764 771/766 766/761
f 766/761 772/767 770/765
f 731/726 773/768 732/727
f 771/766 774/769 766/761
f 766/761 775/770 772/767
f 773/768 776/771 732/727
f 774/769 775/770 766/761
f 775/770 777/772 772/767
f 778/773 779/774 774/769
f 774/769 779/774 775/770
f 732/727 776/771 733/728
f 779/774 780/775 775/770
f 756/751 781/776 782/777
f 783/778 754/749 753/748
f 783/778 784/779 754/749
f 756/751 754/749 781/776
f 784/779 785/780 754/749
f 785/780 786/781 754/749
f 754/749 786/781 781/776
f 786/781 787/782 781/776
f 716/711 788/783 735/730
f 785/780 789/784 786/781
f 786/781 790/785 787/782
f 789/784 790/785 786/781
f 736/731 735/730 791/786
f 736/731 791/786 792/787
f 792/787 793/788 736/731
f 736/731 793/788 718/713
f 718/713 793/788 757/752
f 793/788 794/789 757/752
f 794/789 737/732 757/752
f 794/789 795/790 737/732
f 722/717 739/734 796/791
f 690/685 741/736 742/737
f 759/754 760/755 424/419
f 420/415 723/718 660/655
f 435/430 797/792 498/493
f 724/719 797/792 435/430
f 452/447 798/793 635/630
f 453/448 799/794 611/606
f 800/795 726/721 663/658
f 801/796 761/756 727/722
f 802/797 746/741 761/756
f 803/798 746/741 802/797
f 762/757 746/741 803/798
f 764/759 768/763 715/710
f 731/726 768/763 773/768
f 804/799 805/800 806/801
f 807/802 808/803 809/804
f 808/803 810/805 809/804
f 806/801 805/800 811/806
f 812/807 813/808 814/809
f 815/810 776/771 773/768
f 807/802 816/811 808/803
f 808/803 817/812 818/813
f 808/803 818/813 810/805
f 812/807 819/814 813/808
f 816/811 817/812 808/803
f 819/814 820/815 813/808
f 817/812 821/816 818/813
f 822/817 733/728 776/771
f 811/806 823/818 824/819
f 777/772 775/770 825/820
f 775/770 780/775 825/820
f 822/817 734/729 733/728
f 822/817 826/821 734/729
f 827/822 782/777 828/823
f 782/777 781/776 828/823
f 779/774 829/824 780/775
f 734/729 788/783 716/711
f 830/825 831/826 832/827
f 781/776 833/828 828/823
f 831/826 834/829 832/827
f 781/776 787/782 833/828
f 835/830 789/784 785/780
f 835/830 836/831 789/784
f 836/831 790/785 789/784
f 836/831 837/832 790/785
f 790/785 837/832 787/782
f 838/833 839/834 840/835
f 449/444 459/454 841/836
f 448/443 635/630 576/571
f 726/721 842/837 641/636
f 641/636 842/837 713/708
f 843/838 801/796 727/722
f 697/692 843/838 727/722
f 844/839 761/756 801/796
f 802/797 761/756 844/839
f 845/840 846/841 847/842
f 762/757 803/798 763/758
f 763/758 848/843 764/759
f 849/844 850/845 851/846
f 852/847 853/848 768/763
f 854/849 769/764 765/760
f 767/762 770/765 855/850
f 856/851 857/852 858/853
f 804/799 859/854 805/800
f 856/851 809/804 857/852
f 860/855 807/802 856/851
f 856/851 807/802 809/804
f 861/856 862/857 863/858
f 863/858 862/857 864/859
f 853/848 773/768 768/763
f 865/860 866/861 867/862
f 810/805 868/863 809/804
f 866/861 869/864 867/862
f 870/865 871/866 872/867
f 860/855 816/811 807/802
f 810/805 873/868 868/863
f 874/869 869/864 866/861
f 811/806 805/800 875/870
f 874/869 876/871 869/864
f 810/805 818/813 873/868
f 811/806 875/870 823/818
f 818/813 877/872 873/868
f 874/869 878/873 876/871
f 819/814 879/874 820/815
f 880/875 881/876 882/877
f 882/877 881/876 883/878
f 817/812 884/879 821/816
f 884/879 885/880 821/816
f 886/881 877/872 818/813
f 879/874 887/882 820/815
f 821/816 885/880 818/813
f 827/822 828/823 888/883
f 827/822 888/883 778/773
f 778/773 888/883 779/774
f 830/825 889/884 831/826
f 888/883 890/885 779/774
f 779/774 890/885 829/824
f 780/775 829/824 891/886
f 826/821 892/887 734/729
f 734/729 892/887 788/783
f 828/823 893/888 888/883
f 831/826 894/889 834/829
f 833/828 893/888 828/823
f 833/828 895/890 893/888
f 894/889 896/891 834/829
f 835/830 897/892 836/831
f 791/786 898/893 792/787
f 899/894 900/895 838/833
f 901/896 899/894 838/833
f 900/895 839/834 838/833
f 902/897 795/790 794/789
f 839/834 903/898 904/899
f 738/733 905/900 739/734
f 709/704 906/901 608/603
f 609/604 907/902 692/687
f 425/420 660/655 521/516
f 908/903 909/904 910/905
f 843/838 911/906 801/796
f 912/907 802/797 844/839
f 913/908 803/798 802/797
f 913/908 802/797 912/907
f 914/909 846/841 845/840
f 915/910 916/911 850/845
f 861/856 863/858 917/912
f 870/865 872/867 918/913
f 919/914 860/855 856/851
f 920/915 921/916 922/917
f 920/915 922/917 923/918
f 924/919 925/920 926/921
f 924/919 926/921 927/922
f 868/863 873/868 928/923
f 929/924 930/925 931/926
f 873/868 932/927 928/923
f 920/915 923/918 933/928
f 933/928 934/929 935/930
f 875/870 936/931 823/818
f 873/868 937/932 932/927
f 938/933 878/873 874/869
f 883/878 939/934 882/877
f 873/868 877/872 937/932
f 825/820 891/886 940/935
f 938/933 941/936 878/873
f 878/873 942/937 943/938
f 944/939 945/940 946/941
f 888/883 947/942 890/885
f 948/943 885/880 884/879
f 831/826 889/884 894/889
f 893/888 947/942 888/883
f 890/885 949/944 829/824
f 893/888 895/890 947/942
f 895/890 950/945 947/942
f 833/828 951/946 895/890
f 788/783 791/786 735/730
f 836/831 952/947 837/832
f 837/832 952/947 953/948
f 900/895 954/949 839/834
f 903/898 955/950 904/899
f 656/651 956/951 957/952
f 740/735 958/953 741/736
f 797/792 497/492 498/493
f 577/572 959/954 578/573
f 578/573 799/794 453/448
f 696/691 960/955 697/692
f 961/956 913/908 912/907
f 913/908 962/957 803/798
f 803/798 962/957 763/758
f 915/910 849/844 963/958
f 915/910 850/845 849/844
f 849/844 964/959 963/958
f 965/960 966/961 859/854
f 967/962 858/853 968/963
f 848/843 852/847 764/759
f 919/914 856/851 967/962
f 967/962 856/851 858/853
f 969/964 861/856 917/912
f 966/961 805/800 859/854
f 868/863 928/923 970/965
f 971/966 866/861 865/860
f 972/967 973/968 925/920
f 923/918 922/917 974/969
f 975/970 976/971 977/972
f 923/918 934/929 933/928
f 934/929 978/973 935/930
f 935/930 978/973 979/974
f 980/975 981/976 982/977
f 877/872 983/978 937/932
f 877/872 984/979 983/978
f 941/936 942/937 878/873
f 985/980 986/981 987/982
f 988/983 948/943 884/879
f 885/880 989/984 886/881
f 948/943 989/984 885/880
f 947/942 950/945 890/885
f 950/945 949/944 890/885
f 951/946 950/945 895/890
f 894/889 990/985 896/891
f 991/986 951/946 833/828
f 788/783 992/987 791/786
f 897/892 993/988 836/831
f 993/988 994/989 836/831
f 836/831 994/989 952/947
f 791/786 995/990 898/893
f 899/894 954/949 900/895
f 839/834 954/949 903/898
f 903/898 996/991 955/950
f 741/736 997/992 742/737
f 606/601 998/993 607/602
f 999/994 1000/995 743/738
f 1000/995 709/704 743/738
f 799/794 1001/996 611/606
f 579/574 1002/997 744/739
f 579/574 744/739 580/575
f 909/904 1003/998 910/905
f 665/660 1004/999 696/691
f 697/692 960/955 843/838
f 960/955 1005/1000 843/838
f 843/838 1005/1000 911/906
f 1006/1001 962/957 913/908
f 962/957 1007/1002 763/758
f 763/758 1007/1002 848/843
f 969/964 917/912 1008/1003
f 1009/1004 919/914 967/962
f 1010/1005 970/965 1011/1006
f 1012/1007 971/966 865/860
f 1012/1007 865/860 1013/1008
f 1014/1009 805/800 966/961
f 1015/1010 1016/1011 922/917
f 922/917 1016/1011 974/969
f 977/972 1017/1012 1018/1013
f 1019/1014 1020/1015 1021/1016
f 1022/1017 1019/1014 1021/1016
f 1021/1016 1020/1015 1023/1018
f 1024/1019 1025/1020 975/970
f 805/800 1026/1021 875/870
f 1027/1022 1028/1023 1019/1014
f 1019/1014 1029/1024 1020/1015
f 1029/1024 1030/1025 1023/1018
f 1020/1015 1029/1024 1023/1018
f 975/970 1025/1020 976/971
f 1019/1014 1028/1023 1029/1024
f 875/870 1026/1021 936/931
f 1029/1024 1031/1026 1030/1025
f 1031/1026 1032/1027 1033/1028
f 1030/1025 1031/1026 1033/1028
f 1034/1029 942/937 941/936
f 889/884 1035/1030 894/889
f 829/824 1036/1031 891/886
f 989/984 1037/1032 886/881
f 944/939 1038/1033 945/940
f 1039/1034 788/783 892/887
f 1040/1035 1041/1036 950/945
f 788/783 1039/1034 992/987
f 894/889 1035/1030 990/985
f 950/945 1041/1036 949/944
f 953/948 1042/1037 991/986
f 1042/1037 1043/1038 991/986
f 1044/1039 1045/1040 899/894
f 899/894 1045/1040 954/949
f 954/949 1046/1041 903/898
f 903/898 1046/1041 996/991
f 905/900 1047/1042 739/734
f 796/791 1048/1043 722/717
f 722/717 1048/1043 656/651
f 656/651 1048/1043 956/951
f 1049/1044 958/953 740/735
f 742/737 997/992 758/753
f 521/516 1050/1045 451/446
f 451/446 1050/1045 610/605
f 797/792 1051/1046 497/492
f 797/792 724/719 1051/1046
f 1052/1047 1004/999 665/660
f 1053/1048 911/906 1005/1000
f 961/956 1054/1049 913/908
f 1055/1050 1056/1051 914/909
f 914/909 1056/1051 1057/1052
f 1058/1053 1059/1054 1060/1055
f 1058/1053 1060/1055 1055/1050
f 1061/1056 1059/1054 1058/1053
f 1062/1057 915/910 963/958
f 1007/1002 1063/1058 848/843
f 1064/1059 1065/1060 965/960
f 963/958 964/959 1066/1061
f 1067/1062 969/964 1008/1003
f 1068/1063 1012/1007 1013/1008
f 1068/1063 1069/1064 1012/1007
f 1065/1060 966/961 965/960
f 1065/1060 1014/1009 966/961
f 1070/1065 1010/1005 1071/1066
f 1072/1067 1073/1068 921/916
f 921/916 1073/1068 922/917
f 922/917 1073/1068 1074/1069
f 922/917 1074/1069 1015/1010
f 1075/1070 1022/1017 1076/1071
f 1022/1017 1077/1072 1076/1071
f 1022/1017 1021/1016 1077/1072
f 1078/1073 1079/1074 1022/1017
f 977/972 1080/1075 975/970
f 1079/1074 1019/1014 1022/1017
f 1080/1075 1024/1019 975/970
f 1079/1074 1081/1076 1027/1022
f 1027/1022 1019/1014 1079/1074
f 1081/1076 1082/1077 1027/1022
f 1017/1012 1083/1078 1084/1079
f 976/971 1025/1020 1083/1078
f 976/971 1083/1078 1017/1012
f 1082/1077 1085/1080 1027/1022
f 1085/1080 1028/1023 1027/1022
f 1028/1023 1031/1026 1029/1024
f 1085/1080 1086/1081 1028/1023
f 1028/1023 1086/1081 1032/1027
f 1028/1023 1032/1027 1031/1026
f 1087/1082 1088/1083 1089/1084
f 1032/1027 1090/1085 1033/1028
f 978/973 1091/1086 979/974
f 981/976 1092/1087 982/977
f 979/974 1091/1086 1093/1088
f 984/979 1094/1089 1095/1090
f 984/979 1095/1090 983/978
f 1096/1091 1097/1092 1035/1030
f 889/884 1096/1091 1035/1030
f 984/979 1037/1032 1094/1089
f 1098/1093 1099/1094 1100/1095
f 1101/1096 1102/1097 1039/1034
f 951/946 1040/1035 950/945
f 1097/1092 1103/1098 990/985
f 1035/1030 1097/1092 990/985
f 1104/1099 1105/1100 1106/1101
f 1039/1034 1102/1097 992/987
f 991/986 1043/1038 951/946
f 994/989 1107/1102 952/947
f 952/947 1107/1102 953/948
f 954/949 1108/1103 1046/1041
f 1046/1041 955/950 996/991
f 1046/1041 1109/1104 955/950
f 1047/1042 796/791 739/734
f 758/753 1110/1105 1111/1106
f 497/492 1112/1107 447/442
f 497/492 1051/1046 1112/1107
f 959/954 1113/1108 578/573
f 745/740 1114/1109 642/637
f 800/795 1115/1110 726/721
f 1059/1054 1116/1111 1060/1055
f 1061/1056 1116/1111 1059/1054
f 1117/1112 1065/1060 1064/1059
f 1118/1113 967/962 1119/1114
f 1119/1114 967/962 968/963
f 1120/1115 1009/1004 1118/1113
f 1068/1063 1121/1116 1122/1117
f 1123/1118 1124/1119 1125/1120
f 1072/1067 1126/1121 1073/1068
f 1127/1122 1128/1123 1129/1124
f 1130/1125 1124/1119 1131/1126
f 1073/1068 1132/1127 1074/1069
f 1075/1070 1076/1071 1133/1128
f 1134/1129 1135/1130 1136/1131
f 1137/1132 1136/1131 1138/1133
f 1014/1009 1139/1134 805/800
f 1078/1073 1140/1135 1079/1074
f 1135/1130 1141/1136 1136/1131
f 1136/1131 1141/1136 1138/1133
f 1018/1013 1084/1079 1142/1137
f 1143/1138 1081/1076 1140/1135
f 1140/1135 1081/1076 1079/1074
f 1135/1130 1144/1139 1141/1136
f 1143/1138 1145/1140 1081/1076
f 1141/1136 1146/1141 1138/1133
f 1080/1075 1025/1020 1024/1019
f 1144/1139 1147/1142 1141/1136
f 1141/1136 1147/1142 1146/1141
f 1138/1133 1146/1141 1148/1143
f 1081/1076 1145/1140 1082/1077
f 1084/1079 1149/1144 1142/1137
f 1084/1079 1083/1078 1149/1144
f 1150/1145 1151/1146 1152/1147
f 1144/1139 1153/1148 1147/1142
f 1082/1077 1154/1149 1085/1080
f 1085/1080 1155/1150 1086/1081
f 1032/1027 1086/1081 1156/1151
f 1156/1151 1090/1085 1032/1027
f 1090/1085 1157/1152 1033/1028
f 1158/1153 1159/1154 1160/1155
f 1093/1088 1091/1086 1161/1156
f 1162/1157 1163/1158 1104/1099
f 1164/1159 1106/1101 1165/1160
f 1166/1161 1167/1162 951/946
f 1168/1163 1169/1164 1170/1165
f 992/987 1171/1166 791/786
f 1170/1165 1172/1167 1173/1168
f 1173/1168 1172/1167 1174/1169
f 791/786 1175/1170 995/990
f 1176/1171 1047/1042 905/900
f 958/953 997/992 741/736
f 578/573 1113/1108 799/794
f 611/606 1001/996 725/720
f 960/955 1177/1172 1005/1000
f 1056/1051 1178/1173 1057/1052
f 1057/1052 1178/1173 1179/1174
f 1180/1175 1181/1176 1182/1177
f 1182/1177 1183/1178 1184/1179
f 1183/1178 1185/1180 1184/1179
f 1006/1001 1186/1181 962/957
f 1181/1176 1183/1178 1182/1177
f 1187/1182 1188/1183 1189/1184
f 1183/1178 1190/1185 1185/1180
f 962/957 1191/1186 1007/1002
f 1192/1187 1062/1057 1193/1188
f 1194/1189 1195/1190 1123/1118
f 1196/1191 1197/1192 1198/1193
f 1069/1064 1068/1063 1199/1194
f 1200/1195 1197/1192 1196/1191
f 1128/1123 1201/1196 1129/1124
f 1129/1124 1201/1196 1202/1197
f 1195/1190 1203/1198 1124/1119
f 1126/1121 1204/1199 1205/1200
f 1124/1119 1203/1198 1206/1201
f 1126/1121 1205/1200 1073/1068
f 1207/1202 1132/1127 1073/1068
f 1208/1203 1075/1070 1209/1204
f 1208/1203 1210/1205 1078/1073
f 1208/1203 1078/1073 1075/1070
f 1075/1070 1133/1128 1209/1204
f 1211/1206 1078/1073 1210/1205
f 1212/1207 1213/1208 1214/1209
f 977/972 1018/1013 1215/1210
f 1134/1129 1136/1131 1137/1132
f 1211/1206 1143/1138 1140/1135
f 1142/1137 1216/1211 1217/1212
f 1217/1212 1216/1211 1218/1213
f 1139/1134 1219/1214 805/800
f 1220/1215 1221/1216 1143/1138
f 1221/1216 1145/1140 1143/1138
f 805/800 1219/1214 1026/1021
f 1221/1216 1222/1217 1082/1077
f 1221/1216 1082/1077 1145/1140
f 1222/1217 1154/1149 1082/1077
f 1223/1218 1224/1219 1225/1220
f 1155/1150 1226/1221 1086/1081
f 1086/1081 1227/1222 1156/1151
f 1156/1151 1157/1152 1090/1085
f 1156/1151 1228/1223 1157/1152
f 1165/1160 1229/1224 1230/1225
f 1098/1093 1231/1226 1099/1094
f 951/946 1167/1162 1040/1035
f 1231/1226 1232/1227 1099/1094
f 1102/1097 1233/1228 992/987
f 1166/1161 1234/1229 1167/1162
f 1041/1036 1235/1230 1036/1031
f 1235/1230 1236/1231 1036/1031
f 992/987 1233/1228 1171/1166
f 951/946 1043/1038 1166/1161
f 1040/1035 1237/1232 1041/1036
f 1105/1100 1238/1233 1106/1101
f 1170/1165 1169/1164 1172/1167
f 1171/1166 1239/1234 791/786
f 791/786 1239/1234 1175/1170
f 995/990 1175/1170 1240/1235
f 995/990 1240/1235 1241/1236
f 1045/1040 1108/1103 954/949
f 1108/1103 1242/1237 1046/1041
f 1046/1041 1243/1238 1109/1104
f 1109/1104 1243/1238 1244/1239
f 1176/1171 1245/1240 1047/1042
f 758/753 997/992 1246/1241
f 521/516 660/655 1050/1045
f 1050/1045 1247/1242 610/605
f 1112/1107 1051/1046 1248/1243
f 1004/999 1249/1244 960/955
f 1249/1244 1177/1172 960/955
f 1060/1055 1250/1245 1056/1051
f 1182/1177 1251/1246 1252/1247
f 1054/1049 1186/1181 1006/1001
f 1252/1247 1253/1248 1180/1175
f 1184/1179 1185/1180 1254/1249
f 1186/1181 1191/1186 962/957
f 1253/1248 1255/1250 1180/1175
f 1255/1250 1181/1176 1180/1175
f 1256/1251 1188/1183 1187/1182
f 1185/1180 1190/1185 1254/1249
f 1188/1183 1257/1252 1189/1184
f 1257/1252 1258/1253 1189/1184
f 1190/1185 1259/1254 1254/1249
f 1260/1255 1117/1112 1261/1256
f 1118/1113 1119/1114 1262/1257
f 1263/1258 1122/1117 1264/1259
f 1199/1194 1122/1117 1263/1258
f 1117/1112 1265/1260 1065/1060
f 1265/1260 1266/1261 1065/1060
f 1065/1060 1266/1261 1014/1009
f 1208/1203 1209/1204 1267/1262
f 1268/1263 1269/1264 1213/1208
f 1270/1265 1271/1266 1215/1210
f 1270/1265 1215/1210 1272/1267
f 1273/1268 1134/1129 1137/1132
f 1274/1269 1137/1132 1275/1270
f 1276/1271 1211/1206 1210/1205
f 1271/1266 977/972 1215/1210
f 1272/1267 1215/1210 1018/1013
f 1277/1272 1278/1273 1279/1274
f 1014/1009 1280/1275 1139/1134
f 1142/1137 1281/1276 1282/1277
f 1283/1278 1080/1075 977/972
f 1284/1279 1285/1280 1286/1281
f 1286/1281 1221/1216 1220/1215
f 1287/1282 1218/1213 1288/1283
f 1284/1279 1148/1143 1285/1280
f 1286/1281 1285/1280 1221/1216
f 1285/1280 1289/1284 1221/1216
f 1148/1143 1289/1284 1285/1280
f 1080/1075 1290/1285 1025/1020
f 1289/1284 1222/1217 1221/1216
f 1291/1286 1292/1287 1293/1288
f 1289/1284 1294/1289 1222/1217
f 1294/1289 1154/1149 1222/1217
f 1083/1078 1295/1290 1149/1144
f 1148/1143 1296/1291 1297/1292
f 1153/1148 1298/1293 1147/1142
f 1294/1289 1155/1150 1154/1149
f 1147/1142 1298/1293 1146/1141
f 1298/1293 1296/1291 1146/1141
f 1154/1149 1155/1150 1085/1080
f 1086/1081 1226/1221 1227/1222
f 1227/1222 1228/1223 1156/1151
f 1091/1086 1299/1294 1161/1156
f 1299/1294 1300/1295 1161/1156
f 1301/1296 1302/1297 1303/1298
f 1230/1225 1229/1224 1098/1093
f 1229/1224 1304/1299 1098/1093
f 1098/1093 1304/1299 1231/1226
f 1167/1162 1237/1232 1040/1035
f 1163/1158 1305/1300 1104/1099
f 1305/1300 1105/1100 1104/1099
f 1041/1036 1237/1232 1235/1230
f 1242/1237 1243/1238 1046/1041
f 958/953 1306/1301 997/992
f 693/688 1307/1302 459/454
f 459/454 1307/1302 841/836
f 760/755 1308/1303 723/718
f 723/718 1308/1303 660/655
f 660/655 1309/1304 1050/1045
f 1309/1304 1310/1305 1050/1045
f 1050/1045 1310/1305 1247/1242
f 635/630 1311/1306 576/571
f 576/571 1312/1307 724/719
f 798/793 1311/1306 635/630
f 1113/1108 1313/1308 799/794
f 1052/1047 1314/1309 1004/999
f 1315/1310 1316/1311 909/904
f 1250/1245 1317/1312 1056/1051
f 1317/1312 1178/1173 1056/1051
f 1251/1246 1182/1177 1318/1313
f 1319/1314 1320/1315 1321/1316
f 1256/1251 1322/1317 1188/1183
f 1254/1249 1323/1318 1324/1319
f 1323/1318 1325/1320 1326/1321
f 1326/1321 1325/1320 1327/1322
f 1254/1249 1259/1254 1323/1318
f 1323/1318 1259/1254 1325/1320
f 1257/1252 1328/1323 1258/1253
f 1259/1254 1329/1324 1325/1320
f 1330/1325 1120/1115 1118/1113
f 1331/1326 1332/1327 1195/1190
f 1070/1065 1333/1328 1262/1257
f 1258/1253 1334/1329 1335/1330
f 1335/1330 1336/1331 1337/1332
f 1201/1196 1338/1333 1194/1189
f 1194/1189 1338/1333 1331/1326
f 1195/1190 1332/1327 1203/1198
f 1339/1334 1340/1335 1199/1194
f 1341/1336 1204/1199 1126/1121
f 1014/1009 1266/1261 1280/1275
f 1342/1337 1343/1338 1344/1339
f 1345/1340 1273/1268 1137/1132
f 1346/1341 1347/1342 1348/1343
f 1274/1269 1275/1270 1349/1344
f 1350/1345 1220/1215 1143/1138
f 1351/1346 1352/1347 1353/1348
f 1272/1267 1018/1013 1282/1277
f 1354/1349 1286/1281 1355/1350
f 1283/1278 977/972 1271/1266
f 1355/1350 1286/1281 1220/1215
f 1280/1275 1356/1351 1139/1134
f 1357/1352 1358/1353 1359/1354
f 1217/1212 1360/1355 1361/1356
f 1217/1212 1287/1282 1360/1355
f 1362/1357 1080/1075 1283/1278
f 1287/1282 1288/1283 1360/1355
f 1362/1357 1290/1285 1080/1075
f 1290/1285 1363/1358 1025/1020
f 1297/1292 1364/1359 1289/1284
f 1289/1284 1364/1359 1294/1289
f 1025/1020 1363/1358 1365/1360
f 1294/1289 1366/1361 1155/1150
f 1083/1078 1365/1360 1295/1290
f 1153/1148 1367/1362 1298/1293
f 1088/1083 1368/1363 1369/1364
f 1370/1365 1371/1366 1169/1164
f 1234/1229 1372/1367 1167/1162
f 1373/1368 1374/1369 1375/1370
f 1167/1162 1372/1367 1237/1232
f 1105/1100 1376/1371 1238/1233
f 1045/1040 1377/1372 1108/1103
f 692/687 1378/1373 1307/1302
f 692/687 1307/1302 693/688
f 760/755 759/754 1308/1303
f 660/655 1308/1303 1309/1304
f 1051/1046 1379/1374 1380/1375
f 1051/1046 1380/1375 1248/1243
f 724/719 1312/1307 1379/1374
f 724/719 1379/1374 1051/1046
f 576/571 1311/1306 1312/1307
f 1313/1308 1381/1376 799/794
f 799/794 1381/1376 1382/1377
f 799/794 1382/1377 1001/996
f 1004/999 1383/1378 1249/1244
f 1249/1244 1384/1379 1177/1172
f 1317/1312 1385/1380 1178/1173
f 1178/1173 1386/1381 1179/1174
f 1179/1174 1386/1381 1387/1382
f 1054/1049 1388/1383 1186/1181
f 1250/1245 1389/1384 1317/1312
f 1319/1314 1390/1385 1320/1315
f 1324/1319 1323/1318 1326/1321
f 1391/1386 1392/1387 1393/1388
f 1188/1183 1394/1389 1257/1252
f 1327/1322 1066/1061 1395/1390
f 1396/1391 1397/1392 1398/1393
f 1262/1257 1333/1328 1399/1394
f 1258/1253 1328/1323 1334/1329
f 1201/1196 1400/1395 1338/1333
f 1334/1329 1401/1396 1335/1330
f 1335/1330 1401/1396 1336/1331
f 1204/1199 1402/1397 1205/1200
f 1403/1398 1276/1271 1210/1205
f 1348/1343 1404/1399 1405/1400
f 1405/1400 1406/1401 1269/1264
f 1407/1402 1271/1266 1270/1265
f 1345/1340 1137/1132 1408/1403
f 1408/1403 1137/1132 1274/1269
f 1350/1345 1211/1206 1276/1271
f 1353/1348 1409/1404 1410/1405
f 1355/1350 1220/1215 1350/1345
f 1211/1206 1350/1345 1143/1138
f 1139/1134 1356/1351 1411/1406
f 1360/1355 1412/1407 1413/1408
f 1288/1283 1414/1409 1412/1407
f 1288/1283 1412/1407 1360/1355
f 1219/1214 1415/1410 1026/1021
f 1218/1213 1414/1409 1288/1283
f 1416/1411 1417/1412 1418/1413
f 1218/1213 1216/1211 1419/1414
f 1218/1213 1419/1414 1414/1409
f 1364/1359 1420/1415 1294/1289
f 1420/1415 1366/1361 1294/1289
f 1367/1362 1421/1416 1298/1293
f 1298/1293 1421/1416 1296/1291
f 1421/1416 1422/1417 1296/1291
f 1155/1150 1423/1418 1226/1221
f 1424/1419 1227/1222 1226/1221
f 1227/1222 1425/1420 1228/1223
f 1299/1294 1426/1421 1300/1295
f 1375/1370 1427/1422 1428/1423
f 1427/1422 1429/1424 1430/1425
f 1428/1423 1427/1422 1430/1425
f 1301/1296 1431/1426 1302/1297
f 1229/1224 1432/1427 1304/1299
f 1305/1300 1433/1428 1105/1100
f 1231/1226 1434/1429 1232/1227
f 1233/1228 1435/1430 1171/1166
f 1105/1100 1433/1428 1376/1371
f 1171/1166 1435/1430 1239/1234
f 1237/1232 1436/1431 1235/1230
f 1239/1234 1437/1432 1175/1170
f 1377/1372 1242/1237 1108/1103
f 1242/1237 1438/1433 1243/1238
f 1243/1238 1438/1433 1244/1239
f 1245/1240 1439/1434 1047/1042
f 796/791 1047/1042 1048/1043
f 907/902 1378/1373 692/687
f 759/754 1440/1435 1308/1303
f 1308/1303 1441/1436 1309/1304
f 1441/1436 1442/1437 1309/1304
f 1309/1304 1442/1437 1310/1305
f 1380/1375 1443/1438 1248/1243
f 1113/1108 1444/1439 1313/1308
f 1001/996 1445/1440 725/720
f 1383/1378 1384/1379 1249/1244
f 1178/1173 1385/1380 1386/1381
f 1446/1441 1389/1384 1250/1245
f 1318/1313 1184/1179 1447/1442
f 1448/1443 1254/1249 1324/1319
f 1186/1181 1449/1444 1191/1186
f 1450/1445 1327/1322 1451/1446
f 1319/1314 1452/1447 1390/1385
f 1450/1445 1326/1321 1327/1322
f 1191/1186 1449/1444 1453/1448
f 1331/1326 1454/1449 1455/1450
f 1322/1317 1394/1389 1188/1183
f 1338/1333 1456/1451 1331/1326
f 1331/1326 1456/1451 1454/1449
f 1457/1452 1458/1453 1459/1454
f 1460/1455 1397/1392 1396/1391
f 1394/1389 1461/1456 1257/1252
f 1461/1456 1328/1323 1257/1252
f 1459/1454 1458/1453 1462/1457
f 1401/1396 1463/1458 1336/1331
f 1464/1459 1205/1200 1402/1397
f 1465/1460 1466/1461 1467/1462
f 1208/1203 1267/1262 1468/1463
f 1408/1403 1274/1269 1469/1464
f 1404/1399 1470/1465 1405/1400
f 1471/1466 1345/1340 1408/1403
f 1266/1261 1472/1467 1280/1275
f 1272/1267 1282/1277 1281/1276
f 1473/1468 1354/1349 1355/1350
f 1474/1469 1475/1470 1476/1471
f 1477/1472 1217/1212 1361/1356
f 1478/1473 1479/1474 1480/1475
f 1360/1355 1481/1476 1482/1477
f 1360/1355 1413/1408 1481/1476
f 1413/1408 1483/1478 1481/1476
f 1484/1479 1290/1285 1362/1357
f 1413/1408 1412/1407 1485/1480
f 1413/1408 1485/1480 1483/1478
f 1417/1412 1486/1481 1418/1413
f 1419/1414 1487/1482 1414/1409
f 1149/1144 1295/1290 1419/1414
f 1149/1144 1419/1414 1216/1211
f 1488/1483 1364/1359 1297/1292
f 1489/1484 1490/1485 1365/1360
f 1365/1360 1363/1358 1489/1484
f 1420/1415 1491/1486 1366/1361
f 1367/1362 1492/1487 1421/1416
f 1366/1361 1493/1488 1155/1150
f 1365/1360 1494/1489 1295/1290
f 1155/1150 1493/1488 1423/1418
f 1226/1221 1423/1418 1424/1419
f 1424/1419 1425/1420 1227/1222
f 1228/1223 1425/1420 1495/1490
f 1169/1164 1371/1366 1496/1491
f 1375/1370 1374/1369 1497/1492
f 1375/1370 1497/1492 1427/1422
f 1426/1421 1498/1493 1300/1295
f 1499/1494 1500/1495 1501/1496
f 1502/1497 1499/1494 1501/1496
f 1304/1299 1434/1429 1231/1226
f 1304/1299 1503/1498 1434/1429
f 1501/1496 1500/1495 1504/1499
f 1434/1429 1505/1500 1232/1227
f 1500/1495 1506/1501 1504/1499
f 1237/1232 1507/1502 1436/1431
f 1235/1230 1436/1431 1508/1503
f 1509/1504 1437/1432 1239/1234
f 1175/1170 1510/1505 1240/1235
f 1242/1237 1511/1506 1438/1433
f 1438/1433 1512/1507 1244/1239
f 1244/1239 1512/1507 1513/1508
f 1047/1042 1439/1434 1514/1509
f 1047/1042 1514/1509 1048/1043
f 1307/1302 1515/1510 841/836
f 841/836 1515/1510 1516/1511
f 759/754 1517/1512 1440/1435
f 1442/1437 1518/1513 1310/1305
f 1311/1306 1519/1514 1312/1307
f 1382/1377 1445/1440 1001/996
f 713/708 1114/1109 745/740
f 1520/1515 1521/1516 1115/1110
f 1383/1378 1522/1517 1384/1379
f 1448/1443 1324/1319 1450/1445
f 1451/1446 1523/1518 1450/1445
f 1452/1447 1524/1519 1390/1385
f 1525/1520 1526/1521 1460/1455
f 1527/1522 1394/1389 1322/1317
f 1338/1333 1528/1523 1456/1451
f 1458/1453 1529/1524 1462/1457
f 1204/1199 1530/1525 1402/1397
f 1531/1526 1407/1402 1532/1527
f 1533/1528 1534/1529 1468/1463
f 1465/1460 1467/1462 1535/1530
f 1328/1323 1536/1531 1334/1329
f 1401/1396 1537/1532 1463/1458
f 1534/1529 1208/1203 1468/1463
f 1469/1464 1538/1533 1471/1466
f 1469/1464 1471/1466 1408/1403
f 1532/1527 1272/1267 1281/1276
f 1539/1534 1472/1467 1266/1261
f 1540/1535 1355/1350 1350/1345
f 1541/1536 1542/1537 1409/1404
f 1543/1538 1544/1539 1541/1536
f 1271/1266 1545/1540 1283/1278
f 1280/1275 1546/1541 1356/1351
f 1412/1407 1547/1542 1485/1480
f 1547/1542 1548/1543 1485/1480
f 1412/1407 1549/1544 1547/1542
f 1412/1407 1414/1409 1549/1544
f 1550/1545 1551/1546 1552/1547
f 1488/1483 1553/1548 1491/1486
f 1488/1483 1491/1486 1364/1359
f 217/212 1554/1549 218/213
f 1421/1416 1555/1550 1422/1417
f 1365/1360 1490/1485 1494/1489
f 1425/1420 1556/1551 1495/1490
f 1557/1552 1499/1494 1502/1497
f 1558/1553 1559/1554 1369/1364
f 1560/1555 1503/1498 1304/1299
f 1432/1427 1560/1555 1304/1299
f 1305/1300 1561/1556 1433/1428
f 1435/1430 1509/1504 1239/1234
f 1435/1430 1562/1557 1509/1504
f 1175/1170 1437/1432 1510/1505
f 1242/1237 1377/1372 1511/1506
f 1307/1302 1378/1373 1515/1510
f 1308/1303 1440/1435 1563/1558
f 1564/1559 1522/1517 1383/1378
f 1386/1381 1565/1560 1566/1561
f 1317/1312 1567/1562 1385/1380
f 1385/1380 1567/1562 1568/1563
f 1569/1564 1570/1565 1571/1566
f 1389/1384 1572/1567 1317/1312
f 1449/1444 1573/1568 1453/1448
f 1574/1569 1575/1570 1576/1571
f 1577/1572 1578/1573 1579/1574
f 1579/1574 1578/1573 1580/1575
f 1579/1574 1580/1575 1457/1452
f 1457/1452 1580/1575 1581/1576
f 1581/1576 1458/1453 1457/1452
f 1582/1577 1204/1199 1341/1336
f 1582/1577 1530/1525 1204/1199
f 1458/1453 1583/1578 1529/1524
f 1529/1524 1583/1578 1584/1579
f 1584/1579 1583/1578 1526/1521
f 1585/1580 1407/1402 1586/1581
f 1586/1581 1407/1402 1587/1582
f 1407/1402 1531/1526 1587/1582
f 1588/1583 1589/1584 1534/1529
f 1461/1456 1590/1585 1328/1323
f 1590/1585 1536/1531 1328/1323
f 1536/1531 1591/1586 1334/1329
f 1334/1329 1591/1586 1401/1396
f 1538/1533 1469/1464 1592/1587
f 1593/1588 1594/1589 1595/1590
f 1349/1344 1540/1535 1592/1587
f 1409/1404 1542/1537 1593/1588
f 1409/1404 1593/1588 1596/1591
f 1597/1592 1540/1535 1350/1345
f 1473/1468 1355/1350 1540/1535
f 1598/1593 1599/1594 1600/1595
f 1600/1595 1599/1594 1601/1596
f 1280/1275 1472/1467 1546/1541
f 1602/1597 1283/1278 1545/1540
f 1484/1479 1362/1357 1602/1597
f 1547/1542 1603/1598 1548/1543
f 1549/1544 1604/1599 1547/1542
f 1547/1542 1604/1599 1603/1598
f 1414/1409 1487/1482 1549/1544
f 1551/1546 1605/1600 1606/1601
f 1422/1417 1607/1602 1553/1548
f 1364/1359 1491/1486 1420/1415
f 1608/1603 1609/1604 1295/1290
f 1366/1361 1491/1486 1493/1488
f 1492/1487 1555/1550 1421/1416
f 1494/1489 1608/1603 1295/1290
f 1555/1550 1607/1602 1422/1417
f 1498/1493 1610/1605 1300/1295
f 1300/1295 1610/1605 1611/1606
f 1431/1426 1612/1607 1613/1608
f 1432/1427 1614/1609 1560/1555
f 1510/1505 1615/1610 1240/1235
f 1377/1372 1616/1611 1511/1506
f 1438/1433 1617/1612 1512/1507
f 1512/1507 1618/1613 1513/1508
f 1439/1434 1619/1614 1514/1509
f 709/704 1620/1615 906/901
f 1563/1558 1441/1436 1308/1303
f 1621/1616 1622/1617 1623/1618
f 1624/1619 1625/1620 1311/1306
f 744/739 1626/1621 612/607
f 726/721 1627/1622 842/837
f 1564/1559 1628/1623 1522/1517
f 1386/1381 1629/1624 1565/1560
f 1630/1625 1631/1626 1186/1181
f 1388/1383 1630/1625 1186/1181
f 1572/1567 1567/1562 1317/1312
f 1569/1564 1632/1627 1570/1565
f 1186/1181 1631/1626 1449/1444
f 1633/1628 1634/1629 1635/1630
f 1635/1630 1634/1629 1524/1519
f 1635/1630 1524/1519 1452/1447
f 1636/1631 1637/1632 1638/1633
f 1397/1392 1460/1455 1639/1634
f 1640/1635 1641/1636 1577/1572
f 1577/1572 1641/1636 1578/1573
f 1524/1519 1642/1637 1390/1385
f 1643/1638 1530/1525 1582/1577
f 1644/1639 1645/1640 1528/1523
f 1581/1576 1646/1641 1458/1453
f 1647/1642 1402/1397 1530/1525
f 1648/1643 1649/1644 1650/1645
f 1585/1580 1651/1646 1407/1402
f 1652/1647 1538/1533 1592/1587
f 1470/1465 1653/1648 1654/1649
f 1406/1401 1655/1650 1656/1651
f 1651/1646 1271/1266 1407/1402
f 1657/1652 1658/1653 1403/1398
f 1594/1589 1470/1465 1595/1590
f 1536/1531 1659/1654 1591/1586
f 1591/1586 1537/1532 1401/1396
f 1591/1586 1660/1655 1537/1532
f 1660/1655 1661/1656 1537/1532
f 1651/1646 1545/1540 1271/1266
f 1592/1587 1540/1535 1662/1657
f 1539/1534 1663/1658 1472/1467
f 1543/1538 1601/1596 1544/1539
f 1664/1659 1477/1472 1665/1660
f 1477/1472 1361/1356 1665/1660
f 1472/1467 1666/1661 1546/1541
f 1361/1356 1482/1477 1665/1660
f 1667/1662 1290/1285 1484/1479
f 1668/1663 1669/1664 1549/1544
f 1487/1482 1668/1663 1549/1544
f 1670/1665 1668/1663 1487/1482
f 1419/1414 1671/1666 1487/1482
f 1487/1482 1671/1666 1670/1665
f 1553/1548 1672/1667 1491/1486
f 1295/1290 1609/1604 1419/1414
f 1673/1668 1674/1669 1497/1492
f 1675/1670 1499/1494 1557/1552
f 1676/1671 1677/1672 1491/1486
f 1491/1486 1677/1672 1493/1488
f 1678/1673 1490/1485 1489/1484
f 1423/1418 1493/1488 1424/1419
f 1425/1420 1679/1674 1556/1551
f 1678/1673 1680/1675 1490/1485
f 1490/1485 1680/1675 1494/1489
f 1679/1674 1681/1676 1556/1551
f 1499/1494 1682/1677 1500/1495
f 1683/1678 1684/1679 1685/1680
f 1431/1426 1686/1681 1612/1607
f 1503/1498 1687/1682 1434/1429
f 1561/1556 1688/1683 1433/1428
f 1433/1428 1688/1683 1376/1371
f 1434/1429 1689/1684 1505/1500
f 1434/1429 1687/1682 1689/1684
f 1507/1502 1690/1685 1436/1431
f 1436/1431 1691/1686 1692/1687
f 1690/1685 1691/1686 1436/1431
f 1511/1506 1693/1688 1438/1433
f 1438/1433 1693/1688 1617/1612
f 1000/995 1620/1615 709/704
f 1378/1373 1694/1689 1515/1510
f 1694/1689 1695/1690 1515/1510
f 1515/1510 1695/1690 1516/1511
f 1563/1558 1696/1691 1441/1436
f 1441/1436 1696/1691 1442/1437
f 1380/1375 1697/1692 1443/1438
f 1311/1306 1625/1620 1519/1514
f 1002/997 1698/1693 744/739
f 1115/1110 1627/1622 726/721
f 1564/1559 1699/1694 1628/1623
f 1568/1563 1629/1624 1386/1381
f 1572/1567 1700/1695 1567/1562
f 1524/1519 1701/1696 1642/1637
f 1526/1521 1702/1697 1460/1455
f 1460/1455 1702/1697 1639/1634
f 1640/1635 1703/1698 1704/1699
f 1640/1635 1704/1699 1641/1636
f 1643/1638 1705/1700 1530/1525
f 1653/1648 1706/1701 1654/1649
f 1654/1649 1707/1702 1655/1650
f 1707/1702 1656/1651 1655/1650
f 1649/1644 1708/1703 1650/1645
f 1709/1704 1653/1648 1710/1705
f 1650/1645 1708/1703 1711/1706
f 1590/1585 1712/1707 1536/1531
f 1536/1531 1712/1707 1659/1654
f 1591/1586 1659/1654 1660/1655
f 1477/1472 1664/1659 1713/1708
f 1714/1709 1477/1472 1713/1708
f 1664/1659 1715/1710 1716/1711
f 1713/1708 1664/1659 1716/1711
f 1601/1596 1717/1712 1544/1539
f 1664/1659 1665/1660 1715/1710
f 1668/1663 1718/1713 1669/1664
f 1605/1600 1719/1714 1720/1715
f 1721/1716 1722/1717 1723/1718
f 1363/1358 1724/1719 1489/1484
f 1609/1604 1725/1720 1419/1414
f 1419/1414 1725/1720 1671/1666
f 1675/1670 1726/1721 1499/1494
f 1491/1486 1672/1667 1676/1671
f 1608/1603 1727/1722 1609/1604
f 1728/1723 1729/1724 1492/1487
f 1492/1487 1729/1724 1555/1550
f 1555/1550 1729/1724 1607/1602
f 1494/1489 1730/1725 1608/1603
f 1608/1603 1730/1725 1727/1722
f 1425/1420 1731/1726 1679/1674
f 1679/1674 1731/1726 1681/1676
f 1680/1675 1730/1725 1494/1489
f 1500/1495 1682/1677 1506/1501
f 1561/1556 1732/1727 1688/1683
f 1509/1504 1733/1728 1437/1432
f 1511/1506 1616/1611 1693/1688
f 1693/1688 1734/1729 1617/1612
f 1734/1729 1735/1730 1617/1612
f 1617/1612 1735/1730 1512/1507
f 1512/1507 1735/1730 1618/1613
f 1379/1374 1736/1731 1737/1732
f 1379/1374 1737/1732 1380/1375
f 1312/1307 1736/1731 1379/1374
f 1625/1620 1738/1733 1519/1514
f 1632/1627 1739/1734 1570/1565
f 1449/1444 1740/1735 1573/1568
f 1634/1629 1701/1696 1524/1519
f 1741/1736 1742/1737 1743/1738
f 1580/1575 1744/1739 1646/1641
f 1745/1740 1575/1570 1746/1741
f 1583/1578 1747/1742 1526/1521
f 1649/1644 1748/1743 1749/1744
f 1750/1745 1647/1642 1530/1525
f 1706/1701 1751/1746 1654/1649
f 1654/1649 1751/1746 1707/1702
f 1707/1702 1752/1747 1656/1651
f 1753/1748 1709/1704 1710/1705
f 1754/1749 1755/1750 1756/1751
f 1749/1744 1757/1752 1708/1703
f 1758/1753 1753/1748 1717/1712
f 1717/1712 1753/1748 1544/1539
f 1759/1754 1545/1540 1651/1646
f 1760/1755 1761/1756 1717/1712
f 1762/1757 1665/1660 1763/1758
f 1663/1658 1764/1759 1472/1467
f 1665/1660 1765/1760 1766/1761
f 1766/1761 1765/1760 1767/1762
f 1764/1759 1666/1661 1472/1467
f 1670/1665 1768/1763 1668/1663
f 1668/1663 1768/1763 1769/1764
f 1668/1663 1769/1764 1718/1713
f 1722/1717 1770/1765 1723/1718
f 1670/1665 1671/1666 1768/1763
f 1671/1666 1725/1720 1768/1763
f 1771/1766 1772/1767 1773/1768
f 1609/1604 1774/1769 1725/1720
f 1729/1724 1775/1770 1607/1602
f 1493/1488 1776/1771 1424/1419
f 1424/1419 1777/1772 1425/1420
f 1731/1726 1778/1773 1681/1676
f 1779/1774 1780/1775 1503/1498
f 1610/1605 1781/1776 1611/1606
f 1503/1498 1780/1775 1687/1682
f 1687/1682 1780/1775 1782/1777
f 1688/1683 1732/1727 1783/1778
f 1687/1682 1784/1779 1785/1780
f 1687/1682 1785/1780 1689/1684
f 1786/1781 1733/1728 1509/1504
f 1562/1557 1786/1781 1509/1504
f 1510/1505 1437/1432 1787/1782
f 1510/1505 1787/1782 1615/1610
f 1788/1783 1789/1784 1514/1509
f 1619/1614 1788/1783 1514/1509
f 1514/1509 1789/1784 1790/1785
f 1049/1044 1791/1786 958/953
f 907/902 1792/1787 1378/1373
f 1440/1435 1793/1788 1563/1558
f 1698/1693 1794/1789 744/739
f 1567/1562 1795/1790 1568/1563
f 1568/1563 1795/1790 1629/1624
f 1629/1624 1796/1791 1565/1560
f 1630/1625 1797/1792 1631/1626
f 1632/1627 1798/1793 1739/1734
f 1799/1794 1800/1795 1801/1796
f 1701/1696 1634/1629 1802/1797
f 1641/1636 1744/1739 1578/1573
f 1578/1573 1744/1739 1580/1575
f 1802/1797 1803/1798 1804/1799
f 1703/1698 1805/1800 1806/1801
f 1703/1698 1806/1801 1704/1699
f 1704/1699 1806/1801 1641/1636
f 1747/1742 1807/1802 1526/1521
f 1808/1803 1530/1525 1705/1700
f 1646/1641 1747/1742 1583/1578
f 1709/1704 1809/1804 1706/1701
f 1749/1744 1810/1805 1811/1806
f 1812/1807 1662/1657 1597/1592
f 1813/1808 1814/1809 1761/1756
f 1761/1756 1814/1809 1717/1712
f 1717/1712 1814/1809 1758/1753
f 1815/1810 1813/1808 1760/1755
f 1660/1655 1816/1811 1661/1656
f 1766/1761 1767/1762 1817/1812
f 1667/1662 1818/1813 1290/1285
f 1818/1813 1363/1358 1290/1285
f 1723/1718 1770/1765 1819/1814
f 1820/1815 1724/1719 1363/1358
f 1718/1713 1769/1764 1821/1816
f 1822/1817 1823/1818 1770/1765
f 1773/1768 1824/1819 1823/1818
f 1773/1768 1823/1818 1822/1817
f 1771/1766 1825/1820 1772/1767
f 1726/1721 1826/1821 1499/1494
f 1672/1667 1827/1822 1676/1671
f 1828/1823 1829/1824 1825/1820
f 1830/1825 1831/1826 1828/1823
f 1728/1723 1832/1827 1729/1724
f 1729/1724 1832/1827 1775/1770
f 1677/1672 1776/1771 1493/1488
f 1489/1484 1680/1675 1678/1673
f 1776/1771 1777/1772 1424/1419
f 1833/1828 1834/1829 1835/1830
f 1777/1772 1836/1831 1425/1420
f 1836/1831 1731/1726 1425/1420
f 1686/1681 1837/1832 1838/1833
f 1682/1677 1839/1834 1506/1501
f 1687/1682 1782/1777 1784/1779
f 1688/1683 1783/1778 1840/1835
f 1841/1836 1692/1687 1691/1686
f 1437/1432 1733/1728 1787/1782
f 1616/1611 1842/1837 1693/1688
f 1734/1729 1843/1838 1735/1730
f 1514/1509 1790/1785 1048/1043
f 1306/1301 1844/1839 997/992
f 997/992 1844/1839 1246/1241
f 1792/1787 1694/1689 1378/1373
f 1440/1435 1845/1840 1793/1788
f 1563/1558 1793/1788 1696/1691
f 1846/1841 1736/1731 1312/1307
f 1519/1514 1846/1841 1312/1307
f 1382/1377 1847/1842 1445/1440
f 744/739 1794/1789 1626/1621
f 1115/1110 1848/1843 1627/1622
f 1699/1694 1849/1844 1628/1623
f 1850/1845 1851/1846 1852/1847
f 1567/1562 1853/1848 1795/1790
f 1629/1624 1795/1790 1796/1791
f 1854/1849 1853/1848 1700/1695
f 1700/1695 1853/1848 1567/1562
f 1631/1626 1855/1850 1449/1444
f 1449/1444 1855/1850 1740/1735
f 1800/1795 1856/1851 1801/1796
f 1634/1629 1857/1852 1802/1797
f 1802/1797 1857/1852 1803/1798
f 1858/1853 1859/1854 1705/1700
f 1860/1855 1745/1740 1746/1741
f 1807/1802 1861/1856 1702/1697
f 1804/1799 1862/1857 1748/1743
f 1809/1804 1751/1746 1706/1701
f 1810/1805 1863/1858 1811/1806
f 1864/1859 1865/1860 1709/1704
f 1813/1808 1866/1861 1814/1809
f 1867/1862 1545/1540 1759/1754
f 1602/1597 1868/1863 1667/1662
f 1868/1863 1818/1813 1667/1662
f 1363/1358 1869/1864 1820/1815
f 1823/1818 1870/1865 1770/1765
f 1726/1721 1871/1866 1826/1821
f 1772/1767 1824/1819 1773/1768
f 1825/1820 1829/1824 1772/1767
f 1872/1867 1873/1868 1874/1869
f 1676/1671 1827/1822 1677/1672
f 1874/1869 1873/1868 1875/1870
f 1874/1869 1875/1870 1833/1828
f 1835/1830 1834/1829 1830/1825
f 1834/1829 1876/1871 1830/1825
f 1728/1723 1877/1872 1832/1827
f 1775/1770 1832/1827 1878/1873
f 1833/1828 1879/1874 1880/1875
f 1833/1828 1880/1875 1834/1829
f 1610/1605 1881/1876 1781/1776
f 1690/1685 1882/1877 1841/1836
f 1783/1778 1883/1878 1840/1835
f 1690/1685 1841/1836 1691/1686
f 1787/1782 1884/1879 1615/1610
f 1885/1880 1842/1837 1616/1611
f 1842/1837 1734/1729 1693/1688
f 1519/1514 1738/1733 1846/1841
f 713/708 1886/1881 1114/1109
f 1314/1309 1887/1882 1004/999
f 1888/1883 1848/1843 1115/1110
f 1521/1516 1888/1883 1115/1110
f 1699/1694 1889/1884 1849/1844
f 1890/1885 1631/1626 1797/1792
f 1641/1636 1891/1886 1744/1739
f 1891/1886 1892/1887 1744/1739
f 1892/1887 1893/1888 1744/1739
f 1857/1852 1894/1889 1803/1798
f 1806/1801 1895/1890 1641/1636
f 1808/1803 1705/1700 1859/1854
f 1646/1641 1896/1891 1747/1742
f 1896/1891 1897/1892 1747/1742
f 1747/1742 1897/1892 1807/1802
f 1751/1746 1898/1893 1707/1702
f 1707/1702 1899/1894 1752/1747
f 1810/1805 1862/1857 1863/1858
f 1865/1860 1900/1895 1709/1704
f 1709/1704 1900/1895 1901/1896
f 1815/1810 1902/1897 1813/1808
f 1813/1808 1902/1897 1866/1861
f 1903/1898 1904/1899 1905/1900
f 1905/1900 1904/1899 1815/1810
f 1867/1862 1906/1901 1545/1540
f 1906/1901 1602/1597 1545/1540
f 1907/1902 1868/1863 1602/1597
f 1818/1813 1908/1903 1363/1358
f 1908/1903 1869/1864 1363/1358
f 1770/1765 1909/1904 1819/1814
f 1870/1865 1909/1904 1770/1765
f 1823/1818 1824/1819 1870/1865
f 1871/1866 1910/1905 1826/1821
f 1829/1824 1824/1819 1772/1767
f 1672/1667 1911/1906 1827/1822
f 1828/1823 1912/1907 1829/1824
f 1830/1825 1876/1871 1831/1826
f 1831/1826 1912/1907 1828/1823
f 1827/1822 1913/1908 1677/1672
f 1499/1494 1826/1821 1682/1677
f 1833/1828 1875/1870 1879/1874
f 1731/1726 1914/1909 1778/1773
f 1915/1910 1916/1911 1881/1876
f 1779/1774 1917/1912 1780/1775
f 1682/1677 1918/1913 1839/1834
f 1839/1834 1918/1913 1919/1914
f 1732/1727 1920/1915 1783/1778
f 1784/1779 1921/1916 1785/1780
f 1786/1781 1922/1917 1733/1728
f 1842/1837 1843/1838 1734/1729
f 1843/1838 1923/1918 1735/1730
f 1788/1783 1924/1919 1789/1784
f 1789/1784 1924/1919 1790/1785
f 1793/1788 1925/1920 1696/1691
f 1926/1921 1927/1922 661/656
f 1848/1843 1928/1923 1627/1622
f 1795/1790 1929/1924 1796/1791
f 1854/1849 1930/1925 1853/1848
f 1931/1926 1932/1927 1856/1851
f 1800/1795 1931/1926 1856/1851
f 1895/1890 1891/1886 1641/1636
f 1807/1802 1933/1928 1861/1856
f 1861/1856 1933/1928 1934/1929
f 1857/1852 1935/1930 1894/1889
f 1805/1800 1936/1931 1895/1890
f 1805/1800 1895/1890 1806/1801
f 1808/1803 1859/1854 1937/1932
f 1803/1798 1894/1889 1804/1799
f 1938/1933 1939/1934 1940/1935
f 1941/1936 1942/1937 1862/1857
f 1809/1804 1943/1938 1751/1746
f 1751/1746 1943/1938 1898/1893
f 1898/1893 1899/1894 1707/1702
f 1862/1857 1942/1937 1944/1939
f 1862/1857 1944/1939 1863/1858
f 1865/1860 1945/1940 1900/1895
f 1758/1753 1945/1940 1865/1860
f 1946/1941 1863/1858 1947/1942
f 1815/1810 1904/1899 1902/1897
f 1907/1902 1602/1597 1906/1901
f 1868/1863 1948/1943 1949/1944
f 1818/1813 1950/1945 1908/1903
f 1880/1875 1951/1946 1834/1829
f 1826/1821 1952/1947 1682/1677
f 1913/1908 1776/1771 1677/1672
f 1731/1726 1836/1831 1914/1909
f 1682/1677 1952/1947 1918/1913
f 1881/1876 1916/1911 1953/1948
f 1881/1876 1953/1948 1781/1776
f 1917/1912 1954/1949 1780/1775
f 1840/1835 1955/1950 1917/1912
f 1784/1779 1782/1777 1956/1951
f 1956/1951 1921/1916 1784/1779
f 1733/1728 1922/1917 1957/1952
f 1924/1919 1958/1953 1790/1785
f 1048/1043 1959/1954 956/951
f 956/951 1959/1954 1960/1955
f 1695/1690 1961/1956 1516/1511
f 1444/1439 1962/1957 1313/1308
f 1963/1958 1964/1959 1625/1620
f 1313/1308 1962/1957 1381/1376
f 1699/1694 1887/1882 1889/1884
f 1965/1960 1929/1924 1795/1790
f 1850/1845 1966/1961 1851/1846
f 1853/1848 1965/1960 1795/1790
f 1895/1890 1967/1962 1891/1886
f 1892/1887 1968/1963 1893/1888
f 1807/1802 1969/1964 1933/1928
f 1893/1888 1968/1963 1896/1891
f 1897/1892 1970/1965 1807/1802
f 1859/1854 1971/1966 1937/1932
f 1894/1889 1941/1936 1804/1799
f 1901/1896 1972/1967 1809/1804
f 1809/1804 1972/1967 1943/1938
f 1944/1939 1973/1968 1863/1858
f 1758/1753 1866/1861 1945/1940
f 1903/1898 1974/1969 1904/1899
f 1871/1866 1975/1970 1910/1905
f 1824/1819 1976/1971 1870/1865
f 1910/1905 1975/1970 1826/1821
f 1912/1907 1824/1819 1829/1824
f 1877/1872 1977/1972 1832/1827
f 1954/1949 1782/1777 1780/1775
f 1978/1973 1979/1974 1980/1975
f 1978/1973 1980/1975 1981/1976
f 1980/1975 1982/1977 1981/1976
f 1733/1728 1957/1952 1787/1782
f 1983/1978 1923/1918 1843/1838
f 1791/1786 1306/1301 958/953
f 1246/1241 1110/1105 758/753
f 1620/1615 1984/1979 906/901
f 907/902 1985/1980 1792/1787
f 1961/1956 1986/1981 1516/1511
f 1696/1691 1925/1920 1442/1437
f 1381/1376 1847/1842 1382/1377
f 1969/1964 1987/1982 1933/1928
f 1895/1890 1936/1931 1967/1962
f 1892/1887 1988/1983 1968/1963
f 1807/1802 1970/1965 1969/1964
f 1896/1891 1970/1965 1897/1892
f 1989/1984 1990/1985 1991/1986
f 1989/1984 1991/1986 1992/1987
f 1993/1988 1994/1989 1995/1990
f 1901/1896 1996/1991 1972/1967
f 1997/1992 1998/1993 1944/1939
f 1945/1940 1999/1994 1900/1895
f 1900/1895 1999/1994 1996/1991
f 1944/1939 1998/1993 1973/1968
f 1866/1861 2000/1995 1945/1940
f 1973/1968 1998/1993 2001/1996
f 1866/1861 1902/1897 2002/1997
f 1904/1899 2003/1998 1902/1897
f 2004/1999 1907/1902 1906/1901
f 1949/1944 2005/2000 2006/2001
f 1949/1944 2006/2001 1868/1863
f 1868/1863 2006/2001 1818/1813
f 1818/1813 2006/2001 2007/2002
f 1818/1813 2007/2002 1950/1945
f 1870/1865 1976/1971 2008/2003
f 1824/1819 1912/1907 1976/1971
f 1831/1826 1876/1871 1912/1907
f 1911/1906 2009/2004 1827/1822
f 1834/1829 1951/1946 1876/1871
f 1832/1827 1977/1972 1878/1873
f 1955/1950 2010/2005 1954/1949
f 1954/1949 2010/2005 1782/1777
f 1918/1913 2011/2006 1919/1914
f 1783/1778 1920/1915 2012/2007
f 2013/2008 2014/2009 2015/2010
f 1982/1977 2016/2011 1981/1976
f 1787/1782 2017/2012 1884/1879
f 1885/1880 2018/2013 1842/1837
f 1625/1620 1964/1959 1738/1733
f 1886/1881 2019/2014 1114/1109
f 1890/1885 2020/2015 1631/1626
f 1930/1925 2021/2016 1853/1848
f 1631/1626 2022/2017 1855/1850
f 1987/1982 2023/2018 1933/1928
f 1891/1886 2024/2019 1892/1887
f 2025/2020 2026/2021 1990/1985
f 1968/1963 2027/2022 1896/1891
f 1896/1891 2027/2022 1970/1965
f 2028/2023 2029/2024 2030/2025
f 1972/1967 1898/1893 1943/1938
f 1991/1986 2031/2026 1992/1987
f 1996/1991 2032/2027 1972/1967
f 1992/1987 2031/2026 2033/2028
f 2031/2026 2034/2029 2035/2030
f 2033/2028 2031/2026 2035/2030
f 1902/1897 2003/1998 2036/2031
f 1902/1897 2036/2031 2002/1997
f 1974/1969 2037/2032 1904/1899
f 1904/1899 2037/2032 2003/1998
f 2004/1999 1948/1943 1907/1902
f 2038/2033 2039/2034 2040/2035
f 1872/1867 2040/2035 2041/2036
f 1880/1875 2042/2037 1951/1946
f 1879/1874 1875/1870 2042/2037
f 2043/2038 2044/2039 2045/2040
f 2046/2041 2047/2042 2048/2043
f 2049/2044 2050/2045 2051/2046
f 2050/2045 2052/2047 2051/2046
f 2051/2046 2052/2047 2053/2048
f 1915/1910 2054/2049 1916/1911
f 1955/1950 1883/1878 2055/2050
f 1782/1777 2010/2005 1956/1951
f 1918/1913 2056/2051 2011/2006
f 2014/2009 2057/2052 2015/2010
f 1957/1952 2058/2053 1787/1782
f 2018/2013 1983/1978 1842/1837
f 1842/1837 1983/1978 1843/1838
f 1983/1978 2059/2054 1923/1918
f 1923/1918 2059/2054 2060/2055
f 1790/1785 2061/2056 1048/1043
f 1048/1043 2061/2056 1959/1954
f 2062/2057 2063/2058 2064/2059
f 1697/1692 2065/2060 1443/1438
f 1445/1440 2066/2061 725/720
f 2067/2062 2068/2063 2069/2064
f 1853/1848 2021/2016 1965/1960
f 1631/1626 2070/2065 2022/2017
f 2071/2066 2072/2067 2073/2068
f 1891/1886 1967/1962 2024/2019
f 2024/2019 2074/2069 1892/1887
f 1892/1887 2074/2069 1988/1983
f 1859/1854 2075/2070 1971/1966
f 2032/2027 2076/2071 1972/1967
f 1945/1940 2000/1995 1999/1994
f 2036/2031 2000/1995 2002/1997
f 2004/1999 2077/2072 1948/1943
f 2078/2073 1949/1944 1948/1943
f 2078/2073 2079/2074 1949/1944
f 2079/2074 2005/2000 1949/1944
f 2080/2075 2039/2034 2081/2076
f 2081/2076 2039/2034 2038/2033
f 1975/1970 1952/1947 1826/1821
f 2082/2077 1912/1907 1876/1871
f 2083/2078 2084/2079 2085/2080
f 2085/2080 2086/2081 2043/2038
f 2086/2081 2044/2039 2043/2038
f 2045/2040 2044/2039 2049/2044
f 2049/2044 2044/2039 2050/2045
f 2010/2005 2087/2082 1956/1951
f 1922/1917 2058/2053 1957/1952
f 1979/1974 2088/2083 1980/1975
f 1787/1782 2058/2053 2017/2012
f 1381/1376 1962/1957 1847/1842
f 1847/1842 2066/2061 1445/1440
f 1887/1882 2089/2084 1889/1884
f 2090/2085 2091/2086 1929/1924
f 1966/1961 2092/2087 1851/1846
f 2093/2088 2094/2089 1965/1960
f 1965/1960 2094/2089 1929/1924
f 2020/2015 2070/2065 1631/1626
f 2095/2090 2096/2091 1931/1926
f 1990/1985 2026/2021 2031/2026
f 1990/1985 2031/2026 1991/1986
f 1999/1994 2097/2092 1996/1991
f 2097/2092 2098/2093 2032/2027
f 1996/1991 2097/2092 2032/2027
f 2098/2093 2076/2071 2032/2027
f 2000/1995 2099/2094 2100/2095
f 2000/1995 2100/2095 1999/1994
f 2037/2032 2101/2096 2102/2097
f 2037/2032 2102/2097 2003/1998
f 2102/2097 2036/2031 2003/1998
f 2077/2072 2078/2073 1948/1943
f 2077/2072 2103/2098 2078/2073
f 2104/2099 2105/2100 2079/2074
f 2105/2100 2005/2000 2079/2074
f 2039/2034 2041/2036 2040/2035
f 2041/2036 1873/1868 1872/1867
f 1912/1907 2106/2101 1976/1971
f 1912/1907 2082/2077 2107/2102
f 2085/2080 2084/2079 2086/2081
f 2108/2103 2109/2104 2083/2078
f 1952/1947 2056/2051 1918/1913
f 2046/2041 2110/2105 2047/2042
f 2047/2042 2111/2106 2112/2107
f 2047/2042 2112/2107 2108/2103
f 2113/2108 2114/2109 2052/2047
f 2050/2045 2113/2108 2052/2047
f 2115/2110 2116/2111 2014/2009
f 2117/2112 2118/2113 2055/2050
f 1956/1951 2119/2114 1921/1916
f 1922/1917 2120/2115 2058/2053
f 2017/2012 2121/2116 1884/1879
f 1885/1880 2122/2117 2018/2013
f 2122/2117 2123/2118 2018/2013
f 2018/2013 2123/2118 1983/1978
f 2123/2118 2059/2054 1983/1978
f 1958/1953 2124/2119 1790/1785
f 2125/2120 2126/2121 1517/1512
f 1517/1512 2126/2121 1845/1840
f 1517/1512 1845/1840 1440/1435
f 1737/1732 2127/2122 1697/1692
f 1736/1731 2128/2123 1737/1732
f 1737/1732 2128/2123 2127/2122
f 1627/1622 2129/2124 842/837
f 2094/2089 2090/2085 1929/1924
f 2025/2020 2130/2125 2131/2126
f 1987/1982 2132/2127 2023/2018
f 1967/1962 2133/2128 2024/2019
f 2074/2069 2134/2129 1988/1983
f 1988/1983 2134/2129 1968/1963
f 1969/1964 2132/2127 1987/1982
f 2135/2130 2133/2128 1936/1931
f 1936/1931 2133/2128 1967/1962
f 2136/2131 2137/2132 2027/2022
f 1968/1963 2136/2131 2027/2022
f 1970/1965 2138/2133 2139/2134
f 1970/1965 2139/2134 1969/1964
f 2075/2070 2140/2135 1971/1966
f 2027/2022 2137/2132 2138/2133
f 2027/2022 2138/2133 1970/1965
f 2141/2136 2142/2137 1898/1893
f 1898/1893 2142/2137 2143/2138
f 1972/1967 2076/2071 2141/2136
f 1972/1967 2141/2136 1898/1893
f 1999/1994 2144/2139 2097/2092
f 2000/1995 2145/2140 2099/2094
f 2100/2095 2144/2139 1999/1994
f 2036/2031 2102/2097 2145/2140
f 2036/2031 2145/2140 2000/1995
f 2103/2098 2146/2141 2078/2073
f 2146/2141 2104/2099 2079/2074
f 2146/2141 2079/2074 2078/2073
f 2147/2142 2148/2143 2149/2144
f 2149/2144 2039/2034 2080/2075
f 1976/1971 2150/2145 2008/2003
f 2106/2101 2150/2145 1976/1971
f 2107/2102 2106/2101 1912/1907
f 1951/1946 2082/2077 1876/1871
f 1875/1870 2151/2146 2042/2037
f 2047/2042 2110/2105 2111/2106
f 2108/2103 2112/2107 2109/2104
f 2152/2147 2153/2148 2154/2149
f 2044/2039 2155/2150 2050/2045
f 2114/2109 2156/2151 2052/2047
f 2054/2049 2157/2152 1916/1911
f 1916/1911 2157/2152 2158/2153
f 1916/1911 2158/2153 1953/1948
f 2055/2050 2159/2154 2010/2005
f 2010/2005 2159/2154 2087/2082
f 2056/2051 2160/2155 2011/2006
f 1953/1948 2158/2153 2161/2156
f 1956/1951 2087/2082 2119/2114
f 2014/2009 2116/2111 2162/2157
f 2014/2009 2162/2157 2057/2052
f 1980/1975 2088/2083 1982/1977
f 2059/2054 2163/2158 2060/2055
f 1958/1953 2164/2159 2124/2119
f 1790/1785 2124/2119 2061/2056
f 2165/2160 2166/2161 2167/2162
f 1444/1439 2168/2163 1962/1957
f 2024/2019 2134/2129 2074/2069
f 2134/2129 2136/2131 1968/1963
f 2169/2164 2170/2165 2171/2166
f 1969/1964 2139/2134 2132/2127
f 2075/2070 2172/2167 2140/2135
f 2142/2137 2173/2168 2143/2138
f 2174/2169 2175/2170 2176/2171
f 2146/2141 2177/2172 2104/2099
f 2147/2142 2178/2173 2148/2143
f 2082/2077 2179/2174 2107/2102
f 2042/2037 2180/2175 1951/1946
f 2109/2104 2181/2176 2084/2079
f 2084/2079 2181/2176 2086/2081
f 2086/2081 2181/2176 2182/2177
f 2086/2081 2182/2177 2044/2039
f 1952/1947 2183/2178 2056/2051
f 2044/2039 2182/2177 2184/2179
f 2155/2150 2113/2108 2050/2045
f 2055/2050 2118/2113 2159/2154
f 2185/2180 2186/2181 2187/2182
f 2123/2118 2163/2158 2059/2054
f 2066/2061 2188/2183 725/720
f 842/837 2129/2124 713/708
f 2189/2184 2190/2185 2191/2186
f 2069/2064 2192/2187 2193/2188
f 2020/2015 2194/2189 2070/2065
f 2145/2140 2195/2190 2099/2094
f 2099/2094 2195/2190 2100/2095
f 2031/2026 2196/2191 2034/2029
f 2197/2192 2198/2193 2199/2194
f 2200/2195 2201/2196 2202/2197
f 2202/2197 2201/2196 2203/2198
f 2202/2197 2203/2198 2204/2199
f 2042/2037 2151/2146 2180/2175
f 1875/1870 2205/2200 2151/2146
f 2044/2039 2184/2179 2155/2150
f 2056/2051 2206/2201 2160/2155
f 2088/2083 2207/2202 1982/1977
f 2058/2053 2208/2203 2017/2012
f 1964/1959 2209/2204 1738/1733
f 1314/1309 2210/2205 1887/1882
f 2191/2186 2190/2185 2211/2206
f 2193/2188 2212/2207 2189/2184
f 2212/2207 2190/2185 2189/2184
f 2068/2063 2192/2187 2069/2064
f 2095/2090 2213/2208 2096/2091
f 2138/2133 2214/2209 2139/2134
f 2137/2132 2215/2210 2138/2133
f 2216/2211 2142/2137 2141/2136
f 2142/2137 2217/2212 2173/2168
f 2031/2026 2026/2021 2218/2213
f 2076/2071 2216/2211 2141/2136
f 2144/2139 2219/2214 2097/2092
f 2100/2095 2220/2215 2144/2139
f 2102/2097 2221/2216 2145/2140
f 2101/2096 2222/2217 2223/2218
f 2224/2219 2225/2220 2226/2221
f 2226/2221 2225/2220 2227/2222
f 2198/2193 2228/2223 2199/2194
f 2229/2224 2230/2225 2231/2226
f 2204/2199 2203/2198 2232/2227
f 2204/2199 2232/2227 2178/2173
f 2178/2173 2232/2227 2148/2143
f 2148/2143 2233/2228 2149/2144
f 2149/2144 2233/2228 2039/2034
f 2150/2145 2234/2229 2008/2003
f 2106/2101 2235/2230 2150/2145
f 2041/2036 2236/2231 1873/1868
f 1975/1970 2237/2232 1952/1947
f 1873/1868 2236/2231 1875/1870
f 1951/1946 2180/2175 2082/2077
f 1952/1947 2237/2232 2183/2178
f 2110/2105 2238/2233 2111/2106
f 2111/2106 2239/2234 2112/2107
f 2239/2234 2240/2235 2112/2107
f 2157/2152 2241/2236 2158/2153
f 2159/2154 2242/2237 2087/2082
f 2160/2155 2206/2201 2243/2238
f 2120/2115 2244/2239 2058/2053
f 2244/2239 2245/2240 2058/2053
f 2122/2117 2246/2241 2123/2118
f 1844/1839 2247/2242 1246/1241
f 1925/1920 2248/2243 1442/1437
f 1926/1921 2249/2244 1927/1922
f 2250/2245 2251/2246 2252/2247
f 2192/2187 2253/2248 2193/2188
f 2068/2063 2254/2249 2192/2187
f 2024/2019 2255/2250 2134/2129
f 2132/2127 2256/2251 2023/2018
f 2133/2128 2257/2252 2024/2019
f 2134/2129 2255/2250 2258/2253
f 2134/2129 2258/2253 2136/2131
f 2139/2134 2256/2251 2132/2127
f 2138/2133 2259/2254 2214/2209
f 2215/2210 2259/2254 2138/2133
f 2145/2140 2260/2255 2195/2190
f 2100/2095 2195/2190 2220/2215
f 2144/2139 2220/2215 2219/2214
f 2221/2216 2260/2255 2145/2140
f 2223/2218 2221/2216 2102/2097
f 2230/2225 2261/2256 2262/2257
f 2201/2196 2232/2227 2203/2198
f 2235/2230 2263/2258 2150/2145
f 2106/2101 2264/2259 2235/2230
f 2265/2260 2237/2232 1975/1970
f 2180/2175 2266/2261 2082/2077
f 2236/2231 2205/2200 1875/1870
f 2205/2200 2267/2262 2151/2146
f 2181/2176 2268/2263 2182/2177
f 2238/2233 2239/2234 2111/2106
f 2112/2107 2240/2235 2109/2104
f 2153/2148 2269/2264 2154/2149
f 2113/2108 2270/2265 2114/2109
f 2114/2109 2270/2265 2156/2151
f 2158/2153 2241/2236 2161/2156
f 2087/2082 2271/2266 2119/2114
f 2207/2202 2272/2267 2016/2011
f 2088/2083 2273/2268 2207/2202
f 2245/2240 2208/2203 2058/2053
f 2017/2012 2274/2269 2121/2116
f 2122/2117 2275/2270 2246/2241
f 2123/2118 2246/2241 2276/2271
f 2123/2118 2276/2271 2163/2158
f 2276/2271 2277/2272 2163/2158
f 2163/2158 2277/2272 2278/2273
f 2164/2159 2279/2274 2124/2119
f 1246/1241 2280/2275 1110/1105
f 1985/1980 2281/2276 1792/1787
f 1792/1787 2281/2276 1694/1689
f 1442/1437 2248/2243 1518/1513
f 1846/1841 2282/2277 1736/1731
f 1794/1789 2283/2278 2284/2279
f 1794/1789 2284/2279 1626/1621
f 2193/2188 2253/2248 2212/2207
f 2070/2065 2285/2280 2022/2017
f 2139/2134 2214/2209 2256/2251
f 2172/2167 2286/2281 2287/2282
f 2288/2283 2215/2210 2137/2132
f 2136/2131 2288/2283 2137/2132
f 2172/2167 2287/2282 2140/2135
f 2216/2211 2289/2284 2142/2137
f 2217/2212 2290/2285 2173/2168
f 2098/2093 2291/2286 2076/2071
f 2219/2214 2292/2287 2097/2092
f 2097/2092 2292/2287 2098/2093
f 2098/2093 2292/2287 2291/2286
f 2195/2190 2260/2255 2293/2288
f 2195/2190 2293/2288 2220/2215
f 2220/2215 2294/2289 2219/2214
f 2031/2026 2218/2213 2196/2191
f 2233/2228 2295/2290 2039/2034
f 2041/2036 2039/2034 2296/2291
f 2151/2146 2297/2292 2180/2175
f 2181/2176 2240/2235 2298/2293
f 2181/2176 2298/2293 2268/2263
f 2109/2104 2240/2235 2181/2176
f 2268/2263 2299/2294 2182/2177
f 2182/2177 2299/2294 2184/2179
f 2299/2294 2300/2295 2184/2179
f 2184/2179 2300/2295 2155/2150
f 2118/2113 2301/2296 2159/2154
f 2159/2154 2301/2296 2242/2237
f 2209/2204 2282/2277 1738/1733
f 1698/1693 2283/2278 1794/1789
f 713/708 2302/2297 1886/1881
f 1627/1622 2303/2298 2129/2124
f 2129/2124 2302/2297 713/708
f 1848/1843 2304/2299 1928/1923
f 2190/2185 2305/2300 2211/2206
f 2211/2206 2305/2300 2306/2301
f 2133/2128 2307/2302 2257/2252
f 2135/2130 2308/2303 2133/2128
f 2133/2128 2308/2303 2309/2304
f 2133/2128 2309/2304 2307/2302
f 2258/2253 2288/2283 2136/2131
f 2142/2137 2289/2284 2217/2212
f 2217/2212 2289/2284 2310/2305
f 2217/2212 2310/2305 2290/2285
f 2076/2071 2311/2306 2216/2211
f 2312/2307 2313/2308 2314/2309
f 2315/2310 2316/2311 2317/2312
f 2317/2312 2316/2311 2312/2307
f 2318/2313 2319/2314 2315/2310
f 2319/2314 2316/2311 2315/2310
f 2222/2217 2320/2315 2223/2218
f 2261/2256 2321/2316 2322/2317
f 2179/2174 2323/2318 2107/2102
f 2106/2101 2323/2318 2264/2259
f 2082/2077 2266/2261 2179/2174
f 2237/2232 2324/2319 2325/2320
f 2326/2321 2327/2322 2328/2323
f 2329/2324 2330/2325 2331/2326
f 2298/2293 2332/2327 2268/2263
f 2333/2328 2334/2329 2335/2330
f 2113/2108 2336/2331 2270/2265
f 2183/2178 2337/2332 2056/2051
f 2338/2333 2339/2334 2157/2152
f 2157/2152 2339/2334 2241/2236
f 2337/2332 2206/2201 2056/2051
f 2118/2113 2340/2335 2301/2296
f 2087/2082 2341/2336 2271/2266
f 2162/2157 2342/2337 2057/2052
f 2017/2012 2343/2338 2274/2269
f 1791/1786 2344/2339 1306/1301
f 1738/1733 2282/2277 1846/1841
f 2345/2340 2346/2341 2347/2342
f 2212/2207 2348/2343 2190/2185
f 2190/2185 2348/2343 2305/2300
f 2254/2249 2349/2344 2192/2187
f 2350/2345 2351/2346 2131/2126
f 2131/2126 2351/2346 2026/2021
f 2257/2252 2307/2302 2352/2347
f 2257/2252 2352/2347 2255/2250
f 2255/2250 2352/2347 2353/2348
f 2255/2250 2353/2348 2258/2253
f 2214/2209 2354/2349 2256/2251
f 2258/2253 2353/2348 2288/2283
f 2287/2282 2355/2350 2356/2351
f 2076/2071 2291/2286 2311/2306
f 2216/2211 2311/2306 2289/2284
f 2026/2021 2357/2352 2218/2213
f 2313/2308 2358/2353 2314/2309
f 2294/2289 2359/2354 2219/2214
f 2219/2214 2359/2354 2292/2287
f 2360/2355 2361/2356 2319/2314
f 2039/2034 2295/2290 2296/2291
f 2296/2291 2362/2357 2041/2036
f 2235/2230 2363/2358 2263/2258
f 2150/2145 2263/2258 2234/2229
f 2364/2359 2324/2319 2265/2260
f 2265/2260 2324/2319 2237/2232
f 2151/2146 2267/2262 2297/2292
f 2365/2360 2366/2361 2367/2362
f 2365/2360 2368/2363 2366/2361
f 2369/2364 2368/2363 2365/2360
f 2370/2365 2371/2366 2330/2325
f 2330/2325 2371/2366 2331/2326
f 2268/2263 2372/2367 2299/2294
f 2370/2365 2373/2368 2371/2366
f 2373/2368 2374/2369 2371/2366
f 2331/2326 2371/2366 2375/2370
f 2155/2150 2300/2295 2376/2371
f 2155/2150 2376/2371 2113/2108
f 2113/2108 2376/2371 2336/2331
f 2340/2335 2377/2372 2301/2296
f 2301/2296 2378/2373 2242/2237
f 2242/2237 2379/2374 2087/2082
f 2087/2082 2379/2374 2341/2336
f 2116/2111 2380/2375 2162/2157
f 2381/2376 2382/2377 2244/2239
f 2244/2239 2382/2377 2245/2240
f 2017/2012 2208/2203 2343/2338
f 2275/2270 2383/2378 2246/2241
f 2246/2241 2384/2379 2276/2271
f 2279/2274 2385/2380 2124/2119
f 1736/1731 2282/2277 2128/2123
f 1847/1842 1962/1957 2066/2061
f 2386/2381 2304/2299 1848/1843
f 1627/1622 1928/1923 2303/2298
f 2250/2245 2387/2382 2251/2246
f 2253/2248 2348/2343 2212/2207
f 2194/2189 2388/2383 2070/2065
f 2192/2187 2349/2344 2253/2248
f 2354/2349 2389/2384 2256/2251
f 2026/2021 2351/2346 2357/2352
f 2308/2303 2390/2385 2309/2304
f 2391/2386 2354/2349 2214/2209
f 2259/2254 2391/2386 2214/2209
f 2392/2387 2393/2388 2394/2389
f 2292/2287 2359/2354 2395/2390
f 2319/2314 2396/2391 2316/2311
f 2316/2311 2396/2391 2312/2307
f 2196/2191 2218/2213 2397/2392
f 2360/2355 2398/2393 2361/2356
f 2041/2036 2362/2357 2399/2394
f 2041/2036 2399/2394 2236/2231
f 2264/2259 2400/2395 2235/2230
f 2323/2318 2401/2396 2264/2259
f 2298/2293 2402/2397 2332/2327
f 2403/2398 2369/2364 2365/2360
f 2332/2327 2372/2367 2268/2263
f 2238/2233 2404/2399 2239/2234
f 2405/2400 2406/2401 2239/2234
f 2239/2234 2406/2401 2240/2235
f 2371/2366 2374/2369 2375/2370
f 2407/2402 2408/2403 2373/2368
f 2338/2333 2409/2404 2339/2334
f 2377/2372 2378/2373 2301/2296
f 2375/2370 2410/2405 2411/2406
f 2412/2407 2413/2408 2414/2409
f 2415/2410 2380/2375 2116/2111
f 2207/2202 2416/2411 2272/2267
f 2162/2157 2380/2375 2342/2337
f 2245/2240 2382/2377 2208/2203
f 2276/2271 2417/2412 2277/2272
f 2277/2272 2417/2412 2278/2273
f 1959/1954 2418/2413 1960/1955
f 1791/1786 2419/2414 2344/2339
f 1844/1839 1306/1301 2247/2242
f 1694/1689 2281/2276 1695/1690
f 1793/1788 2420/2415 1925/1920
f 2127/2122 2421/2416 1697/1692
f 1697/1692 2421/2416 2065/2060
f 2165/2160 2422/2417 2166/2161
f 1928/1923 2304/2299 2303/2298
f 2194/2189 2423/2418 2388/2383
f 2424/2419 2348/2343 2253/2248
f 2388/2383 2285/2280 2070/2065
f 2215/2210 2391/2386 2259/2254
f 2425/2420 2426/2421 2427/2422
f 2393/2388 2428/2423 2394/2389
f 2394/2389 2428/2423 2429/2424
f 2313/2308 2430/2425 2358/2353
f 2396/2391 2431/2426 2312/2307
f 2312/2307 2431/2426 2432/2427
f 2312/2307 2432/2427 2313/2308
f 2361/2356 2396/2391 2319/2314
f 2398/2393 2433/2428 2434/2429
f 2398/2393 2434/2429 2361/2356
f 2435/2430 2436/2431 2437/2432
f 2438/2433 2437/2432 2439/2434
f 2264/2259 2440/2435 2400/2395
f 2441/2436 2442/2437 2443/2438
f 2323/2318 2179/2174 2401/2396
f 2444/2439 2445/2440 2367/2362
f 2444/2439 2367/2362 2446/2441
f 2297/2292 2266/2261 2180/2175
f 2399/2394 2447/2442 2236/2231
f 2403/2398 2365/2360 2445/2440
f 2408/2403 2374/2369 2373/2368
f 2374/2369 2410/2405 2375/2370
f 2448/2443 2449/2444 2450/2445
f 2451/2446 2452/2447 2273/2268
f 2273/2268 2452/2447 2207/2202
f 2452/2447 2453/2448 2207/2202
f 2383/2378 2454/2449 2246/2241
f 2276/2271 2384/2379 2417/2412
f 2455/2450 2456/2451 2062/2057
f 2062/2057 2456/2451 2063/2058
f 2457/2452 2458/2453 1000/995
f 1000/995 2458/2453 1620/1615
f 1620/1615 2458/2453 1984/1979
f 1925/1920 2420/2415 2248/2243
f 1963/1958 2459/2454 2460/2455
f 1963/1958 2460/2455 1964/1959
f 2066/2061 2461/2456 2188/2183
f 2129/2124 2303/2298 2302/2297
f 2462/2457 2463/2458 2464/2459
f 2254/2249 2465/2460 2349/2344
f 2388/2383 2466/2461 2285/2280
f 2286/2281 2467/2462 2287/2282
f 2308/2303 2468/2463 2390/2385
f 2469/2464 2470/2465 2471/2466
f 2428/2423 2472/2467 2429/2424
f 2357/2352 2473/2468 2218/2213
f 2474/2469 2430/2425 2393/2388
f 2358/2353 2430/2425 2474/2469
f 2313/2308 2432/2427 2430/2425
f 2475/2470 2434/2429 2433/2428
f 2434/2429 2476/2471 2361/2356
f 2361/2356 2476/2471 2396/2391
f 2401/2396 2477/2472 2264/2259
f 2297/2292 2478/2473 2266/2261
f 2402/2397 2479/2474 2332/2327
f 2267/2262 2480/2475 2297/2292
f 2332/2327 2481/2476 2372/2367
f 2236/2231 2447/2442 2205/2200
f 2404/2399 2482/2477 2405/2400
f 2299/2294 2483/2478 2300/2295
f 2484/2479 2485/2480 2486/2481
f 2339/2334 2487/2482 2241/2236
f 2484/2479 2488/2483 2485/2480
f 2489/2484 2490/2485 2408/2403
f 2408/2403 2490/2485 2374/2369
f 2491/2486 2492/2487 2340/2335
f 2374/2369 2493/2488 2410/2405
f 2410/2405 2493/2488 2494/2489
f 2494/2489 2411/2406 2410/2405
f 2495/2490 2452/2447 2451/2446
f 2384/2379 2496/2491 2417/2412
f 2497/2492 2385/2380 2279/2274
f 2247/2242 2498/2493 1246/1241
f 2281/2276 1961/1956 1695/1690
f 1845/1840 2420/2415 1793/1788
f 2248/2243 2499/2494 1518/1513
f 2386/2381 2500/2495 2304/2299
f 2345/2340 2501/2496 2346/2341
f 2348/2343 2502/2497 2305/2300
f 2502/2497 2503/2498 2305/2300
f 2253/2248 2349/2344 2424/2419
f 2504/2499 2505/2500 2506/2501
f 2507/2502 2508/2503 2352/2347
f 2352/2347 2508/2503 2353/2348
f 2354/2349 2509/2504 2389/2384
f 2390/2385 2468/2463 2309/2304
f 2468/2463 2307/2302 2309/2304
f 2353/2348 2508/2503 2510/2505
f 2353/2348 2510/2505 2288/2283
f 2391/2386 2511/2506 2354/2349
f 2287/2282 2467/2462 2355/2350
f 2288/2283 2512/2507 2215/2210
f 2215/2210 2512/2507 2513/2508
f 2215/2210 2513/2508 2391/2386
f 2391/2386 2513/2508 2511/2506
f 2429/2424 2472/2467 2514/2509
f 2425/2420 2514/2509 2426/2421
f 2428/2423 2515/2510 2472/2467
f 2393/2388 2430/2425 2428/2423
f 2432/2427 2516/2511 2430/2425
f 2475/2470 2517/2512 2434/2429
f 2434/2429 2517/2512 2476/2471
f 2439/2434 2518/2513 2519/2514
f 2401/2396 2520/2515 2477/2472
f 2477/2472 2440/2435 2264/2259
f 2266/2261 2521/2516 2179/2174
f 2522/2517 2523/2518 2403/2398
f 2480/2475 2478/2473 2297/2292
f 2524/2519 2525/2520 2526/2521
f 2372/2367 2527/2522 2299/2294
f 2405/2400 2528/2523 2406/2401
f 2483/2478 2376/2371 2300/2295
f 2377/2372 2492/2487 2529/2524
f 2449/2444 2530/2525 2450/2445
f 2377/2372 2529/2524 2378/2373
f 2378/2373 2531/2526 2379/2374
f 2379/2374 2531/2526 2341/2336
f 2381/2376 2532/2527 2382/2377
f 2490/2485 2533/2528 2374/2369
f 2374/2369 2533/2528 2493/2488
f 2452/2447 2534/2529 2453/2448
f 2246/2241 2454/2449 2384/2379
f 2124/2119 2385/2380 2061/2056
f 1246/1241 2498/2493 2280/2275
f 2128/2123 2421/2416 2127/2122
f 2460/2455 2535/2530 1964/1959
f 1964/1959 2535/2530 2209/2204
f 2302/2297 2536/2531 1886/1881
f 1886/1881 2536/2531 2019/2014
f 2303/2298 2537/2532 2302/2297
f 2302/2297 2537/2532 2536/2531
f 2210/2205 2538/2533 2539/2534
f 2345/2340 2540/2535 2501/2496
f 2424/2419 2502/2497 2348/2343
f 2388/2383 2541/2536 2466/2461
f 2351/2346 2473/2468 2357/2352
f 2468/2463 2542/2537 2307/2302
f 2307/2302 2542/2537 2507/2502
f 2354/2349 2511/2506 2509/2504
f 2467/2462 2543/2538 2355/2350
f 2544/2539 2470/2465 2545/2540
f 2544/2539 2545/2540 2546/2541
f 2288/2283 2510/2505 2512/2507
f 2472/2467 2547/2542 2514/2509
f 2514/2509 2547/2542 2426/2421
f 2430/2425 2548/2543 2428/2423
f 2548/2543 2549/2544 2428/2423
f 2432/2427 2550/2545 2516/2511
f 2218/2213 2551/2546 2397/2392
f 2476/2471 2552/2547 2396/2391
f 2396/2391 2552/2547 2553/2548
f 2396/2391 2553/2548 2431/2426
f 2517/2512 2552/2547 2476/2471
f 2439/2434 2436/2431 2518/2513
f 2518/2513 2554/2549 2519/2514
f 2555/2550 2556/2551 2557/2552
f 2401/2396 2558/2553 2520/2515
f 2521/2516 2559/2554 2179/2174
f 2179/2174 2559/2554 2401/2396
f 2478/2473 2521/2516 2266/2261
f 2402/2397 2528/2523 2479/2474
f 2399/2394 2560/2555 2447/2442
f 2205/2200 2561/2556 2267/2262
f 2482/2477 2562/2557 2405/2400
f 2562/2557 2528/2523 2405/2400
f 2299/2294 2527/2522 2483/2478
f 2563/2558 2564/2559 2486/2481
f 2483/2478 2565/2560 2376/2371
f 2376/2371 2565/2560 2566/2561
f 2376/2371 2566/2561 2336/2331
f 2566/2561 2567/2562 2336/2331
f 2449/2444 2568/2563 2569/2564
f 2409/2404 2570/2565 2339/2334
f 2339/2334 2570/2565 2487/2482
f 2529/2524 2531/2526 2378/2373
f 2531/2526 2571/2566 2341/2336
f 2572/2567 2573/2568 2489/2484
f 2495/2490 2574/2569 2452/2447
f 2452/2447 2575/2570 2534/2529
f 2380/2375 2576/2571 2342/2337
f 2381/2376 2577/2572 2532/2527
f 2573/2568 2578/2573 2579/2574
f 2573/2568 2579/2574 2489/2484
f 2489/2484 2579/2574 2490/2485
f 2579/2574 2580/2575 2490/2485
f 2490/2485 2580/2575 2533/2528
f 2208/2203 2581/2576 2343/2338
f 2383/2378 2582/2577 2454/2449
f 2497/2492 2583/2578 2385/2380
f 1845/1840 2126/2121 2420/2415
f 2424/2419 2584/2579 2502/2497
f 2388/2383 2585/2580 2541/2536
f 2586/2581 2587/2582 2588/2583
f 2505/2500 2589/2584 2506/2501
f 2509/2504 2590/2585 2389/2384
f 2351/2346 2591/2586 2473/2468
f 2507/2502 2542/2537 2592/2587
f 2507/2502 2592/2587 2508/2503
f 2508/2503 2592/2587 2510/2505
f 2511/2506 2593/2588 2509/2504
f 2593/2588 2590/2585 2509/2504
f 2468/2463 2594/2589 2542/2537
f 2595/2590 2469/2464 2596/2591
f 2547/2542 2597/2592 2426/2421
f 2428/2423 2549/2544 2515/2510
f 2516/2511 2548/2543 2430/2425
f 2218/2213 2598/2593 2551/2546
f 2552/2547 2599/2594 2553/2548
f 2553/2548 2599/2594 2600/2595
f 2431/2426 2553/2548 2432/2427
f 2553/2548 2600/2595 2550/2545
f 2553/2548 2550/2545 2432/2427
f 2601/2596 2602/2597 2517/2512
f 2475/2470 2601/2596 2517/2512
f 2603/2598 2604/2599 2605/2600
f 2521/2516 2606/2601 2559/2554
f 2607/2602 2523/2518 2608/2603
f 2372/2367 2609/2604 2527/2522
f 2267/2262 2561/2556 2480/2475
f 2447/2442 2561/2556 2205/2200
f 2607/2602 2564/2559 2563/2558
f 2453/2448 2610/2605 2416/2411
f 2611/2606 2612/2607 2380/2375
f 2613/2608 2614/2609 2615/2610
f 2574/2569 2575/2570 2452/2447
f 2534/2529 2616/2611 2453/2448
f 2617/2612 2618/2613 2619/2614
f 2620/2615 2621/2616 2574/2569
f 2620/2615 2574/2569 2495/2490
f 2532/2527 2622/2617 2382/2377
f 2579/2574 2578/2573 2580/2575
f 2622/2617 2623/2618 2208/2203
f 2382/2377 2622/2617 2208/2203
f 2208/2203 2623/2618 2581/2576
f 2582/2577 2624/2619 2454/2449
f 2454/2449 2625/2620 2384/2379
f 2384/2379 2625/2620 2496/2491
f 1961/1956 2626/2621 1986/1981
f 2420/2415 2627/2622 2248/2243
f 2421/2416 2628/2623 2065/2060
f 2540/2535 2629/2624 2501/2496
f 2584/2579 2630/2625 2502/2497
f 2423/2418 2631/2626 2388/2383
f 2349/2344 2632/2627 2424/2419
f 2424/2419 2632/2627 2584/2579
f 2388/2383 2631/2626 2585/2580
f 2633/2628 2632/2627 2465/2460
f 2586/2581 2634/2629 2587/2582
f 2635/2630 2636/2631 2637/2632
f 2351/2346 2638/2633 2591/2586
f 2594/2589 2639/2634 2542/2537
f 2592/2587 2640/2635 2510/2505
f 2511/2506 2641/2636 2593/2588
f 2642/2637 2643/2638 2639/2634
f 2642/2637 2639/2634 2594/2589
f 2510/2505 2644/2639 2512/2507
f 2472/2467 2645/2640 2547/2542
f 2645/2640 2646/2641 2547/2542
f 2547/2542 2646/2641 2597/2592
f 2595/2590 2647/2642 2648/2643
f 2595/2590 2648/2643 2469/2464
f 2516/2511 2649/2644 2548/2543
f 2218/2213 2650/2645 2598/2593
f 2552/2547 2651/2646 2599/2594
f 2599/2594 2651/2646 2600/2595
f 2517/2512 2652/2647 2552/2547
f 2601/2596 2653/2648 2602/2597
f 2654/2649 2655/2650 2656/2651
f 2657/2652 2658/2653 2659/2654
f 2658/2653 2660/2655 2661/2656
f 2661/2656 2660/2655 2662/2657
f 2479/2474 2663/2658 2481/2476
f 2478/2473 2480/2475 2664/2659
f 2478/2473 2664/2659 2521/2516
f 2665/2660 2607/2602 2666/2661
f 2667/2662 2668/2663 2669/2664
f 2670/2665 2671/2666 2665/2660
f 2666/2661 2607/2602 2608/2603
f 2562/2557 2672/2667 2673/2668
f 2562/2557 2673/2668 2528/2523
f 2673/2668 2674/2669 2528/2523
f 2675/2670 2676/2671 2677/2672
f 2565/2560 2567/2562 2566/2561
f 2676/2671 2678/2673 2677/2672
f 2679/2674 2486/2481 2564/2559
f 2449/2444 2680/2675 2530/2525
f 2681/2676 2682/2677 2529/2524
f 2529/2524 2682/2677 2531/2526
f 2570/2565 2683/2678 2487/2482
f 2684/2679 2685/2680 2686/2681
f 2416/2411 2610/2605 2687/2682
f 2531/2526 2688/2683 2571/2566
f 2380/2375 2612/2607 2576/2571
f 2577/2572 2689/2684 2690/2685
f 2577/2572 2690/2685 2532/2527
f 2691/2686 2692/2687 2693/2688
f 2575/2570 2616/2611 2534/2529
f 2532/2527 2690/2685 2622/2617
f 2620/2615 2694/2689 2621/2616
f 2618/2613 2695/2690 2619/2614
f 2696/2691 2694/2689 2620/2615
f 2619/2614 2697/2692 2698/2693
f 2454/2449 2624/2619 2625/2620
f 2583/2578 2699/2694 2385/2380
f 1985/1980 2700/2695 2281/2276
f 2282/2277 2701/2696 2128/2123
f 2283/2278 2702/2697 2284/2279
f 2303/2298 2703/2698 2537/2532
f 2537/2532 2704/2699 2536/2531
f 2705/2700 2706/2701 2387/2382
f 2500/2495 2707/2702 2304/2299
f 2303/2298 2304/2299 2703/2698
f 2706/2701 2708/2703 2387/2382
f 2629/2624 2709/2704 2501/2496
f 2387/2382 2708/2703 2710/2705
f 2387/2382 2710/2705 2711/2706
f 2630/2625 2712/2707 2502/2497
f 2584/2579 2713/2708 2630/2625
f 2585/2580 2714/2709 2541/2536
f 2640/2635 2644/2639 2510/2505
f 2513/2508 2641/2636 2511/2506
f 2512/2507 2644/2639 2715/2710
f 2512/2507 2715/2710 2513/2508
f 2473/2468 2716/2711 2218/2213
f 2717/2712 2718/2713 2719/2714
f 2472/2467 2720/2715 2645/2640
f 2515/2510 2720/2715 2472/2467
f 2600/2595 2721/2716 2550/2545
f 2550/2545 2721/2716 2516/2511
f 2652/2647 2722/2717 2552/2547
f 2552/2547 2722/2717 2651/2646
f 2653/2648 2723/2718 2602/2597
f 2724/2719 2725/2720 2726/2721
f 2659/2654 2658/2653 2661/2656
f 2724/2719 2726/2721 2727/2722
f 2662/2657 2728/2723 2729/2724
f 2728/2723 2730/2725 2729/2724
f 2731/2726 2665/2660 2671/2666
f 2730/2725 2526/2521 2732/2727
f 2561/2556 2733/2728 2480/2475
f 2731/2726 2734/2729 2665/2660
f 2562/2557 2735/2730 2672/2667
f 2675/2670 2677/2672 2736/2731
f 2734/2729 2737/2732 2564/2559
f 2734/2729 2564/2559 2665/2660
f 2483/2478 2738/2733 2565/2560
f 2565/2560 2739/2734 2740/2735
f 2737/2732 2679/2674 2564/2559
f 2741/2736 2679/2674 2737/2732
f 2742/2737 2612/2607 2611/2606
f 2743/2738 2744/2739 2691/2686
f 2691/2686 2744/2739 2692/2687
f 2625/2620 2745/2740 2496/2491
f 2385/2380 2746/2741 2061/2056
f 2061/2056 2746/2741 1959/1954
f 2281/2276 2700/2695 1961/1956
f 2209/2204 2701/2696 2282/2277
f 1962/1957 2461/2456 2066/2061
f 1698/1693 2747/2742 2283/2278
f 2537/2532 2703/2698 2748/2743
f 2537/2532 2748/2743 2704/2699
f 2707/2702 2749/2744 2304/2299
f 2304/2299 2749/2744 2703/2698
f 2706/2701 2750/2745 2708/2703
f 2632/2627 2751/2746 2584/2579
f 2542/2537 2640/2635 2592/2587
f 2593/2588 2752/2747 2590/2585
f 2641/2636 2752/2747 2593/2588
f 2753/2748 2754/2749 2755/2750
f 2756/2751 2753/2748 2755/2750
f 2757/2752 2758/2753 2759/2754
f 2473/2468 2760/2755 2716/2711
f 2761/2756 2762/2757 2763/2758
f 2646/2641 2764/2759 2765/2760
f 2549/2544 2766/2761 2515/2510
f 2515/2510 2766/2761 2720/2715
f 2767/2762 2768/2763 2769/2764
f 2769/2764 2768/2763 2770/2765
f 2649/2644 2771/2766 2549/2544
f 2767/2762 2772/2767 2768/2763
f 2721/2716 2773/2768 2516/2511
f 2516/2511 2773/2768 2649/2644
f 2774/2769 2775/2770 2776/2771
f 2774/2769 2777/2772 2775/2770
f 2774/2769 2776/2771 2772/2767
f 2775/2770 2777/2772 2778/2773
f 2722/2717 2721/2716 2651/2646
f 2722/2717 2779/2774 2721/2716
f 2651/2646 2721/2716 2600/2595
f 2778/2773 2777/2772 2780/2775
f 2652/2647 2781/2776 2722/2717
f 2782/2777 2657/2652 2783/2778
f 2783/2778 2659/2654 2784/2779
f 2659/2654 2661/2656 2785/2780
f 2784/2779 2659/2654 2785/2780
f 2661/2656 2662/2657 2785/2780
f 2786/2781 2787/2782 2788/2783
f 2662/2657 2729/2724 2789/2784
f 2729/2724 2730/2725 2790/2785
f 2790/2785 2730/2725 2791/2786
f 2527/2522 2792/2787 2738/2733
f 2561/2556 2793/2788 2733/2728
f 2794/2789 2795/2790 2796/2791
f 2447/2442 2793/2788 2561/2556
f 2797/2792 2737/2732 2734/2729
f 2798/2793 2741/2736 2797/2792
f 2797/2792 2741/2736 2737/2732
f 2687/2682 2610/2605 2799/2794
f 2800/2795 2801/2796 2531/2526
f 2689/2684 2802/2797 2690/2685
f 2574/2569 2803/2798 2575/2570
f 2803/2798 2804/2799 2575/2570
f 2575/2570 2804/2799 2616/2611
f 2574/2569 2621/2616 2803/2798
f 2618/2613 2805/2800 2695/2690
f 2619/2614 2695/2690 2697/2692
f 2696/2691 2806/2801 2694/2689
f 2698/2693 2806/2801 2696/2691
f 2622/2617 2807/2802 2623/2618
f 2582/2577 2808/2803 2624/2619
f 2808/2803 2809/2804 2624/2619
f 2624/2619 2809/2804 2625/2620
f 2809/2804 2745/2740 2625/2620
f 2746/2741 2418/2413 1959/1954
f 2344/2339 2810/2805 1306/1301
f 1306/1301 2810/2805 2247/2242
f 2125/2120 2811/2806 2126/2121
f 2126/2121 2812/2807 2420/2415
f 2128/2123 2813/2808 2421/2416
f 2747/2742 2814/2809 2283/2278
f 2283/2278 2814/2809 2702/2697
f 2707/2702 2815/2810 2749/2744
f 2712/2707 2816/2811 2503/2498
f 2630/2625 2816/2811 2712/2707
f 2584/2579 2751/2746 2713/2708
f 2817/2812 2818/2813 2640/2635
f 2542/2537 2817/2812 2640/2635
f 2640/2635 2818/2813 2644/2639
f 2591/2586 2760/2755 2473/2468
f 2755/2750 2754/2749 2819/2814
f 2639/2634 2817/2812 2542/2537
f 2759/2754 2758/2753 2820/2815
f 2821/2816 2822/2817 2823/2818
f 2824/2819 2825/2820 2757/2752
f 2825/2820 2826/2821 2757/2752
f 2826/2821 2758/2753 2757/2752
f 2720/2715 2766/2761 2645/2640
f 2645/2640 2766/2761 2827/2822
f 2645/2640 2827/2822 2646/2641
f 2646/2641 2828/2823 2764/2759
f 2549/2544 2771/2766 2766/2761
f 2829/2824 2774/2769 2772/2767
f 2830/2825 2771/2766 2649/2644
f 2829/2824 2777/2772 2774/2769
f 2779/2774 2831/2826 2721/2716
f 2832/2827 2833/2828 2834/2829
f 2781/2776 2835/2830 2722/2717
f 2722/2717 2835/2830 2836/2831
f 2722/2717 2836/2831 2779/2774
f 2652/2647 2837/2832 2781/2776
f 2723/2718 2838/2833 2602/2597
f 2602/2597 2838/2833 2837/2832
f 2839/2834 2840/2835 2841/2836
f 2842/2837 2726/2721 2725/2720
f 2843/2838 2782/2777 2783/2778
f 2844/2839 2845/2840 2794/2789
f 2609/2604 2846/2841 2527/2522
f 2792/2787 2527/2522 2847/2842
f 2848/2843 2849/2844 2672/2667
f 2849/2844 2850/2845 2672/2667
f 2673/2668 2850/2845 2851/2846
f 2792/2787 2847/2842 2852/2847
f 2853/2848 2732/2727 2854/2849
f 2854/2849 2855/2850 2856/2851
f 2739/2734 2857/2852 2740/2735
f 2740/2735 2857/2852 2858/2853
f 2447/2442 2859/2854 2793/2788
f 2860/2855 2861/2856 2570/2565
f 2570/2565 2861/2856 2683/2678
f 2862/2857 2863/2858 2864/2859
f 2864/2859 2863/2858 2865/2860
f 2866/2861 2867/2862 2686/2681
f 2743/2738 2868/2863 2869/2864
f 2742/2737 2870/2865 2612/2607
f 2743/2738 2869/2864 2744/2739
f 2697/2692 2806/2801 2698/2693
f 2809/2804 2871/2866 2872/2867
f 2873/2868 2746/2741 2385/2380
f 2699/2694 2873/2868 2385/2380
f 2458/2453 2874/2869 1984/1979
f 1985/1980 2875/2870 2700/2695
f 2700/2695 2876/2871 1961/1956
f 1961/1956 2876/2871 2626/2621
f 2812/2807 2627/2622 2420/2415
f 2701/2696 2813/2808 2128/2123
f 2877/2872 2878/2873 2168/2163
f 2422/2417 2879/2874 2166/2161
f 2168/2163 2878/2873 2880/2875
f 2168/2163 2880/2875 2461/2456
f 2880/2875 2881/2876 2461/2456
f 2461/2456 2881/2876 2188/2183
f 2815/2810 2882/2877 2749/2744
f 2629/2624 2883/2878 2709/2704
f 2631/2626 2884/2879 2585/2580
f 2885/2880 2886/2881 2632/2627
f 2632/2627 2886/2881 2751/2746
f 2714/2709 2585/2580 2887/2882
f 2823/2818 2822/2817 2888/2883
f 2767/2762 2769/2764 2889/2884
f 2767/2762 2829/2824 2772/2767
f 2890/2885 2828/2823 2827/2822
f 2827/2822 2828/2823 2646/2641
f 2828/2823 2891/2886 2764/2759
f 2892/2887 2893/2888 2829/2824
f 2893/2888 2777/2772 2829/2824
f 2649/2644 2773/2768 2830/2825
f 2894/2889 2895/2890 2896/2891
f 2895/2890 2897/2892 2896/2891
f 2831/2826 2898/2893 2721/2716
f 2895/2890 2899/2894 2897/2892
f 2836/2831 2835/2830 2831/2826
f 2835/2830 2900/2895 2831/2826
f 2836/2831 2831/2826 2779/2774
f 2781/2776 2900/2895 2835/2830
f 2781/2776 2837/2832 2900/2895
f 2723/2718 2901/2896 2838/2833
f 2902/2897 2841/2836 2903/2898
f 2904/2899 2905/2900 2906/2901
f 2907/2902 2908/2903 2909/2904
f 2907/2902 2909/2904 2910/2905
f 2910/2905 2909/2904 2911/2906
f 2908/2903 2843/2838 2909/2904
f 2843/2838 2783/2778 2909/2904
f 2783/2778 2784/2779 2911/2906
f 2909/2904 2783/2778 2911/2906
f 2911/2906 2784/2779 2912/2907
f 2911/2906 2912/2907 2913/2908
f 2912/2907 2784/2779 2914/2909
f 2912/2907 2914/2909 2915/2910
f 2853/2848 2854/2849 2916/2911
f 2917/2912 2918/2913 2919/2914
f 2917/2912 2919/2914 2682/2677
f 2682/2677 2919/2914 2800/2795
f 2920/2915 2868/2863 2743/2738
f 2870/2865 2921/2916 2612/2607
f 2612/2607 2921/2916 2576/2571
f 2804/2799 2922/2917 2616/2611
f 2923/2918 2924/2919 2925/2920
f 2622/2617 2926/2921 2807/2802
f 2808/2803 2927/2922 2871/2866
f 2808/2803 2871/2866 2809/2804
f 2871/2866 2928/2923 2872/2867
f 2928/2923 2929/2924 2872/2867
f 2930/2925 2873/2868 2699/2694
f 2872/2867 2929/2924 2745/2740
f 2456/2451 2931/2926 2063/2058
f 2457/2452 2932/2927 2458/2453
f 2421/2416 2933/2928 2628/2623
f 2813/2808 2933/2928 2421/2416
f 2750/2745 2934/2929 2708/2703
f 2708/2703 2934/2929 2935/2930
f 2708/2703 2935/2930 2710/2705
f 2713/2708 2936/2931 2630/2625
f 2630/2625 2937/2932 2816/2811
f 2630/2625 2936/2931 2937/2932
f 2884/2879 2938/2933 2585/2580
f 2819/2814 2939/2934 2940/2935
f 2939/2934 2941/2936 2940/2935
f 2819/2814 2942/2937 2943/2938
f 2940/2935 2941/2936 2824/2819
f 2758/2753 2944/2939 2820/2815
f 2754/2749 2942/2937 2819/2814
f 2824/2819 2945/2940 2825/2820
f 2753/2748 2946/2941 2754/2749
f 2947/2942 2892/2887 2829/2824
f 2766/2761 2890/2885 2827/2822
f 2894/2889 2948/2943 2895/2890
f 2771/2766 2830/2825 2766/2761
f 2830/2825 2949/2944 2766/2761
f 2898/2893 2950/2945 2773/2768
f 2831/2826 2951/2946 2898/2893
f 2899/2894 2952/2947 2897/2892
f 2952/2947 2953/2948 2897/2892
f 2900/2895 2951/2946 2831/2826
f 2900/2895 2954/2949 2951/2946
f 2838/2833 2955/2950 2837/2832
f 2837/2832 2955/2950 2900/2895
f 2956/2951 2957/2952 2901/2896
f 2901/2896 2957/2952 2838/2833
f 2838/2833 2957/2952 2955/2950
f 2841/2836 2840/2835 2903/2898
f 2958/2953 2959/2954 2960/2955
f 2960/2955 2959/2954 2961/2956
f 2959/2954 2907/2902 2962/2957
f 2959/2954 2962/2957 2961/2956
f 2963/2958 2726/2721 2842/2837
f 2962/2957 2910/2905 2961/2956
f 2961/2956 2910/2905 2964/2959
f 2910/2905 2911/2906 2964/2959
f 2964/2959 2911/2906 2913/2908
f 2913/2908 2912/2907 2965/2960
f 2912/2907 2915/2910 2965/2960
f 2965/2960 2915/2910 2966/2961
f 2915/2910 2789/2784 2966/2961
f 2967/2962 2968/2963 2969/2964
f 2726/2721 2970/2965 2727/2722
f 2916/2911 2854/2849 2856/2851
f 2971/2966 2861/2856 2860/2855
f 2862/2857 2864/2859 2972/2967
f 2973/2968 2974/2969 2975/2970
f 2976/2971 2977/2972 2978/2973
f 2800/2795 2979/2974 2980/2975
f 2800/2795 2980/2975 2981/2976
f 2610/2605 2982/2977 2799/2794
f 2867/2862 2983/2978 2984/2979
f 2985/2980 2986/2981 2802/2797
f 2802/2797 2986/2981 2690/2685
f 2803/2798 2987/2982 2922/2917
f 2803/2798 2922/2917 2804/2799
f 2988/2983 2989/2984 2990/2985
f 2805/2800 2991/2986 2695/2690
f 2690/2685 2992/2987 2622/2617
f 2806/2801 2993/2988 2694/2689
f 2992/2987 2926/2921 2622/2617
f 2925/2920 2924/2919 2994/2989
f 2932/2927 2995/2990 2458/2453
f 2458/2453 2995/2990 2874/2869
f 2248/2243 2996/2991 2499/2494
f 2629/2624 2997/2992 2883/2878
f 2751/2746 2998/2993 2713/2708
f 2713/2708 2998/2993 2936/2931
f 2999/2994 2886/2881 2885/2880
f 2585/2580 2938/2933 2887/2882
f 3000/2995 3001/2996 3002/2997
f 3003/2998 3004/2999 3005/3000
f 2941/2936 2945/2940 2824/2819
f 3006/3001 3007/3002 3008/3003
f 2758/2753 3009/3004 2944/2939
f 2767/2762 3010/3005 2829/2824
f 2946/2941 2942/2937 2754/2749
f 2888/2883 2822/2817 3011/3006
f 3012/3007 2893/2888 2892/2887
f 3013/3008 2948/2943 2894/2889
f 2766/2761 2949/2944 2890/2885
f 2948/2943 2899/2894 2895/2890
f 2830/2825 2950/2945 2949/2944
f 2773/2768 2950/2945 2830/2825
f 2898/2893 3014/3009 2950/2945
f 2952/2947 3015/3010 2953/2948
f 2951/2946 3016/3011 2898/2893
f 2953/2948 3015/3010 3017/3012
f 2953/2948 3017/3012 3018/3013
f 3018/3013 3017/3012 3019/3014
f 3018/3013 3019/3014 3020/3015
f 2951/2946 2954/2949 3021/3016
f 3019/3014 3022/3017 3020/3015
f 2955/2950 3023/3018 2954/2949
f 2955/2950 2957/2952 3024/3019
f 2955/2950 3024/3019 3023/3018
f 2956/2951 3025/3020 3026/3021
f 2956/2951 3026/3021 2957/2952
f 3026/3021 3027/3022 2957/2952
f 2957/2952 3027/3022 3024/3019
f 2960/2955 2961/2956 3028/3023
f 2963/2958 3029/3024 2726/2721
f 2961/2956 2964/2959 3028/3023
f 3028/3023 2964/2959 3030/3025
f 2964/2959 2913/2908 3030/3025
f 3030/3025 2913/2908 2965/2960
f 2965/2960 2966/2961 3031/3026
f 3031/3026 2966/2961 3032/3027
f 2967/2962 2969/2964 3033/3028
f 2966/2961 3034/3029 3032/3027
f 3032/3027 3034/3029 3035/3030
f 3036/3031 3037/3032 2847/2842
f 3038/3033 3039/3034 3040/3035
f 2847/2842 3037/3032 3041/3036
f 2847/2842 3041/3036 2852/2847
f 3042/3037 2916/2911 3043/3038
f 3041/3036 3044/3039 2852/2847
f 2857/2852 3044/3039 3045/3040
f 2857/2852 3045/3040 3046/3041
f 2971/2966 3047/3042 2861/2856
f 2919/2914 2979/2974 2800/2795
f 2986/2981 3048/3043 2690/2685
f 2868/2863 3049/3044 2869/2864
f 2805/2800 3050/3045 2991/2986
f 2694/2689 3051/3046 3052/3047
f 2927/2922 3053/3048 3054/3049
f 2871/2866 3055/3050 2928/2923
f 2928/2923 3055/3050 2929/2924
f 2419/2414 3056/3051 2344/2339
f 3057/3052 3058/3053 3059/3054
f 3060/3055 2876/2871 2700/2695
f 2812/2807 3061/3056 2627/2622
f 3061/3056 3062/3057 2627/2622
f 2627/2622 3062/3057 2248/2243
f 2248/2243 3062/3057 3063/3058
f 2248/2243 3063/3058 2996/2991
f 2813/2808 3064/3059 2933/2928
f 2701/2696 3065/3060 2813/2808
f 2877/2872 3066/3061 2878/2873
f 3067/3062 3068/3063 3069/3064
f 2249/2244 3070/3065 1927/1922
f 2704/2699 3071/3066 3072/3067
f 2703/2698 3071/3066 2748/2743
f 2748/2743 3071/3066 2704/2699
f 2749/2744 3073/3068 2703/2698
f 2937/2932 3074/3069 2816/2811
f 2998/2993 3075/3070 2936/2931
f 2751/2746 2886/2881 2998/2993
f 2999/2994 3076/3071 2886/2881
f 3002/2997 3001/2996 3077/3072
f 3078/3073 3079/3074 3080/3075
f 3081/3076 2767/2762 3082/3077
f 2939/2934 3083/3078 2941/2936
f 2941/2936 3083/3078 2945/2940
f 3009/3004 3084/3079 2944/2939
f 2822/2817 3085/3080 3011/3006
f 2945/2940 3086/3081 2825/2820
f 3086/3081 3087/3082 2826/2821
f 2825/2820 3086/3081 2826/2821
f 3012/3007 3088/3083 3089/3084
f 3090/3085 3091/3086 3013/3008
f 3092/3087 3093/3088 3094/3089
f 3013/3008 3091/3086 2948/2943
f 2948/2943 3095/3090 2899/2894
f 2949/2944 3096/3091 2890/2885
f 2949/2944 2950/2945 3097/3092
f 2899/2894 3098/3093 2952/2947
f 2898/2893 3099/3094 3014/3009
f 2898/2893 3016/3011 3099/3094
f 3021/3016 3016/3011 2951/2946
f 2954/2949 3100/3095 3021/3016
f 3101/3096 3102/3097 3103/3098
f 3023/3018 3100/3095 2954/2949
f 3024/3019 3027/3022 3104/3099
f 3024/3019 3104/3099 3023/3018
f 3104/3099 3105/3100 3023/3018
f 3028/3023 3030/3025 3106/3101
f 3106/3101 3030/3025 3107/3102
f 3107/3102 2965/2960 3108/3103
f 3108/3103 2965/2960 3031/3026
f 3109/3104 3031/3026 3110/3105
f 3110/3105 3031/3026 3032/3027
f 3039/3034 3111/3106 3112/3107
f 3032/3027 3035/3030 3113/3108
f 3035/3030 3114/3109 3115/3110
f 3042/3037 3043/3038 3116/3111
f 3043/3038 3117/3112 3118/3113
f 2970/2965 2726/2721 3119/3114
f 3120/3115 2972/2967 3121/3116
f 3122/3117 3123/3118 2974/2969
f 3124/3119 3125/3120 3126/3121
f 2974/2969 3123/3118 3127/3122
f 3128/3123 2979/2974 2919/2914
f 3121/3116 2865/2860 3127/3122
f 3129/3124 3130/3125 2870/2865
f 3131/3126 3048/3043 2986/2981
f 3132/3127 3133/3128 2987/2982
f 2987/2982 3133/3128 2922/2917
f 3050/3045 3134/3129 2991/2986
f 2806/2801 3135/3130 2993/2988
f 2991/2986 3135/3130 2697/2692
f 2697/2692 3135/3130 2806/2801
f 2927/2922 3136/3131 2871/2866
f 2344/2339 3056/3051 2810/2805
f 2126/2121 2811/2806 2812/2807
f 2811/2806 3061/3056 2812/2807
f 2933/2928 3064/3059 3137/3132
f 3065/3060 3138/3133 2813/2808
f 2880/2875 3139/3134 2881/2876
f 2702/2697 3140/3135 2284/2279
f 2997/2992 3141/3136 2883/2878
f 2936/2931 3075/3070 2937/2932
f 2886/2881 3076/3071 2998/2993
f 2887/2882 2938/2933 3142/3137
f 3010/3005 2767/2762 3081/3076
f 2943/2938 3143/3138 2939/2934
f 2939/2934 3143/3138 3083/3078
f 2944/2939 3084/3079 3144/3139
f 3088/3083 3012/3007 2947/2942
f 2946/2941 3145/3140 2942/2937
f 2826/2821 3087/3082 3009/3004
f 3090/3085 3146/3141 3091/3086
f 3091/3086 3095/3090 2948/2943
f 2890/2885 3096/3091 3147/3142
f 2890/2885 3147/3142 3148/3143
f 2890/2885 3148/3143 2828/2823
f 3149/3144 3150/3145 3093/3088
f 2828/2823 3148/3143 2891/2886
f 3095/3090 3098/3093 2899/2894
f 3096/3091 3097/3092 3147/3142
f 2952/2947 3098/3093 3015/3010
f 3014/3009 3151/3146 3097/3092
f 3014/3009 3099/3094 3152/3147
f 3152/3147 3151/3146 3014/3009
f 3017/3012 3153/3148 3019/3014
f 3022/3017 3154/3149 3155/3150
f 3016/3011 3021/3016 3156/3151
f 3016/3011 3156/3151 3099/3094
f 3156/3151 3157/3152 3099/3094
f 3021/3016 3100/3095 3156/3151
f 3103/3098 3102/3097 3029/3024
f 3100/3095 3158/3153 3156/3151
f 3100/3095 3105/3100 3158/3153
f 3158/3153 3159/3154 3156/3151
f 3158/3153 3105/3100 3159/3154
f 3106/3101 3107/3102 3160/3155
f 3105/3100 3161/3156 3159/3154
f 3160/3155 3107/3102 3162/3157
f 3162/3157 3107/3102 3108/3103
f 3108/3103 3031/3026 3163/3158
f 3164/3159 3165/3160 3166/3161
f 3167/3162 3168/3163 3169/3164
f 3163/3158 3031/3026 3109/3104
f 3163/3158 3109/3104 3110/3105
f 3110/3105 3032/3027 3170/3165
f 2845/2840 3171/3166 3172/3167
f 3032/3027 3113/3108 3170/3165
f 3173/3168 3169/3164 3174/3169
f 3113/3108 3115/3110 3175/3170
f 3175/3170 3116/3111 3176/3171
f 3176/3171 3116/3111 3118/3113
f 3175/3170 3115/3110 3042/3037
f 3042/3037 3116/3111 3175/3170
f 3045/3040 3177/3172 3046/3041
f 2971/2966 3178/3173 3047/3042
f 3122/3117 3179/3174 3123/3118
f 3122/3117 3124/3119 3180/3175
f 2970/2965 3119/3114 3181/3176
f 3182/3177 3183/3178 3129/3124
f 3129/3124 3183/3178 3130/3125
f 3184/3179 3185/3180 3133/3128
f 3186/3181 3184/3179 3133/3128
f 2610/2605 3187/3182 2982/2977
f 3133/3128 3185/3180 2922/2917
f 2922/2917 3187/3182 3188/3183
f 3048/3043 2992/2987 2690/2685
f 2992/2987 3189/3184 2926/2921
f 2927/2922 3054/3049 3136/3131
f 2871/2866 3190/3185 3055/3050
f 3055/3050 3190/3185 2929/2924
f 2930/2925 3191/3186 2873/2868
f 2873/2868 3192/3187 2746/2741
f 3060/3055 3193/3188 2876/2871
f 3193/3188 3194/3189 2876/2871
f 2876/2871 3194/3189 2626/2621
f 2811/2806 3195/3190 3061/3056
f 3196/3191 3197/3192 3063/3058
f 3062/3057 3196/3191 3063/3058
f 2878/2873 3198/3193 2880/2875
f 2249/2244 3199/3194 3070/3065
f 2706/2701 3200/3195 2750/2745
f 2934/2929 3201/3196 2935/2930
f 3076/3071 3202/3197 2998/2993
f 3143/3138 3203/3198 3083/3078
f 2942/2937 3204/3199 3205/3200
f 2942/2937 3205/3200 2943/2938
f 3083/3078 3203/3198 2945/2940
f 3007/3002 3206/3201 3008/3003
f 3084/3079 3207/3202 3144/3139
f 3208/3203 3204/3199 2942/2937
f 3009/3004 3209/3204 3084/3079
f 3146/3141 3210/3205 3091/3086
f 3085/3080 3211/3206 3011/3006
f 3145/3140 3208/3203 2942/2937
f 3011/3006 3211/3206 3212/3207
f 3149/3144 3213/3208 3150/3145
f 3097/3092 3151/3146 3147/3142
f 3151/3146 3214/3209 3147/3142
f 3214/3209 3215/3210 3148/3143
f 3147/3142 3214/3209 3148/3143
f 3019/3014 3153/3148 3154/3149
f 3019/3014 3154/3149 3022/3017
f 3099/3094 3157/3152 3152/3147
f 3152/3147 3157/3152 3151/3146
f 3151/3146 3157/3152 3216/3211
f 3156/3151 3217/3212 3157/3152
f 3217/3212 3218/3213 3157/3152
f 3157/3152 3218/3213 3216/3211
f 3156/3151 3159/3154 3217/3212
f 3159/3154 3219/3214 3217/3212
f 3217/3212 3219/3214 3218/3213
f 3220/3215 3221/3216 3222/3217
f 3159/3154 3161/3156 3219/3214
f 3223/3218 3224/3219 3168/3163
f 3162/3157 3225/3220 3226/3221
f 3108/3103 3163/3158 3162/3157
f 3162/3157 3163/3158 3225/3220
f 3163/3158 3110/3105 3225/3220
f 3110/3105 3227/3222 3225/3220
f 3110/3105 3170/3165 3227/3222
f 3029/3024 3228/3223 2726/2721
f 3170/3165 3113/3108 3227/3222
f 3227/3222 3113/3108 3229/3224
f 3113/3108 3175/3170 3229/3224
f 3229/3224 3175/3170 3230/3225
f 3230/3225 3175/3170 3176/3171
f 3169/3164 3231/3226 3232/3227
f 3230/3225 3176/3171 3118/3113
f 3228/3223 3233/3228 2726/2721
f 2726/2721 3233/3228 3119/3114
f 3234/3229 3235/3230 3236/3231
f 3179/3174 3180/3175 3237/3232
f 3238/3233 3120/3115 3239/3234
f 3179/3174 3240/3235 3123/3118
f 3241/3236 3242/3237 3243/3238
f 3121/3116 3127/3122 3244/3239
f 3245/3240 3121/3116 3244/3239
f 3244/3239 3127/3122 3123/3118
f 3181/3176 3119/3114 3246/3241
f 3184/3179 3247/3242 3185/3180
f 3248/3243 3048/3043 3131/3126
f 3249/3244 3250/3245 3135/3130
f 3053/3048 3251/3246 3054/3049
f 2871/2866 3136/3131 3190/3185
f 3190/3185 3252/3247 2929/2924
f 2811/2806 3253/3248 3195/3190
f 3061/3056 3195/3190 3254/3249
f 3061/3056 3254/3249 3255/3250
f 3061/3056 3255/3250 3062/3057
f 3062/3057 3255/3250 3196/3191
f 3198/3193 3139/3134 2880/2875
f 2881/2876 3256/3251 2188/2183
f 2882/2877 3073/3068 2749/2744
f 2750/2745 3257/3252 2934/2929
f 3202/3197 3258/3253 2998/2993
f 2998/2993 3258/3253 3259/3254
f 2884/2879 3260/3255 2938/2933
f 3261/3256 3202/3197 3076/3071
f 2999/2994 3262/3257 3263/3258
f 3264/3259 3265/3260 3088/3083
f 3264/3259 3088/3083 2947/2942
f 3265/3260 3089/3084 3088/3083
f 3265/3260 3266/3261 3089/3084
f 3265/3260 3267/3262 3266/3261
f 3268/3263 3269/3264 3270/3265
f 3143/3138 3271/3266 3203/3198
f 3203/3198 3086/3081 2945/2940
f 3272/3267 3210/3205 3146/3141
f 3210/3205 3273/3268 3091/3086
f 3086/3081 3274/3269 3087/3082
f 3087/3082 3274/3269 3209/3204
f 3275/3270 3098/3093 3095/3090
f 3275/3270 3276/3271 3098/3093
f 3098/3093 3276/3271 3015/3010
f 3015/3010 3276/3271 3277/3272
f 3015/3010 3277/3272 3017/3012
f 3277/3272 3153/3148 3017/3012
f 3213/3208 3278/3273 3279/3274
f 3214/3209 3280/3275 3215/3210
f 3151/3146 3216/3211 3281/3276
f 3151/3146 3281/3276 3214/3209
f 3281/3276 3282/3277 3214/3209
f 3216/3211 3218/3213 3281/3276
f 3282/3277 3283/3278 3214/3209
f 3218/3213 3282/3277 3281/3276
f 3218/3213 3219/3214 3282/3277
f 3282/3277 3219/3214 3284/3279
f 3226/3221 3225/3220 3285/3280
f 3225/3220 3227/3222 3285/3280
f 3227/3222 3229/3224 3285/3280
f 3286/3281 3287/3282 3111/3106
f 3229/3224 3230/3225 3288/3283
f 3289/3284 3178/3173 3290/3285
f 3178/3173 3291/3286 3047/3042
f 3237/3232 3180/3175 3292/3287
f 3240/3235 3179/3174 3237/3232
f 3292/3287 3126/3121 3293/3288
f 3240/3235 3244/3239 3123/3118
f 3294/3289 3295/3290 3296/3291
f 3185/3180 3247/3242 2922/2917
f 2922/2917 3297/3292 3187/3182
f 3298/3293 3299/3294 3300/3295
f 2992/2987 3301/3296 3189/3184
f 3191/3186 3302/3297 2873/2868
f 3302/3297 3192/3187 2873/2868
f 3064/3059 3303/3298 3137/3132
f 2535/2530 3304/3299 2209/2204
f 3066/3061 3198/3193 2878/2873
f 2706/2701 3305/3300 3200/3195
f 2934/2929 3257/3252 3201/3196
f 3259/3254 3258/3253 3306/3301
f 2938/2933 3260/3255 3307/3302
f 3263/3258 3308/3303 3261/3256
f 2938/2933 3307/3302 3142/3137
f 3309/3304 3010/3005 3310/3305
f 3142/3137 3307/3302 3311/3306
f 3312/3307 3265/3260 3264/3259
f 3268/3263 3313/3308 3269/3264
f 3205/3200 3204/3199 3143/3138
f 3143/3138 3204/3199 3271/3266
f 3203/3198 3271/3266 3086/3081
f 3084/3079 3314/3309 3207/3202
f 3315/3310 3316/3311 3272/3267
f 3272/3267 3316/3311 3210/3205
f 3316/3311 3273/3268 3210/3205
f 3208/3203 3317/3312 3204/3199
f 3209/3204 3318/3313 3084/3079
f 3084/3079 3318/3313 3314/3309
f 3273/3268 3095/3090 3091/3086
f 3208/3203 3319/3314 3317/3312
f 3271/3266 3274/3269 3086/3081
f 3211/3206 3320/3315 3212/3207
f 3321/3316 3322/3317 3274/3269
f 3274/3269 3322/3317 3323/3318
f 3274/3269 3323/3318 3209/3204
f 3214/3209 3283/3278 3280/3275
f 3278/3273 3324/3319 3279/3274
f 3280/3275 3283/3278 3325/3320
f 3102/3097 3326/3321 3029/3024
f 3327/3322 3328/3323 3329/3324
f 3029/3024 3326/3321 3228/3223
f 3330/3325 3288/3283 3331/3326
f 3332/3327 3229/3224 3330/3325
f 3330/3325 3229/3224 3288/3283
f 3333/3328 3334/3329 3289/3284
f 3289/3284 3334/3329 3178/3173
f 3334/3329 3291/3286 3178/3173
f 3335/3330 3234/3229 3336/3331
f 3337/3332 3237/3232 3338/3333
f 3337/3332 3339/3334 3237/3232
f 3237/3232 3292/3287 3340/3335
f 3341/3336 3239/3234 3342/3337
f 3339/3334 3240/3235 3237/3232
f 3343/3338 3344/3339 3345/3340
f 3182/3177 3346/3341 3183/3178
f 3239/3234 3245/3240 3342/3337
f 3233/3228 3347/3342 3119/3114
f 3245/3240 3244/3239 3348/3343
f 3348/3343 3244/3239 3240/3235
f 3248/3243 3349/3344 3048/3043
f 2922/2917 3247/3242 3297/3292
f 3048/3043 3350/3345 2992/2987
f 3251/3246 3351/3346 3352/3347
f 3251/3246 3352/3347 3054/3049
f 3054/3049 3353/3348 3136/3131
f 3136/3131 3353/3348 3190/3185
f 3190/3185 3354/3349 3252/3247
f 2810/2805 2498/2493 2247/2242
f 3060/3055 3355/3350 3193/3188
f 3193/3188 3356/3351 3194/3189
f 2701/2696 3357/3352 3065/3060
f 2459/2454 3358/3353 2460/2455
f 2703/2698 3359/3354 3071/3066
f 3359/3354 3072/3067 3071/3066
f 3073/3068 3359/3354 2703/2698
f 2997/2992 3360/3355 3141/3136
f 3308/3303 3258/3253 3202/3197
f 3261/3256 3308/3303 3202/3197
f 3263/3258 3262/3257 3308/3303
f 3313/3308 3361/3356 3269/3264
f 3361/3356 3362/3357 3269/3264
f 3204/3199 3363/3358 3271/3266
f 3317/3312 3364/3359 3204/3199
f 3363/3358 3274/3269 3271/3266
f 3319/3314 3364/3359 3317/3312
f 3363/3358 3321/3316 3274/3269
f 3209/3204 3365/3360 3318/3313
f 3095/3090 3366/3361 3275/3270
f 3095/3090 3273/3268 3366/3361
f 3367/3362 3368/3363 3369/3364
f 3367/3362 3369/3364 3319/3314
f 3319/3314 3369/3364 3364/3359
f 3366/3361 3276/3271 3275/3270
f 3370/3365 3371/3366 3372/3367
f 3373/3368 3326/3321 3102/3097
f 3279/3274 3324/3319 3374/3369
f 3324/3319 3375/3370 3374/3369
f 3338/3333 3237/3232 3376/3371
f 3377/3372 3378/3373 3379/3374
f 3338/3333 3380/3375 3337/3332
f 3378/3373 3341/3336 3379/3374
f 3379/3374 3341/3336 3381/3376
f 3380/3375 3339/3334 3337/3332
f 3237/3232 3340/3335 3376/3371
f 3341/3336 3342/3337 3381/3376
f 3340/3335 3292/3287 3382/3377
f 3228/3223 3383/3378 3233/3228
f 3342/3337 3348/3343 3339/3334
f 3348/3343 3240/3235 3339/3334
f 3343/3338 3297/3292 3344/3339
f 3048/3043 3349/3344 3350/3345
f 2992/2987 3350/3345 3301/3296
f 3352/3347 3384/3379 3054/3049
f 3054/3049 3384/3379 3353/3348
f 3190/3185 3353/3348 3354/3349
f 3191/3186 3385/3380 3302/3297
f 2995/2990 3386/3381 2874/2869
f 2874/2869 3386/3381 3387/3382
f 3355/3350 3356/3351 3193/3188
f 2460/2455 3304/3299 2535/2530
f 2209/2204 3304/3299 3357/3352
f 2209/2204 3357/3352 2701/2696
f 2882/2877 3388/3383 3073/3068
f 2750/2745 3200/3195 3389/3384
f 3201/3196 3257/3252 3390/3385
f 3258/3253 3391/3386 3306/3301
f 3262/3257 3392/3387 3308/3303
f 3311/3306 3307/3302 3393/3388
f 3307/3302 3394/3389 3393/3388
f 3395/3390 3396/3391 3397/3392
f 3315/3310 3398/3393 3316/3311
f 3269/3264 3362/3357 3399/3394
f 3364/3359 3400/3395 3204/3199
f 3204/3199 3400/3395 3401/3396
f 3204/3199 3401/3396 3363/3358
f 3318/3313 3402/3397 3314/3309
f 3398/3393 3403/3398 3273/3268
f 3316/3311 3398/3393 3273/3268
f 3318/3313 3365/3360 3402/3397
f 3273/3268 3403/3398 3366/3361
f 3320/3315 3404/3399 3405/3400
f 3364/3359 3406/3401 3400/3395
f 3363/3358 3401/3396 3321/3316
f 3209/3204 3407/3402 3365/3360
f 3403/3398 3408/3403 3366/3361
f 3369/3364 3368/3363 3409/3404
f 3369/3364 3409/3404 3364/3359
f 3364/3359 3409/3404 3406/3401
f 3401/3396 3322/3317 3321/3316
f 3209/3204 3323/3318 3407/3402
f 3366/3361 3408/3403 3276/3271
f 3408/3403 3410/3405 3276/3271
f 3276/3271 3410/3405 3277/3272
f 3401/3396 3411/3406 3322/3317
f 3405/3400 3404/3399 3412/3407
f 3368/3363 3413/3408 3409/3404
f 3411/3406 3414/3409 3322/3317
f 3322/3317 3415/3410 3323/3318
f 3323/3318 3415/3410 3407/3402
f 3153/3148 3416/3411 3154/3149
f 3322/3317 3414/3409 3415/3410
f 3154/3149 3417/3412 3418/3413
f 3371/3366 3419/3414 3420/3415
f 3419/3414 3421/3416 3422/3417
f 3423/3418 3376/3371 3424/3419
f 3333/3328 3425/3420 3334/3329
f 3426/3421 3377/3372 3427/3422
f 3427/3422 3377/3372 3381/3376
f 3423/3418 3338/3333 3376/3371
f 3428/3423 3380/3375 3338/3333
f 3428/3423 3338/3333 3423/3418
f 3380/3375 3429/3424 3430/3425
f 3376/3371 3340/3335 3431/3426
f 3340/3335 3382/3377 3431/3426
f 3431/3426 3382/3377 3432/3427
f 3381/3376 3342/3337 3433/3428
f 3433/3428 3339/3334 3430/3425
f 3430/3425 3339/3334 3380/3375
f 3433/3428 3342/3337 3339/3334
f 3434/3429 3435/3430 3436/3431
f 3436/3431 3435/3430 3349/3344
f 3437/3432 3350/3345 3349/3344
f 3438/3433 3439/3434 3440/3435
f 3353/3348 3441/3436 3354/3349
f 3302/3297 3442/3437 3192/3187
f 3356/3351 3443/3438 3194/3189
f 3065/3060 3357/3352 3444/3439
f 2460/2455 3445/3440 3304/3299
f 3358/3353 3445/3440 2460/2455
f 3308/3303 3446/3441 3258/3253
f 3258/3253 3446/3441 3391/3386
f 3260/3255 3447/3442 3307/3302
f 3361/3356 3448/3443 3449/3444
f 3361/3356 3449/3444 3362/3357
f 3394/3389 3450/3445 3451/3446
f 3362/3357 3452/3447 3399/3394
f 3398/3393 3453/3448 3454/3449
f 3398/3393 3454/3449 3403/3398
f 3454/3449 3408/3403 3403/3398
f 3454/3449 3410/3405 3408/3403
f 3400/3395 3455/3450 3401/3396
f 3407/3402 3456/3451 3365/3360
f 3277/3272 3457/3452 3153/3148
f 3455/3450 3411/3406 3401/3396
f 3407/3402 3458/3453 3456/3451
f 3153/3148 3457/3452 3416/3411
f 3407/3402 3415/3410 3458/3453
f 3416/3411 3417/3412 3154/3149
f 3409/3404 3459/3454 3406/3401
f 3404/3399 3460/3455 3461/3456
f 3412/3407 3404/3399 3461/3456
f 3414/3409 3462/3457 3415/3410
f 3415/3410 3462/3457 3463/3458
f 3415/3410 3463/3458 3458/3453
f 3464/3459 3465/3460 3459/3454
f 3411/3406 3466/3461 3414/3409
f 3466/3461 3462/3457 3414/3409
f 3466/3461 3428/3423 3423/3418
f 3466/3461 3423/3418 3462/3457
f 3462/3457 3423/3418 3424/3419
f 3461/3456 3460/3455 3467/3462
f 3462/3457 3424/3419 3463/3458
f 3424/3419 3468/3463 3463/3458
f 3424/3419 3376/3371 3468/3463
f 3427/3422 3381/3376 3469/3464
f 3428/3423 3470/3465 3429/3424
f 3376/3371 3431/3426 3468/3463
f 3333/3328 3467/3462 3425/3420
f 3431/3426 3471/3466 3468/3463
f 3228/3223 3326/3321 3383/3378
f 3381/3376 3433/3428 3469/3464
f 3429/3424 3380/3375 3428/3423
f 3431/3426 3432/3427 3471/3466
f 3432/3427 3472/3467 3471/3466
f 3469/3464 3433/3428 3430/3425
f 3469/3464 3430/3425 3429/3424
f 3432/3427 3473/3468 3472/3467
f 3474/3469 3435/3430 3434/3429
f 3475/3470 3476/3471 3385/3380
f 3385/3380 3476/3471 3302/3297
f 2995/2990 3477/3472 3386/3381
f 3386/3381 3478/3473 3387/3382
f 3060/3055 3479/3474 3355/3350
f 3064/3059 3480/3475 3303/3298
f 3065/3060 3444/3439 3138/3133
f 3068/3063 3481/3476 3069/3064
f 2702/2697 3482/3477 3140/3135
f 3360/3355 3483/3478 3141/3136
f 2882/2877 3484/3479 3388/3383
f 3390/3385 3257/3252 3485/3480
f 3392/3387 3486/3481 3446/3441
f 3487/3482 3486/3481 3392/3387
f 3307/3302 3447/3442 3488/3483
f 3392/3387 3489/3484 3487/3482
f 3490/3485 3487/3482 3489/3484
f 3307/3302 3491/3486 3394/3389
f 3362/3357 3449/3444 3492/3487
f 3394/3389 3491/3486 3450/3445
f 3362/3357 3492/3487 3452/3447
f 3450/3445 3493/3488 3494/3489
f 3454/3449 3453/3448 3495/3490
f 3454/3449 3495/3490 3410/3405
f 3406/3401 3496/3491 3400/3395
f 3496/3491 3455/3450 3400/3395
f 3456/3451 3497/3492 3365/3360
f 3406/3401 3459/3454 3496/3491
f 3496/3491 3498/3493 3455/3450
f 3498/3493 3499/3494 3455/3450
f 3499/3494 3411/3406 3455/3450
f 3459/3454 3500/3495 3496/3491
f 3500/3495 3498/3493 3496/3491
f 3501/3496 3502/3497 3503/3498
f 3456/3451 3504/3499 3497/3492
f 3373/3368 3505/3500 3326/3321
f 3499/3494 3506/3501 3411/3406
f 3504/3499 3507/3502 3497/3492
f 3459/3454 3465/3460 3500/3495
f 3506/3501 3466/3461 3411/3406
f 3458/3453 3463/3458 3504/3499
f 3458/3453 3504/3499 3456/3451
f 3465/3460 3508/3503 3500/3495
f 3506/3501 3470/3465 3466/3461
f 3463/3458 3471/3466 3504/3499
f 3504/3499 3471/3466 3507/3502
f 3465/3460 3469/3464 3508/3503
f 3469/3464 3429/3424 3470/3465
f 3508/3503 3469/3464 3470/3465
f 3470/3465 3428/3423 3466/3461
f 3468/3463 3471/3466 3463/3458
f 3471/3466 3472/3467 3507/3502
f 3509/3504 3510/3505 3511/3506
f 3512/3507 3513/3508 3474/3469
f 3514/3509 3515/3510 3344/3339
f 3513/3508 3516/3511 3435/3430
f 3474/3469 3513/3508 3435/3430
f 3516/3511 3437/3432 3435/3430
f 3435/3430 3437/3432 3349/3344
f 3517/3512 3518/3513 3519/3514
f 3437/3432 3520/3515 3350/3345
f 3350/3345 3520/3515 3301/3296
f 3352/3347 3521/3516 3384/3379
f 2455/2450 3522/3517 2456/2451
f 2456/2451 3522/3517 2931/2926
f 2932/2927 3523/3518 2995/2990
f 2995/2990 3523/3518 3477/3472
f 3253/3248 3524/3519 3195/3190
f 3139/3134 3525/3520 2881/2876
f 2747/2742 3526/3521 2814/2809
f 2814/2809 3526/3521 2702/2697
f 3257/3252 3389/3384 3527/3522
f 3527/3522 3528/3523 3257/3252
f 3257/3252 3528/3523 3485/3480
f 3446/3441 3529/3524 3391/3386
f 3446/3441 3486/3481 3529/3524
f 3449/3444 3448/3443 3530/3525
f 3449/3444 3530/3525 3492/3487
f 3450/3445 3491/3486 3493/3488
f 3453/3448 3531/3526 3495/3490
f 3495/3490 3532/3527 3410/3405
f 3532/3527 3533/3528 3410/3405
f 3410/3405 3533/3528 3277/3272
f 3277/3272 3533/3528 3457/3452
f 3493/3488 3534/3529 3535/3530
f 3498/3493 3500/3495 3499/3494
f 3500/3495 3506/3501 3499/3494
f 3500/3495 3508/3503 3506/3501
f 3508/3503 3470/3465 3506/3501
f 3505/3500 3383/3378 3326/3321
f 3519/3514 3536/3531 3537/3532
f 3538/3533 3539/3534 3540/3535
f 3539/3534 3440/3435 3540/3535
f 3540/3535 3440/3435 3541/3536
f 3476/3471 3542/3537 3302/3297
f 3302/3297 3542/3537 3442/3437
f 2746/2741 3543/3538 2418/2413
f 2418/2413 3543/3538 3544/3539
f 3254/3249 3545/3540 3255/3250
f 3138/3133 3444/3439 3546/3541
f 2881/2876 3525/3520 3256/3251
f 3359/3354 3547/3542 3072/3067
f 3388/3383 3548/3543 3073/3068
f 3073/3068 3548/3543 3359/3354
f 3485/3480 3528/3523 3549/3544
f 3529/3524 3486/3481 3550/3545
f 3487/3482 3551/3546 3486/3481
f 3487/3482 3552/3547 3551/3546
f 3553/3548 3554/3549 3555/3550
f 3491/3486 3556/3551 3493/3488
f 3495/3490 3531/3526 3532/3527
f 3554/3549 3557/3552 3555/3550
f 3493/3488 3556/3551 3534/3529
f 3558/3553 3559/3554 3560/3555
f 3373/3368 3561/3556 3505/3500
f 3562/3557 3563/3558 3513/3508
f 3563/3558 3516/3511 3513/3508
f 3564/3559 3565/3560 3566/3561
f 3567/3562 3519/3514 3568/3563
f 3519/3514 3537/3532 3568/3563
f 3569/3564 3538/3533 3570/3565
f 3570/3565 3538/3533 3571/3566
f 3437/3432 3572/3567 3520/3515
f 3538/3533 3540/3535 3571/3566
f 3571/3566 3540/3535 3573/3568
f 3573/3568 3540/3535 3574/3569
f 3575/3570 3576/3571 3577/3572
f 3578/3573 3476/3471 3475/3470
f 3442/3437 3579/3574 3192/3187
f 3192/3187 3579/3574 3543/3538
f 3192/3187 3543/3538 2746/2741
f 2810/2805 3580/3575 2498/2493
f 2498/2493 3581/3576 2280/2275
f 2455/2450 3582/3577 3522/3517
f 3064/3059 3546/3541 3480/3475
f 2747/2742 3583/3578 3526/3521
f 3388/3383 3584/3579 3548/3543
f 3305/3300 3585/3580 3200/3195
f 3486/3481 3586/3581 3550/3545
f 3486/3481 3587/3582 3586/3581
f 3551/3546 3587/3582 3486/3481
f 3488/3483 3588/3583 3491/3486
f 3551/3546 3552/3547 3589/3584
f 3551/3546 3589/3584 3587/3582
f 3552/3547 3590/3585 3589/3584
f 3490/3485 3590/3585 3552/3547
f 3562/3557 3534/3529 3591/3586
f 3567/3562 3568/3563 3592/3587
f 3593/3588 3569/3564 3570/3565
f 3594/3589 3572/3567 3437/3432
f 3516/3511 3594/3589 3437/3432
f 3595/3590 3570/3565 3571/3566
f 3596/3591 3597/3592 3598/3593
f 3573/3568 3574/3569 3599/3594
f 3578/3573 3600/3595 3476/3471
f 3522/3517 3601/3596 2931/2926
f 3359/3354 3602/3597 3547/3542
f 3360/3355 3603/3598 3483/3478
f 3200/3195 3527/3522 3389/3384
f 3528/3523 3604/3599 3549/3544
f 3549/3544 3604/3599 3605/3600
f 3587/3582 3606/3601 3586/3581
f 3587/3582 3589/3584 3607/3602
f 3587/3582 3607/3602 3606/3601
f 3589/3584 3608/3603 3607/3602
f 3590/3585 3608/3603 3589/3584
f 3590/3585 3609/3604 3608/3603
f 3556/3551 3591/3586 3534/3529
f 3591/3586 3563/3558 3562/3557
f 3563/3558 3594/3589 3516/3511
f 3592/3587 3610/3605 3611/3606
f 3593/3588 3570/3565 3612/3607
f 3570/3565 3595/3590 3612/3607
f 3595/3590 3571/3566 3613/3608
f 3613/3608 3599/3594 3614/3609
f 3615/3610 3600/3595 3578/3573
f 3442/3437 3542/3537 3579/3574
f 2810/2805 3056/3051 3580/3575
f 2498/2493 3580/3575 3581/3576
f 3479/3474 3616/3611 3355/3350
f 3255/3250 3617/3612 3196/3191
f 3618/3613 3619/3614 3620/3615
f 3066/3061 3621/3616 3198/3193
f 2702/2697 3526/3521 3482/3477
f 3359/3354 3548/3543 3602/3597
f 3484/3479 3584/3579 3388/3383
f 3200/3195 3622/3617 3527/3522
f 3605/3600 3604/3599 3623/3618
f 3606/3601 3607/3602 3624/3619
f 3608/3603 3625/3620 3607/3602
f 3607/3602 3626/3621 3624/3619
f 3607/3602 3625/3620 3626/3621
f 3609/3604 3627/3622 3608/3603
f 3608/3603 3627/3622 3625/3620
f 3555/3550 3627/3622 3609/3604
f 3555/3550 3628/3623 3627/3622
f 3566/3561 3629/3624 3630/3625
f 3591/3586 3631/3626 3563/3558
f 3566/3561 3632/3627 3629/3624
f 3633/3628 3611/3606 3634/3629
f 3563/3558 3631/3626 3594/3589
f 3611/3606 3610/3605 3634/3629
f 3635/3630 3636/3631 3637/3632
f 3637/3632 3638/3633 3639/3634
f 3640/3635 3612/3607 3641/3636
f 3641/3636 3612/3607 3642/3637
f 3612/3607 3595/3590 3642/3637
f 3595/3590 3613/3608 3642/3637
f 3642/3637 3613/3608 3643/3638
f 3613/3608 3614/3609 3643/3638
f 3615/3610 3644/3639 3600/3595
f 3476/3471 3600/3595 3542/3537
f 3645/3640 3580/3575 3056/3051
f 3356/3351 3646/3641 3443/3438
f 3198/3193 3525/3520 3139/3134
f 3256/3251 3647/3642 3648/3643
f 3484/3479 3649/3644 3584/3579
f 3527/3522 3650/3645 3528/3523
f 3528/3523 3650/3645 3604/3599
f 3604/3599 3651/3646 3623/3618
f 3623/3618 3651/3646 3652/3647
f 3624/3619 3653/3648 3654/3649
f 3626/3621 3653/3648 3624/3619
f 3655/3650 3656/3651 3556/3551
f 3625/3620 3657/3652 3626/3621
f 3626/3621 3657/3652 3653/3648
f 3627/3622 3657/3652 3625/3620
f 3656/3651 3658/3653 3556/3551
f 3627/3622 3628/3623 3657/3652
f 3657/3652 3659/3654 3653/3648
f 3657/3652 3660/3655 3659/3654
f 3556/3551 3658/3653 3591/3586
f 3661/3656 3662/3657 3628/3623
f 3628/3623 3662/3657 3657/3652
f 3657/3652 3662/3657 3660/3655
f 3662/3657 3663/3658 3660/3655
f 3661/3656 3630/3625 3662/3657
f 3630/3625 3629/3624 3662/3657
f 3662/3657 3629/3624 3663/3658
f 3663/3658 3664/3659 3660/3655
f 3660/3655 3664/3659 3665/3660
f 3591/3586 3658/3653 3631/3626
f 3666/3661 3635/3630 3667/3662
f 3666/3661 3636/3631 3635/3630
f 3667/3662 3635/3630 3668/3663
f 3635/3630 3639/3634 3668/3663
f 3668/3663 3639/3634 3669/3664
f 3670/3665 3671/3666 3672/3667
f 3637/3632 3639/3634 3635/3630
f 3671/3666 3673/3668 3672/3667
f 3639/3634 3638/3633 3674/3669
f 3673/3668 3675/3670 3672/3667
f 3672/3667 3675/3670 3676/3671
f 3675/3670 3677/3672 3676/3671
f 3678/3673 3644/3639 3679/3674
f 3679/3674 3644/3639 3615/3610
f 3644/3639 3680/3675 3600/3595
f 3600/3595 3680/3675 3542/3537
f 3056/3051 3681/3676 3645/3640
f 3355/3350 3646/3641 3356/3351
f 3525/3520 3682/3677 3256/3251
f 3256/3251 3682/3677 3647/3642
f 3526/3521 3683/3678 3482/3477
f 3602/3597 3684/3679 3547/3542
f 3685/3680 3602/3597 3548/3543
f 3649/3644 3686/3681 3584/3579
f 3686/3681 3685/3680 3584/3579
f 3584/3579 3685/3680 3548/3543
f 3200/3195 3585/3580 3622/3617
f 3604/3599 3650/3645 3651/3646
f 3652/3647 3651/3646 3687/3682
f 3652/3647 3687/3682 3688/3683
f 3687/3682 3689/3684 3688/3683
f 3659/3654 3690/3685 3691/3686
f 3660/3655 3690/3685 3659/3654
f 3690/3685 3692/3687 3691/3686
f 3693/3688 3670/3665 3694/3689
f 3660/3655 3665/3660 3690/3685
f 3670/3665 3672/3667 3694/3689
f 3672/3667 3676/3671 3694/3689
f 3695/3690 3696/3691 3697/3692
f 3697/3692 3698/3693 3699/3694
f 3700/3695 3644/3639 3678/3673
f 3645/3640 3701/3696 3580/3575
f 3580/3575 3701/3696 3581/3576
f 3386/3381 3702/3697 3478/3473
f 3616/3611 3646/3641 3355/3350
f 3545/3540 3617/3612 3255/3250
f 3196/3191 3703/3698 3197/3192
f 3198/3193 3704/3699 3525/3520
f 3683/3678 3705/3700 3482/3477
f 3685/3680 3706/3701 3602/3597
f 3602/3597 3706/3701 3684/3679
f 3684/3679 3706/3701 3707/3702
f 3585/3580 3708/3703 3622/3617
f 3649/3644 3709/3704 3686/3681
f 3710/3705 3711/3706 3712/3707
f 3527/3522 3622/3617 3650/3645
f 3650/3645 3713/3708 3651/3646
f 3687/3682 3714/3709 3689/3684
f 3689/3684 3714/3709 3715/3710
f 3714/3709 3716/3711 3696/3691
f 3715/3710 3714/3709 3696/3691
f 3696/3691 3716/3711 3698/3693
f 3542/3537 3680/3675 3717/3712
f 3542/3537 3717/3712 3579/3574
f 3718/3713 3719/3714 3720/3715
f 3719/3714 3721/3716 3720/3715
f 3681/3676 3722/3717 3645/3640
f 3723/3718 3724/3719 3725/3720
f 3581/3576 3701/3696 3726/3721
f 3582/3577 3727/3722 3522/3517
f 3357/3352 3728/3723 3444/3439
f 3304/3299 3728/3723 3357/3352
f 3525/3520 3704/3699 3682/3677
f 3583/3578 3683/3678 3526/3521
f 3707/3702 3729/3724 3684/3679
f 3685/3680 3730/3725 3706/3701
f 3686/3681 3730/3725 3685/3680
f 3708/3703 3731/3726 3622/3617
f 3732/3727 3733/3728 3734/3729
f 3732/3727 3734/3729 3735/3730
f 3735/3730 3734/3729 3736/3731
f 3734/3729 3733/3728 3737/3732
f 3738/3733 3739/3734 3740/3735
f 3738/3733 3740/3735 3741/3736
f 3731/3726 3650/3645 3622/3617
f 3739/3734 3742/3737 3740/3735
f 3711/3706 3743/3738 3739/3734
f 3743/3738 3744/3739 3739/3734
f 3651/3646 3713/3708 3745/3740
f 3687/3682 3745/3740 3714/3709
f 3744/3739 3691/3686 3746/3741
f 3714/3709 3747/3742 3716/3711
f 3716/3711 3747/3742 3748/3743
f 3716/3711 3748/3743 3698/3693
f 3749/3744 3750/3745 3751/3746
f 3698/3693 3748/3743 3752/3747
f 3700/3695 3753/3748 3754/3749
f 3755/3750 3756/3751 3757/3752
f 3680/3675 3754/3749 3758/3753
f 3755/3750 3759/3754 3756/3751
f 3759/3754 3760/3755 3756/3751
f 3756/3751 3760/3755 3761/3756
f 3760/3755 3762/3757 3761/3756
f 3680/3675 3758/3753 3717/3712
f 3763/3758 3764/3759 3765/3760
f 3760/3755 3766/3761 3762/3757
f 3763/3758 3767/3762 3764/3759
f 3764/3759 3767/3762 3768/3763
f 3718/3713 3723/3718 3769/3764
f 3769/3764 3723/3718 3770/3765
f 3723/3718 3725/3720 3770/3765
f 3770/3765 3725/3720 3771/3766
f 3645/3640 3772/3767 3701/3696
f 3701/3696 3772/3767 3726/3721
f 3703/3698 3773/3768 3197/3192
f 3070/3065 3199/3194 3774/3769
f 3774/3769 3775/3770 3776/3771
f 3706/3701 3777/3772 3778/3773
f 3706/3701 3778/3773 3707/3702
f 3707/3702 3778/3773 3729/3724
f 3730/3725 3777/3772 3706/3701
f 3736/3731 3734/3729 3779/3774
f 3737/3732 3780/3775 3734/3729
f 3781/3776 3779/3774 3734/3729
f 3734/3729 3780/3775 3781/3776
f 3782/3777 3780/3775 3737/3732
f 3780/3775 3783/3778 3781/3776
f 3731/3726 3745/3740 3650/3645
f 3782/3777 3784/3779 3780/3775
f 3780/3775 3784/3779 3783/3778
f 3783/3778 3785/3780 3781/3776
f 3650/3645 3745/3740 3713/3708
f 3784/3779 3786/3781 3783/3778
f 3783/3778 3786/3781 3785/3780
f 3787/3782 3788/3783 3789/3784
f 3786/3781 3790/3785 3785/3780
f 3787/3782 3746/3741 3788/3783
f 3786/3781 3791/3786 3790/3785
f 3745/3740 3792/3787 3714/3709
f 3714/3709 3792/3787 3747/3742
f 3790/3785 3791/3786 3793/3788
f 3790/3785 3793/3788 3794/3789
f 3746/3741 3795/3790 3788/3783
f 3795/3790 3796/3791 3788/3783
f 3795/3790 3751/3746 3796/3791
f 3793/3788 3797/3792 3794/3789
f 3797/3792 3798/3793 3794/3789
f 3799/3794 3800/3795 3801/3796
f 3797/3792 3802/3797 3798/3793
f 3798/3793 3803/3798 3794/3789
f 3802/3797 3803/3798 3798/3793
f 3754/3749 3753/3748 3758/3753
f 3765/3760 3804/3799 3802/3797
f 3802/3797 3804/3799 3803/3798
f 3804/3799 3805/3800 3803/3798
f 3765/3760 3764/3759 3804/3799
f 3805/3800 3806/3801 3807/3802
f 3804/3799 3764/3759 3805/3800
f 3764/3759 3806/3801 3805/3800
f 3764/3759 3768/3763 3806/3801
f 3769/3764 3770/3765 3808/3803
f 3770/3765 3809/3804 3808/3803
f 3770/3765 3771/3766 3809/3804
f 3810/3805 3811/3806 3727/3722
f 3727/3722 3811/3806 3522/3517
f 3812/3807 3813/3808 3814/3809
f 3523/3518 3815/3810 3816/3811
f 3523/3518 3816/3811 3477/3472
f 3477/3472 3816/3811 3386/3381
f 3386/3381 3816/3811 3702/3697
f 3583/3578 3817/3812 3683/3678
f 3774/3769 3199/3194 3818/3813
f 3779/3774 3819/3814 3820/3815
f 3820/3815 3819/3814 3821/3816
f 3779/3774 3822/3817 3819/3814
f 3779/3774 3781/3776 3822/3817
f 3819/3814 3822/3817 3823/3818
f 3822/3817 3824/3819 3823/3818
f 3822/3817 3825/3820 3824/3819
f 3822/3817 3781/3776 3825/3820
f 3785/3780 3825/3820 3781/3776
f 3785/3780 3826/3821 3825/3820
f 3785/3780 3790/3785 3826/3821
f 3826/3821 3827/3822 3825/3820
f 3790/3785 3827/3822 3826/3821
f 3825/3820 3827/3822 3828/3823
f 3790/3785 3794/3789 3827/3822
f 3827/3822 3794/3789 3828/3823
f 3794/3789 3829/3824 3828/3823
f 3794/3789 3830/3825 3829/3824
f 3794/3789 3807/3802 3830/3825
f 3830/3825 3831/3826 3829/3824
f 3803/3798 3807/3802 3794/3789
f 3803/3798 3805/3800 3807/3802
f 3830/3825 3832/3827 3831/3826
f 3807/3802 3832/3827 3830/3825
f 3807/3802 3806/3801 3832/3827
f 3806/3801 3833/3828 3832/3827
f 3810/3805 3834/3829 3811/3806
f 3811/3806 3835/3830 3522/3517
f 3522/3517 3835/3830 3601/3596
f 3836/3831 3837/3832 3479/3474
f 3479/3474 3837/3832 3616/3611
f 3196/3191 3617/3612 3703/3698
f 3546/3541 3838/3833 3480/3475
f 3444/3439 3839/3834 3546/3541
f 3682/3677 3840/3835 3647/3642
f 3817/3812 3841/3836 3683/3678
f 3683/3678 3841/3836 3705/3700
f 3825/3820 3842/3837 3824/3819
f 3825/3820 3828/3823 3842/3837
f 3828/3823 3843/3838 3842/3837
f 3843/3838 3844/3839 3842/3837
f 3828/3823 3829/3824 3843/3838
f 3829/3824 3831/3826 3843/3838
f 3843/3838 3831/3826 3844/3839
f 3834/3829 3845/3840 3811/3806
f 3811/3806 3845/3840 3835/3830
f 3523/3518 3846/3841 3815/3810
f 3838/3833 3847/3842 3480/3475
f 3728/3723 3839/3834 3444/3439
f 3304/3299 3848/3843 3728/3723
f 3198/3193 3849/3844 3704/3699
f 3682/3677 3850/3845 3840/3835
f 3817/3812 3851/3846 3841/3836
f 3841/3836 3851/3846 3852/3847
f 3199/3194 3853/3848 3854/3849
f 3199/3194 3854/3849 3818/3813
f 3855/3850 3856/3851 3857/3852
f 3857/3852 3858/3853 3859/3854
f 3818/3813 3854/3849 3860/3855
f 3861/3856 3862/3857 3856/3851
f 3860/3855 3854/3849 3863/3858
f 3856/3851 3864/3859 3857/3852
f 3857/3852 3864/3859 3858/3853
f 3856/3851 3865/3860 3864/3859
f 3863/3858 3866/3861 3867/3862
f 3862/3857 3865/3860 3856/3851
f 3862/3857 3868/3863 3865/3860
f 3866/3861 3869/3864 3867/3862
f 3868/3863 3870/3865 3865/3860
f 3868/3863 3871/3866 3870/3865
f 3867/3862 3869/3864 3872/3867
f 3871/3866 3873/3868 3870/3865
f 3871/3866 3874/3869 3873/3868
f 3875/3870 3876/3871 3845/3840
f 3871/3866 3877/3872 3874/3869
f 3877/3872 3878/3873 3874/3869
f 3871/3866 3879/3874 3877/3872
f 3875/3870 3845/3840 3880/3875
f 3877/3872 3881/3876 3878/3873
f 3879/3874 3882/3877 3877/3872
f 3877/3872 3882/3877 3881/3876
f 3881/3876 3883/3878 3878/3873
f 3879/3874 3884/3879 3882/3877
f 3882/3877 3884/3879 3881/3876
f 3881/3876 3885/3880 3883/3878
f 3886/3881 3813/3808 3887/3882
f 3887/3882 3813/3808 3888/3883
f 3887/3882 3888/3883 3889/3884
f 3815/3810 3890/3885 3816/3811
f 3816/3811 3890/3885 3891/3886
f 3816/3811 3891/3886 3702/3697
f 3524/3519 3892/3887 3195/3190
f 3621/3616 3893/3888 3198/3193
f 3358/3353 3894/3889 3895/3890
f 3358/3353 3895/3890 3445/3440
f 3704/3699 3850/3845 3682/3677
f 3840/3835 3850/3845 3896/3891
f 3850/3845 3897/3892 3896/3891
f 3854/3849 3866/3861 3863/3858
f 3864/3859 3898/3893 3858/3853
f 3899/3894 3900/3895 3901/3896
f 3864/3859 3865/3860 3898/3893
f 3900/3895 3902/3897 3901/3896
f 3865/3860 3870/3865 3898/3893
f 3870/3865 3903/3898 3898/3893
f 3903/3898 3904/3899 3898/3893
f 3900/3895 3905/3900 3902/3897
f 3905/3900 3906/3901 3902/3897
f 3869/3864 3907/3902 3872/3867
f 3903/3898 3908/3903 3904/3899
f 3905/3900 3909/3904 3906/3901
f 3870/3865 3874/3869 3903/3898
f 3872/3867 3907/3902 3910/3905
f 3874/3869 3908/3903 3903/3898
f 3874/3869 3878/3873 3908/3903
f 3878/3873 3911/3906 3908/3903
f 3909/3904 3912/3907 3906/3901
f 3878/3873 3883/3878 3911/3906
f 3876/3871 3913/3908 3845/3840
f 3883/3878 3885/3880 3911/3906
f 3845/3840 3913/3908 3835/3830
f 3914/3909 3890/3885 3815/3810
f 3619/3614 3915/3910 3620/3615
f 3704/3699 3916/3911 3850/3845
f 3850/3845 3916/3911 3897/3892
f 3897/3892 3917/3912 3918/3913
f 3918/3913 3917/3912 3919/3914
f 3917/3912 3920/3915 3919/3914
f 3920/3915 3921/3916 3919/3914
f 3919/3914 3921/3916 3922/3917
f 3921/3916 3923/3918 3922/3917
f 3922/3917 3923/3918 3924/3919
f 3924/3919 3923/3918 3925/3920
f 3926/3921 3837/3832 3836/3831
f 3195/3190 3892/3887 3254/3249
f 3838/3833 3927/3922 3847/3842
f 3198/3193 3893/3888 3849/3844
f 3704/3699 3849/3844 3928/3923
f 3704/3699 3928/3923 3916/3911
f 3897/3892 3916/3911 3917/3912
f 3916/3911 3929/3924 3917/3912
f 3917/3912 3929/3924 3920/3915
f 3930/3925 3931/3926 3925/3920
f 3925/3920 3932/3927 3926/3921
f 3926/3921 3932/3927 3837/3832
f 3892/3887 3545/3540 3254/3249
f 3928/3923 3933/3928 3916/3911
f 3920/3915 3934/3929 3935/3930
f 3920/3915 3935/3930 3930/3925
f 3925/3920 3936/3931 3932/3927
f 3837/3832 3937/3932 3616/3611
f 3839/3834 3838/3833 3546/3541
f 3895/3890 3938/3933 3445/3440
f 3939/3934 3940/3935 3941/3936
f 3930/3925 3942/3937 3931/3926
f 3931/3926 3936/3931 3925/3920
f 3646/3641 3943/3938 3443/3438
f 3524/3519 3944/3939 3892/3887
f 3916/3911 3933/3928 3929/3924
f 3940/3935 3945/3940 3941/3936
f 3920/3915 3929/3924 3934/3929
f 3932/3927 3937/3932 3837/3832
f 3616/3611 3946/3941 3646/3641
f 3892/3887 3947/3942 3545/3540
f 3838/3833 3948/3943 3927/3922
f 3928/3923 3849/3844 3933/3928
f 3931/3926 3942/3937 3949/3944
f 3616/3611 3937/3932 3946/3941
f 3950/3945 3703/3698 3617/3612
f 3951/3946 3952/3947 3619/3614
f 3728/3723 3953/3948 3839/3834
f 3933/3928 3954/3949 3929/3924
f 3935/3930 3942/3937 3930/3925
f 3931/3926 3949/3944 3936/3931
f 3936/3931 3937/3932 3932/3927
f 3848/3843 3953/3948 3728/3723
f 3929/3924 3955/3950 3934/3929
f 3646/3641 3946/3941 3943/3938
f 3545/3540 3947/3942 3950/3945
f 3545/3540 3950/3945 3617/3612
f 3838/3833 3956/3951 3948/3943
f 3839/3834 3957/3952 3956/3951
f 3953/3948 3957/3952 3839/3834
f 3848/3843 3938/3933 3953/3948
f 3933/3928 3849/3844 3954/3949
f 3954/3949 3955/3950 3929/3924
f 3936/3931 3958/3953 3937/3932
f 3937/3932 3958/3953 3946/3941
f 3892/3887 3944/3939 3947/3942
f 3703/3698 3959/3954 3773/3768
f 3839/3834 3956/3951 3838/3833
f 3895/3890 3894/3889 3938/3933
f 3960/3955 3954/3949 3849/3844
f 3934/3929 3961/3956 3935/3930
f 3935/3930 3961/3956 3942/3937
f 3942/3937 3961/3956 3962/3957
f 3942/3937 3962/3957 3949/3944
f 3936/3931 3949/3944 3958/3953
f 3944/3939 3963/3958 3947/3942
f 3950/3945 3964/3959 3703/3698
f 3703/3698 3964/3959 3959/3954
f 3953/3948 3965/3960 3957/3952
f 3966/3961 3967/3962 3938/3933
f 3938/3933 3967/3962 3953/3948
f 3968/3963 3969/3964 3893/3888
f 3894/3889 3970/3965 3938/3933
f 3970/3965 3966/3961 3938/3933
f 3893/3888 3969/3964 3960/3955
f 3971/3966 3972/3967 3973/3968
f 3971/3966 3973/3968 3974/3969
f 3893/3888 3960/3955 3849/3844
f 3972/3967 3975/3970 3973/3968
f 3972/3967 3976/3971 3975/3970
f 3976/3971 3977/3972 3975/3970
f 3976/3971 3978/3973 3979/3974
f 3978/3973 3980/3975 3979/3974
f 3981/3976 3982/3977 3983/3978
f 3982/3977 3984/3979 3983/3978
f 3985/3980 3986/3981 3984/3979
f 3985/3980 3987/3982 3986/3981
f 3987/3982 3988/3983 3986/3981
f 3987/3982 3989/3984 3988/3983
f 3987/3982 3990/3985 3989/3984
f 3958/3953 3991/3986 3946/3941
f 3990/3985 3992/3987 3989/3984
f 3946/3941 3991/3986 3943/3938
f 3993/3988 3994/3989 3995/3990
f 3996/3991 3997/3992 3998/3993
f 3944/3939 3999/3994 3963/3958
f 3947/3942 3963/3958 3950/3945
f 3957/3952 4000/3995 3956/3951
f 3965/3960 4001/3996 3957/3952
f 3957/3952 4001/3996 4000/3995
f 3953/3948 3967/3962 3965/3960
f 4002/3997 4003/3998 4004/3999
f 4005/4000 4003/3998 4002/3997
f 4005/4000 4006/4001 4003/3998
f 4006/4001 4007/4002 4003/3998
f 4006/4001 4008/4003 4007/4002
f 4008/4003 4009/4004 4007/4002
f 4009/4004 4010/4005 4007/4002
f 3969/3964 4011/4006 3960/3955
f 4008/4003 4012/4007 4009/4004
f 4009/4004 4013/4008 4010/4005
f 3960/3955 4011/4006 3954/3949
f 4013/4008 4014/4009 4010/4005
f 4009/4004 4012/4007 4013/4008
f 3954/3949 4011/4006 3955/3950
f 4012/4007 4015/4010 4013/4008
f 4011/4006 4016/4011 3955/3950
f 4015/4010 4017/4012 4013/4008
f 4013/4008 4017/4012 4018/4013
f 3955/3950 4016/4011 3934/3929
f 4017/4012 4019/4014 4020/4015
f 4017/4012 4020/4015 4018/4013
f 4020/4015 4021/4016 4018/4013
f 4016/4011 4022/4017 3934/3929
f 3934/3929 4022/4017 3961/3956
f 4019/4014 4023/4018 4020/4015
f 4023/4018 4021/4016 4020/4015
f 4024/4019 4023/4018 4019/4014
f 4021/4016 4023/4018 4025/4020
f 3961/3956 4022/4017 3962/3957
f 4023/4018 4024/4019 4026/4021
f 4023/4018 4026/4021 4025/4020
f 4024/4019 4027/4022 4026/4021
f 4024/4019 3981/3976 4027/4022
f 3962/3957 4022/4017 4028/4023
f 3981/3976 3983/3978 4027/4022
f 3962/3957 4028/4023 3949/3944
f 3983/3978 3984/3979 4027/4022
f 3984/3979 4029/4024 4027/4022
f 3984/3979 4030/4025 4029/4024
f 4030/4025 4031/4026 4029/4024
f 3984/3979 3986/3981 4030/4025
f 3949/3944 4028/4023 4032/4027
f 4030/4025 4033/4028 4031/4026
f 3949/3944 4032/4027 3958/3953
f 3986/3981 3988/3983 4030/4025
f 4030/4025 4034/4029 4033/4028
f 4030/4025 3988/3983 4034/4029
f 3958/3953 4032/4027 3991/3986
f 3988/3983 3989/3984 4034/4029
f 3989/3984 3992/3987 4034/4029
f 4034/4029 3992/3987 4035/4030
f 3992/3987 4036/4031 4035/4030
f 4036/4031 4037/4032 4035/4030
f 4036/4031 4038/4033 4037/4032
f 3999/3994 4039/4034 3963/3958
f 4040/4035 4041/4036 4042/4037
f 3963/3958 4043/4038 3950/3945
f 4000/3995 4044/4039 3956/3951
f 4045/4040 4046/4041 4047/4042
f 4045/4040 4004/3999 4046/4041
f 4004/3999 4003/3998 4046/4041
f 4003/3998 4048/4043 4046/4041
f 4049/4044 4050/4045 4051/4046
f 4007/4002 4010/4005 4003/3998
f 4003/3998 4010/4005 4048/4043
f 4014/4009 4052/4047 4010/4005
f 4014/4009 4013/4008 4052/4047
f 4013/4008 4018/4013 4052/4047
f 4052/4047 4018/4013 4053/4048
f 4018/4013 4054/4049 4053/4048
f 4018/4013 4021/4016 4054/4049
f 4054/4049 4021/4016 4055/4050
f 4021/4016 4025/4020 4055/4050
f 4026/4021 4056/4051 4025/4020
f 4026/4021 4027/4022 4056/4051
f 4027/4022 4057/4052 4056/4051
f 4029/4024 4058/4053 4057/4052
f 4027/4022 4029/4024 4057/4052
f 4029/4024 4031/4026 4059/4054
f 4031/4026 4060/4055 4059/4054
f 4031/4026 4033/4028 4060/4055
f 4033/4028 4034/4029 4061/4056
f 4033/4028 4061/4056 4060/4055
f 4060/4055 4061/4056 4062/4057
f 4034/4029 4035/4030 4061/4056
f 4035/4030 4062/4057 4061/4056
f 4037/4032 4038/4033 4035/4030
f 4035/4030 4038/4033 4063/4058
f 4043/4038 4064/4059 3950/3945
f 3950/3945 4064/4059 3964/3959
f 3956/3951 4044/4039 4065/4060
f 3956/3951 4065/4060 3948/3943
f 4066/4061 4067/4062 4068/4063
f 4066/4061 4047/4042 4067/4062
f 4046/4041 4048/4043 4047/4042
f 4047/4042 4048/4043 4067/4062
f 4048/4043 4069/4064 4067/4062
f 4048/4043 4010/4005 4069/4064
f 4069/4064 4070/4065 4067/4062
f 4010/4005 4052/4047 4069/4064
f 4069/4064 4052/4047 4070/4065
f 4052/4047 4053/4048 4070/4065
f 4070/4065 4053/4048 4071/4066
f 4053/4048 4054/4049 4071/4066
f 4054/4049 4055/4050 4071/4066
f 4055/4050 4072/4067 4071/4066
f 4025/4020 4072/4067 4055/4050
f 4025/4020 4056/4051 4072/4067
f 4056/4051 4073/4068 4072/4067
f 4057/4052 4074/4069 4073/4068
f 4056/4051 4057/4052 4073/4068
f 4057/4052 4058/4053 4074/4069
f 4029/4024 4059/4054 4058/4053
f 4058/4053 4059/4054 4075/4070
f 4059/4054 4060/4055 4075/4070
f 4060/4055 4076/4071 4075/4070
f 4060/4055 4062/4057 4076/4071
f 4062/4057 4077/4072 4076/4071
f 4062/4057 4063/4058 4077/4072
f 4063/4058 4078/4073 4077/4072
f 4078/4073 4079/4074 4077/4072
f 4080/4075 4081/4076 4082/4077
f 4064/4059 4083/4078 3964/3959
f 3964/3959 4083/4078 4084/4079
f 4068/4063 4067/4062 4085/4080
f 4067/4062 4086/4081 4085/4080
f 4087/4082 32/27 31/26
f 4088/4083 4089/4084 4090/4085
f 4067/4062 4070/4065 4086/4081
f 4070/4065 4091/4086 4086/4081
f 32/27 4092/4087 4093/4088
f 4070/4065 4094/4089 4091/4086
f 4070/4065 4071/4066 4094/4089
f 4071/4066 4095/4090 4094/4089
f 4071/4066 4072/4067 4096/4091
f 4071/4066 4096/4091 4095/4090
f 4072/4067 4097/4092 4096/4091
f 4073/4068 4074/4069 4097/4092
f 4097/4092 4074/4069 4098/4093
f 4058/4053 4075/4070 4098/4093
f 4075/4070 4099/4094 4098/4093
f 4075/4070 4076/4071 4100/4095
f 4075/4070 4100/4095 4099/4094
f 4101/4096 27/22 26/21
f 4076/4071 4102/4097 4100/4095
f 4076/4071 4077/4072 4102/4097
f 4103/4098 4104/4099 4105/4100
f 4105/4100 4106/4101 4107/4102
f 4108/4103 4109/4104 4110/4105
f 243/238 245/240 4111/4106
f 4112/4107 242/237 240/235
f 238/233 4/3 3/2
f 239/234 238/233 3/2
f 9/7 8/6 231/226
f 9/7 231/226 233/228
f 334/329 4113/4108 434/429
f 434/429 4113/4108 4114/4109
f 315/310 281/276 243/238
f 4115/4110 10/8 4116/4111
f 4116/4111 10/8 4117/4112
f 4118/4113 4115/4110 4116/4111
f 4118/4113 4116/4111 4117/4112
f 4118/4113 4117/4112 4119/4114
f 4120/4115 4121/4116 4118/4113
f 4120/4115 4118/4113 4119/4114
f 4120/4115 4119/4114 4122/4117
f 4123/4118 4120/4115 4122/4117
f 4124/4119 4123/4118 4122/4117
f 4124/4119 4122/4117 4125/4120
f 4124/4119 4125/4120 4126/4121
f 4127/4122 4124/4119 4128/4123
f 4128/4123 4124/4119 4126/4121
f 4128/4123 4126/4121 4129/4124
f 4130/4125 4128/4123 4129/4124
f 4130/4125 4129/4124 4131/4126
f 295/290 4130/4125 4131/4126
f 5/4 9/7 6/5
f 294/289 296/291 4132/4127
f 4133/4128 294/289 4132/4127
f 4134/4129 4133/4128 4132/4127
f 4135/4130 4133/4128 4134/4129
f 4134/4129 4132/4127 4136/4131
f 4134/4129 4136/4131 4137/4132
f 4135/4130 4134/4129 4137/4132
f 4135/4130 4137/4132 4138/4133
f 4135/4130 4138/4133 4139/4134
f 4140/4135 4141/4136 4142/4137
f 434/429 4114/4109 432/427
f 432/427 4114/4109 4143/4138
f 335/330 334/329 434/429
f 311/306 313/308 309/304
f 4144/4139 11/9 10/8
f 4115/4110 4144/4139 10/8
f 4145/4140 4144/4139 4115/4110
f 4146/4141 4145/4140 4115/4110
f 4146/4141 4115/4110 4118/4113
f 4147/4142 4146/4141 4118/4113
f 4148/4143 4147/4142 4121/4116
f 4121/4116 4147/4142 4118/4113
f 4148/4143 4121/4116 4149/4144
f 4149/4144 4121/4116 4120/4115
f 4150/4145 4149/4144 4120/4115
f 4150/4145 4120/4115 4123/4118
f 4124/4119 4150/4145 4123/4118
f 4151/4146 4150/4145 4124/4119
f 4151/4146 4124/4119 4127/4122
f 4152/4147 4153/4148 4151/4146
f 4152/4147 4151/4146 4127/4122
f 4154/4149 4152/4147 4127/4122
f 4154/4149 4127/4122 4128/4123
f 4155/4150 4152/4147 4154/4149
f 4156/4151 4155/4150 4154/4149
f 4154/4149 4128/4123 4130/4125
f 4156/4151 4154/4149 4157/4152
f 4157/4152 4154/4149 4130/4125
f 4157/4152 4130/4125 295/290
f 4157/4152 295/290 294/289
f 4158/4153 4157/4152 4159/4154
f 4159/4154 4157/4152 294/289
f 4159/4154 294/289 4133/4128
f 4160/4155 4158/4153 4159/4154
f 4160/4155 4159/4154 4161/4156
f 4161/4156 4159/4154 4133/4128
f 4162/4157 4160/4155 4161/4156
f 4161/4156 4133/4128 4135/4130
f 4162/4157 4161/4156 4163/4158
f 4163/4158 4161/4156 4135/4130
f 4164/4159 4162/4157 4163/4158
f 4164/4159 4163/4158 4165/4160
f 4165/4160 4163/4158 4135/4130
f 4166/4161 4165/4160 4135/4130
f 4166/4161 4135/4130 4139/4134
f 4167/4162 4168/4163 4169/4164
f 4170/4165 4168/4163 4171/4166
f 4172/4167 335/330 434/429
f 333/328 309/304 338/333
f 338/333 309/304 312/307
f 339/334 341/336 4146/4141
f 341/336 4145/4140 4146/4141
f 339/334 4146/4141 4173/4168
f 4147/4142 4173/4168 4146/4141
f 4174/4169 4173/4168 4147/4142
f 4174/4169 4147/4142 4148/4143
f 4174/4169 4148/4143 4175/4170
f 4149/4144 4175/4170 4148/4143
f 4175/4170 4149/4144 4176/4171
f 4176/4171 4149/4144 4150/4145
f 4177/4172 4176/4171 4151/4146
f 4176/4171 4150/4145 4151/4146
f 4178/4173 4177/4172 4153/4148
f 4179/4174 4178/4173 4153/4148
f 4177/4172 4151/4146 4153/4148
f 4180/4175 4153/4148 4152/4147
f 4180/4175 4152/4147 4155/4150
f 4181/4176 4153/4148 4180/4175
f 4181/4176 4180/4175 4156/4151
f 4156/4151 4180/4175 4155/4150
f 4182/4177 4181/4176 4156/4151
f 4183/4178 4182/4177 4156/4151
f 4183/4178 4156/4151 4157/4152
f 4184/4179 4183/4178 4157/4152
f 4184/4179 4157/4152 4158/4153
f 4184/4179 4158/4153 4185/4180
f 4185/4180 4158/4153 4160/4155
f 4185/4180 4160/4155 4186/4181
f 4186/4181 4160/4155 4162/4157
f 4187/4182 4186/4181 4162/4157
f 4187/4182 4162/4157 4188/4183
f 4189/4184 4187/4182 4188/4183
f 4188/4183 4162/4157 4164/4159
f 4188/4183 4164/4159 4190/4185
f 4190/4185 4164/4159 4165/4160
f 4191/4186 4192/4187 4193/4188
f 4193/4188 4192/4187 4167/4162
f 4193/4188 4167/4162 4194/4189
f 4167/4162 4169/4164 4194/4189
f 4169/4164 4168/4163 4170/4165
f 372/367 335/330 4172/4167
f 379/374 340/335 339/334
f 377/372 379/374 4173/4168
f 379/374 339/334 4173/4168
f 4195/4190 377/372 4196/4191
f 4196/4191 377/372 4173/4168
f 4197/4192 4195/4190 4196/4191
f 4198/4193 4196/4191 4173/4168
f 4197/4192 4196/4191 4198/4193
f 4198/4193 4173/4168 4174/4169
f 4199/4194 4197/4192 4200/4195
f 4200/4195 4197/4192 4198/4193
f 4200/4195 4198/4193 4174/4169
f 4201/4196 4202/4197 4203/4198
f 4200/4195 4174/4169 4175/4170
f 4200/4195 4175/4170 4199/4194
f 4202/4197 4204/4199 4205/4200
f 4203/4198 4202/4197 4205/4200
f 4199/4194 4175/4170 4176/4171
f 4206/4201 4199/4194 4176/4171
f 4177/4172 4206/4201 4176/4171
f 4207/4202 4206/4201 4178/4173
f 4205/4200 4204/4199 4208/4203
f 4205/4200 4208/4203 4209/4204
f 4178/4173 4206/4201 4177/4172
f 4207/4202 4178/4173 4179/4174
f 4209/4204 4208/4203 4210/4205
f 4211/4206 4207/4202 4179/4174
f 4210/4205 4208/4203 4212/4207
f 4179/4174 4153/4148 4181/4176
f 4179/4174 4181/4176 4182/4177
f 4211/4206 4179/4174 4182/4177
f 4213/4208 4211/4206 4182/4177
f 4210/4205 4212/4207 4214/4209
f 4213/4208 4182/4177 4215/4210
f 4215/4210 4182/4177 4183/4178
f 4213/4208 4215/4210 4216/4211
f 4216/4211 4215/4210 4183/4178
f 4217/4212 4213/4208 4216/4211
f 4218/4213 4214/4209 4219/4214
f 4216/4211 4183/4178 4184/4179
f 4220/4215 4216/4211 4184/4179
f 4217/4212 4216/4211 4220/4215
f 4220/4215 4184/4179 4185/4180
f 4218/4213 4219/4214 4221/4216
f 4217/4212 4220/4215 4222/4217
f 4220/4215 4185/4180 4186/4181
f 4221/4216 4219/4214 4223/4218
f 4224/4219 4217/4212 4222/4217
f 4219/4214 4225/4220 4223/4218
f 4222/4217 4220/4215 4186/4181
f 4224/4219 4222/4217 4226/4221
f 4226/4221 4222/4217 4186/4181
f 4226/4221 4186/4181 4187/4182
f 4227/4222 4224/4219 4226/4221
f 4227/4222 4226/4221 4187/4182
f 4189/4184 4227/4222 4187/4182
f 4189/4184 4188/4183 4190/4185
f 4228/4223 4191/4186 4229/4224
f 4229/4224 4191/4186 4193/4188
f 4169/4164 4170/4165 4230/4225
f 228/223 4140/4135 4142/4137
f 228/223 4142/4137 230/225
f 4231/4226 372/367 4172/4167
f 403/398 332/327 404/399
f 460/455 372/367 4231/4226
f 4232/4227 372/367 460/455
f 462/457 4232/4227 460/455
f 4233/4228 378/373 377/372
f 4234/4229 4233/4228 4195/4190
f 4233/4228 377/372 4195/4190
f 4234/4229 4195/4190 4197/4192
f 4235/4230 4234/4229 4197/4192
f 4236/4231 4237/4232 4201/4196
f 4236/4231 4201/4196 4238/4233
f 4235/4230 4197/4192 4199/4194
f 4238/4233 4201/4196 4239/4234
f 4239/4234 4201/4196 4203/4198
f 4239/4234 4203/4198 4205/4200
f 4205/4200 4209/4204 4240/4235
f 4240/4235 4209/4204 4210/4205
f 4240/4235 4210/4205 4241/4236
f 4241/4236 4210/4205 4214/4209
f 4241/4236 4214/4209 4242/4237
f 4242/4237 4214/4209 4218/4213
f 4242/4237 4218/4213 4243/4238
f 4243/4238 4218/4213 4244/4239
f 4244/4239 4218/4213 4221/4216
f 4244/4239 4221/4216 4245/4240
f 4245/4240 4221/4216 4223/4218
f 4246/4241 4223/4218 4225/4220
f 4247/4242 4224/4219 4227/4222
f 4245/4240 4223/4218 4246/4241
f 4248/4243 4249/4244 4250/4245
f 4250/4245 4249/4244 4251/4246
f 4251/4246 4249/4244 4228/4223
f 4251/4246 4228/4223 4229/4224
f 433/428 4172/4167 434/429
f 4237/4232 4252/4247 4253/4248
f 4252/4247 4237/4232 4254/4249
f 4237/4232 4236/4231 4255/4250
f 4254/4249 4237/4232 4255/4250
f 4255/4250 4236/4231 4238/4233
f 4256/4251 4238/4233 4239/4234
f 4240/4235 4241/4236 4257/4252
f 4258/4253 4243/4238 4244/4239
f 4244/4239 4245/4240 4259/4254
f 4245/4240 4246/4241 4260/4255
f 4194/4189 4169/4164 4261/4256
f 4261/4256 4169/4164 4230/4225
f 4262/4257 4255/4250 4238/4233
f 4229/4224 4193/4188 4263/4258
f 4261/4256 4230/4225 4264/4259
f 4265/4260 4231/4226 4172/4167
f 4262/4257 4238/4233 4256/4251
f 4239/4234 4205/4200 4266/4261
f 4259/4254 4245/4240 4267/4262
f 4251/4246 4229/4224 4268/4263
f 4268/4263 4229/4224 4263/4258
f 4263/4258 4193/4188 4269/4264
f 4193/4188 4194/4189 4269/4264
f 4269/4264 4194/4189 4261/4256
f 4265/4260 4172/4167 433/428
f 460/455 4231/4226 4265/4260
f 4266/4261 4205/4200 4240/4235
f 4240/4235 4257/4252 4270/4265
f 4257/4252 4241/4236 4270/4265
f 4270/4265 4241/4236 4242/4237
f 4271/4266 4258/4253 4244/4239
f 4244/4239 4259/4254 4271/4266
f 712/707 4255/4250 4262/4257
f 712/707 4262/4257 4272/4267
f 4273/4268 4256/4251 4239/4234
f 4273/4268 4239/4234 4274/4269
f 4242/4237 4243/4238 4275/4270
f 4267/4262 4245/4240 4260/4255
f 4254/4249 4255/4250 712/707
f 4272/4267 4262/4257 4276/4271
f 4277/4272 4256/4251 4273/4268
f 4274/4269 4239/4234 4266/4261
f 4278/4273 4240/4235 4270/4265
f 4270/4265 4242/4237 4279/4274
f 4279/4274 4242/4237 4275/4270
f 4275/4270 4243/4238 4258/4253
f 4280/4275 4258/4253 4271/4266
f 4281/4276 433/428 4282/4277
f 4276/4271 4262/4257 4256/4251
f 4276/4271 4256/4251 4277/4272
f 4275/4270 4258/4253 4280/4275
f 4283/4278 4252/4247 4254/4249
f 4266/4261 4240/4235 4278/4273
f 4278/4273 4270/4265 4284/4279
f 4284/4279 4270/4265 4279/4274
f 433/428 432/427 4285/4280
f 4285/4280 432/427 4143/4138
f 4265/4260 433/428 4281/4276
f 4286/4281 4277/4272 4287/4282
f 4287/4282 4277/4272 4273/4268
f 4280/4275 4271/4266 4288/4283
f 4288/4283 4271/4266 4259/4254
f 4260/4255 4246/4241 4289/4284
f 4290/4285 4248/4243 4250/4245
f 4276/4271 4277/4272 4286/4281
f 4291/4286 4292/4287 4293/4288
f 4266/4261 4273/4268 4274/4269
f 4292/4287 4294/4289 4293/4288
f 4266/4261 4278/4273 4295/4290
f 4293/4288 4294/4289 4296/4291
f 4295/4290 4278/4273 4297/4292
f 4297/4292 4278/4273 4284/4279
f 4284/4279 4279/4274 4297/4292
f 4298/4293 4299/4294 4300/4295
f 4275/4270 4280/4275 4288/4283
f 4288/4283 4259/4254 4267/4262
f 403/398 404/399 498/493
f 497/492 403/398 498/493
f 460/455 4265/4260 4301/4296
f 4272/4267 4276/4271 4302/4297
f 502/497 4303/4298 551/546
f 4302/4297 4276/4271 4286/4281
f 4304/4299 4286/4281 4287/4282
f 4304/4299 4287/4282 4305/4300
f 4305/4300 4287/4282 4273/4268
f 4292/4287 4291/4286 4306/4301
f 4307/4302 4308/4303 4299/4294
f 4307/4302 4299/4294 4298/4293
f 4298/4293 4300/4295 4309/4304
f 4309/4304 4300/4295 4310/4305
f 4309/4304 4310/4305 4311/4306
f 4312/4307 4288/4283 4267/4262
f 4250/4245 4251/4246 4313/4308
f 461/456 460/455 4301/4296
f 4314/4309 4315/4310 4316/4311
f 4316/4311 4315/4310 4317/4312
f 4302/4297 4286/4281 4304/4299
f 4302/4297 4304/4299 4318/4313
f 522/517 524/519 4319/4314
f 4319/4314 524/519 4306/4301
f 4320/4315 522/517 4319/4314
f 4321/4316 522/517 4320/4315
f 503/498 502/497 553/548
f 4319/4314 4306/4301 4291/4286
f 4322/4317 4320/4315 4323/4318
f 4323/4318 4320/4315 4319/4314
f 4324/4319 4322/4317 4325/4320
f 4323/4318 4319/4314 4326/4321
f 4326/4321 4319/4314 4291/4286
f 4326/4321 4291/4286 4293/4288
f 4327/4322 4322/4317 4323/4318
f 4322/4317 4327/4322 4325/4320
f 4327/4322 4323/4318 4328/4323
f 4328/4323 4323/4318 4326/4321
f 4326/4321 4293/4288 4296/4291
f 4328/4323 4326/4321 4296/4291
f 4325/4320 4327/4322 4329/4324
f 4327/4322 4328/4323 4330/4325
f 4330/4325 4328/4323 4296/4291
f 4330/4325 4296/4291 4308/4303
f 4331/4326 4327/4322 4330/4325
f 4329/4324 4327/4322 4331/4326
f 4329/4324 4331/4326 4332/4327
f 4331/4326 4330/4325 4333/4328
f 4330/4325 4308/4303 4307/4302
f 4333/4328 4330/4325 4307/4302
f 4332/4327 4331/4326 4334/4329
f 4331/4326 4333/4328 4335/4330
f 4335/4330 4333/4328 4307/4302
f 4335/4330 4307/4302 4336/4331
f 4334/4329 4331/4326 4337/4332
f 4336/4331 4307/4302 4298/4293
f 4338/4333 4331/4326 4335/4330
f 4337/4332 4331/4326 4338/4333
f 4338/4333 4335/4330 4339/4334
f 4337/4332 4338/4333 4340/4335
f 4339/4334 4335/4330 4336/4331
f 4341/4336 4338/4333 4339/4334
f 4340/4335 4338/4333 4341/4336
f 4336/4331 4298/4293 4309/4304
f 4339/4334 4336/4331 4342/4337
f 4342/4337 4336/4331 4309/4304
f 4341/4336 4339/4334 4343/4338
f 4344/4339 4339/4334 4342/4337
f 4339/4334 4344/4339 4343/4338
f 4344/4339 4342/4337 4309/4304
f 4344/4339 4309/4304 4311/4306
f 4345/4340 4346/4341 4347/4342
f 4347/4342 4346/4341 4348/4343
f 4347/4342 4348/4343 4349/4344
f 4312/4307 4267/4262 4350/4345
f 4350/4345 4267/4262 4260/4255
f 4290/4285 4250/4245 4313/4308
f 4313/4308 4251/4246 4268/4263
f 4282/4277 433/428 4285/4280
f 4351/4346 4321/4316 4320/4315
f 4320/4315 4322/4317 4352/4347
f 4351/4346 4320/4315 4352/4347
f 4352/4347 4322/4317 4324/4319
f 4353/4348 4324/4319 4325/4320
f 4354/4349 4353/4348 4329/4324
f 4353/4348 4325/4320 4329/4324
f 4354/4349 4329/4324 4355/4350
f 4355/4350 4329/4324 4332/4327
f 4356/4351 4355/4350 4332/4327
f 4356/4351 4332/4327 4334/4329
f 4337/4332 4356/4351 4334/4329
f 4357/4352 4356/4351 4337/4332
f 4357/4352 4337/4332 4340/4335
f 4357/4352 4340/4335 4358/4353
f 4340/4335 4341/4336 4359/4354
f 4360/4355 4341/4336 4343/4338
f 4359/4354 4341/4336 4360/4355
f 4361/4356 4345/4340 4362/4357
f 4345/4340 4347/4342 4363/4358
f 4362/4357 4345/4340 4363/4358
f 4364/4359 4269/4264 4261/4256
f 4301/4296 4265/4260 4281/4276
f 712/707 4272/4267 710/705
f 554/549 555/550 584/579
f 4365/4360 522/517 4321/4316
f 4365/4360 4321/4316 4351/4346
f 4365/4360 4351/4346 617/612
f 4366/4361 4351/4346 4352/4347
f 4367/4362 4368/4363 4369/4364
f 4368/4363 4366/4361 4369/4364
f 4369/4364 4366/4361 4324/4319
f 4324/4319 4366/4361 4352/4347
f 4370/4365 4367/4362 4371/4366
f 4371/4366 4367/4362 4369/4364
f 4369/4364 4324/4319 4353/4348
f 4371/4366 4369/4364 4353/4348
f 4371/4366 4353/4348 4354/4349
f 4370/4365 4371/4366 4372/4367
f 4372/4367 4371/4366 4354/4349
f 4373/4368 4370/4365 4372/4367
f 4373/4368 4372/4367 4374/4369
f 4374/4369 4372/4367 4354/4349
f 4374/4369 4354/4349 4355/4350
f 4375/4370 4373/4368 4376/4371
f 4376/4371 4373/4368 4374/4369
f 4376/4371 4374/4369 4355/4350
f 4377/4372 4376/4371 4355/4350
f 4377/4372 4355/4350 4356/4351
f 4378/4373 4377/4372 4356/4351
f 4378/4373 4356/4351 4357/4352
f 4379/4374 4378/4373 4357/4352
f 4379/4374 4357/4352 4358/4353
f 4380/4375 4379/4374 4358/4353
f 4380/4375 4358/4353 4381/4376
f 4382/4377 4358/4353 4340/4335
f 4381/4376 4358/4353 4382/4377
f 4382/4377 4340/4335 4359/4354
f 4381/4376 4382/4377 4383/4378
f 4382/4377 4359/4354 4383/4378
f 4383/4378 4359/4354 4360/4355
f 4384/4379 4360/4355 4343/4338
f 4385/4380 4361/4356 4386/4381
f 4386/4381 4361/4356 4362/4357
f 4387/4382 4263/4258 4269/4264
f 227/222 229/224 4388/4383
f 4285/4280 4143/4138 4389/4384
f 4390/4385 4391/4386 4392/4387
f 4393/4388 4302/4297 4318/4313
f 4365/4360 617/612 616/611
f 615/610 617/612 4351/4346
f 4394/4389 615/610 4366/4361
f 4366/4361 615/610 4351/4346
f 4394/4389 4366/4361 4368/4363
f 4395/4390 4368/4363 4367/4362
f 4395/4390 4367/4362 4396/4391
f 4396/4391 4367/4362 4370/4365
f 4397/4392 4395/4390 4396/4391
f 4398/4393 4397/4392 4399/4394
f 4399/4394 4397/4392 4396/4391
f 4396/4391 4370/4365 4400/4395
f 4399/4394 4396/4391 4400/4395
f 4401/4396 4399/4394 4400/4395
f 4402/4397 4401/4396 4400/4395
f 4400/4395 4370/4365 4373/4368
f 4403/4398 4401/4396 4402/4397
f 4402/4397 4400/4395 4373/4368
f 4403/4398 4402/4397 4404/4399
f 4405/4400 4403/4398 4404/4399
f 4406/4401 4407/4402 4408/4403
f 4375/4370 4402/4397 4373/4368
f 4404/4399 4402/4397 4375/4370
f 4404/4399 4375/4370 4409/4404
f 4405/4400 4404/4399 4409/4404
f 4409/4404 4375/4370 4377/4372
f 4377/4372 4375/4370 4376/4371
f 4410/4405 4405/4400 4409/4404
f 4405/4400 4410/4405 4411/4406
f 4409/4404 4377/4372 4378/4373
f 4410/4405 4409/4404 4412/4407
f 4412/4407 4409/4404 4378/4373
f 4413/4408 4410/4405 4412/4407
f 4411/4406 4410/4405 4413/4408
f 4414/4409 4412/4407 4378/4373
f 4413/4408 4412/4407 4414/4409
f 4414/4409 4378/4373 4379/4374
f 4415/4410 4416/4411 4417/4412
f 4417/4412 4416/4411 4418/4413
f 4413/4408 4414/4409 4419/4414
f 4380/4375 4414/4409 4379/4374
f 4419/4414 4414/4409 4380/4375
f 4419/4414 4380/4375 4420/4415
f 4420/4415 4380/4375 4381/4376
f 4420/4415 4381/4376 4383/4378
f 4421/4416 4420/4415 4383/4378
f 4421/4416 4383/4378 4422/4417
f 4422/4417 4383/4378 4423/4418
f 4423/4418 4383/4378 4360/4355
f 4423/4418 4360/4355 4384/4379
f 4272/4267 4302/4297 4393/4388
f 614/609 584/579 636/631
f 4365/4360 616/611 4424/4419
f 668/663 638/633 4394/4389
f 638/633 615/610 4394/4389
f 4425/4420 668/663 4368/4363
f 4368/4363 668/663 4394/4389
f 4395/4390 4425/4420 4368/4363
f 4426/4421 4425/4420 4395/4390
f 4398/4393 4426/4421 4395/4390
f 4427/4422 4428/4423 4429/4424
f 4398/4393 4395/4390 4397/4392
f 4427/4422 4429/4424 4430/4425
f 4430/4425 4429/4424 4431/4426
f 4430/4425 4431/4426 4432/4427
f 4432/4427 4431/4426 4433/4428
f 4433/4428 4407/4402 4432/4427
f 4432/4427 4407/4402 4434/4429
f 4434/4429 4407/4402 4406/4401
f 4406/4401 4408/4403 4435/4430
f 4435/4430 4408/4403 4415/4410
f 4417/4412 4418/4413 4436/4431
f 4437/4432 4413/4408 4419/4414
f 4438/4433 4437/4432 4419/4414
f 4436/4431 4418/4413 4439/4434
f 4436/4431 4439/4434 4440/4435
f 4440/4435 4439/4434 4441/4436
f 4442/4437 4438/4433 4419/4414
f 4441/4436 4439/4434 4443/4438
f 4442/4437 4419/4414 4420/4415
f 4441/4436 4443/4438 4444/4439
f 4445/4440 4442/4437 4446/4441
f 4442/4437 4420/4415 4446/4441
f 4446/4441 4420/4415 4421/4416
f 4446/4441 4421/4416 4422/4417
f 4447/4442 4448/4443 4449/4444
f 4447/4442 4449/4444 4450/4445
f 4450/4445 4449/4444 4385/4380
f 4347/4342 4349/4344 4451/4446
f 710/705 4272/4267 4393/4388
f 665/660 667/662 1052/1047
f 668/663 670/665 638/633
f 4452/4447 669/664 4425/4420
f 4425/4420 669/664 668/663
f 4426/4421 4452/4447 4425/4420
f 4453/4448 4428/4423 4454/4449
f 4454/4449 4428/4423 4427/4422
f 4455/4450 4430/4425 4432/4427
f 4432/4427 4434/4429 4456/4451
f 4457/4452 4435/4430 4415/4410
f 4457/4452 4415/4410 4417/4412
f 4441/4436 4444/4439 4458/4453
f 4459/4454 4460/4455 4461/4456
f 4461/4456 4460/4455 4448/4443
f 4461/4456 4448/4443 4447/4442
f 4450/4445 4385/4380 4462/4457
f 4462/4457 4385/4380 4386/4381
f 4463/4458 4347/4342 4451/4446
f 4464/4459 4312/4307 4350/4345
f 908/903 4453/4448 4465/4460
f 4452/4447 694/689 669/664
f 4465/4460 4453/4448 4454/4449
f 4427/4422 4430/4425 4455/4450
f 4455/4450 4432/4427 4466/4461
f 4466/4461 4432/4427 4456/4451
f 4467/4462 4468/4463 4469/4464
f 4470/4465 4471/4466 4472/4467
f 4467/4462 4469/4464 4473/4468
f 4472/4467 4471/4466 4467/4462
f 4472/4467 4467/4462 4474/4469
f 4474/4469 4467/4462 4473/4468
f 4475/4470 4470/4465 4472/4467
f 4476/4471 4474/4469 4473/4468
f 4477/4472 4472/4467 4474/4469
f 4475/4470 4472/4467 4477/4472
f 4477/4472 4474/4469 4478/4473
f 4478/4473 4474/4469 4476/4471
f 4479/4474 4406/4401 4435/4430
f 4479/4474 4435/4430 4480/4475
f 4480/4475 4435/4430 4457/4452
f 4481/4476 4417/4412 4436/4431
f 4436/4431 4440/4435 4481/4476
f 4440/4435 4441/4436 4482/4477
f 4441/4436 4458/4453 4483/4478
f 4484/4479 4459/4454 4461/4456
f 4484/4479 4461/4456 4485/4480
f 4486/4481 4484/4479 4485/4480
f 4485/4480 4461/4456 4447/4442
f 4487/4482 4312/4307 4464/4459
f 4268/4263 4263/4258 4387/4382
f 4488/4483 4282/4277 4285/4280
f 4489/4484 4301/4296 4281/4276
f 4254/4249 712/707 711/706
f 701/696 676/671 700/695
f 4490/4485 4468/4463 4491/4486
f 4492/4487 4493/4488 4491/4486
f 4471/4466 4492/4487 4491/4486
f 4470/4465 4492/4487 4471/4466
f 4471/4466 4491/4486 4467/4462
f 4491/4486 4468/4463 4467/4462
f 4470/4465 4494/4489 4492/4487
f 4495/4490 4496/4491 4497/4492
f 4498/4493 4499/4494 4500/4495
f 4499/4494 4494/4489 4500/4495
f 4500/4495 4494/4489 4470/4465
f 4501/4496 4498/4493 4500/4495
f 4500/4495 4470/4465 4475/4470
f 4502/4497 4498/4493 4501/4496
f 4497/4492 4496/4491 4503/4498
f 4497/4492 4503/4498 4504/4499
f 4501/4496 4500/4495 4475/4470
f 4505/4500 4501/4496 4475/4470
f 4504/4499 4503/4498 4506/4501
f 4502/4497 4501/4496 4505/4500
f 4505/4500 4475/4470 4477/4472
f 4502/4497 4505/4500 4507/4502
f 4507/4502 4505/4500 4477/4472
f 4507/4502 4477/4472 4508/4503
f 4477/4472 4478/4473 4509/4504
f 4508/4503 4477/4472 4509/4504
f 4508/4503 4509/4504 4510/4505
f 4510/4505 4509/4504 4478/4473
f 4510/4505 4478/4473 4476/4471
f 4510/4505 4476/4471 4511/4506
f 4457/4452 4417/4412 4481/4476
f 4481/4476 4440/4435 4482/4477
f 4462/4457 4386/4381 4362/4357
f 4364/4359 4261/4256 4512/4507
f 4512/4507 4261/4256 4264/4259
f 550/545 463/458 725/720
f 4392/4387 4391/4386 4513/4508
f 4514/4509 552/547 661/656
f 4513/4508 4391/4386 4515/4510
f 4393/4388 4318/4313 4516/4511
f 4517/4512 4455/4450 4466/4461
f 4493/4488 749/744 4491/4486
f 749/744 4490/4485 4491/4486
f 4492/4487 4518/4513 4493/4488
f 4519/4514 4518/4513 4492/4487
f 4519/4514 4492/4487 4494/4489
f 4499/4494 4519/4514 4494/4489
f 4520/4515 4519/4514 4499/4494
f 4520/4515 4499/4494 4498/4493
f 4521/4516 4502/4497 4507/4502
f 4504/4499 4506/4501 4522/4517
f 4523/4518 4521/4516 4507/4502
f 4506/4501 4524/4519 4522/4517
f 4523/4518 4507/4502 4525/4520
f 4525/4520 4507/4502 4508/4503
f 4525/4520 4508/4503 4526/4521
f 4527/4522 4508/4503 4510/4505
f 4528/4523 4527/4522 4510/4505
f 4528/4523 4510/4505 4511/4506
f 4480/4475 4457/4452 4529/4524
f 4457/4452 4481/4476 4530/4525
f 4481/4476 4482/4477 4531/4526
f 4482/4477 4441/4436 4483/4478
f 4486/4481 4485/4480 4532/4527
f 4532/4527 4485/4480 4447/4442
f 4532/4527 4447/4442 4533/4528
f 4533/4528 4447/4442 4534/4529
f 4534/4529 4447/4442 4450/4445
f 4534/4529 4450/4445 4462/4457
f 4313/4308 4268/4263 4535/4530
f 4283/4278 4254/4249 711/706
f 661/656 551/546 4536/4531
f 4537/4532 4538/4533 4390/4385
f 4539/4534 4540/4535 4541/4536
f 4541/4536 4538/4533 4537/4532
f 4542/4537 4454/4449 4427/4422
f 4543/4538 4455/4450 4517/4512
f 749/744 4544/4539 4490/4485
f 4544/4539 749/744 748/743
f 747/742 749/744 4493/4488
f 4518/4513 4545/4540 4546/4541
f 4546/4541 747/742 4518/4513
f 4518/4513 747/742 4493/4488
f 4547/4542 4545/4540 4519/4514
f 4519/4514 4545/4540 4518/4513
f 4548/4543 4549/4544 4550/4545
f 4550/4545 4549/4544 4495/4490
f 4551/4546 4495/4490 4497/4492
f 4551/4546 4497/4492 4504/4499
f 4551/4546 4504/4499 4552/4547
f 4552/4547 4504/4499 4553/4548
f 750/745 752/747 4554/4549
f 4504/4499 4522/4517 4553/4548
f 4555/4550 4523/4518 4525/4520
f 4522/4517 4524/4519 4556/4551
f 4522/4517 4556/4551 4557/4552
f 4555/4550 4525/4520 4558/4553
f 4559/4554 4555/4550 4558/4553
f 4558/4553 4525/4520 4526/4521
f 4526/4521 4508/4503 4527/4522
f 4527/4522 4528/4523 4560/4555
f 4560/4555 4528/4523 4511/4506
f 4560/4555 4511/4506 4561/4556
f 4529/4524 4457/4452 4562/4557
f 4562/4557 4457/4452 4530/4525
f 4387/4382 4269/4264 4563/4558
f 4564/4559 4390/4385 4392/4387
f 4564/4559 4392/4387 4513/4508
f 4542/4537 4427/4422 4455/4450
f 4565/4560 4455/4450 4543/4538
f 748/743 4566/4561 4544/4539
f 4567/4562 4568/4563 4547/4542
f 4569/4564 4548/4543 4550/4545
f 4547/4542 4568/4563 4545/4540
f 4570/4565 4550/4545 4495/4490
f 750/745 4554/4549 4571/4566
f 4554/4549 4572/4567 4571/4566
f 4573/4568 4522/4517 4574/4569
f 4574/4569 4522/4517 4557/4552
f 4560/4555 4561/4556 4575/4570
f 4562/4557 4530/4525 4576/4571
f 4530/4525 4481/4476 4531/4526
f 4577/4572 4534/4529 4462/4457
f 4578/4573 4268/4263 4387/4382
f 4512/4507 4264/4259 4579/4574
f 4580/4575 227/222 4388/4383
f 4488/4483 4285/4280 4581/4576
f 4582/4577 4283/4278 711/706
f 1315/1310 4465/4460 4454/4449
f 1315/1310 4454/4449 4542/4537
f 4542/4537 4455/4450 4565/4560
f 4583/4578 845/840 747/742
f 748/743 845/840 4566/4561
f 747/742 845/840 748/743
f 4546/4541 4583/4578 747/742
f 4567/4562 4584/4579 4545/4540
f 4568/4563 4567/4562 4545/4540
f 4545/4540 4584/4579 4546/4541
f 4569/4564 4550/4545 4585/4580
f 4585/4580 4550/4545 4570/4565
f 4570/4565 4495/4490 4551/4546
f 4570/4565 4551/4546 4586/4581
f 4586/4581 4551/4546 4587/4582
f 4551/4546 4552/4547 4588/4583
f 4587/4582 4551/4546 4588/4583
f 4552/4547 4553/4548 4588/4583
f 4572/4567 880/875 882/877
f 4589/4584 751/746 750/745
f 4589/4584 750/745 4590/4585
f 4590/4585 750/745 4571/4566
f 4588/4583 4553/4548 4591/4586
f 4592/4587 751/746 4589/4584
f 4553/4548 4522/4517 4591/4586
f 4591/4586 4522/4517 4573/4568
f 4574/4569 4557/4552 4593/4588
f 4594/4589 4559/4554 4558/4553
f 4594/4589 4558/4553 4595/4590
f 4558/4553 4526/4521 4595/4590
f 4595/4590 4526/4521 4527/4522
f 4595/4590 4527/4522 4596/4591
f 4596/4591 4527/4522 4560/4555
f 4596/4591 4560/4555 4575/4570
f 4596/4591 4575/4570 4597/4592
f 4598/4593 4576/4571 4530/4525
f 4598/4593 4530/4525 4531/4526
f 4483/4478 4458/4453 4599/4594
f 4600/4595 4484/4479 4486/4481
f 4533/4528 4534/4529 4577/4572
f 4350/4345 4260/4255 4601/4596
f 4601/4596 4260/4255 4289/4284
f 4581/4576 4285/4280 4389/4384
f 4281/4276 4282/4277 4488/4483
f 4602/4597 4393/4388 4516/4511
f 908/903 4465/4460 1315/1310
f 4566/4561 845/840 847/842
f 4546/4541 4603/4598 4583/4578
f 4584/4579 4603/4598 4546/4541
f 4567/4562 4603/4598 4584/4579
f 4603/4598 4567/4562 4604/4599
f 4605/4600 4569/4564 4585/4580
f 4606/4601 4585/4580 4570/4565
f 852/847 768/763 764/759
f 4606/4601 4570/4565 4607/4602
f 4607/4602 4570/4565 4586/4581
f 857/852 809/804 868/863
f 4608/4603 4609/4604 4610/4605
f 4611/4606 4612/4607 4613/4608
f 4612/4607 927/922 4613/4608
f 4611/4606 4613/4608 4614/4609
f 4614/4609 4613/4608 4615/4610
f 871/866 4616/4611 4617/4612
f 4618/4613 4608/4603 4610/4605
f 4619/4614 4608/4603 4618/4613
f 4590/4585 4571/4566 4620/4615
f 4620/4615 4571/4566 4621/4616
f 4621/4616 4571/4566 4572/4567
f 4572/4567 882/877 4621/4616
f 940/935 777/772 825/820
f 825/820 780/775 891/886
f 886/881 818/813 885/880
f 833/828 787/782 991/986
f 991/986 787/782 837/832
f 4622/4617 4594/4589 4595/4590
f 4622/4617 4595/4590 4623/4618
f 4623/4618 4595/4590 4624/4619
f 4624/4619 4595/4590 4596/4591
f 4624/4619 4596/4591 4625/4620
f 4625/4620 4596/4591 4597/4592
f 4626/4621 4598/4593 4531/4526
f 4627/4622 4482/4477 4483/4478
f 4628/4623 4483/4478 4599/4594
f 4486/4481 4532/4527 4629/4624
f 4532/4527 4533/4528 4630/4625
f 4462/4457 4362/4357 4631/4626
f 4362/4357 4363/4358 4632/4627
f 4631/4626 4362/4357 4632/4627
f 4632/4627 4363/4358 4347/4342
f 4633/4628 4487/4482 4464/4459
f 4563/4558 4269/4264 4364/4359
f 461/456 4301/4296 4489/4484
f 4634/4629 461/456 4489/4484
f 711/706 710/705 4635/4630
f 710/705 4393/4388 4635/4630
f 4636/4631 4316/4311 4317/4312
f 4537/4532 4390/4385 4564/4559
f 909/904 908/903 1315/1310
f 4637/4632 4542/4537 4565/4560
f 912/907 844/839 911/906
f 844/839 801/796 911/906
f 4583/4578 914/909 845/840
f 4603/4598 1055/1050 4583/4578
f 4638/4633 4603/4598 4604/4599
f 849/844 851/846 964/959
f 964/959 851/846 4639/4634
f 858/853 857/852 970/965
f 970/965 857/852 868/863
f 4640/4635 4641/4636 4642/4637
f 4643/4638 4642/4637 4609/4604
f 4612/4607 4644/4639 4645/4640
f 4612/4607 931/926 4644/4639
f 4612/4607 4645/4640 924/919
f 4612/4607 924/919 927/922
f 4646/4641 931/926 4612/4607
f 4646/4641 4612/4607 4611/4606
f 872/867 871/866 1089/1084
f 929/924 931/926 4646/4641
f 4647/4642 4643/4638 4648/4643
f 4643/4638 4609/4604 4608/4603
f 4648/4643 4643/4638 4608/4603
f 930/925 929/924 4649/4644
f 4613/4608 927/922 926/921
f 4649/4644 929/924 4650/4645
f 4613/4608 926/921 4615/4610
f 871/866 4617/4612 1089/1084
f 929/924 4646/4641 4650/4645
f 4650/4645 4646/4641 4651/4646
f 4651/4646 4646/4641 4614/4609
f 4614/4609 4646/4641 4611/4606
f 4652/4647 4648/4643 4608/4603
f 4615/4610 926/921 980/975
f 4652/4647 4608/4603 4619/4614
f 4651/4646 4614/4609 4653/4648
f 4653/4648 4614/4609 4654/4649
f 4654/4649 4614/4609 4615/4610
f 4654/4649 4615/4610 4655/4650
f 4615/4610 980/975 4655/4650
f 939/934 4621/4616 882/877
f 4656/4651 4652/4647 4619/4614
f 877/872 886/881 984/979
f 4657/4652 4591/4586 4573/4568
f 4574/4569 4593/4588 4658/4653
f 4658/4653 4593/4588 4659/4654
f 4658/4653 4659/4654 4660/4655
f 4661/4656 4622/4617 4623/4618
f 4661/4656 4623/4618 4662/4657
f 4623/4618 4624/4619 4662/4657
f 4663/4658 4664/4659 4665/4660
f 4531/4526 4482/4477 4627/4622
f 4600/4595 4486/4481 4629/4624
f 4666/4661 4533/4528 4577/4572
f 4601/4596 4289/4284 4667/4662
f 4668/4663 4290/4285 4313/4308
f 4535/4530 4268/4263 4578/4573
f 4489/4484 4281/4276 4488/4483
f 4635/4630 4393/4388 4602/4597
f 4636/4631 4317/4312 4669/4664
f 4670/4665 550/545 725/720
f 1926/1921 661/656 4536/4531
f 4671/4666 912/907 911/906
f 846/841 4672/4667 847/842
f 4603/4598 1058/1053 1055/1050
f 4583/4578 1055/1050 914/909
f 4638/4633 1058/1053 4603/4598
f 4605/4600 4585/4580 4673/4668
f 4673/4668 4585/4580 4606/4601
f 4674/4669 4606/4601 4607/4602
f 1010/1005 858/853 970/965
f 4675/4670 972/967 4645/4640
f 4676/4671 4675/4670 4644/4639
f 4644/4639 4675/4670 4645/4640
f 4645/4640 972/967 924/919
f 4677/4672 4640/4635 4642/4637
f 4678/4673 4676/4671 931/926
f 931/926 4676/4671 4644/4639
f 924/919 972/967 925/920
f 4679/4674 4677/4672 4643/4638
f 4643/4638 4677/4672 4642/4637
f 4680/4675 4678/4673 931/926
f 4647/4642 4679/4674 4643/4638
f 4681/4676 4678/4673 4680/4675
f 930/925 4681/4676 4680/4675
f 4681/4676 930/925 4649/4644
f 930/925 4680/4675 931/926
f 925/920 4647/4642 4682/4677
f 926/921 925/920 4682/4677
f 977/972 976/971 1017/1012
f 4647/4642 4683/4678 4682/4677
f 4683/4678 4647/4642 4648/4643
f 4649/4644 4650/4645 4684/4679
f 926/921 4682/4677 4683/4678
f 4683/4678 4648/4643 4652/4647
f 980/975 926/921 4683/4678
f 980/975 4683/4678 4685/4680
f 4684/4679 4650/4645 4686/4681
f 4686/4681 4650/4645 4651/4646
f 4685/4680 4683/4678 4652/4647
f 4621/4616 939/934 4620/4615
f 4589/4584 4590/4585 4687/4682
f 4590/4585 4620/4615 4687/4682
f 4685/4680 4652/4647 4656/4651
f 1089/1084 4617/4612 1087/1082
f 4684/4679 4686/4681 4688/4683
f 4688/4683 4686/4681 4689/4684
f 4686/4681 4651/4646 4653/4648
f 4690/4685 4592/4587 4589/4584
f 4686/4681 4653/4648 4689/4684
f 4685/4680 4656/4651 4691/4686
f 987/982 4592/4587 4690/4685
f 4689/4684 4653/4648 4692/4687
f 4692/4687 4653/4648 4654/4649
f 4654/4649 4655/4650 982/977
f 4692/4687 4654/4649 982/977
f 982/977 4655/4650 980/975
f 4656/4651 4619/4614 4693/4688
f 985/980 987/982 4694/4689
f 4619/4614 4618/4613 4695/4690
f 4693/4688 4619/4614 4695/4690
f 829/824 949/944 1036/1031
f 4573/4568 4574/4569 4696/4691
f 4696/4691 4574/4569 4658/4653
f 991/986 837/832 953/948
f 4697/4692 4622/4617 4661/4656
f 4698/4693 4663/4658 4665/4660
f 4626/4621 4531/4526 4699/4694
f 1002/997 579/574 642/637
f 4671/4666 911/906 1053/1048
f 4700/4695 4671/4666 1053/1048
f 4701/4696 847/842 4672/4667
f 961/956 912/907 4671/4666
f 914/909 1057/1052 846/841
f 846/841 1057/1052 4672/4667
f 1061/1056 1058/1053 4638/4633
f 4702/4697 1061/1056 4638/4633
f 4702/4697 4638/4633 4604/4599
f 968/963 858/853 1070/1065
f 1070/1065 858/853 1010/1005
f 4703/4698 4606/4601 4674/4669
f 4640/4635 4704/4699 4641/4636
f 4675/4670 4705/4700 972/967
f 972/967 4705/4700 973/968
f 918/913 872/867 1343/1338
f 4706/4701 4707/4702 4678/4673
f 4707/4702 4676/4671 4678/4673
f 973/968 4679/4674 4647/4642
f 925/920 973/968 4647/4642
f 4706/4701 4678/4673 4681/4676
f 4708/4703 4709/4704 4710/4705
f 4709/4704 4711/4706 4710/4705
f 1018/1013 1017/1012 1084/1079
f 4712/4707 872/867 1089/1084
f 4712/4707 1089/1084 1152/1147
f 4713/4708 4711/4706 4714/4709
f 4710/4705 4711/4706 4713/4708
f 4713/4708 4714/4709 4715/4710
f 4713/4708 4715/4710 4716/4711
f 4620/4615 939/934 1416/1411
f 4716/4711 4715/4710 4717/4712
f 980/975 4685/4680 981/976
f 4717/4712 4715/4710 4718/4713
f 4694/4689 987/982 4690/4685
f 4688/4683 4689/4684 4719/4714
f 4719/4714 4689/4684 4720/4715
f 4720/4715 4689/4684 4692/4687
f 4691/4686 4656/4651 4693/4688
f 984/979 886/881 1037/1032
f 4657/4652 4573/4568 4721/4716
f 4721/4716 4573/4568 4696/4691
f 4722/4717 4658/4653 4660/4655
f 4723/4718 4724/4719 4725/4720
f 4725/4720 4698/4693 4726/4721
f 4698/4693 4665/4660 4727/4722
f 4727/4722 4665/4660 4728/4723
f 4699/4694 4531/4526 4627/4622
f 4729/4724 4483/4478 4628/4623
f 4730/4725 4487/4482 4633/4628
f 4668/4663 4313/4308 4535/4530
f 4578/4573 4387/4382 4563/4558
f 711/706 4635/4630 4731/4726
f 4635/4630 4602/4597 4732/4727
f 4539/4534 4541/4536 4537/4532
f 960/955 696/691 1004/999
f 1054/1049 1006/1001 913/908
f 4733/4728 4673/4668 1391/1386
f 1391/1386 4673/4668 4606/4601
f 1118/1113 1009/1004 967/962
f 1071/1066 1010/1005 1011/1006
f 1202/1197 4734/4729 4675/4670
f 4675/4670 4734/4729 4705/4700
f 4705/4700 4734/4729 1125/1120
f 4735/4730 918/913 1342/1337
f 1127/1122 1129/1124 4707/4702
f 4707/4702 1129/1124 4676/4671
f 1129/1124 1202/1197 4676/4671
f 4676/4671 1202/1197 4675/4670
f 4705/4700 1125/1120 973/968
f 973/968 1125/1120 1130/1125
f 1131/1126 4736/4731 4677/4672
f 4677/4672 4736/4731 4704/4699
f 4677/4672 4704/4699 4640/4635
f 1342/1337 918/913 1343/1338
f 4737/4732 1127/1122 4707/4702
f 4679/4674 1131/1126 4677/4672
f 4737/4732 4707/4702 4706/4701
f 973/968 1130/1125 4679/4674
f 1130/1125 1131/1126 4679/4674
f 1078/1073 1022/1017 1075/1070
f 1343/1338 872/867 4738/4733
f 4739/4734 4708/4703 4710/4705
f 4738/4733 872/867 4712/4707
f 4740/4735 4741/4736 4742/4737
f 4743/4738 4687/4682 4744/4739
f 4687/4682 4620/4615 4744/4739
f 4744/4739 4620/4615 1416/1411
f 4745/4740 4589/4584 4687/4682
f 4745/4740 4687/4682 4743/4738
f 1152/1147 1089/1084 1150/1145
f 4716/4711 4717/4712 4746/4741
f 4690/4685 4589/4584 4745/4740
f 1150/1145 1089/1084 1088/1083
f 4747/4742 4688/4683 4719/4714
f 4746/4741 4717/4712 4748/4743
f 981/976 4685/4680 4749/4744
f 4749/4744 4685/4680 4691/4686
f 4747/4742 4719/4714 4750/4745
f 4750/4745 4719/4714 4720/4715
f 4751/4746 4750/4745 4720/4715
f 4751/4746 4720/4715 4692/4687
f 4751/4746 4692/4687 4752/4747
f 4692/4687 982/977 4753/4748
f 4754/4749 4693/4688 4755/4750
f 4693/4688 4695/4690 4755/4750
f 4752/4747 4692/4687 4753/4748
f 1036/1031 949/944 1041/1036
f 4756/4751 4723/4718 4725/4720
f 4756/4751 4725/4720 4757/4752
f 4725/4720 4726/4721 4757/4752
f 4726/4721 4698/4693 4727/4722
f 4726/4721 4727/4722 4758/4753
f 4758/4753 4727/4722 4728/4723
f 4533/4528 4666/4661 4630/4625
f 4759/4754 4489/4484 4488/4483
f 4759/4754 4488/4483 4581/4576
f 4582/4577 711/706 4731/4726
f 4731/4726 4635/4630 4760/4755
f 4760/4755 4635/4630 4732/4727
f 4602/4597 4516/4511 4761/4756
f 4732/4727 4602/4597 4761/4756
f 1002/997 642/637 1114/1109
f 4637/4632 4762/4757 4763/4758
f 1057/1052 1387/1382 4672/4667
f 1179/1174 1387/1382 1057/1052
f 1060/1055 1056/1051 1055/1050
f 1062/1057 963/958 1193/1188
f 1193/1188 963/958 1066/1061
f 1064/1059 1261/1256 1117/1112
f 1119/1114 968/963 1070/1065
f 1199/1194 1068/1063 1122/1117
f 1333/1328 1070/1065 1071/1066
f 4734/4729 1123/1118 1125/1120
f 4736/4731 1200/1195 4704/4699
f 4704/4699 1200/1195 1196/1191
f 1125/1120 1124/1119 1130/1125
f 4764/4759 4708/4703 4765/4760
f 4765/4760 4708/4703 4739/4734
f 1137/1132 1138/1133 1275/1270
f 1211/1206 1140/1135 1078/1073
f 1275/1270 1138/1133 1354/1349
f 1018/1013 1142/1137 1282/1277
f 4766/4761 4767/4762 4768/4763
f 4766/4761 4768/4763 4740/4735
f 4768/4763 4769/4764 4740/4735
f 4740/4735 4769/4764 4741/4736
f 1284/1279 1138/1133 1148/1143
f 4770/4765 4766/4761 4771/4766
f 4771/4766 4766/4761 4740/4735
f 4772/4767 4771/4766 4740/4735
f 4772/4767 4740/4735 4742/4737
f 4772/4767 4742/4737 4773/4768
f 4748/4743 4717/4712 4774/4769
f 1092/1087 981/976 4749/4744
f 1088/1083 1087/1082 1368/1363
f 4775/4770 4750/4745 4751/4746
f 4717/4712 4776/4771 4777/4772
f 4717/4712 4777/4772 4778/4773
f 4753/4748 982/977 1092/1087
f 4749/4744 4691/4686 4754/4749
f 4754/4749 4691/4686 4693/4688
f 4775/4770 4751/4746 4779/4774
f 4779/4774 4751/4746 4752/4747
f 4754/4749 4755/4750 4780/4775
f 4721/4716 4696/4691 4781/4776
f 1230/1225 1164/1159 1165/1160
f 4696/4691 4658/4653 4782/4777
f 4783/4778 1168/1163 1170/1165
f 4784/4779 4722/4717 4785/4780
f 4784/4779 4785/4780 4786/4781
f 4787/4782 4756/4751 4757/4752
f 4788/4783 4726/4721 4758/4753
f 4758/4753 4728/4723 4789/4784
f 4790/4785 4699/4694 4627/4622
f 4627/4622 4483/4478 4729/4724
f 4666/4661 4577/4572 4791/4786
f 4791/4786 4577/4572 4462/4457
f 4632/4627 4347/4342 4792/4787
f 4792/4787 4347/4342 4463/4458
f 4793/4788 4730/4725 4633/4628
f 4794/4789 4581/4576 4795/4790
f 4795/4790 4581/4576 4389/4384
f 4759/4754 4581/4576 4794/4789
f 4796/4791 4489/4484 4759/4754
f 4797/4792 4634/4629 4489/4484
f 4797/4792 4489/4484 4796/4791
f 4637/4632 1315/1310 4542/4537
f 1053/1048 1005/1000 1177/1172
f 1054/1049 961/956 4798/4793
f 4798/4793 961/956 4671/4666
f 1252/1247 1180/1175 1182/1177
f 1192/1187 1193/1188 1325/1320
f 1391/1386 4606/4601 4799/4794
f 1340/1335 1069/1064 1199/1194
f 4606/4601 4703/4698 4799/4794
f 4734/4729 1194/1189 1123/1118
f 1333/1328 1071/1066 4800/4795
f 1123/1118 1195/1190 1124/1119
f 1200/1195 4736/4731 1206/1201
f 1207/1202 1073/1068 1205/1200
f 1124/1119 1206/1201 1131/1126
f 1131/1126 1206/1201 4736/4731
f 4801/4796 4802/4797 4764/4759
f 4801/4796 4764/4759 4765/4760
f 4803/4798 4804/4799 1212/1207
f 1212/1207 1214/1209 4769/4764
f 4803/4798 1212/1207 4768/4763
f 4768/4763 1212/1207 4769/4764
f 4805/4800 1475/1470 1474/1469
f 1354/1349 1138/1133 1284/1279
f 4806/4801 4803/4798 4767/4762
f 4803/4798 4768/4763 4767/4762
f 4807/4802 4808/4803 4770/4765
f 4770/4765 4808/4803 4806/4801
f 4770/4765 4806/4801 4767/4762
f 4770/4765 4767/4762 4766/4761
f 4807/4802 4770/4765 4809/4804
f 4771/4766 4809/4804 4770/4765
f 4810/4805 4809/4804 4771/4766
f 4811/4806 4743/4738 4744/4739
f 4744/4739 1416/1411 1418/1413
f 4811/4806 4744/4739 1418/1413
f 1289/1284 1148/1143 1297/1292
f 4810/4805 4771/4766 4772/4767
f 4812/4807 4745/4740 4743/4738
f 4812/4807 4743/4738 4811/4806
f 4810/4805 4772/4767 4813/4808
f 1148/1143 1146/1141 1296/1291
f 4813/4808 4772/4767 4773/4768
f 4814/4809 4690/4685 4745/4740
f 4813/4808 4773/4768 4815/4810
f 4815/4810 4773/4768 4816/4811
f 1150/1145 1088/1083 1151/1146
f 1159/1154 1158/1153 4817/4812
f 4774/4769 4717/4712 4818/4813
f 4818/4813 4717/4712 4778/4773
f 1092/1087 4749/4744 4819/4814
f 4819/4814 4749/4744 4754/4749
f 4778/4773 4777/4772 4820/4815
f 4821/4816 4775/4770 4779/4774
f 1092/1087 4819/4814 4822/4817
f 4823/4818 4753/4748 1092/1087
f 1303/1298 4824/4819 1301/1296
f 4825/4820 1159/1154 4826/4821
f 4752/4747 4753/4748 4827/4822
f 4827/4822 4753/4748 4823/4818
f 4828/4823 1370/1365 1169/1164
f 4828/4823 1169/1164 1168/1163
f 1165/1160 1106/1101 1238/1233
f 4829/4824 4696/4691 4782/4777
f 4658/4653 4722/4717 4784/4779
f 4830/4825 4757/4752 4726/4721
f 4830/4825 4726/4721 4788/4783
f 4788/4783 4758/4753 4831/4826
f 4831/4826 4758/4753 4789/4784
f 4600/4595 4629/4624 4832/4827
f 4832/4827 4629/4624 4532/4527
f 4532/4527 4630/4625 4832/4827
f 4833/4828 4535/4530 4578/4573
f 4834/4829 4578/4573 4563/4558
f 4834/4829 4563/4558 4364/4359
f 4759/4754 4794/4789 1621/1616
f 4700/4695 1053/1048 1177/1172
f 4671/4666 4700/4695 4798/4793
f 1318/1313 1182/1177 1184/1179
f 4835/4830 4836/4831 4733/4728
f 4835/4830 4733/4728 1391/1386
f 1327/1322 1325/1320 1193/1188
f 1193/1188 1066/1061 1327/1322
f 1262/1257 1119/1114 1070/1065
f 1201/1196 1194/1189 1202/1197
f 1202/1197 1194/1189 4734/4729
f 4837/4832 4735/4730 1342/1337
f 4838/4833 4802/4797 4839/4834
f 4839/4834 4802/4797 4801/4796
f 4839/4834 4801/4796 4765/4760
f 4803/4798 4840/4835 4804/4799
f 4804/4799 1268/1263 1212/1207
f 1212/1207 1268/1263 1213/1208
f 4806/4801 1279/1274 4840/4835
f 4806/4801 4840/4835 4803/4798
f 1277/1272 1279/1274 4806/4801
f 1277/1272 4806/4801 4808/4803
f 4841/4836 1277/1272 4808/4803
f 1217/1212 1218/1213 1287/1282
f 4842/4837 4841/4836 4843/4838
f 4841/4836 4808/4803 4843/4838
f 4844/4839 4842/4837 4843/4838
f 4807/4802 4843/4838 4808/4803
f 4845/4840 4842/4837 4844/4839
f 4844/4839 4843/4838 4846/4841
f 4846/4841 4843/4838 4807/4802
f 4845/4840 4844/4839 4847/4842
f 4847/4842 4844/4839 4846/4841
f 4846/4841 4807/4802 4809/4804
f 4848/4843 4847/4842 4846/4841
f 4846/4841 4809/4804 4810/4805
f 4848/4843 4846/4841 4849/4844
f 4849/4844 4846/4841 4810/4805
f 4849/4844 4810/4805 4850/4845
f 4849/4844 4850/4845 4851/4846
f 4852/4847 4814/4809 4745/4740
f 4850/4845 4810/4805 4853/4848
f 4853/4848 4810/4805 4813/4808
f 4853/4848 4813/4808 4815/4810
f 4815/4810 4816/4811 4854/4849
f 1151/1146 1088/1083 4855/4850
f 1159/1154 4817/4812 4856/4851
f 4855/4850 1088/1083 1369/1364
f 1159/1154 4856/4851 4826/4821
f 4819/4814 4754/4749 4857/4852
f 4857/4852 4754/4749 4858/4853
f 1369/1364 1368/1363 1558/1553
f 4779/4774 4752/4747 4859/4854
f 4859/4854 4752/4747 4827/4822
f 4754/4749 4780/4775 4858/4853
f 4827/4822 4823/4818 4860/4855
f 4781/4776 4696/4691 4829/4824
f 4782/4777 4658/4653 4784/4779
f 4787/4782 4757/4752 4830/4825
f 4830/4825 4788/4783 4861/4856
f 4861/4856 4788/4783 4831/4826
f 4350/4345 4601/4596 4862/4857
f 4668/4663 4535/4530 4833/4828
f 4833/4828 4578/4573 4863/4858
f 4863/4858 4578/4573 4834/4829
f 4364/4359 4512/4507 4864/4859
f 4834/4829 4364/4359 4864/4859
f 4864/4859 4512/4507 4579/4574
f 1621/1616 4794/4789 4795/4790
f 1621/1616 4795/4790 4865/4860
f 4759/4754 1621/1616 4866/4861
f 4867/4862 4796/4791 4866/4861
f 4796/4791 4759/4754 4866/4861
f 4797/4792 4796/4791 4868/4863
f 4868/4863 4796/4791 4867/4862
f 4869/4864 4731/4726 4760/4755
f 4870/4865 4564/4559 4513/4508
f 1314/1309 1052/1047 4871/4866
f 1316/1311 1315/1310 4872/4867
f 1388/1383 1054/1049 4798/4793
f 4637/4632 4763/4758 4873/4868
f 1116/1111 1250/1245 1060/1055
f 4874/4869 1253/1248 1252/1247
f 1263/1258 1264/1259 1576/1571
f 1194/1189 1331/1326 1195/1190
f 4875/4870 1333/1328 4800/4795
f 1200/1195 4876/4871 1197/1192
f 1206/1201 4877/4872 1200/1195
f 4877/4872 4876/4871 1200/1195
f 1400/1395 1201/1196 1128/1123
f 1206/1201 1203/1198 4878/4873
f 4878/4873 4877/4872 1206/1201
f 4837/4832 1342/1337 1344/1339
f 1464/1459 1207/1202 1205/1200
f 4838/4833 4839/4834 4879/4874
f 1469/1464 1274/1269 1349/1344
f 1349/1344 1275/1270 1473/1468
f 1346/1341 1348/1343 4804/4799
f 4804/4799 1348/1343 1268/1263
f 4880/4875 1347/1342 4840/4835
f 4840/4835 1347/1342 1346/1341
f 4840/4835 1346/1341 4804/4799
f 1473/1468 1275/1270 1354/1349
f 1351/1346 1353/1348 4880/4875
f 1351/1346 4880/4875 1279/1274
f 1279/1274 4880/4875 4840/4835
f 1284/1279 1286/1281 1354/1349
f 1278/1273 1351/1346 1279/1274
f 1359/1354 1351/1346 1278/1273
f 1359/1354 1278/1273 4841/4836
f 4841/4836 1278/1273 1277/1272
f 1357/1352 1359/1354 4842/4837
f 4842/4837 1359/1354 4841/4836
f 4881/4876 1357/1352 4882/4877
f 4882/4877 1357/1352 4842/4837
f 1219/1214 1139/1134 1411/1406
f 4883/4878 4881/4876 4882/4877
f 4883/4878 4882/4877 4884/4879
f 4884/4879 4882/4877 4842/4837
f 4885/4880 4881/4876 4883/4878
f 4884/4879 4842/4837 4845/4840
f 4883/4878 4884/4879 4845/4840
f 4885/4880 4883/4878 4886/4881
f 4887/4882 4885/4880 4888/4883
f 4888/4883 4885/4880 4886/4881
f 4886/4881 4883/4878 4889/4884
f 4889/4884 4883/4878 4845/4840
f 4890/4885 4889/4884 4845/4840
f 4890/4885 4845/4840 4847/4842
f 4812/4807 4811/4806 4891/4886
f 4890/4885 4847/4842 4892/4887
f 4892/4887 4847/4842 4848/4843
f 4893/4888 4745/4740 4812/4807
f 4894/4889 4892/4887 4848/4843
f 4852/4847 4745/4740 4895/4890
f 1297/1292 1296/1291 1488/1483
f 4894/4889 4848/4843 4849/4844
f 4896/4891 4850/4845 4853/4848
f 4897/4892 4896/4891 4853/4848
f 4897/4892 4853/4848 4898/4893
f 4898/4893 4853/4848 4815/4810
f 4899/4894 4900/4895 4901/4896
f 4902/4897 4774/4769 4818/4813
f 4818/4813 4778/4773 4903/4898
f 4903/4898 4778/4773 4820/4815
f 4904/4899 4819/4814 4857/4852
f 4821/4816 4779/4774 4859/4854
f 4859/4854 4827/4822 4905/4900
f 4858/4853 4780/4775 4906/4901
f 4907/4902 4781/4776 4829/4824
f 4905/4900 4827/4822 4908/4903
f 4908/4903 4827/4822 4860/4855
f 1169/1164 1496/1491 1172/1167
f 1229/1224 1165/1160 1614/1609
f 1172/1167 1374/1369 1174/1169
f 1174/1169 1374/1369 1373/1368
f 1614/1609 1165/1160 1238/1233
f 4909/4904 4784/4779 4786/4781
f 4910/4905 4787/4782 4830/4825
f 4831/4826 4789/4784 4911/4906
f 4912/4907 4790/4785 4627/4622
f 4791/4786 4462/4457 4913/4908
f 4913/4908 4462/4457 4631/4626
f 4464/4459 4350/4345 4862/4857
f 4633/4628 4464/4459 4862/4857
f 4862/4857 4601/4596 4667/4662
f 4914/4909 4915/4910 4916/4911
f 1621/1616 4865/4860 4917/4912
f 1623/1618 4866/4861 1621/1616
f 4582/4577 4731/4726 4869/4864
f 1314/1309 4871/4866 4918/4913
f 4872/4867 1315/1310 4919/4914
f 4919/4914 1315/1310 4637/4632
f 4919/4914 4637/4632 4873/4868
f 1566/1561 1387/1382 1386/1381
f 4920/4915 1252/1247 1251/1246
f 4920/4915 4874/4869 1252/1247
f 1446/1441 1250/1245 1116/1111
f 1569/1564 4836/4831 4835/4830
f 4835/4830 1391/1386 1393/1388
f 1118/1113 1262/1257 1638/1633
f 1638/1633 1262/1257 4921/4916
f 1330/1325 1118/1113 1638/1633
f 1391/1386 4799/4794 1392/1387
f 4922/4917 4923/4918 4735/4730
f 1399/1394 1333/1328 4875/4870
f 1210/1205 1208/1203 1589/1584
f 1403/1398 1210/1205 1589/1584
f 4879/4874 4839/4834 4924/4919
f 1347/1342 1404/1399 1348/1343
f 1348/1343 1405/1400 1268/1263
f 1268/1263 1405/1400 1269/1264
f 1596/1591 1347/1342 1410/1405
f 4880/4875 1410/1405 1347/1342
f 1353/1348 1410/1405 4880/4875
f 4925/4920 1352/1347 1351/1346
f 1359/1354 4925/4920 1351/1346
f 1358/1353 4925/4920 1359/1354
f 4926/4921 1358/1353 4881/4876
f 4881/4876 1358/1353 1357/1352
f 4927/4922 4926/4921 4881/4876
f 4887/4882 4927/4922 4881/4876
f 4887/4882 4881/4876 4885/4880
f 4928/4923 4888/4883 4886/4881
f 4928/4923 4886/4881 4889/4884
f 4891/4886 4811/4806 1418/1413
f 4895/4890 4745/4740 4893/4888
f 4890/4885 4892/4887 4894/4889
f 4929/4924 4894/4889 4849/4844
f 4929/4924 4849/4844 4851/4846
f 4856/4851 4930/4925 4931/4926
f 4930/4925 4932/4927 4933/4928
f 4931/4926 4930/4925 4933/4928
f 4851/4846 4850/4845 4896/4891
f 4897/4892 4851/4846 4896/4891
f 4826/4821 4856/4851 4931/4926
f 4934/4929 4899/4894 4935/4930
f 4935/4930 4899/4894 4901/4896
f 4903/4898 4902/4897 4818/4813
f 4903/4898 4820/4815 4936/4931
f 4907/4902 4829/4824 4937/4932
f 1172/1167 1496/1491 1374/1369
f 4908/4903 4860/4855 4938/4933
f 1432/1427 1229/1224 1614/1609
f 4937/4932 4829/4824 4782/4777
f 1508/1503 1236/1231 1235/1230
f 4784/4779 4909/4904 4939/4934
f 4910/4905 4830/4825 4940/4935
f 4940/4935 4830/4825 4861/4856
f 4941/4936 4861/4856 4942/4937
f 4861/4856 4831/4826 4942/4937
f 4942/4937 4831/4826 4911/4906
f 4912/4907 4627/4622 4729/4724
f 4943/4938 4630/4625 4666/4661
f 4913/4908 4631/4626 4944/4939
f 4944/4939 4631/4626 4945/4940
f 4945/4940 4631/4626 4632/4627
f 2167/2162 4797/4792 4868/4863
f 1311/1306 798/793 1624/1619
f 4946/4941 4636/4631 4669/4664
f 4798/4793 4700/4695 4947/4942
f 1384/1379 4700/4695 1177/1172
f 1447/1442 1184/1179 1448/1443
f 1448/1443 1184/1179 1254/1249
f 1450/1445 1324/1319 1326/1321
f 1451/1446 1327/1322 1395/1390
f 4921/4916 1262/1257 1741/1736
f 1741/1736 1262/1257 1399/1394
f 1575/1570 1199/1194 1263/1258
f 1575/1570 1263/1258 1576/1571
f 1331/1326 1455/1450 1332/1327
f 4922/4917 4735/4730 4948/4943
f 1525/1520 1460/1455 1396/1391
f 4948/4943 4735/4730 4837/4832
f 1589/1584 1208/1203 1534/1529
f 1276/1271 1403/1398 1658/1653
f 1658/1653 1350/1345 1276/1271
f 1596/1591 1404/1399 1347/1342
f 1409/1404 1596/1591 1410/1405
f 1541/1536 1409/1404 1353/1348
f 4925/4920 1541/1536 1352/1347
f 1352/1347 1541/1536 1353/1348
f 1358/1353 1480/1475 4925/4920
f 1358/1353 1478/1473 1480/1475
f 1361/1356 1360/1355 1482/1477
f 4949/4944 1478/1473 4926/4921
f 4926/4921 1478/1473 1358/1353
f 4950/4945 4949/4944 4927/4922
f 4949/4944 4926/4921 4927/4922
f 4951/4946 4950/4945 4952/4947
f 4952/4947 4950/4945 4927/4922
f 4952/4947 4927/4922 4887/4882
f 4952/4947 4887/4882 4888/4883
f 4953/4948 4952/4947 4888/4883
f 4891/4886 1418/1413 1486/1481
f 4953/4948 4888/4883 4928/4923
f 4812/4807 4891/4886 4954/4949
f 4954/4949 4891/4886 4955/4950
f 4893/4888 4812/4807 4954/4949
f 4928/4923 4889/4884 4956/4951
f 4956/4951 4889/4884 4890/4885
f 4932/4927 4957/4952 4958/4953
f 4956/4951 4890/4885 4959/4954
f 4959/4954 4890/4885 4894/4889
f 4959/4954 4894/4889 4929/4924
f 4932/4927 4958/4953 4933/4928
f 1488/1483 1296/1291 1553/1548
f 4960/4955 4961/4956 4962/4957
f 4960/4955 4962/4957 4963/4958
f 4960/4955 4963/4958 4964/4959
f 1553/1548 1296/1291 1422/1417
f 4964/4959 4963/4958 4934/4929
f 4964/4959 4934/4929 4965/4960
f 4965/4960 4934/4929 4935/4930
f 4935/4930 4901/4896 4966/4961
f 4855/4850 1369/1364 4967/4962
f 4822/4817 4819/4814 4904/4899
f 1685/1680 4822/4817 4904/4899
f 4857/4852 4858/4853 4968/4963
f 4968/4963 4858/4853 4906/4901
f 4969/4964 4859/4854 4905/4900
f 1302/1297 1431/1426 1613/1608
f 4905/4900 4908/4903 4970/4965
f 4970/4965 4908/4903 4938/4933
f 4782/4777 4784/4779 4939/4934
f 4971/4966 4910/4905 4940/4935
f 4940/4935 4861/4856 4941/4936
f 4972/4967 4600/4595 4973/4968
f 4973/4968 4600/4595 4832/4827
f 4832/4827 4630/4625 4943/4938
f 4974/4969 4862/4857 4667/4662
f 4668/4663 4833/4828 4975/4970
f 4833/4828 4863/4858 4976/4971
f 4977/4972 4978/4973 4834/4829
f 4834/4829 4864/4859 4977/4972
f 4977/4972 4864/4859 4979/4974
f 4979/4974 4864/4859 4980/4975
f 4914/4909 4916/4911 4981/4976
f 4982/4977 4914/4909 4981/4976
f 4983/4978 4539/4534 4537/4532
f 4947/4942 4700/4695 1384/1379
f 1388/1383 4798/4793 4984/4979
f 4798/4793 4947/4942 4984/4979
f 4919/4914 4873/4868 1852/1847
f 4920/4915 1251/1246 1318/1313
f 4874/4869 4920/4915 4985/4980
f 1451/1446 1395/1390 4986/4981
f 1574/1569 1576/1571 4987/4982
f 4988/4983 1199/1194 1575/1570
f 1399/1394 4875/4870 4989/4984
f 1339/1334 1199/1194 4988/4983
f 1584/1579 1526/1521 1525/1520
f 1644/1639 1338/1333 1400/1395
f 4990/4985 4838/4833 4879/4874
f 1532/1527 1281/1276 4991/4986
f 1592/1587 1469/1464 1349/1344
f 1595/1590 1470/1465 1404/1399
f 1470/1465 4992/4987 1405/1400
f 1405/1400 4992/4987 1406/1401
f 1540/1535 1349/1344 1473/1468
f 1596/1591 1595/1590 1404/1399
f 4925/4920 1543/1538 1541/1536
f 4993/4988 1543/1538 1480/1475
f 1480/1475 1543/1538 4925/4920
f 4993/4988 1479/1474 1598/1593
f 1479/1474 4993/4988 1480/1475
f 4994/4989 1598/1593 1479/1474
f 4994/4989 1479/1474 1478/1473
f 4995/4990 4994/4989 4949/4944
f 4949/4944 4994/4989 1478/1473
f 1602/1597 1362/1357 1283/1278
f 4996/4991 4997/4992 4995/4990
f 4996/4991 4995/4990 4950/4945
f 4950/4945 4995/4990 4949/4944
f 4996/4991 4950/4945 4951/4946
f 4951/4946 4952/4947 4953/4948
f 4998/4993 4951/4946 4953/4948
f 4998/4993 4953/4948 4928/4923
f 4999/4994 4998/4993 5000/4995
f 5000/4995 4998/4993 4928/4923
f 4958/4953 4957/4952 1552/1547
f 4957/4952 1550/1545 1552/1547
f 5000/4995 4928/4923 4956/4951
f 5000/4995 4956/4951 5001/4996
f 5002/4997 5003/4998 5004/4999
f 5005/5000 5001/4996 4956/4951
f 5005/5000 4956/4951 4959/4954
f 5006/5001 5002/4997 5004/4999
f 5007/5002 5008/5003 4961/4956
f 5009/5004 5006/5001 5004/4999
f 219/214 1554/1549 217/212
f 5006/5001 5009/5004 5010/5005
f 4931/4926 4933/4928 220/215
f 5011/5006 5012/5007 5013/5008
f 5014/5009 4961/4956 4960/4955
f 4960/4955 4964/4959 5014/5009
f 4826/4821 4931/4926 5015/5010
f 4935/4930 4966/4961 5016/5011
f 1374/1369 1496/1491 5017/5012
f 1427/1422 1497/1492 1429/1424
f 4967/4962 1369/1364 1559/1554
f 5018/5013 4903/4898 5019/5014
f 5019/5014 4903/4898 4936/4931
f 1559/1554 1558/1553 5020/5015
f 5021/5016 4859/4854 4969/4964
f 4969/4964 4905/4900 4970/4965
f 1614/1609 1238/1233 1376/1371
f 4971/4966 4940/4935 5022/5017
f 4940/4935 4941/4936 5023/5018
f 5022/5017 4940/4935 5023/5018
f 5023/5018 4941/4936 4942/4937
f 5023/5018 4942/4937 5024/5019
f 5024/5019 4942/4937 5025/5020
f 4942/4937 4911/4906 5025/5020
f 5026/5021 4912/4907 4729/4724
f 5027/5022 4862/4857 4974/4969
f 4974/4969 4667/4662 5028/5023
f 5029/5024 4668/4663 4975/4970
f 4976/4971 4975/4970 4833/4828
f 4976/4971 4863/4858 5030/5025
f 4863/4858 4834/4829 5030/5025
f 5030/5025 4834/4829 4978/4973
f 5031/5026 4760/4755 4732/4727
f 4947/4942 1384/1379 5032/5027
f 5032/5027 1384/1379 1522/1517
f 1388/1383 4984/4979 1630/1625
f 4920/4915 1318/1313 5033/5028
f 1523/1518 1451/1446 4986/4981
f 1638/1633 4921/4916 1636/1631
f 1799/1794 1574/1569 4987/4982
f 5034/5029 1393/1388 1392/1387
f 1741/1736 1399/1394 4989/4984
f 1528/1523 1338/1333 1644/1639
f 1403/1398 1589/1584 5035/5030
f 5035/5030 1589/1584 1588/1583
f 5036/5031 4990/4985 4879/4874
f 4879/4874 4924/4919 5037/5032
f 5038/5033 1474/1469 1476/1471
f 1350/1345 1658/1653 1597/1592
f 1597/1592 1658/1653 1657/1652
f 1593/1588 1595/1590 1596/1591
f 1544/1539 1542/1537 1541/1536
f 4993/4988 1600/1595 1601/1596
f 4993/4988 1601/1596 1543/1538
f 1598/1593 1600/1595 4993/4988
f 5039/5034 1598/1593 4994/4989
f 5040/5035 5039/5034 4994/4989
f 5041/5036 5040/5035 4994/4989
f 4997/4992 5041/5036 4994/4989
f 4995/4990 4997/4992 4994/4989
f 5042/5037 4999/4994 5000/4995
f 1606/1601 1552/1547 1551/1546
f 1554/1549 1552/1547 1606/1601
f 5042/5037 5000/4995 5043/5038
f 5043/5038 5000/4995 5005/5000
f 5005/5000 5000/4995 5001/4996
f 5044/5039 5045/5040 5007/5002
f 5045/5040 5046/5041 5007/5002
f 5007/5002 5046/5041 5008/5003
f 5007/5002 4961/4956 5047/5042
f 218/213 1554/1549 5048/5043
f 5048/5043 1554/1549 1606/1601
f 5047/5042 4961/4956 5014/5009
f 4931/4926 218/213 5048/5043
f 5015/5010 4931/4926 5048/5043
f 4965/4960 4935/4930 5049/5044
f 5049/5044 4935/4930 5016/5011
f 1496/1491 1371/1366 5017/5012
f 1685/1680 4904/4899 1683/1678
f 1683/1678 4904/4899 4857/4852
f 1683/1678 4857/4852 4968/4963
f 5021/5016 4969/4964 5050/5045
f 5051/5046 4907/4902 4937/4932
f 1508/1503 1436/1431 1692/1687
f 1614/1609 1376/1371 1688/1683
f 5052/5047 5053/5048 5054/5049
f 5055/5050 4971/4966 5022/5017
f 5054/5049 5053/5048 5056/5051
f 5022/5017 5023/5018 5057/5052
f 5057/5052 5023/5018 5024/5019
f 5058/5053 4729/4724 4628/4623
f 4633/4628 4862/4857 5059/5054
f 5059/5054 4862/4857 5027/5022
f 1564/1559 1383/1378 1004/999
f 5032/5027 1522/1517 1628/1623
f 1385/1380 1568/1563 1386/1381
f 5060/5055 1318/1313 1447/1442
f 1448/1443 1450/1445 5061/5056
f 5061/5056 1450/1445 5062/5057
f 5062/5057 1450/1445 1523/1518
f 1636/1631 4921/4916 1743/1738
f 5063/5058 4835/4830 1393/1388
f 5063/5058 1393/1388 5034/5029
f 5064/5059 4990/4985 5036/5031
f 1588/1583 1534/1529 5065/5060
f 5065/5060 1534/1529 1533/1528
f 5036/5031 4879/4874 5037/5032
f 1471/1466 1538/1533 5066/5061
f 5066/5061 1538/1533 1652/1647
f 1657/1652 1403/1398 5035/5030
f 4991/4986 1477/1472 1714/1709
f 1470/1465 1654/1649 4992/4987
f 4992/4987 1654/1649 1655/1650
f 4992/4987 1655/1650 1406/1401
f 1665/1660 1482/1477 1765/1760
f 5041/5036 5067/5062 5040/5035
f 1667/1662 1484/1479 1602/1597
f 5068/5063 5069/5064 5070/5065
f 1606/1601 1605/1600 1720/1715
f 5070/5065 5045/5040 5044/5039
f 5048/5043 1606/1601 5071/5066
f 1606/1601 1720/1715 5071/5066
f 5072/5067 5047/5042 5014/5009
f 1553/1548 1607/1602 1672/1667
f 5017/5012 1673/1668 1374/1369
f 1374/1369 1673/1668 1497/1492
f 5073/5068 5014/5009 4964/4959
f 5073/5068 4964/4959 5074/5069
f 5074/5069 4964/4959 4965/4960
f 5074/5069 4965/4960 5075/5070
f 5075/5070 4965/4960 5049/5044
f 5018/5013 5019/5014 5076/5071
f 5077/5072 5021/5016 5050/5045
f 1683/1678 4968/4963 5078/5073
f 4968/4963 4906/4901 5079/5074
f 5078/5073 4968/4963 5079/5074
f 4969/4964 4970/4965 5080/5075
f 5081/5076 1612/1607 1838/1833
f 1560/1555 1614/1609 1779/1774
f 4937/4932 4782/4777 5051/5046
f 5055/5050 5022/5017 5082/5077
f 5022/5017 5057/5052 5082/5077
f 5026/5021 4729/4724 5058/5053
f 5058/5053 4628/4623 5083/5078
f 4793/4788 4633/4628 5084/5079
f 4866/4861 1623/1618 1622/1617
f 1697/1692 1380/1375 1737/1732
f 2165/2160 2167/2162 4868/4863
f 1698/1693 1002/997 1114/1109
f 4872/4867 4919/4914 1852/1847
f 1797/1792 1630/1625 4984/4979
f 5060/5055 1447/1442 5085/5080
f 5086/5081 4985/4980 4920/4915
f 5087/5082 1448/1443 5061/5056
f 5062/5057 1523/1518 5088/5083
f 1632/1627 1569/1564 4835/4830
f 1632/1627 4835/4830 5063/5058
f 5088/5083 1523/1518 5089/5084
f 5089/5084 1523/1518 4986/4981
f 1743/1738 1637/1632 1636/1631
f 1743/1738 4921/4916 1741/1736
f 1746/1741 1575/1570 1574/1569
f 1741/1736 4989/4984 1742/1737
f 1745/1740 4988/4983 1575/1570
f 1642/1637 5090/5085 1390/1385
f 1458/1453 1646/1641 1583/1578
f 1390/1385 5090/5085 1648/1643
f 1588/1583 5065/5060 5091/5086
f 1648/1643 5090/5085 1649/1644
f 1710/1705 1653/1648 1594/1589
f 1594/1589 1653/1648 1470/1465
f 1753/1748 1710/1705 1593/1588
f 1593/1588 1710/1705 1594/1589
f 1544/1539 1753/1748 1542/1537
f 1542/1537 1753/1748 1593/1588
f 1762/1757 1715/1710 1665/1660
f 1760/1755 1601/1596 1599/1594
f 5092/5087 1599/1594 1598/1593
f 5039/5034 5092/5087 1598/1593
f 5067/5062 1905/1900 5040/5035
f 5040/5035 1905/1900 5039/5034
f 5068/5063 5070/5065 5093/5088
f 5094/5089 5068/5063 5093/5088
f 5093/5088 5070/5065 5044/5039
f 5093/5088 5044/5039 5095/5090
f 5095/5090 5044/5039 5007/5002
f 5095/5090 5007/5002 5047/5042
f 5071/5066 1720/1715 5096/5091
f 5097/5092 5098/5093 5099/5094
f 1673/1668 5100/5095 1674/1669
f 5073/5068 5072/5067 5014/5009
f 5101/5096 5073/5068 5074/5069
f 5075/5070 5049/5044 5102/5097
f 5102/5097 5049/5044 5016/5011
f 4967/4962 1559/1554 5103/5098
f 5104/5099 5018/5013 5076/5071
f 5105/5100 1684/1679 1683/1678
f 5077/5072 5050/5045 5106/5101
f 5050/5045 4969/4964 5106/5101
f 5106/5101 4969/4964 5107/5102
f 1612/1607 1686/1681 1838/1833
f 1503/1498 1560/1555 1779/1774
f 1779/1774 1614/1609 1840/1835
f 1840/1835 1614/1609 1688/1683
f 5108/5103 5052/5047 5109/5104
f 5109/5104 5052/5047 5054/5049
f 5109/5104 5054/5049 5110/5105
f 5054/5049 5056/5051 5110/5105
f 5110/5105 5056/5051 5111/5106
f 5112/5107 5055/5050 5082/5077
f 5113/5108 5057/5052 5024/5019
f 5024/5019 5025/5020 5114/5109
f 5083/5078 4628/4623 5115/5110
f 5115/5110 4628/4623 5116/5111
f 5117/5112 4943/4938 4666/4661
f 5118/5113 5030/5025 4978/4973
f 1622/1617 1621/1616 4917/4912
f 5119/5114 4866/4861 1622/1617
f 4867/4862 4866/4861 5120/5115
f 5031/5026 4732/4727 4761/4756
f 5121/5116 4947/4942 5032/5027
f 5121/5116 4984/4979 4947/4942
f 5122/5117 4920/4915 5123/5118
f 4920/4915 5033/5028 5123/5118
f 5086/5081 4920/4915 5122/5117
f 5085/5080 1447/1442 1448/1443
f 5124/5119 1637/1632 5125/5120
f 1637/1632 1743/1738 5125/5120
f 1746/1741 1574/1569 1801/1796
f 1801/1796 1574/1569 1799/1794
f 1642/1637 1701/1696 1802/1797
f 5090/5085 1642/1637 1802/1797
f 5126/5121 4922/4917 5127/5122
f 1581/1576 1580/1575 1646/1641
f 5090/5085 1802/1797 1748/1743
f 1939/1934 1588/1583 5091/5086
f 1750/1745 1530/1525 1808/1803
f 5064/5059 5036/5031 5128/5123
f 5129/5124 5130/5125 5131/5126
f 1649/1644 5090/5085 1748/1743
f 5132/5127 5035/5030 1588/1583
f 4922/4917 4948/4943 5127/5122
f 1652/1647 1592/1587 5133/5128
f 1657/1652 5035/5030 5132/5127
f 5128/5123 5036/5031 5037/5032
f 5134/5129 1754/1749 5135/5130
f 1597/1592 1657/1652 5136/5131
f 1708/1703 1649/1644 1749/1744
f 1709/1704 1706/1701 1653/1648
f 1756/1751 1755/1750 5137/5132
f 1662/1657 1540/1535 1597/1592
f 1763/1758 1665/1660 1766/1761
f 1760/1755 1717/1712 1601/1596
f 5092/5087 1760/1755 1599/1594
f 1905/1900 5092/5087 5039/5034
f 5138/5133 5139/5134 1674/1669
f 5100/5095 5138/5133 1674/1669
f 5093/5088 5095/5090 5140/5135
f 5072/5067 5073/5068 5141/5136
f 5141/5136 5073/5068 5101/5096
f 5101/5096 5074/5069 5142/5137
f 5142/5137 5074/5069 5075/5070
f 5142/5137 5075/5070 5143/5138
f 5143/5138 5075/5070 5102/5097
f 5102/5097 5016/5011 5144/5139
f 5103/5098 1559/1554 5145/5140
f 5104/5099 5076/5071 5146/5141
f 5105/5100 1683/1678 5078/5073
f 1559/1554 5020/5015 5147/5142
f 5148/5143 5078/5073 5079/5074
f 5082/5077 5057/5052 5113/5108
f 5114/5109 5025/5020 5149/5144
f 5120/5115 4868/4863 4867/4862
f 5031/5026 4761/4756 5150/5145
f 5150/5145 4761/4756 4516/4511
f 1699/1694 1564/1559 1004/999
f 5151/5146 1316/1311 4872/4867
f 5121/5116 5032/5027 1849/1844
f 1849/1844 5032/5027 1628/1623
f 5033/5028 1318/1313 5060/5055
f 5085/5080 1448/1443 5087/5082
f 5087/5082 5061/5056 5152/5147
f 5153/5148 5154/5149 5155/5150
f 1639/1634 1702/1697 1861/1856
f 1526/1521 1807/1802 1702/1697
f 1748/1743 1802/1797 1804/1799
f 5156/5151 5064/5059 5157/5152
f 5158/5153 5159/5154 5160/5155
f 5132/5127 1588/1583 1939/1934
f 5157/5152 5064/5059 5128/5123
f 1749/1744 1748/1743 5161/5156
f 5066/5061 1652/1647 5162/5157
f 5136/5131 1657/1652 5132/5127
f 1592/1587 1662/1657 1994/1989
f 5133/5128 1592/1587 1994/1989
f 1812/1807 1597/1592 5136/5131
f 1749/1744 5161/5156 1810/1805
f 5163/5158 1756/1751 5137/5132
f 1757/1752 1749/1744 1811/1806
f 5137/5132 5164/5159 5165/5160
f 1864/1859 1709/1704 1753/1748
f 1758/1753 1864/1859 1753/1748
f 1813/1808 1761/1756 1760/1755
f 5092/5087 1815/1810 1760/1755
f 5166/5161 5094/5089 5093/5088
f 5166/5161 5093/5088 5167/5162
f 5167/5162 5093/5088 5140/5135
f 5167/5162 5140/5135 5168/5163
f 5168/5163 5140/5135 5095/5090
f 5168/5163 5095/5090 5169/5164
f 5169/5164 5095/5090 5047/5042
f 5169/5164 5047/5042 5170/5165
f 5170/5165 5047/5042 5072/5067
f 5170/5165 5072/5067 5141/5136
f 5171/5166 5101/5096 5142/5137
f 5172/5167 5104/5099 5146/5141
f 5145/5140 1559/1554 5147/5142
f 5146/5141 5076/5071 5173/5168
f 5146/5141 5173/5168 5174/5169
f 5175/5170 5176/5171 5177/5172
f 5177/5172 5176/5171 5178/5173
f 5080/5075 5107/5102 4969/4964
f 1837/1832 5081/5076 1838/1833
f 1779/1774 1840/1835 1917/1912
f 5178/5173 5108/5103 5109/5104
f 5179/5174 5109/5104 5110/5105
f 5110/5105 5111/5106 5180/5175
f 5180/5175 5111/5106 5181/5176
f 5182/5177 5112/5107 5082/5077
f 5183/5178 5058/5053 5083/5078
f 5084/5079 4633/4628 5059/5054
f 4978/4973 4977/4972 5118/5113
f 1963/1958 1625/1620 1624/1619
f 4537/4532 4564/4559 5184/5179
f 4872/4867 1852/1847 1851/1846
f 5185/5180 1797/1792 4984/4979
f 4984/4979 5121/5116 5185/5180
f 5123/5118 5033/5028 5060/5055
f 1798/1793 1632/1627 5186/5181
f 5152/5147 5061/5056 5187/5182
f 1746/1741 1801/1796 1856/1851
f 5188/5183 5189/5184 5126/5121
f 1934/1929 1639/1634 1861/1856
f 1744/1739 1893/1888 1646/1641
f 5190/5185 5159/5154 5191/5186
f 5192/5187 5066/5061 5162/5157
f 5162/5157 1652/1647 5133/5128
f 5130/5125 5134/5129 5131/5126
f 5161/5156 1748/1743 1862/1857
f 1994/1989 1662/1657 1812/1807
f 5163/5158 5137/5132 5165/5160
f 1866/1861 1758/1753 1814/1809
f 1905/1900 1815/1810 5092/5087
f 5193/5188 5094/5089 5166/5161
f 5167/5162 5168/5163 5194/5189
f 5195/5190 5168/5163 5169/5164
f 1672/1667 1607/1602 1775/1770
f 5141/5136 5101/5096 5171/5166
f 5171/5166 5142/5137 5196/5191
f 5196/5191 5142/5137 5143/5138
f 5197/5192 5143/5138 5102/5097
f 5197/5192 5102/5097 5198/5193
f 5102/5097 5144/5139 5198/5193
f 5103/5098 5145/5140 5199/5194
f 5198/5193 5144/5139 5200/5195
f 5201/5196 1686/1681 5202/5197
f 5172/5167 5146/5141 5203/5198
f 5203/5198 5146/5141 5174/5169
f 5107/5102 5080/5075 5204/5199
f 5205/5200 1837/1832 1686/1681
f 5178/5173 5109/5104 5179/5174
f 5206/5201 1692/1687 1841/1836
f 5113/5108 5024/5019 5207/5202
f 5114/5109 5149/5144 5208/5203
f 5208/5203 5149/5144 5209/5204
f 5210/5205 4832/4827 4943/4938
f 5119/5114 5120/5115 4866/4861
f 5211/5206 4869/4864 5212/5207
f 4869/4864 4760/4755 5031/5026
f 4636/4631 4946/4941 5213/5208
f 5213/5208 4946/4941 4669/4664
f 1699/1694 1004/999 1887/1882
f 1890/1885 1797/1792 5185/5180
f 5187/5182 5061/5056 5214/5209
f 5215/5210 5088/5083 5089/5084
f 5186/5181 1632/1627 5063/5058
f 5153/5148 5155/5150 2071/2066
f 2071/2066 5155/5150 5216/5211
f 1634/1629 1633/1628 1857/1852
f 5160/5155 5159/5154 5190/5185
f 5132/5127 1939/1934 5217/5212
f 5217/5212 1939/1934 1938/1933
f 1940/1935 1939/1934 5091/5086
f 1750/1745 1808/1803 1937/1932
f 2174/2169 5158/5153 5160/5155
f 5191/5186 5129/5124 5131/5126
f 5218/5213 5158/5153 2174/2169
f 5157/5152 5128/5123 2028/2023
f 5131/5126 5134/5129 5135/5130
f 5161/5156 1862/1857 1810/1805
f 1709/1704 1901/1896 1809/1804
f 1754/1749 1756/1751 5219/5214
f 5165/5160 5164/5159 5220/5215
f 1811/1806 1863/1858 1946/1941
f 5220/5215 5164/5159 5221/5216
f 1758/1753 1865/1860 1864/1859
f 5193/5188 5166/5161 5167/5162
f 5194/5189 5168/5163 5195/5190
f 5169/5164 5170/5165 5222/5217
f 5223/5218 5170/5165 5224/5219
f 5170/5165 5141/5136 5171/5166
f 5224/5219 5170/5165 5171/5166
f 1672/1667 1775/1770 1911/1906
f 5196/5191 5143/5138 5197/5192
f 5225/5220 5175/5170 5177/5172
f 5145/5140 5147/5142 5226/5221
f 5203/5198 5174/5169 5227/5222
f 5080/5075 5228/5223 5229/5224
f 5230/5225 1837/1832 5205/5200
f 5179/5174 5110/5105 5231/5226
f 5182/5177 5082/5077 5232/5227
f 5232/5227 5082/5077 5113/5108
f 5232/5227 5113/5108 5207/5202
f 5207/5202 5024/5019 5208/5203
f 5024/5019 5114/5109 5208/5203
f 4973/4968 4832/4827 5233/5228
f 4666/4661 4791/4786 5234/5229
f 4976/4971 5030/5025 5235/5230
f 5236/5231 4977/4972 4979/4974
f 2165/2160 4868/4863 5120/5115
f 5237/5232 661/656 1927/1922
f 5238/5233 5239/5234 5240/5235
f 5062/5057 5088/5083 5215/5210
f 5241/5236 1798/1793 5186/5181
f 5242/5237 5238/5233 5243/5238
f 5238/5233 5240/5235 5243/5238
f 5243/5238 5240/5235 5244/5239
f 5214/5209 5061/5056 5062/5057
f 1935/1930 5242/5237 5243/5238
f 5244/5239 5240/5235 5245/5240
f 5246/5241 5125/5120 5247/5242
f 5125/5120 1743/1738 5247/5242
f 5186/5181 5063/5058 5248/5243
f 1633/1628 5242/5237 1935/1930
f 1860/1855 1746/1741 2170/2165
f 2170/2165 1746/1741 1856/1851
f 1857/1852 1633/1628 1935/1930
f 5216/5211 5155/5150 5249/5244
f 5188/5183 5126/5121 5250/5245
f 5126/5121 5127/5122 5250/5245
f 1646/1641 1893/1888 1896/1891
f 5250/5245 5127/5122 5251/5246
f 5156/5151 5157/5152 2030/2025
f 5191/5186 5131/5126 5252/5247
f 1862/1857 1804/1799 1941/1936
f 5253/5248 5192/5187 5162/5157
f 5162/5157 5133/5128 1993/1988
f 5254/5249 5162/5157 1993/1988
f 5136/5131 5132/5127 5217/5212
f 2030/2025 5157/5152 2028/2023
f 1993/1988 5133/5128 1994/1989
f 1994/1989 1812/1807 5255/5250
f 1812/1807 5136/5131 5255/5250
f 5219/5214 5135/5130 1754/1749
f 1948/1943 1868/1863 1907/1902
f 5193/5188 5167/5162 5256/5251
f 5256/5251 5167/5162 5257/5252
f 5257/5252 5167/5162 5194/5189
f 5258/5253 5169/5164 5222/5217
f 5222/5217 5170/5165 5223/5218
f 5171/5166 5196/5191 5259/5254
f 1911/1906 1775/1770 2009/2004
f 2009/2004 1775/1770 1878/1873
f 5260/5255 1686/1681 5201/5196
f 5225/5220 5177/5172 5261/5256
f 5262/5257 5263/5258 5204/5199
f 5205/5200 1686/1681 5260/5255
f 5204/5199 5080/5075 5229/5224
f 5177/5172 5178/5173 5179/5174
f 1955/1950 1840/1835 1883/1878
f 5264/5259 5179/5174 5231/5226
f 5231/5226 5110/5105 5180/5175
f 5265/5260 5182/5177 5232/5227
f 5207/5202 5208/5203 5266/5261
f 5266/5261 5208/5203 5209/5204
f 4791/4786 4913/4908 5267/5262
f 5267/5262 4913/4908 4944/4939
f 5118/5113 4977/4972 5236/5231
f 5212/5207 4869/4864 5031/5026
f 4983/4978 4537/4532 5184/5179
f 5268/5263 5121/5116 1849/1844
f 5185/5180 5121/5116 5268/5263
f 5151/5146 4872/4867 1851/1846
f 5214/5209 5062/5057 5215/5210
f 5215/5210 5089/5084 5269/5264
f 2170/2165 1856/1851 1932/1927
f 1935/1930 5243/5238 1894/1889
f 5245/5240 5270/5265 5271/5266
f 5271/5266 5270/5265 5272/5267
f 1990/1985 1989/1984 5273/5268
f 5274/5269 1860/1855 2170/2165
f 1894/1889 5243/5238 5275/5270
f 5275/5270 5243/5238 5244/5239
f 5244/5239 5245/5240 5271/5266
f 5136/5131 5217/5212 5276/5271
f 1994/1989 5255/5250 5277/5272
f 2176/2171 5218/5213 2174/2169
f 2176/2171 5278/5273 5218/5213
f 1947/1942 1863/1858 1973/1968
f 5220/5215 5279/5274 5280/5275
f 5281/5276 5278/5273 2176/2171
f 2008/2003 1909/1904 1870/1865
f 5194/5189 5195/5190 5282/5277
f 5282/5277 5195/5190 5258/5253
f 5195/5190 5169/5164 5258/5253
f 5258/5253 5222/5217 5283/5278
f 5283/5278 5222/5217 5223/5218
f 5283/5278 5223/5218 5284/5279
f 5284/5279 5223/5218 5224/5219
f 5259/5254 5224/5219 5171/5166
f 5259/5254 5196/5191 5285/5280
f 5285/5280 5196/5191 5197/5192
f 5198/5193 5200/5195 5286/5281
f 5287/5282 5172/5167 5203/5198
f 5260/5255 5201/5196 5288/5283
f 5289/5284 5225/5220 5261/5256
f 5261/5256 5177/5172 5290/5285
f 5262/5257 5204/5199 5229/5224
f 1954/1949 1917/1912 1955/1950
f 5232/5227 5207/5202 5291/5286
f 5233/5228 4832/4827 5210/5205
f 5210/5205 4943/4938 5292/5287
f 5292/5287 4943/4938 5117/5112
f 5234/5229 4791/4786 5267/5262
f 4632/4627 4792/4787 5293/5288
f 4870/4865 4513/4508 5294/5289
f 5295/5290 5237/5232 1927/1922
f 1314/1309 4918/4913 5296/5291
f 5297/5292 5268/5263 1849/1844
f 5297/5292 1849/1844 1889/1884
f 1890/1885 5185/5180 5268/5263
f 2067/2062 1798/1793 5241/5236
f 1990/1985 5273/5268 2025/2020
f 1894/1889 5275/5270 1941/1936
f 1997/1992 5275/5270 5244/5239
f 5244/5239 5271/5266 5298/5293
f 1938/1933 1940/1935 5299/5294
f 5299/5294 1940/1935 5300/5295
f 5301/5296 5156/5151 2030/2025
f 1941/1936 5275/5270 1997/1992
f 1997/1992 5244/5239 5298/5293
f 5253/5248 5162/5157 5254/5249
f 5302/5297 5254/5249 1993/1988
f 5252/5247 5190/5185 5191/5186
f 1942/1937 1941/1936 1997/1992
f 5302/5297 1993/1988 1995/1990
f 5255/5250 5136/5131 5276/5271
f 5277/5272 5255/5250 5303/5298
f 5304/5299 5131/5126 5135/5130
f 1944/1939 1942/1937 1997/1992
f 1995/1990 1994/1989 5277/5272
f 1900/1895 1996/1991 1901/1896
f 5219/5214 1756/1751 5305/5300
f 5306/5301 1756/1751 5163/5158
f 5306/5301 5163/5158 5165/5160
f 5280/5275 5279/5274 5307/5302
f 5308/5303 5257/5252 5194/5189
f 5194/5189 5282/5277 5308/5303
f 5282/5277 5258/5253 5283/5278
f 5284/5279 5224/5219 5309/5304
f 5309/5304 5224/5219 5259/5254
f 5309/5304 5259/5254 5310/5305
f 5310/5305 5259/5254 5285/5280
f 5285/5280 5197/5192 5311/5306
f 5311/5306 5197/5192 5198/5193
f 5312/5307 5198/5193 5286/5281
f 2152/2147 5199/5194 5145/5140
f 5313/5308 5205/5200 5260/5255
f 5290/5285 5177/5172 5314/5309
f 5177/5172 5179/5174 5314/5309
f 5315/5310 5316/5311 5317/5312
f 5230/5225 5205/5200 5313/5308
f 5318/5313 5230/5225 5313/5308
f 2016/2011 5319/5314 1981/1976
f 5265/5260 5232/5227 5320/5315
f 5117/5112 4666/4661 5234/5229
f 1926/1921 4536/4531 5321/5316
f 1698/1693 1114/1109 2019/2014
f 5186/5181 5248/5243 5322/5317
f 5323/5318 5160/5155 5190/5185
f 5252/5247 5131/5126 5304/5299
f 1997/1992 5298/5293 5324/5319
f 1998/1993 1997/1992 5324/5319
f 5324/5319 5298/5293 5325/5320
f 5304/5299 5135/5130 5326/5321
f 1998/1993 5324/5319 5325/5320
f 5326/5321 5135/5130 5219/5214
f 1998/1993 5325/5320 2001/1996
f 2001/1996 5325/5320 5327/5322
f 2002/1997 2000/1995 1866/1861
f 5256/5251 5257/5252 5328/5323
f 5329/5324 5256/5251 5328/5323
f 5257/5252 5308/5303 5330/5325
f 5308/5303 5282/5277 5331/5326
f 5282/5277 5283/5278 5332/5327
f 5333/5328 5283/5278 5284/5279
f 1879/1874 2042/2037 1880/1875
f 5334/5329 5262/5257 5229/5224
f 5145/5140 5226/5221 5335/5330
f 5314/5309 5179/5174 5264/5259
f 5231/5226 5180/5175 5336/5331
f 5320/5315 5232/5227 5291/5286
f 5291/5286 5207/5202 5337/5332
f 5337/5332 5207/5202 5266/5261
f 4945/4940 4632/4627 5338/5333
f 5338/5333 4632/4627 5293/5288
f 4975/4970 4976/4971 5339/5334
f 5235/5230 5030/5025 5118/5113
f 5340/5335 4636/4631 5213/5208
f 5268/5263 5297/5292 2089/2084
f 2068/2063 2067/2062 5241/5236
f 5341/5336 5214/5209 5342/5337
f 5342/5337 5214/5209 5215/5210
f 5215/5210 5269/5264 5343/5338
f 5344/5339 2073/2068 2072/2067
f 5345/5340 2071/2066 5216/5211
f 5346/5341 5186/5181 5322/5317
f 5216/5211 5249/5244 5347/5342
f 5348/5343 5274/5269 2169/2164
f 2169/2164 5274/5269 2170/2165
f 5349/5344 5301/5296 2030/2025
f 5350/5345 5351/5346 5352/5347
f 1898/1893 2143/2138 1899/1894
f 5305/5300 1756/1751 5306/5301
f 5280/5275 5165/5160 5220/5215
f 5280/5275 5307/5302 5353/5348
f 5280/5275 5353/5348 5354/5349
f 5354/5349 5353/5348 5355/5350
f 5356/5351 5281/5276 5357/5352
f 5358/5353 5356/5351 5357/5352
f 5328/5323 5257/5252 5359/5354
f 5257/5252 5330/5325 5359/5354
f 5330/5325 5308/5303 5331/5326
f 5331/5326 5282/5277 5332/5327
f 5333/5328 5284/5279 5309/5304
f 5309/5304 5310/5305 5333/5328
f 5311/5306 5198/5193 5312/5307
f 5312/5307 5286/5281 5360/5355
f 2152/2147 5145/5140 2153/2148
f 5287/5282 5203/5198 5361/5356
f 5203/5198 5362/5357 5361/5356
f 5260/5255 5288/5283 5363/5358
f 5361/5356 5362/5357 5364/5359
f 2153/2148 5145/5140 5335/5330
f 5365/5360 5315/5310 5317/5312
f 5318/5313 5313/5308 2187/2182
f 5366/5361 5264/5259 5231/5226
f 5336/5331 5180/5175 5367/5362
f 5337/5332 5266/5261 5209/5204
f 5368/5363 4973/4968 5233/5228
f 5293/5288 4792/4787 5369/5364
f 5213/5208 4669/4664 5370/5365
f 5371/5366 4670/4665 725/720
f 5372/5367 5373/5368 5374/5369
f 5151/5146 1851/1846 2092/2087
f 2021/2016 2093/2088 1965/1960
f 5342/5337 5215/5210 5375/5370
f 5375/5370 5215/5210 5343/5338
f 2171/2166 2170/2165 1932/1927
f 1932/1927 1931/1926 2096/2091
f 5188/5183 5250/5245 5376/5371
f 5377/5372 5378/5373 5379/5374
f 5379/5374 5378/5373 5380/5375
f 5380/5375 5378/5373 5381/5376
f 5349/5344 2030/2025 5382/5377
f 5383/5378 5350/5345 5384/5379
f 5350/5345 5352/5347 5384/5379
f 5385/5380 5386/5381 5387/5382
f 5387/5382 5386/5381 5377/5372
f 5387/5382 5377/5372 5379/5374
f 2174/2169 5160/5155 5323/5318
f 5387/5382 5388/5383 5385/5380
f 5165/5160 5280/5275 5389/5384
f 5357/5352 5281/5276 2176/2171
f 2224/2219 5358/5353 5357/5352
f 5390/5385 5331/5326 5332/5327
f 5332/5327 5283/5278 5333/5328
f 5333/5328 5310/5305 5391/5386
f 2084/2079 2083/2078 2109/2104
f 5391/5386 5310/5305 5285/5280
f 5392/5387 5311/5306 5312/5307
f 5360/5355 5286/5281 5393/5388
f 5394/5389 5287/5282 5361/5356
f 5395/5390 5260/5255 5363/5358
f 5396/5391 5289/5284 5261/5256
f 5397/5392 5315/5310 5398/5393
f 5290/5285 5314/5309 5399/5394
f 2010/2005 1955/1950 2055/2050
f 2117/2112 2055/2050 1883/1878
f 5339/5334 4976/4971 5235/5230
f 5184/5179 4564/4559 5400/5395
f 5401/5396 5268/5263 2089/2084
f 1890/1885 5268/5263 5401/5396
f 5402/5397 5403/5398 5404/5399
f 2068/2063 5241/5236 5346/5341
f 5346/5341 5241/5236 5186/5181
f 2072/2067 2071/2066 5405/5400
f 5405/5400 2071/2066 5345/5340
f 2171/2166 1932/1927 2096/2091
f 5406/5401 5188/5183 5407/5402
f 5345/5340 5216/5211 5347/5342
f 5381/5376 5408/5403 5409/5404
f 5380/5375 5381/5376 5409/5404
f 5410/5405 5411/5406 5412/5407
f 5413/5408 5414/5409 2140/2135
f 5376/5371 5250/5245 5251/5246
f 5376/5371 5251/5246 5415/5410
f 2030/2025 2029/2024 5416/5411
f 5352/5347 5351/5346 5417/5412
f 5418/5413 5388/5383 5387/5382
f 5252/5247 5304/5299 5419/5414
f 5420/5415 5417/5412 5388/5383
f 5420/5415 5388/5383 5418/5413
f 5326/5321 5219/5214 5305/5300
f 5306/5301 5165/5160 5389/5384
f 5359/5354 5330/5325 5421/5416
f 5421/5416 5330/5325 5331/5326
f 5331/5326 5390/5385 5422/5417
f 5422/5417 5390/5385 5332/5327
f 5423/5418 5332/5327 5333/5328
f 5391/5386 5285/5280 5424/5419
f 5392/5387 5312/5307 5360/5355
f 5396/5391 5261/5256 5425/5420
f 2185/2180 5313/5308 5260/5255
f 2185/2180 5260/5255 5395/5390
f 5425/5420 5261/5256 5290/5285
f 5425/5420 5290/5285 5399/5394
f 5398/5393 5315/5310 5426/5421
f 5426/5421 5315/5310 5365/5360
f 2187/2182 5313/5308 2185/2180
f 5399/5394 5314/5309 5366/5361
f 5366/5361 5314/5309 5264/5259
f 5366/5361 5231/5226 5427/5422
f 5427/5422 5231/5226 5336/5331
f 5428/5423 5320/5315 5429/5424
f 5320/5315 5291/5286 5429/5424
f 5429/5424 5291/5286 5430/5425
f 5430/5425 5291/5286 5337/5332
f 5337/5332 5209/5204 5431/5426
f 5432/5427 5337/5332 5431/5426
f 5433/5428 5183/5178 5083/5078
f 5433/5428 5083/5078 5115/5110
f 5235/5230 5118/5113 5434/5429
f 5435/5430 5212/5207 5031/5026
f 5436/5431 5344/5339 2072/2067
f 2131/2126 2026/2021 2025/2020
f 5407/5402 5188/5183 5376/5371
f 5383/5378 5384/5379 5437/5432
f 5382/5377 2030/2025 5416/5411
f 5352/5347 5417/5412 5420/5415
f 5357/5352 2176/2171 2175/2170
f 5389/5384 5280/5275 5438/5433
f 5438/5433 5280/5275 5354/5349
f 2226/2221 5358/5353 2224/2219
f 5329/5324 5328/5323 5439/5434
f 5440/5435 5329/5324 5439/5434
f 5328/5323 5359/5354 5439/5434
f 5441/5436 5359/5354 5421/5416
f 5421/5416 5331/5326 5422/5417
f 5422/5417 5332/5327 5423/5418
f 5423/5418 5333/5328 5391/5386
f 5424/5419 5285/5280 5311/5306
f 5424/5419 5311/5306 5392/5387
f 5361/5356 5364/5359 5442/5437
f 5443/5438 5398/5393 5426/5421
f 5426/5421 5365/5360 5317/5312
f 5426/5421 5317/5312 5444/5439
f 5318/5313 2187/2182 2186/2181
f 2207/2202 2016/2011 1982/1977
f 5430/5425 5337/5332 5432/5427
f 5084/5079 5059/5054 5027/5022
f 4974/4969 5028/5023 5445/5440
f 5446/5441 5029/5024 4975/4970
f 5434/5429 5118/5113 5236/5231
f 1622/1617 4917/4912 5447/5442
f 5371/5366 725/720 2188/2183
f 5448/5443 5031/5026 5150/5145
f 4983/4978 5184/5179 5449/5444
f 5450/5445 5451/5446 2464/2459
f 5452/5447 5341/5336 5375/5370
f 5341/5336 5342/5337 5375/5370
f 5379/5374 5380/5375 5453/5448
f 2223/2218 2102/2097 2101/2096
f 2198/2193 5454/5449 2227/2222
f 5454/5449 2226/2221 2227/2222
f 2197/2192 5454/5449 2198/2193
f 2106/2101 2107/2102 2323/2318
f 5439/5434 5359/5354 5441/5436
f 5423/5418 5391/5386 2333/2328
f 2333/2328 5391/5386 2334/2329
f 2334/2329 5391/5386 5424/5419
f 5455/5450 1622/1617 5447/5442
f 5456/5451 5457/5452 5458/5453
f 5459/5454 2252/2247 5460/5455
f 5461/5456 5450/5445 2464/2459
f 2464/2459 5451/5446 5459/5454
f 2169/2164 2171/2166 5462/5457
f 5462/5457 2171/2166 5463/5458
f 5190/5185 5252/5247 5464/5459
f 5465/5460 5387/5382 5379/5374
f 5352/5347 5420/5415 5466/5461
f 5467/5462 5418/5413 5387/5382
f 5468/5463 5420/5415 5467/5462
f 5467/5462 5420/5415 5418/5413
f 5389/5384 5305/5300 5306/5301
f 5441/5436 5421/5416 2327/2322
f 2327/2322 5421/5416 5422/5417
f 5469/5464 5392/5387 5360/5355
f 5469/5464 5360/5355 5470/5465
f 5471/5466 2153/2148 5335/5330
f 5472/5467 5443/5438 5426/5421
f 5399/5394 5366/5361 2412/2407
f 5426/5421 5444/5439 5473/5468
f 5474/5469 5426/5421 5473/5468
f 5430/5425 5432/5427 5475/5470
f 5476/5471 5292/5287 5117/5112
f 5236/5231 4979/4974 5477/5472
f 5477/5472 4979/4974 4980/4975
f 2249/2244 1926/1921 5321/5316
f 5400/5395 4564/4559 4870/4865
f 5478/5473 5449/5444 5184/5179
f 2210/2205 1314/1309 5296/5291
f 5479/5474 5480/5475 5481/5476
f 2347/2342 2211/2206 2306/2301
f 5482/5477 5483/5478 5484/5479
f 5405/5400 5345/5340 5485/5480
f 2171/2166 2096/2091 5463/5458
f 5463/5458 2096/2091 2213/2208
f 5486/5481 5343/5338 5487/5482
f 5406/5401 5407/5402 5488/5483
f 5346/5341 5322/5317 5489/5484
f 2255/2250 2024/2019 2257/2252
f 5490/5485 5380/5375 5409/5404
f 2356/2351 5413/5408 2140/2135
f 5376/5371 5415/5410 5491/5486
f 5492/5487 2174/2169 5323/5318
f 2471/2466 5382/5377 5416/5411
f 5467/5462 5387/5382 5465/5460
f 5466/5461 5420/5415 5468/5463
f 5389/5384 5438/5433 5493/5488
f 5357/5352 2175/2170 5494/5489
f 2327/2322 5422/5417 5423/5418
f 2327/2322 5423/5418 5495/5490
f 5495/5490 5423/5418 2333/2328
f 5424/5419 5392/5387 5496/5491
f 5496/5491 5392/5387 5469/5464
f 5470/5465 5360/5355 5497/5492
f 5497/5492 5360/5355 5393/5388
f 2269/2264 2153/2148 5471/5466
f 5498/5493 5394/5389 5361/5356
f 5395/5390 5363/5358 5499/5494
f 5500/5495 5396/5391 5425/5420
f 5361/5356 5442/5437 5501/5496
f 5501/5496 5442/5437 5502/5497
f 2185/2180 5395/5390 2448/2443
f 5503/5498 5425/5420 5399/5394
f 5472/5467 5426/5421 5474/5469
f 5504/5499 2186/2181 5505/5500
f 5505/5500 2186/2181 2185/2180
f 2412/2407 5366/5361 2413/2408
f 5428/5423 5429/5424 5506/5501
f 5506/5501 5429/5424 5507/5502
f 5429/5424 5430/5425 5507/5502
f 5507/5502 5430/5425 5475/5470
f 5475/5470 5432/5427 5508/5503
f 5508/5503 5432/5427 5431/5426
f 5477/5472 4980/4975 5509/5504
f 5510/5505 4982/4977 4981/4976
f 2464/2459 5459/5454 5511/5506
f 2345/2340 2347/2342 2306/2301
f 2254/2249 2068/2063 2588/2583
f 2588/2583 2068/2063 5346/5341
f 5512/5507 5375/5370 5486/5481
f 5375/5370 5343/5338 5486/5481
f 5513/5508 5514/5509 5482/5477
f 5514/5509 5483/5478 5482/5477
f 5485/5480 5345/5340 5515/5510
f 5515/5510 5345/5340 5347/5342
f 5488/5483 5407/5402 5376/5371
f 5490/5485 5453/5448 5380/5375
f 5490/5485 5409/5404 5516/5511
f 2356/2351 2140/2135 2287/2282
f 5323/5318 5190/5185 5492/5487
f 5465/5460 5379/5374 5453/5448
f 5384/5379 5352/5347 5517/5512
f 5517/5512 5352/5347 5518/5513
f 2471/2466 5416/5411 5519/5514
f 5419/5414 5464/5459 5252/5247
f 5518/5513 5352/5347 5466/5461
f 5520/5515 5467/5462 5465/5460
f 5521/5516 5305/5300 5389/5384
f 5438/5433 5354/5349 5522/5517
f 5493/5488 5438/5433 5522/5517
f 5523/5518 5357/5352 5524/5519
f 2224/2219 5357/5352 5523/5518
f 2228/2223 2198/2193 2227/2222
f 2230/2225 2229/2224 2261/2256
f 2442/2437 5440/5435 5439/5434
f 5525/5520 5439/5434 5441/5436
f 5525/5520 5441/5436 2326/2321
f 2326/2321 5441/5436 2327/2322
f 2328/2323 2327/2322 5495/5490
f 2328/2323 5495/5490 5526/5521
f 2335/2330 2334/2329 5424/5419
f 2335/2330 5424/5419 5496/5491
f 5498/5493 5361/5356 5501/5496
f 2448/2443 5395/5390 5499/5494
f 5503/5498 5399/5394 2412/2407
f 5471/5466 5335/5330 5527/5522
f 5472/5467 5474/5469 5528/5523
f 5528/5523 5474/5469 5473/5468
f 2118/2113 2117/2112 2491/2486
f 2413/2408 5366/5361 5427/5422
f 5529/5524 5336/5331 5530/5525
f 5531/5526 5532/5527 5533/5528
f 5119/5114 1622/1617 5455/5450
f 5478/5473 5184/5179 5400/5395
f 5400/5395 4870/4865 5294/5289
f 5534/5529 5449/5444 5478/5473
f 5511/5506 5459/5454 5460/5455
f 5535/5530 5452/5447 5375/5370
f 5535/5530 5375/5370 5512/5507
f 5482/5477 5484/5479 5536/5531
f 5537/5532 5348/5343 2169/2164
f 5488/5483 5376/5371 5491/5486
f 5538/5533 5453/5448 5490/5485
f 5349/5344 5382/5377 2471/2466
f 5437/5432 5384/5379 5517/5512
f 5539/5534 5437/5432 5517/5512
f 5465/5460 5453/5448 5538/5533
f 5520/5515 5465/5460 5540/5535
f 5541/5536 5468/5463 5467/5462
f 5326/5321 5305/5300 5542/5537
f 5543/5538 5357/5352 5494/5489
f 2229/2224 5544/5539 2321/2316
f 2261/2256 2229/2224 2321/2316
f 2262/2257 2261/2256 2322/2317
f 2442/2437 5439/5434 5525/5520
f 2328/2323 5526/5521 5545/5540
f 2335/2330 5496/5491 5546/5541
f 5547/5542 5469/5464 5470/5465
f 5547/5542 5470/5465 5497/5492
f 5500/5495 5425/5420 5548/5543
f 5501/5496 5502/5497 5549/5544
f 5548/5543 5425/5420 5503/5498
f 5528/5523 5473/5468 5550/5545
f 5551/5546 5504/5499 5505/5500
f 2340/2335 2118/2113 2491/2486
f 5427/5422 5336/5331 5529/5524
f 5552/5547 5368/5363 5233/5228
f 5553/5548 5084/5079 5027/5022
f 5554/5549 4974/4969 5445/5440
f 5211/5206 5212/5207 5555/5550
f 5448/5443 5150/5145 3067/3062
f 5511/5506 5460/5455 5556/5551
f 5556/5551 5460/5455 2251/2246
f 1848/1843 1888/1883 2386/2381
f 5557/5552 5482/5477 5536/5531
f 2506/2501 5463/5458 2213/2208
f 5558/5553 5462/5457 5463/5458
f 5537/5532 2169/2164 5559/5554
f 5559/5554 2169/2164 5462/5457
f 5559/5554 5462/5457 5558/5553
f 5490/5485 5516/5511 5560/5555
f 5561/5556 5349/5344 2471/2466
f 5562/5557 5190/5185 5464/5459
f 5540/5535 5465/5460 5538/5533
f 5419/5414 5304/5299 5563/5558
f 5304/5299 5326/5321 5563/5558
f 5305/5300 5521/5516 5542/5537
f 5524/5519 5357/5352 5543/5538
f 5544/5539 5564/5559 2321/2316
f 2322/2317 2321/2316 5565/5560
f 5566/5561 2326/2321 2328/2323
f 5566/5561 2328/2323 5545/5540
f 5545/5540 5526/5521 5567/5562
f 5567/5562 5526/5521 5495/5490
f 5567/5562 5495/5490 5568/5563
f 5495/5490 2333/2328 2525/2520
f 2333/2328 2335/2330 2525/2520
f 2298/2293 2240/2235 2406/2401
f 5496/5491 5469/5464 5547/5542
f 5498/5493 5501/5496 5569/5564
f 5570/5565 5472/5467 5528/5523
f 5505/5500 2185/2180 2448/2443
f 5529/5524 5530/5525 5571/5566
f 5506/5501 5507/5502 5572/5567
f 5475/5470 5508/5503 5573/5568
f 5573/5568 5508/5503 5574/5569
f 5575/5570 5233/5228 5210/5205
f 5555/5550 5212/5207 5435/5430
f 1887/1882 2210/2205 2539/2534
f 2586/2581 5346/5341 5489/5484
f 5492/5487 5190/5185 5562/5557
f 5488/5483 5491/5486 5576/5571
f 5518/5513 5466/5461 5577/5572
f 5578/5573 5468/5463 5541/5536
f 5563/5558 5326/5321 5542/5537
f 5521/5516 5389/5384 5579/5574
f 5389/5384 5493/5488 5579/5574
f 5580/5575 5564/5559 5581/5576
f 2321/2316 5564/5559 5580/5575
f 2363/2358 2235/2230 2400/2395
f 2442/2437 5525/5520 2443/2438
f 5525/5520 2326/2321 5566/5561
f 2445/2440 2365/2360 2367/2362
f 5582/5577 5567/5562 5568/5563
f 2525/2520 5568/5563 5495/5490
f 5583/5578 2369/2364 2403/2398
f 5584/5579 2369/2364 5583/5578
f 5547/5542 5497/5492 5585/5580
f 5586/5581 2269/2264 5471/5466
f 5587/5582 5500/5495 5548/5543
f 5588/5583 5498/5493 5569/5564
f 5569/5564 5501/5496 5549/5544
f 2448/2443 5499/5494 2568/2563
f 2450/2445 5505/5500 2448/2443
f 5548/5543 5503/5498 5589/5584
f 5589/5584 5503/5498 2412/2407
f 5551/5546 5505/5500 2450/2445
f 2242/2237 2378/2373 2379/2374
f 5590/5585 5506/5501 5572/5567
f 5572/5567 5507/5502 5475/5470
f 5508/5503 5431/5426 5574/5569
f 5591/5586 5532/5527 5531/5526
f 5592/5587 5117/5112 5234/5229
f 5293/5288 5369/5364 5593/5588
f 5594/5589 5235/5230 5434/5429
f 2422/2417 2165/2160 5120/5115
f 5448/5443 5435/5430 5031/5026
f 2210/2205 5296/5291 5595/5590
f 2463/2458 5461/5456 2464/2459
f 5535/5530 5512/5507 5486/5481
f 2504/2499 2506/2501 2213/2208
f 2588/2583 5346/5341 2586/2581
f 5513/5508 5482/5477 5557/5552
f 5558/5553 5463/5458 2506/2501
f 5538/5533 5490/5485 5596/5591
f 5561/5556 2471/2466 2544/2539
f 5597/5592 2174/2169 5492/5487
f 2175/2170 2174/2169 5597/5592
f 5598/5593 5517/5512 5518/5513
f 2471/2466 5519/5514 2596/2591
f 5578/5573 5541/5536 5467/5462
f 5466/5461 5468/5463 5578/5573
f 5599/5594 5494/5489 2175/2170
f 5600/5595 5601/5596 5602/5597
f 2438/2433 2439/2434 2519/2514
f 5565/5560 2321/2316 2555/2550
f 5565/5560 2555/2550 5603/5598
f 2443/2438 5525/5520 5604/5599
f 5604/5599 5525/5520 5566/5561
f 2604/2599 5566/5561 5545/5540
f 2522/2517 2403/2398 2445/2440
f 5545/5540 5567/5562 2524/2519
f 2524/2519 5567/5562 5582/5577
f 5582/5577 5568/5563 2525/2520
f 2402/2397 2298/2293 2406/2401
f 2525/2520 2335/2330 5605/5600
f 5605/5600 2335/2330 5546/5541
f 5546/5541 5496/5491 5606/5601
f 5606/5601 5496/5491 5547/5542
f 5606/5601 5547/5542 5607/5602
f 2485/2480 5584/5579 5583/5578
f 2404/2399 2405/2400 2239/2234
f 5607/5602 5547/5542 5585/5580
f 5586/5581 5471/5466 5608/5603
f 5569/5564 5549/5544 5609/5604
f 2448/2443 2568/2563 2449/2444
f 5589/5584 2412/2407 2414/2409
f 2416/2411 2207/2202 2453/2448
f 5590/5585 5572/5567 5610/5605
f 5611/5606 5572/5567 5475/5470
f 5210/5205 5292/5287 5575/5570
f 5575/5570 5292/5287 5476/5471
f 5612/5607 5084/5079 5553/5548
f 5553/5548 5027/5022 4974/4969
f 5339/5334 5235/5230 5594/5589
f 5613/5608 5455/5450 5447/5442
f 5119/5114 5455/5450 5614/5609
f 5615/5610 5211/5206 5555/5550
f 2464/2459 5511/5506 2462/2457
f 2465/2460 2254/2249 2588/2583
f 5616/5611 5535/5530 5486/5481
f 5617/5612 5618/5613 5619/5614
f 5617/5612 5619/5614 5620/5615
f 5513/5508 5557/5552 5621/5616
f 2352/2347 2307/2302 2507/2502
f 5622/5617 5488/5483 5576/5571
f 2546/2541 5561/5556 2544/2539
f 2717/2712 5538/5533 5596/5591
f 2544/2539 2471/2466 2470/2465
f 5576/5571 5491/5486 5623/5618
f 5539/5534 5517/5512 5598/5593
f 5624/5619 5539/5534 5598/5593
f 5598/5593 5518/5513 5577/5572
f 5540/5535 5538/5533 2717/2712
f 2469/2464 2471/2466 2596/2591
f 5625/5620 5419/5414 5563/5558
f 5626/5621 5520/5515 5540/5535
f 5578/5573 5467/5462 5626/5621
f 5626/5621 5467/5462 5520/5515
f 5599/5594 2175/2170 5627/5622
f 5628/5623 5563/5558 5542/5537
f 5629/5624 5542/5537 5521/5516
f 5579/5574 5493/5488 5630/5625
f 5630/5625 5493/5488 5522/5517
f 5601/5596 5631/5626 5602/5597
f 5600/5595 5602/5597 5632/5627
f 5581/5576 5600/5595 5632/5627
f 5633/5628 5581/5576 5632/5627
f 5634/5629 2441/2436 2443/2438
f 2443/2438 5604/5599 5635/5630
f 5604/5599 5566/5561 2604/2599
f 2604/2599 5545/5540 2524/2519
f 2523/2518 5583/5578 2403/2398
f 2524/2519 5582/5577 2525/2520
f 2526/2521 2525/2520 5605/5600
f 2402/2397 2406/2401 2528/2523
f 5605/5600 5546/5541 5606/5601
f 2486/2481 2485/2480 5583/5578
f 5587/5582 5548/5543 5636/5631
f 5636/5631 5548/5543 5589/5584
f 5608/5603 5471/5466 5527/5522
f 5637/5632 5638/5633 2684/2679
f 2684/2679 5638/5633 5639/5634
f 2377/2372 2340/2335 2492/2487
f 5589/5584 2414/2409 5640/5635
f 2414/2409 2413/2408 5427/5422
f 5611/5606 5475/5470 5573/5568
f 5641/5636 5573/5568 5574/5569
f 5552/5547 5233/5228 5642/5637
f 5642/5637 5233/5228 5575/5570
f 5510/5505 4981/4976 5643/5638
f 5120/5115 5119/5114 5614/5609
f 2422/2417 5120/5115 5644/5639
f 5645/5640 5340/5335 5213/5208
f 5213/5208 5370/5365 5646/5641
f 5647/5642 5371/5366 2188/2183
f 2462/2457 5511/5506 5648/5643
f 5648/5643 5511/5506 5556/5551
f 2306/2301 2305/2300 2503/2498
f 5649/5644 5616/5611 5486/5481
f 5557/5552 5536/5531 5650/5645
f 5651/5646 5513/5508 5621/5616
f 5652/5647 5485/5480 5515/5510
f 5653/5648 5488/5483 5622/5617
f 5652/5647 5515/5510 5654/5649
f 5655/5650 5537/5532 5559/5554
f 5464/5459 5419/5414 5625/5620
f 5596/5591 5490/5485 5656/5651
f 5656/5651 5490/5485 5560/5555
f 5657/5652 2355/2350 2543/2538
f 5627/5622 2175/2170 5597/5592
f 5628/5623 5542/5537 5629/5624
f 5629/5624 5521/5516 5658/5653
f 5658/5653 5521/5516 5579/5574
f 5659/5654 5466/5461 5578/5573
f 5630/5625 5522/5517 5660/5655
f 5631/5626 5661/5656 5602/5597
f 2439/2434 2437/2432 2436/2431
f 5603/5598 2555/2550 2557/2552
f 5634/5629 2443/2438 5635/5630
f 2604/2599 2524/2519 2728/2723
f 2563/2558 5583/5578 2523/2518
f 5605/5600 5606/5601 5662/5657
f 5662/5657 5606/5601 5663/5658
f 2486/2481 5583/5578 2563/2558
f 5664/5659 5586/5581 5608/5603
f 5608/5603 5527/5522 5665/5660
f 5666/5661 5637/5632 2684/2679
f 5667/5662 5589/5584 5640/5635
f 2615/2610 2488/2483 2484/2479
f 2684/2679 5639/5634 2685/2680
f 5551/5546 2450/2445 2530/2525
f 5668/5663 5551/5546 2530/2525
f 2687/2682 2272/2267 2416/2411
f 2492/2487 2491/2486 5669/5664
f 2414/2409 5427/5422 2989/2984
f 5611/5606 5573/5568 5670/5665
f 5446/5441 4975/4970 5671/5666
f 5478/5473 5400/5395 5672/5667
f 5672/5667 5400/5395 5294/5289
f 5673/5668 5534/5529 5478/5473
f 1698/1693 2019/2014 2536/2531
f 2538/2533 2210/2205 5595/5590
f 2711/2706 5556/5551 2251/2246
f 2711/2706 2251/2246 2387/2382
f 5648/5643 5556/5551 2711/2706
f 2345/2340 2306/2301 2503/2498
f 2540/2535 2345/2340 2503/2498
f 2635/2630 5617/5612 5620/5615
f 2589/2584 5558/5553 2506/2501
f 5597/5592 5492/5487 5674/5669
f 5674/5669 5492/5487 5562/5557
f 5625/5620 5563/5558 5675/5670
f 5626/5621 5540/5535 2717/2712
f 5675/5670 5563/5558 5628/5623
f 5658/5653 5579/5574 5676/5671
f 5577/5572 5466/5461 5659/5654
f 5659/5654 5578/5573 5677/5672
f 5677/5672 5578/5573 5678/5673
f 5679/5674 5579/5574 5680/5675
f 5680/5675 5579/5574 5630/5625
f 5661/5656 5681/5676 5602/5597
f 5602/5597 2839/2834 5632/5627
f 5634/5629 5635/5630 2657/2652
f 2658/2653 5635/5630 5604/5599
f 5604/5599 2604/2599 2603/2598
f 2558/2553 2401/2396 2559/2554
f 2728/2723 2524/2519 5682/5677
f 5682/5677 2524/2519 2526/2521
f 2479/2474 2481/2476 2332/2327
f 2607/2602 2563/2558 2523/2518
f 2481/2476 2609/2604 2372/2367
f 5683/5678 5605/5600 5662/5657
f 5663/5658 5606/5601 5607/5602
f 5663/5658 5607/5602 2675/2670
f 2675/2670 5607/5602 2676/2671
f 5607/5602 5585/5580 2678/2673
f 2676/2671 5607/5602 2678/2673
f 2679/2674 2484/2479 2486/2481
f 5684/5679 5588/5583 5569/5564
f 5684/5679 5569/5564 5685/5680
f 5685/5680 5569/5564 5609/5604
f 2679/2674 2615/2610 2484/2479
f 5640/5635 2414/2409 2989/2984
f 2415/2410 2611/2606 2380/2375
f 5427/5422 5529/5524 5686/5681
f 5610/5605 5572/5567 5611/5606
f 5670/5665 5573/5568 5641/5636
f 5476/5471 5117/5112 5687/5682
f 5267/5262 4944/4939 5688/5683
f 5688/5683 4944/4939 4945/4940
f 5689/5684 5293/5288 5593/5588
f 5553/5548 4974/4969 5554/5549
f 5671/5666 4975/4970 5339/5334
f 2249/2244 5321/5316 5690/5685
f 5691/5686 5478/5473 5672/5667
f 5673/5668 5478/5473 5691/5686
f 5692/5687 5534/5529 5673/5668
f 5693/5688 2463/2458 2462/2457
f 2632/2627 2349/2344 2465/2460
f 2465/2460 2588/2583 2633/2628
f 2633/2628 2588/2583 2587/2582
f 2637/2632 5617/5612 2635/2630
f 5694/5689 5559/5554 5558/5553
f 5694/5689 5558/5553 2589/2584
f 5655/5650 5559/5554 5694/5689
f 2543/2538 2467/2462 2821/2816
f 5464/5459 5625/5620 5695/5690
f 5657/5652 2543/2538 2823/2818
f 5696/5691 2470/2465 2469/2464
f 5697/5692 5624/5619 5598/5593
f 5697/5692 5598/5593 5698/5693
f 5698/5693 5598/5593 5577/5572
f 2719/2714 5626/5621 2717/2712
f 5699/5694 5577/5572 5659/5654
f 5678/5673 5626/5621 5700/5695
f 5678/5673 5578/5573 5626/5621
f 5676/5671 5579/5574 5679/5674
f 5701/5696 5702/5697 5703/5698
f 5704/5699 5705/5700 5706/5701
f 5706/5701 5705/5700 5707/5702
f 5706/5701 5707/5702 5708/5703
f 5707/5702 5705/5700 5709/5704
f 5633/5628 5632/5627 5710/5705
f 5711/5706 2557/2552 2844/2839
f 5712/5707 5634/5629 2657/2652
f 2657/2652 5635/5630 2658/2653
f 2658/2653 5604/5599 2660/2655
f 2660/2655 5604/5599 2603/2598
f 2660/2655 2603/2598 2662/2657
f 2662/2657 2603/2598 2605/2600
f 2605/2600 2604/2599 2728/2723
f 2479/2474 2528/2523 2674/2669
f 5683/5678 5662/5657 5663/5658
f 5683/5678 5663/5658 5713/5708
f 5713/5708 5663/5658 2675/2670
f 5714/5709 5664/5659 5608/5603
f 2527/2522 2738/2733 2483/2478
f 2680/2675 2449/2444 2569/2564
f 5715/5710 5587/5582 5636/5631
f 5685/5680 5609/5604 5716/5711
f 5717/5712 5666/5661 2684/2679
f 5636/5631 5589/5584 5667/5662
f 2613/2608 2615/2610 2679/2674
f 2529/2524 2492/2487 2681/2676
f 5718/5713 5719/5714 5720/5715
f 5721/5716 5640/5635 2989/2984
f 2989/2984 5427/5422 5686/5681
f 5529/5524 5571/5566 5722/5717
f 5686/5681 5529/5524 5722/5717
f 5723/5718 5590/5585 5610/5605
f 5610/5605 5611/5606 5724/5719
f 5724/5719 5611/5606 5670/5665
f 5670/5665 5641/5636 5725/5720
f 5725/5720 5641/5636 5574/5569
f 5687/5682 5117/5112 5592/5587
f 5592/5587 5234/5229 5726/5721
f 5726/5721 5234/5229 5267/5262
f 5688/5683 4945/4940 5727/5722
f 5727/5722 4945/4940 5338/5333
f 5594/5589 5434/5429 5728/5723
f 5728/5723 5434/5429 5236/5231
f 5729/5724 5236/5231 5477/5472
f 5613/5608 5447/5442 5730/5725
f 5730/5725 5447/5442 5731/5726
f 5732/5727 214/209 213/208
f 5732/5727 213/208 5733/5728
f 5644/5639 5120/5115 5614/5609
f 3069/3064 5448/5443 3067/3062
f 5734/5729 5672/5667 5294/5289
f 5735/5730 5692/5687 5736/5731
f 5692/5687 5673/5668 5736/5731
f 5648/5643 2711/2706 5737/5732
f 2629/2624 2540/2535 2503/2498
f 5738/5733 2463/2458 5693/5688
f 5621/5616 5557/5552 5739/5734
f 5739/5734 5557/5552 5650/5645
f 5740/5735 2589/2584 2505/2500
f 2634/2629 2586/2581 5741/5736
f 5742/5737 5655/5650 5694/5689
f 5562/5557 5464/5459 5695/5690
f 2823/2818 2543/2538 2821/2816
f 5695/5690 5625/5620 5743/5738
f 5622/5617 5576/5571 5744/5739
f 2717/2712 5596/5591 5745/5740
f 5743/5738 5625/5620 5675/5670
f 5576/5571 5623/5618 5744/5739
f 5696/5691 2469/2464 2648/2643
f 5698/5693 5577/5572 5699/5694
f 5700/5695 5626/5621 2719/2714
f 2549/2544 2548/2543 2649/2644
f 5746/5741 5747/5742 5704/5699
f 5748/5743 2598/2593 2650/2645
f 5749/5744 5746/5741 5750/5745
f 5746/5741 5704/5699 5706/5701
f 5746/5741 5706/5701 5750/5745
f 5750/5745 5706/5701 5751/5746
f 5751/5746 5706/5701 5708/5703
f 2517/2512 2602/2597 2652/2647
f 5633/5628 5710/5705 2902/2897
f 2557/2552 2556/2551 2844/2839
f 2782/2777 5712/5707 2657/2652
f 2656/2651 5752/5747 5753/5748
f 5711/5706 2844/2839 5754/5749
f 2605/2600 2728/2723 2662/2657
f 2663/2658 2479/2474 2674/2669
f 2728/2723 5682/5677 2730/2725
f 5682/5677 2526/2521 2730/2725
f 2526/2521 5605/5600 2732/2727
f 2732/2727 5605/5600 5683/5678
f 2564/2559 2607/2602 2665/2660
f 5714/5709 5608/5603 5755/5750
f 5684/5679 5685/5680 5756/5751
f 5757/5752 5684/5679 5756/5751
f 5756/5751 5685/5680 5716/5711
f 2686/2681 5717/5712 2684/2679
f 5758/5753 5718/5713 5720/5715
f 2741/2736 2613/2608 2679/2674
f 2686/2681 2685/2680 5759/5754
f 5760/5755 5668/5663 2530/2525
f 2610/2605 2453/2448 2616/2611
f 5723/5718 5610/5605 5724/5719
f 5761/5756 5724/5719 5670/5665
f 5762/5757 5591/5586 5531/5526
f 5614/5609 5455/5450 5613/5608
f 5691/5686 5672/5667 5734/5729
f 5736/5731 5673/5668 5691/5686
f 2706/2701 2705/2700 5763/5758
f 5737/5732 2711/2706 2710/2705
f 5738/5733 5693/5688 5764/5759
f 5693/5688 2462/2457 5764/5759
f 2503/2498 2502/2497 2712/2707
f 2635/2630 5620/5615 5765/5760
f 5765/5760 5620/5615 5766/5761
f 5767/5762 5652/5647 5654/5649
f 5768/5763 5694/5689 2589/2584
f 5769/5764 5622/5617 5744/5739
f 2641/2636 2513/2508 2715/2710
f 2718/2713 2717/2712 5745/5740
f 5596/5591 5656/5651 5745/5740
f 5745/5740 5656/5651 2763/2758
f 5770/5765 5657/5652 2823/2818
f 5771/5766 5772/5767 5773/5768
f 5771/5766 5773/5768 5774/5769
f 2218/2213 2716/2711 2650/2645
f 5699/5694 5659/5654 5677/5672
f 5775/5770 5776/5771 5777/5772
f 5701/5696 5703/5698 5778/5773
f 5746/5741 5777/5772 5776/5771
f 5746/5741 5776/5771 5747/5742
f 2776/2771 2768/2763 2772/2767
f 5632/5627 2839/2834 2841/2836
f 2657/2652 2659/2654 2783/2778
f 5779/5774 5752/5747 2656/2651
f 5780/5775 5781/5776 5782/5777
f 5781/5776 5783/5778 5782/5777
f 2788/2783 2655/2650 5784/5779
f 2655/2650 2654/2649 5784/5779
f 5785/5780 2788/2783 5786/5781
f 5786/5781 2788/2783 5787/5782
f 2731/2726 2671/2666 5788/5783
f 2732/2727 5683/5678 5713/5708
f 2732/2727 5713/5708 2854/2849
f 5713/5708 2675/2670 2855/2850
f 2854/2849 5713/5708 2855/2850
f 2855/2850 2675/2670 2736/2731
f 2565/2560 2740/2735 2567/2562
f 5789/5784 5790/5785 5791/5786
f 5791/5786 5790/5785 5792/5787
f 5791/5786 5792/5787 5758/5753
f 5755/5750 5608/5603 5793/5788
f 2863/2858 5717/5712 2686/2681
f 5758/5753 5792/5787 5718/5713
f 5608/5603 5665/5660 5793/5788
f 5760/5755 2530/2525 5794/5789
f 5794/5789 2530/2525 2680/2675
f 2682/2677 2681/2676 2917/2912
f 5758/5753 5720/5715 5795/5790
f 2681/2676 2492/2487 5796/5791
f 2917/2912 2681/2676 5796/5791
f 5797/5792 5721/5716 2989/2984
f 5796/5791 2492/2487 5669/5664
f 5798/5793 2989/2984 5686/5681
f 5799/5794 5686/5681 5722/5717
f 5723/5718 5724/5719 5800/5795
f 5800/5795 5724/5719 5761/5756
f 5761/5756 5670/5665 5801/5796
f 5801/5796 5670/5665 5725/5720
f 5728/5723 5236/5231 5729/5724
f 2461/2456 1962/1957 2168/2163
f 5802/5797 5736/5731 5691/5686
f 2747/2742 1698/1693 2536/2531
f 2747/2742 2536/2531 2704/2699
f 2462/2457 5648/5643 5803/5798
f 2632/2627 2633/2628 2885/2880
f 3000/2995 2635/2630 5765/5760
f 5804/5799 5651/5646 5805/5800
f 5805/5800 5651/5646 5621/5616
f 5768/5763 2589/2584 5806/5801
f 5806/5801 2589/2584 5740/5735
f 2634/2629 5741/5736 5807/5802
f 5808/5803 5809/5804 5810/5805
f 5810/5805 5809/5804 5811/5806
f 5812/5807 5808/5803 5810/5805
f 5813/5808 5696/5691 2648/2643
f 5814/5809 5772/5767 5771/5766
f 5813/5808 2648/2643 3092/3087
f 5774/5769 5815/5810 5816/5811
f 5817/5812 5699/5694 5677/5672
f 5816/5811 5815/5810 5775/5770
f 5677/5672 5678/5673 5818/5813
f 5816/5811 5775/5770 5777/5772
f 5777/5772 5746/5741 5819/5814
f 5746/5741 5749/5744 5820/5815
f 5819/5814 5746/5741 5820/5815
f 2652/2647 2602/2597 2837/2832
f 5710/5705 5632/5627 2841/2836
f 5779/5774 5821/5816 5752/5747
f 2785/2780 2662/2657 2789/2784
f 2788/2783 2787/2782 2655/2650
f 2789/2784 2729/2724 2790/2785
f 5754/5749 2844/2839 2794/2789
f 5785/5780 2786/2781 2788/2783
f 5822/5817 5823/5818 5780/5775
f 2663/2658 2674/2669 2851/2846
f 2791/2786 2730/2725 2853/2848
f 2853/2848 2730/2725 2732/2727
f 5824/5819 2786/2781 5785/5780
f 5825/5820 5826/5821 5823/5818
f 5825/5820 5823/5818 5822/5817
f 5827/5822 5757/5752 5828/5823
f 2738/2733 2739/2734 2565/2560
f 5828/5823 5757/5752 5756/5751
f 2975/2970 5789/5784 5791/5786
f 5791/5786 5758/5753 5829/5824
f 2863/2858 2686/2681 2865/2860
f 5794/5789 2680/2675 2978/2973
f 5829/5824 5758/5753 5795/5790
f 2686/2681 5759/5754 2866/2861
f 2531/2526 2682/2677 2800/2795
f 2688/2683 2531/2526 2801/2796
f 5798/5793 5686/5681 5799/5794
f 2923/2918 5723/5718 2924/2919
f 2924/2919 5723/5718 5800/5795
f 5762/5757 5531/5526 5830/5825
f 5831/5826 5552/5547 5642/5637
f 5575/5570 5476/5471 5832/5827
f 5727/5722 5338/5333 5833/5828
f 5833/5828 5338/5333 5293/5288
f 5833/5828 5293/5288 5689/5684
f 5689/5684 5593/5588 5834/5829
f 5835/5830 5612/5607 3057/3052
f 5612/5607 5553/5548 3057/3052
f 5594/5589 5671/5666 5339/5334
f 5836/5831 5435/5430 5448/5443
f 5645/5640 5213/5208 5646/5641
f 2629/2624 2503/2498 2816/2811
f 2633/2628 2587/2582 2885/2880
f 3000/2995 2636/2631 2635/2630
f 5805/5800 5621/5616 5739/5734
f 5739/5734 5650/5645 5837/5832
f 5812/5807 5810/5805 5838/5833
f 5839/5834 2763/2758 2762/2757
f 5812/5807 5838/5833 5840/5835
f 5841/5836 5814/5809 5771/5766
f 5842/5837 5697/5692 5843/5838
f 5843/5838 5697/5692 5698/5693
f 5843/5838 5698/5693 5844/5839
f 5844/5839 5698/5693 5699/5694
f 5845/5840 5700/5695 2719/2714
f 5678/5673 5700/5695 5845/5840
f 5771/5766 5774/5769 5846/5841
f 5846/5841 5774/5769 5816/5811
f 5817/5812 5677/5672 5847/5842
f 5847/5842 5677/5672 5848/5843
f 5602/5597 5840/5835 2839/2834
f 2902/2897 5710/5705 2841/2836
f 2518/2513 5849/5844 2554/2549
f 2655/2650 5779/5774 2656/2651
f 2784/2779 2785/2780 2914/2909
f 2914/2909 2785/2780 2915/2910
f 2844/2839 2556/2551 2845/2840
f 2915/2910 2785/2780 2789/2784
f 2481/2476 2663/2658 2846/2841
f 5824/5819 2967/2962 2786/2781
f 2481/2476 2846/2841 2609/2604
f 2856/2851 2855/2850 3117/3112
f 5850/5845 2967/2962 5824/5819
f 3117/3112 2855/2850 2736/2731
f 2735/2730 2848/2843 2672/2667
f 2672/2667 2850/2845 2673/2668
f 2673/2668 2851/2846 2674/2669
f 2792/2787 2852/2847 2738/2733
f 5851/5846 5852/5847 5853/5848
f 5851/5846 5853/5848 5825/5820
f 5854/5849 5755/5750 5793/5788
f 2740/2735 2858/2853 2567/2562
f 2975/2970 5791/5786 2973/2968
f 2867/2862 2866/2861 2983/2978
f 5855/5850 5794/5789 2978/2973
f 2988/2983 5797/5792 2989/2984
f 5798/5793 5799/5794 5856/5851
f 5857/5852 5801/5796 5725/5720
f 2809/2804 2872/2867 2745/2740
f 5832/5827 5476/5471 5687/5682
f 5858/5853 5687/5682 5592/5587
f 3057/3052 5553/5548 5554/5549
f 3058/3053 5554/5549 5445/5440
f 5730/5725 5731/5726 5859/5854
f 5615/5610 5555/5550 5860/5855
f 5860/5855 5555/5550 5435/5430
f 5861/5856 5836/5831 5448/5443
f 5861/5856 5448/5443 3069/3064
f 5734/5729 5294/5289 5862/5857
f 5863/5858 5295/5290 1927/1922
f 5803/5798 5648/5643 5864/5859
f 5864/5859 5648/5643 5737/5732
f 5864/5859 5737/5732 2710/2705
f 5764/5759 2462/2457 5803/5798
f 3002/2997 2636/2631 3000/2995
f 5806/5801 5740/5735 5865/5860
f 2587/2582 2634/2629 5866/5861
f 5867/5862 5804/5799 5805/5800
f 3006/3001 5868/5863 3007/3002
f 3005/3000 2889/2884 3003/2998
f 3082/3077 2767/2762 2889/2884
f 3082/3077 2889/2884 3005/3000
f 5769/5764 5744/5739 5869/5864
f 5745/5740 2763/2758 5870/5865
f 5813/5808 3092/3087 3094/3089
f 5838/5833 5811/5806 5814/5809
f 5870/5865 2763/2758 5839/5834
f 5838/5833 5814/5809 5841/5836
f 5844/5839 5699/5694 5817/5812
f 2719/2714 2718/2713 5871/5866
f 5841/5836 5771/5766 5846/5841
f 5677/5672 5818/5813 5848/5843
f 2773/2768 2721/2716 2898/2893
f 5777/5772 5819/5814 5872/5867
f 5872/5867 5819/5814 5873/5868
f 5872/5867 5873/5868 5874/5869
f 5872/5867 5874/5869 5875/5870
f 5872/5867 5875/5870 5876/5871
f 5876/5871 5875/5870 5877/5872
f 5779/5774 5878/5873 5821/5816
f 2556/2551 5879/5874 2845/2840
f 2787/2782 5779/5774 2655/2650
f 5880/5875 2787/2782 2786/2781
f 2789/2784 2790/2785 3034/3029
f 3034/3029 2790/2785 3035/3030
f 3035/3030 2790/2785 2791/2786
f 2967/2962 5880/5875 2786/2781
f 5881/5876 2663/2658 2851/2846
f 2794/2789 2845/2840 2795/2790
f 2527/2522 2846/2841 3036/3031
f 2968/2963 2967/2962 5850/5845
f 5822/5817 5780/5775 5782/5777
f 5822/5817 5782/5777 5882/5877
f 2527/2522 3036/3031 2847/2842
f 5850/5845 5883/5878 2968/2963
f 5884/5879 5827/5822 5885/5880
f 5886/5881 5883/5878 5850/5845
f 5851/5846 5825/5820 5822/5817
f 2738/2733 2852/2847 2739/2734
f 2857/2852 2739/2734 3044/3039
f 2795/2790 5883/5878 5886/5881
f 5885/5880 5827/5822 5828/5823
f 2973/2968 5791/5786 5887/5882
f 5888/5883 5852/5847 5851/5846
f 5791/5786 5829/5824 5887/5882
f 5887/5882 5829/5824 3125/3120
f 3125/3120 5829/5824 5795/5790
f 5855/5850 2978/2973 2977/2972
f 2865/2860 2686/2681 2867/2862
f 2742/2737 3129/3124 2870/2865
f 2800/2795 2981/2976 2801/2796
f 5796/5791 5669/5664 5889/5884
f 3188/3183 2610/2605 2616/2611
f 2994/2989 2924/2919 5800/5795
f 5890/5885 5726/5721 5267/5262
f 3057/3052 5554/5549 3058/3053
f 5613/5608 5730/5725 5891/5886
f 5730/5725 5859/5854 5892/5887
f 5891/5886 5730/5725 5892/5887
f 5893/5888 5614/5609 5613/5608
f 5893/5888 5613/5608 5891/5886
f 5894/5889 5644/5639 5614/5609
f 5894/5889 5614/5609 5893/5888
f 2879/2874 2422/2417 5644/5639
f 2879/2874 5644/5639 5894/5889
f 5860/5855 5435/5430 5836/5831
f 5864/5859 2710/2705 2935/2930
f 5895/5890 5738/5733 5896/5891
f 5896/5891 5738/5733 5764/5759
f 2885/2880 2587/2582 2999/2994
f 3007/3002 5868/5863 5897/5892
f 3078/3073 5806/5801 5865/5860
f 2634/2629 5807/5802 5898/5893
f 2939/2934 2819/2814 2943/2938
f 5837/5832 5899/5894 3008/3003
f 5900/5895 5837/5832 3008/3003
f 5899/5894 3006/3001 3008/3003
f 5898/5893 5807/5802 5901/5896
f 5769/5764 5869/5864 5902/5897
f 5838/5833 5810/5805 5811/5806
f 5871/5866 2718/2713 5903/5898
f 5843/5838 5844/5839 5904/5899
f 5905/5900 2719/2714 5871/5866
f 5905/5900 5871/5866 5903/5898
f 5845/5840 2719/2714 5905/5900
f 5678/5673 5845/5840 5818/5813
f 5846/5841 5816/5811 5906/5901
f 5906/5901 5816/5811 5777/5772
f 2954/2949 2900/2895 2955/2950
f 5876/5871 5877/5872 5907/5902
f 5877/5872 5908/5903 5907/5902
f 5908/5903 5909/5904 5910/5905
f 5907/5902 5908/5903 5910/5905
f 2556/2551 2903/2898 5879/5874
f 2787/2782 5911/5906 5779/5774
f 3220/3215 5911/5906 2787/2782
f 5880/5875 3220/3215 2787/2782
f 2966/2961 2789/2784 3034/3029
f 2663/2658 5881/5876 2846/2841
f 3035/3030 2791/2786 3114/3109
f 3114/3109 2791/2786 2853/2848
f 3112/3107 5912/5907 3039/3034
f 2916/2911 2856/2851 3043/3038
f 3043/3038 2856/2851 3117/3112
f 2795/2790 3172/3167 5883/5878
f 2739/2734 2852/2847 3044/3039
f 2857/2852 3046/3041 2858/2853
f 2974/2969 2973/2968 3122/3117
f 3122/3117 2973/2968 5887/5882
f 5854/5849 5793/5788 5913/5908
f 2972/2967 2864/2859 3121/3116
f 3124/3119 5887/5882 3125/3120
f 2864/2859 2865/2860 3121/3116
f 5914/5909 5797/5792 2988/2983
f 5915/5910 5888/5883 5851/5846
f 2918/2913 2917/2912 5916/5911
f 2917/2912 5796/5791 5916/5911
f 2922/2917 3188/3183 2616/2611
f 3052/3047 2987/2982 2803/2798
f 2990/2985 2989/2984 5798/5793
f 2694/2689 3052/3047 2621/2616
f 2621/2616 3052/3047 2803/2798
f 5917/5912 5798/5793 5856/5851
f 2994/2989 5800/5795 5918/5913
f 5918/5913 5800/5795 5761/5756
f 5761/5756 5801/5796 5918/5913
f 5918/5913 5801/5796 5919/5914
f 5801/5796 5857/5852 5919/5914
f 5920/5915 5762/5757 5921/5916
f 5921/5916 5762/5757 5830/5825
f 5642/5637 5575/5570 5922/5917
f 5922/5917 5575/5570 5832/5827
f 3059/3054 5835/5830 3057/3052
f 5446/5441 5671/5666 5923/5918
f 5923/5918 5671/5666 5924/5919
f 5925/5920 5671/5666 5594/5589
f 5925/5920 5594/5589 5926/5921
f 5926/5921 5594/5589 5728/5723
f 5728/5723 5729/5724 5927/5922
f 5926/5921 5728/5723 5927/5922
f 5729/5724 5477/5472 5928/5923
f 5928/5923 5477/5472 5509/5504
f 5802/5797 5691/5686 5734/5729
f 2747/2742 2704/2699 3072/3067
f 5929/5924 5864/5859 2935/2930
f 3074/3069 2629/2624 2816/2811
f 5896/5891 5764/5759 5803/5798
f 3001/2996 3000/2995 5930/5925
f 5805/5800 5739/5734 5931/5926
f 5931/5926 5739/5734 5932/5927
f 3078/3073 5865/5860 3079/3074
f 5933/5928 3000/2995 5765/5760
f 5867/5862 5805/5800 5931/5926
f 5932/5927 5739/5734 5837/5832
f 5866/5861 2634/2629 5898/5893
f 3082/3077 3005/3000 3004/2999
f 5932/5927 5837/5832 5900/5895
f 2947/2942 2829/2824 3010/3005
f 3009/3004 2758/2753 2826/2821
f 3012/3007 2892/2887 2947/2942
f 5839/5834 2762/2757 5934/5929
f 2718/2713 5745/5740 5903/5898
f 5903/5898 5745/5740 5870/5865
f 5840/5835 5838/5833 5935/5930
f 5936/5931 5843/5838 5904/5899
f 5842/5837 5843/5838 5936/5931
f 5937/5932 5817/5812 5847/5842
f 5848/5843 5818/5813 5938/5933
f 5847/5842 5848/5843 5938/5933
f 5906/5901 5777/5772 5872/5867
f 5939/5934 5907/5902 5910/5905
f 5939/5934 5910/5905 5940/5935
f 5939/5934 5940/5935 5878/5873
f 3107/3102 3030/3025 2965/2960
f 3033/3028 5880/5875 2967/2962
f 3112/3107 5941/5936 5942/5937
f 3114/3109 2853/2848 2916/2911
f 3114/3109 2916/2911 3042/3037
f 5943/5938 5944/5939 3038/3033
f 2845/2840 3172/3167 2795/2790
f 3172/3167 2969/2964 5883/5878
f 5883/5878 2969/2964 2968/2963
f 2848/2843 5945/5940 2849/2844
f 5946/5941 5854/5849 5947/5942
f 5943/5938 3038/3033 3040/3035
f 3040/3035 3039/3034 5912/5907
f 5822/5817 5882/5877 5948/5943
f 3122/3117 5887/5882 3124/3119
f 3127/3122 2984/2979 2974/2969
f 2865/2860 2867/2862 3127/3122
f 3127/3122 2867/2862 2984/2979
f 5915/5910 5851/5846 5949/5944
f 2982/2977 3345/3340 2799/2794
f 5916/5911 5796/5791 5889/5884
f 2870/2865 3130/3125 2921/2916
f 2990/2985 5798/5793 5917/5912
f 3299/3294 2925/2920 2994/2989
f 2697/2692 2695/2690 2991/2986
f 5950/5945 5918/5913 5919/5914
f 5919/5914 5857/5852 5951/5946
f 5952/5947 5920/5915 5921/5916
f 5921/5916 5830/5825 5953/5948
f 2700/2695 2875/2870 3060/3055
f 5671/5666 5925/5920 5924/5919
f 5927/5922 5729/5724 5928/5923
f 5891/5886 5892/5887 5954/5949
f 5955/5950 5956/5951 5957/5952
f 2879/2874 5894/5889 5958/5953
f 3618/3613 2879/2874 5958/5953
f 5615/5610 5860/5855 5959/5954
f 5863/5858 1927/1922 3070/3065
f 2997/2992 2629/2624 3074/3069
f 5803/5798 5864/5859 5929/5924
f 2999/2994 2587/2582 5866/5861
f 5960/5955 5961/5956 5962/5957
f 3007/3002 5897/5892 5963/5958
f 5902/5897 5869/5864 5964/5959
f 5964/5959 5869/5864 5965/5960
f 5870/5865 5839/5834 5966/5961
f 5966/5961 5839/5834 5934/5929
f 5967/5962 3094/3089 3093/3088
f 5935/5930 5838/5833 5841/5836
f 5844/5839 5817/5812 5937/5932
f 5965/5960 5869/5864 5968/5963
f 5904/5899 5844/5839 5937/5932
f 5969/5964 5818/5813 5845/5840
f 3096/3091 2949/2944 3097/3092
f 3097/3092 2950/2945 3014/3009
f 5938/5933 5818/5813 5969/5964
f 5970/5965 5846/5841 5906/5901
f 5971/5966 5972/5967 5973/5968
f 5974/5969 5872/5867 5876/5871
f 5974/5969 5876/5871 5907/5902
f 3100/3095 3023/3018 3105/3100
f 5974/5969 5907/5902 5939/5934
f 5878/5873 5974/5969 5939/5934
f 5974/5969 5878/5873 5779/5774
f 3220/3215 3222/3217 5911/5906
f 5941/5936 3167/3162 5975/5970
f 3111/3106 5941/5936 3112/3107
f 5942/5937 5941/5936 5975/5970
f 5942/5937 5975/5970 3173/3168
f 2969/2964 5976/5971 3033/3028
f 3113/3108 3035/3030 3115/3110
f 3115/3110 3114/3109 3042/3037
f 3116/3111 3043/3038 3118/3113
f 5977/5972 5884/5879 3234/3229
f 3234/3229 5884/5879 3235/3230
f 5947/5942 5854/5849 5913/5908
f 5884/5879 5885/5880 3235/3230
f 5948/5943 5882/5877 5978/5973
f 5979/5974 5948/5943 5978/5973
f 5851/5846 5822/5817 5948/5943
f 2918/2913 3128/3123 2919/2914
f 3242/3237 5914/5909 2988/2983
f 2985/2980 3131/3126 2986/2981
f 2610/2605 3188/3183 3187/3182
f 3130/3125 5980/5975 2921/2916
f 3052/3047 3132/3127 2987/2982
f 2994/2989 5918/5913 5981/5976
f 5950/5945 5919/5914 5951/5946
f 5832/5827 5687/5682 5858/5853
f 5982/5977 5925/5920 5926/5921
f 5927/5922 5928/5923 5983/5978
f 5928/5923 5509/5504 5984/5979
f 5983/5978 5928/5923 5984/5979
f 5985/5980 5891/5886 5954/5949
f 5894/5889 5893/5888 5986/5981
f 5896/5891 5803/5798 5987/5982
f 5987/5982 5803/5798 5929/5924
f 3074/3069 2937/2932 3075/3070
f 3259/3254 3075/3070 2998/2993
f 5933/5928 5930/5925 3000/2995
f 5931/5926 5932/5927 5900/5895
f 5988/5983 3077/3072 3001/2996
f 3143/3138 2943/2938 3205/3200
f 5967/5962 3093/3088 3150/3145
f 5845/5840 5905/5900 5969/5964
f 5969/5964 5905/5900 5989/5984
f 5937/5932 5847/5842 5938/5933
f 5937/5932 5938/5933 5990/5985
f 5970/5965 5841/5836 5846/5841
f 5990/5985 5938/5933 5991/5986
f 5938/5933 5969/5964 5992/5987
f 5991/5986 5938/5933 5992/5987
f 2840/2835 2839/2834 5993/5988
f 5906/5901 5994/5989 5970/5965
f 5995/5990 5991/5986 5992/5987
f 5996/5991 5971/5966 5973/5968
f 2903/2898 2840/2835 3329/3324
f 5997/5992 3165/3160 3164/3159
f 5911/5906 3222/3217 5779/5774
f 3222/3217 5974/5969 5779/5774
f 3167/3162 3223/3218 3168/3163
f 5998/5993 3220/3215 5880/5875
f 3033/3028 5998/5993 5880/5875
f 3167/3162 5941/5936 3111/3106
f 5975/5970 3167/3162 3169/3164
f 5976/5971 5998/5993 3033/3028
f 3173/3168 5975/5970 3169/3164
f 3171/3166 2969/2964 3172/3167
f 5944/5939 5999/5994 3038/3033
f 3174/3169 3169/3164 3232/3227
f 6000/5995 5946/5941 5947/5942
f 6001/5996 5977/5972 3234/3229
f 3120/3115 3121/3116 3239/3234
f 3179/3174 3122/3117 3180/3175
f 3180/3175 3124/3119 3292/3287
f 3292/3287 3124/3119 3126/3121
f 5978/5973 5882/5877 6002/5997
f 3242/3237 3241/3236 5914/5909
f 5978/5973 6002/5997 6003/5998
f 5916/5911 3128/3123 2918/2913
f 6004/5999 5851/5846 5948/5943
f 6005/6000 3184/3179 3186/3181
f 5949/5944 5851/5846 6004/5999
f 3132/3127 6005/6000 3186/3181
f 3242/3237 2988/2983 2990/2985
f 3132/3127 3186/3181 3133/3128
f 3052/3047 3051/3046 3132/3127
f 2993/2988 3051/3046 2694/2689
f 5981/5976 3299/3294 2994/2989
f 5950/5945 5951/5946 6006/6001
f 6007/6002 5921/5916 5953/5948
f 3058/3053 5445/5440 6008/6003
f 6009/6004 5446/5441 5923/5918
f 3064/3059 2813/2808 3138/3133
f 5959/5954 5860/5855 5836/5831
f 3199/3194 2249/2244 5690/5685
f 5802/5797 5734/5729 6010/6005
f 3305/3300 2706/2701 5763/5758
f 2997/2992 3074/3069 6011/6006
f 5987/5982 5929/5924 3201/3196
f 3201/3196 5929/5924 2935/2930
f 6012/6007 5895/5890 5896/5891
f 3261/3256 3076/3071 2999/2994
f 3261/3256 2999/2994 3263/3258
f 2999/2994 5866/5861 3262/3257
f 3080/3075 3079/3074 6013/6008
f 3397/3392 5866/5861 5898/5893
f 6014/6009 5988/5983 6015/6010
f 5988/5983 3001/2996 6015/6010
f 5867/5862 5931/5926 6016/6011
f 6017/6012 3007/3002 5963/5958
f 5900/5895 6018/6013 6019/6014
f 6018/6013 5900/5895 3008/3003
f 3209/3204 3009/3004 3087/3082
f 5903/5898 5870/5865 6020/6015
f 6020/6015 5870/5865 5966/5961
f 5966/5961 5934/5929 6021/6016
f 5989/5984 5903/5898 6020/6015
f 6022/6017 5967/5962 3150/3145
f 5905/5900 5903/5898 5989/5984
f 6023/6018 5936/5931 6024/6019
f 5936/5931 5904/5899 6025/6020
f 6024/6019 5936/5931 6025/6020
f 5904/5899 5937/5932 5990/5985
f 6026/6021 3150/3145 3213/3208
f 5904/5899 5990/5985 6025/6020
f 5840/5835 5935/5930 5993/5988
f 6027/6022 5969/5964 5989/5984
f 2839/2834 5840/5835 5993/5988
f 5992/5987 5969/5964 6028/6023
f 6028/6023 5969/5964 6027/6022
f 5995/5990 5990/5985 5991/5986
f 5995/5990 5992/5987 6028/6023
f 5995/5990 6028/6023 3223/3218
f 5994/5989 5974/5969 3222/3217
f 3166/3161 3165/3160 6029/6024
f 2969/2964 3171/3166 5976/5971
f 6030/6025 5977/5972 6001/5996
f 6031/6026 6000/5995 5947/5942
f 5999/5994 6032/6027 3038/3033
f 3038/3033 6032/6027 3286/3281
f 3038/3033 3286/3281 3111/3106
f 3038/3033 3111/3106 3039/3034
f 3232/3227 3231/3226 6033/6028
f 6033/6028 6034/6029 6035/6030
f 6036/6031 3290/3285 3178/3173
f 3239/3234 3121/3116 3245/3240
f 3345/3340 2982/2977 3343/3338
f 6037/6032 5979/5974 5978/5973
f 2979/2974 6038/6033 2980/2975
f 2980/2975 6038/6033 6039/6034
f 6004/5999 5948/5943 5979/5974
f 6040/6035 6005/6000 3132/3127
f 3187/3182 3343/3338 2982/2977
f 6041/6036 5980/5975 3130/3125
f 6042/6037 5949/5944 6004/5999
f 6040/6035 3132/3127 3051/3046
f 6043/6038 5915/5910 6044/6039
f 6044/6039 5915/5910 5949/5944
f 3134/3129 3249/3244 2991/2986
f 2991/2986 3249/3244 3135/3130
f 3299/3294 5981/5976 3300/3295
f 5952/5947 5921/5916 6007/6002
f 5831/5826 5642/5637 6045/6040
f 6045/6040 5642/5637 5922/5917
f 5890/5885 5267/5262 6046/6041
f 6046/6041 5267/5262 5688/5683
f 6047/6042 5689/5684 5834/5829
f 3059/3054 3058/3053 6048/6043
f 6048/6043 3058/3053 6049/6044
f 6049/6044 3058/3053 6050/6045
f 6050/6045 3058/3053 6008/6003
f 5926/5921 5927/5922 6051/6046
f 6052/6047 5891/5886 5985/5980
f 5958/5953 5894/5889 5986/5981
f 5647/5642 2188/2183 3256/3251
f 6053/6048 5735/5730 5736/5731
f 5736/5731 5802/5797 6054/6049
f 5896/5891 5987/5982 6055/6050
f 3074/3069 3075/3070 3259/3254
f 3262/3257 5866/5861 6056/6051
f 3310/3305 3010/3005 3081/3076
f 5866/5861 3397/3392 6056/6051
f 3264/3259 2947/2942 3010/3005
f 3001/2996 5930/5925 6057/6052
f 6057/6052 5930/5925 6058/6053
f 6059/6054 6014/6009 6060/6055
f 6015/6010 3001/2996 6057/6052
f 5930/5925 5933/5928 6058/6053
f 6016/6011 5931/5926 6019/6014
f 6019/6014 5931/5926 5900/5895
f 6061/6056 3080/3075 6013/6008
f 6062/6057 5933/5928 6063/6058
f 6058/6053 5933/5928 6062/6057
f 6064/6059 5867/5862 6016/6011
f 3206/3201 3007/3002 6017/6012
f 3397/3392 5898/5893 3395/3390
f 6018/6013 3008/3003 6065/6060
f 6065/6060 3008/3003 3206/3201
f 3208/3203 3145/3140 3367/3362
f 3208/3203 3367/3362 3319/3314
f 6020/6015 5966/5961 3370/3365
f 3370/3365 5966/5961 6021/6016
f 6022/6017 3150/3145 6026/6021
f 5993/5988 5935/5930 5841/5836
f 6066/6061 6023/6018 6024/6019
f 6027/6022 5989/5984 6067/6062
f 6066/6061 6024/6019 6025/6020
f 6026/6021 3213/3208 3279/3274
f 5993/5988 5841/5836 6068/6063
f 6068/6063 5841/5836 5970/5965
f 6028/6023 6027/6022 6069/6064
f 3327/3322 2840/2835 5993/5988
f 6068/6063 5970/5965 6070/6065
f 6071/6066 5990/5985 5995/5990
f 3221/3216 5970/5965 5994/5989
f 3221/3216 5994/5989 3222/3217
f 6071/6066 5995/5990 3223/3218
f 3223/3218 6028/6023 3224/3219
f 3224/3219 6028/6023 6072/6067
f 6072/6067 6028/6023 6069/6064
f 3329/3324 2840/2835 3327/3322
f 5998/5993 3221/3216 3220/3215
f 3282/3277 3284/3279 6073/6068
f 6071/6066 3223/3218 3167/3162
f 3168/3163 3224/3219 6072/6067
f 3111/3106 6071/6066 3167/3162
f 3168/3163 6072/6067 6074/6069
f 3171/3166 5998/5993 5976/5971
f 6032/6027 3287/3282 3286/3281
f 3169/3164 3168/3163 6074/6069
f 6075/6070 6030/6025 3375/3370
f 3169/3164 6074/6069 6076/6071
f 6030/6025 6001/5996 3375/3370
f 3169/3164 6076/6071 3231/3226
f 6031/6026 5947/5942 6077/6072
f 3231/3226 6078/6073 6034/6029
f 3375/3370 6001/5996 3335/3330
f 6077/6072 5947/5942 5913/5908
f 3231/3226 6034/6029 6033/6028
f 3335/3330 6001/5996 3234/3229
f 3336/3331 3234/3229 3236/3231
f 3341/3336 3238/3233 3239/3234
f 3382/3377 3292/3287 3293/3288
f 3382/3377 3293/3288 6079/6074
f 5916/5911 6080/6075 3128/3123
f 3128/3123 6080/6075 2979/2974
f 6004/5999 5979/5974 6037/6032
f 6081/6076 6040/6035 3051/3046
f 6044/6039 5949/5944 6042/6037
f 6082/6077 3242/3237 2990/2985
f 3249/3244 6083/6078 3250/3245
f 3250/3245 6081/6076 2993/2988
f 6081/6076 3051/3046 2993/2988
f 6082/6077 2990/2985 6084/6079
f 3250/3245 2993/2988 3135/3130
f 3300/3295 5981/5976 3438/3433
f 5981/5976 5918/5913 5950/5945
f 5981/5976 5950/5945 3439/3434
f 6085/6080 5952/5947 6007/6002
f 6086/6081 6085/6080 6007/6002
f 6087/6082 5832/5827 5858/5853
f 5592/5587 5726/5721 5890/5885
f 6046/6041 5688/5683 6088/6083
f 6088/6083 5688/5683 5727/5722
f 5924/5919 5925/5920 5982/5977
f 6051/6046 5927/5922 5983/5978
f 5893/5888 5891/5886 6052/6047
f 5955/5950 5957/5952 45/40
f 6010/6005 5734/5729 5862/5857
f 6011/6006 3074/3069 6089/6084
f 5987/5982 3201/3196 3390/3385
f 6055/6050 5987/5982 3390/3385
f 6012/6007 5896/5891 6055/6050
f 3074/3069 3259/3254 6089/6084
f 6090/6085 5895/5890 6012/6007
f 6090/6085 6012/6007 6091/6086
f 3312/3307 3264/3259 3309/3304
f 3264/3259 3010/3005 3309/3304
f 6092/6087 6093/6088 6059/6054
f 6060/6055 6014/6009 6015/6010
f 6094/6089 6015/6010 6057/6052
f 6095/6090 6019/6014 6018/6013
f 6096/6091 3311/3306 3393/3388
f 6097/6092 6064/6059 6016/6011
f 3396/3391 3395/3390 6098/6093
f 6018/6013 6065/6060 6099/6094
f 6100/6095 6022/6017 6026/6021
f 5989/5984 6020/6015 6101/6096
f 6101/6096 6020/6015 3370/3365
f 6067/6062 5989/5984 6101/6096
f 6101/6096 3370/3365 3372/3367
f 6100/6095 6026/6021 3279/3274
f 6102/6097 5993/5988 6068/6063
f 6069/6064 6027/6022 6067/6062
f 6066/6061 6025/6020 6103/6098
f 6069/6064 6067/6062 6104/6099
f 6025/6020 5990/5985 6105/6100
f 6105/6100 5990/5985 6071/6066
f 6106/6101 6103/6098 6025/6020
f 6106/6101 6025/6020 6105/6100
f 6070/6065 5970/5965 3221/3216
f 6072/6067 6069/6064 6107/6102
f 5998/5993 6070/6065 3221/3216
f 6103/6098 6106/6101 3287/3282
f 3287/3282 6106/6101 6108/6103
f 6108/6103 6106/6101 6105/6100
f 6072/6067 6107/6102 6109/6104
f 3324/3319 6075/6070 3375/3370
f 6077/6072 6110/6105 6031/6026
f 6111/6106 6110/6105 6077/6072
f 6032/6027 6103/6098 3287/3282
f 6108/6103 6105/6100 3111/3106
f 3111/3106 6105/6100 6071/6066
f 6074/6069 6072/6067 6109/6104
f 6074/6069 6109/6104 6076/6071
f 3287/3282 6108/6103 3111/3106
f 3231/3226 6076/6071 6112/6107
f 3231/3226 6113/6108 6078/6073
f 6078/6073 6113/6108 3421/3416
f 6114/6109 3375/3370 6115/6110
f 6116/6111 6077/6072 5913/5908
f 6115/6110 3375/3370 3335/3330
f 3342/3337 3245/3240 3348/3343
f 6117/6112 3294/3289 6118/6113
f 3294/3289 6117/6112 3295/3290
f 3296/3291 3295/3290 6119/6114
f 6120/6115 3243/3238 3242/3237
f 6121/6116 6122/6117 6123/6118
f 6121/6116 6123/6118 6124/6119
f 6119/6114 6125/6120 6126/6121
f 3183/3178 6127/6122 3130/3125
f 3130/3125 6127/6122 6041/6036
f 3343/3338 3187/3182 3297/3292
f 6083/6078 6081/6076 3250/3245
f 6082/6077 6084/6079 6128/6123
f 6129/6124 3300/3295 3438/3433
f 3438/3433 5981/5976 3439/3434
f 3439/3434 5950/5945 6130/6125
f 6130/6125 5950/5945 6006/6001
f 5858/5853 5592/5587 5890/5885
f 6052/6047 5985/5980 6131/6126
f 5985/5980 5954/5949 6132/6127
f 47/42 5955/5950 45/40
f 6133/6128 5615/5610 5959/5954
f 3360/3355 2997/2992 6011/6006
f 6089/6084 3259/3254 3306/3301
f 6134/6129 6135/6130 6136/6131
f 6135/6130 6093/6088 6092/6087
f 6060/6055 6015/6010 6137/6132
f 6137/6132 6015/6010 6094/6089
f 6016/6011 6019/6014 6095/6090
f 6096/6091 3393/3388 6138/6133
f 3206/3201 6017/6012 6139/6134
f 6139/6134 6017/6012 6140/6135
f 6095/6090 6018/6013 6099/6094
f 6065/6060 3206/3201 6139/6134
f 3405/3400 3212/3207 3320/3315
f 6141/6136 5964/5959 5965/5960
f 6100/6095 3279/3274 6142/6137
f 6101/6096 3372/3367 3371/3366
f 3328/3323 5993/5988 6143/6138
f 6143/6138 5993/5988 6144/6139
f 6144/6139 5993/5988 6102/6097
f 6067/6062 6101/6096 6145/6140
f 6142/6137 3279/3274 6146/6141
f 6141/6136 6110/6105 6111/6106
f 6104/6099 6067/6062 6145/6140
f 3420/3415 6101/6096 3371/3366
f 6146/6141 3279/3274 3374/3369
f 3327/3322 5993/5988 3328/3323
f 6069/6064 6104/6099 6107/6102
f 6107/6102 6104/6099 6145/6140
f 5998/5993 6068/6063 6070/6065
f 6144/6139 5998/5993 3171/3166
f 6109/6104 6107/6102 6147/6142
f 6147/6142 6148/6143 3422/3417
f 3374/3369 3375/3370 6146/6141
f 3171/3166 3329/3324 6143/6138
f 3171/3166 6143/6138 6144/6139
f 6109/6104 6147/6142 6112/6107
f 6112/6107 6147/6142 6113/6108
f 6147/6142 3422/3417 6113/6108
f 6146/6141 3375/3370 6114/6109
f 6076/6071 6109/6104 6112/6107
f 6113/6108 3422/3417 3421/3416
f 3231/3226 6112/6107 6113/6108
f 3377/3372 3379/3374 3381/3376
f 3382/3377 6079/6074 3473/3468
f 3295/3290 6149/6144 6125/6120
f 6119/6114 3295/3290 6125/6120
f 6150/6145 6120/6115 3242/3237
f 3247/3242 6151/6146 3297/3292
f 3242/3237 6082/6077 3517/3512
f 5835/5830 3059/3054 6152/6147
f 6153/6148 5835/5830 6152/6147
f 6152/6147 3059/3054 6048/6043
f 3648/3643 5647/5642 3256/3251
f 3389/3384 3257/3252 2750/2745
f 6091/6086 6012/6007 6055/6050
f 6136/6131 6135/6130 6154/6149
f 3392/3387 3262/3257 6056/6051
f 6155/6150 6156/6151 6134/6129
f 6092/6087 6059/6054 6157/6152
f 6157/6152 6059/6054 6060/6055
f 6094/6089 6057/6052 6058/6053
f 6137/6132 6094/6089 6158/6153
f 6138/6133 3393/3388 3394/3389
f 6159/6154 6138/6133 3394/3389
f 6160/6155 6097/6092 6016/6011
f 6161/6156 6095/6090 6099/6094
f 6098/6093 6162/6157 3396/3391
f 6062/6057 6063/6058 6163/6158
f 6163/6158 6063/6058 6164/6159
f 6165/6160 6099/6094 6065/6060
f 6065/6060 6139/6134 6165/6160
f 5964/5959 6141/6136 6166/6161
f 3409/3404 3413/3408 3459/3454
f 6166/6161 6141/6136 6111/6106
f 3459/3454 3413/3408 3464/3459
f 6145/6140 6101/6096 6147/6142
f 6147/6142 6101/6096 3420/3415
f 6148/6143 3420/3415 3419/3414
f 6147/6142 3420/3415 6148/6143
f 6107/6102 6145/6140 6147/6142
f 3329/3324 3328/3323 6143/6138
f 6144/6139 6102/6097 5998/5993
f 6102/6097 6068/6063 5998/5993
f 6148/6143 3419/3414 3422/3417
f 3464/3459 3426/3421 3465/3460
f 3465/3460 3426/3421 3427/3422
f 6111/6106 6077/6072 6167/6162
f 6167/6162 6077/6072 6116/6111
f 6118/6113 6168/6163 6117/6112
f 3432/3427 3382/3377 3473/3468
f 6116/6111 5913/5908 6169/6164
f 6117/6112 6168/6163 6170/6165
f 3346/3341 6171/6166 6127/6122
f 6117/6112 6170/6165 3295/3290
f 3295/3290 6170/6165 6172/6167
f 3183/3178 3346/3341 6127/6122
f 3295/3290 6172/6167 6149/6144
f 6127/6122 6173/6168 6041/6036
f 6174/6169 6121/6116 6124/6119
f 6150/6145 3242/3237 6175/6170
f 6175/6170 3242/3237 3517/3512
f 3517/3512 6082/6077 6128/6123
f 3517/3512 6128/6123 3518/3513
f 6129/6124 3438/3433 6176/6171
f 6176/6171 3438/3433 3539/3534
f 3439/3434 6130/6125 3440/3435
f 3440/3435 6130/6125 6177/6172
f 6178/6173 6086/6081 6007/6002
f 6007/6002 5953/5948 6179/6174
f 6053/6048 5736/5731 6054/6049
f 6055/6050 3390/3385 3485/3480
f 6089/6084 3306/3301 6180/6175
f 6180/6175 3306/3301 3391/3386
f 6181/6176 6090/6085 6182/6177
f 6182/6177 6090/6085 6091/6086
f 3446/3441 3308/3303 3392/3387
f 6183/6178 6136/6131 6154/6149
f 6135/6130 6092/6087 6184/6179
f 6154/6149 6135/6130 6184/6179
f 3392/3387 6056/6051 3489/3484
f 6134/6129 6136/6131 6183/6178
f 6155/6150 6134/6129 6183/6178
f 3489/3484 6056/6051 3490/3485
f 6158/6153 6094/6089 6058/6053
f 6056/6051 3397/3392 3396/3391
f 6062/6057 6163/6158 6185/6180
f 6016/6011 6095/6090 6160/6155
f 6159/6154 3394/3389 3451/3446
f 6186/6181 6139/6134 6187/6182
f 6188/6183 6099/6094 6165/6160
f 6161/6156 6099/6094 6188/6183
f 6165/6160 6139/6134 6186/6181
f 6188/6183 6165/6160 3503/3498
f 6165/6160 6186/6181 3503/3498
f 6166/6161 6111/6106 6167/6162
f 3333/3328 3461/3456 3467/3462
f 3465/3460 3427/3422 3469/3464
f 6168/6163 6189/6184 6190/6185
f 6168/6163 6190/6185 6170/6165
f 6118/6113 6189/6184 6168/6163
f 6171/6166 6191/6186 3511/3506
f 6170/6165 6192/6187 6172/6167
f 6171/6166 3511/3506 6127/6122
f 6193/6188 6118/6113 6194/6189
f 3514/3509 3344/3339 3297/3292
f 6195/6190 6196/6191 6151/6146
f 6151/6146 6196/6191 3514/3509
f 6127/6122 3511/3506 6173/6168
f 6151/6146 3514/3509 3297/3292
f 3539/3534 3438/3433 3440/3435
f 3353/3348 3384/3379 3441/3436
f 5953/5948 5830/5825 6197/6192
f 6198/6193 5923/5918 5924/5919
f 5982/5977 5926/5921 6199/6194
f 6199/6194 5926/5921 6051/6046
f 5959/5954 5836/5831 6200/6195
f 5836/5831 5861/5856 6201/6196
f 5645/5640 5646/5641 6202/6197
f 6202/6197 5646/5641 6203/6198
f 5802/5797 6010/6005 6204/6199
f 3710/3705 6011/6006 6089/6084
f 3710/3705 6089/6084 6180/6175
f 6205/6200 6091/6086 6055/6050
f 6182/6177 6091/6086 6205/6200
f 6206/6201 6155/6150 6183/6178
f 6184/6179 6092/6087 6157/6152
f 6056/6051 3396/3391 3490/3485
f 6137/6132 6158/6153 6207/6202
f 6185/6180 6158/6153 6058/6053
f 6185/6180 6058/6053 6062/6057
f 3553/3548 3396/3391 6162/6157
f 3553/3548 6162/6157 3554/3549
f 3451/3446 3450/3445 3494/3489
f 6161/6156 6188/6183 6208/6203
f 6186/6181 6187/6182 6209/6204
f 3554/3549 6162/6157 6210/6205
f 6208/6203 6188/6183 6211/6206
f 6211/6206 6188/6183 3503/3498
f 3503/3498 6186/6181 3501/3496
f 3501/3496 6186/6181 6209/6204
f 3554/3549 6210/6205 6212/6207
f 6213/6208 6211/6206 3503/3498
f 6213/6208 3503/3498 3502/3497
f 6213/6208 3502/3497 6190/6185
f 6189/6184 6213/6208 6190/6185
f 6190/6185 3502/3497 6214/6209
f 6215/6210 6167/6162 6116/6111
f 6170/6165 6190/6185 6214/6209
f 6191/6186 3509/3504 3511/3506
f 6189/6184 6193/6188 6216/6211
f 6215/6210 6116/6111 6169/6164
f 6170/6165 6214/6209 6192/6187
f 6214/6209 6217/6212 6192/6187
f 6193/6188 6189/6184 6118/6113
f 3564/3559 6218/6213 6219/6214
f 6195/6190 6220/6215 6196/6191
f 6175/6170 3517/3512 3519/3514
f 3519/3514 3518/3513 3536/3531
f 3351/3346 3521/3516 3352/3347
f 3440/3435 6177/6172 3541/3536
f 3576/3571 6178/6173 6221/6216
f 6178/6173 6007/6002 6221/6216
f 6221/6216 6007/6002 6179/6174
f 6179/6174 5953/5948 6197/6192
f 6197/6192 5830/5825 6222/6217
f 6223/6218 5982/5977 6199/6194
f 6133/6128 5959/5954 6200/6195
f 6200/6195 5836/5831 6201/6196
f 6201/6196 5861/5856 3069/3064
f 6010/6005 5862/5857 6224/6219
f 6225/6220 5863/5858 3070/3065
f 3360/3355 6011/6006 6226/6221
f 6205/6200 6055/6050 6227/6222
f 6227/6222 6055/6050 3485/3480
f 6180/6175 3391/3386 3529/3524
f 6181/6176 6182/6177 6228/6223
f 6206/6201 6183/6178 6229/6224
f 3491/3486 3307/3302 3488/3483
f 3487/3482 3490/3485 3552/3547
f 6157/6152 6060/6055 6230/6225
f 3490/3485 3396/3391 3553/3548
f 6230/6225 6060/6055 6137/6132
f 6230/6225 6137/6132 6207/6202
f 6207/6202 6158/6153 6185/6180
f 6231/6226 6230/6225 6232/6227
f 6232/6227 6230/6225 6233/6228
f 6230/6225 6207/6202 6233/6228
f 6095/6090 6161/6156 6208/6203
f 6234/6229 6185/6180 6163/6158
f 6160/6155 6095/6090 6208/6203
f 6160/6155 6208/6203 6235/6230
f 3494/3489 3493/3488 3535/3530
f 6164/6159 6234/6229 6163/6158
f 6236/6231 6160/6155 6235/6230
f 6237/6232 6208/6203 6211/6206
f 6234/6229 6164/6159 6238/6233
f 3501/3496 6209/6204 6239/6234
f 3557/3552 3554/3549 6212/6207
f 6240/6235 6236/6231 6235/6230
f 3502/3497 3501/3496 6241/6236
f 6213/6208 6237/6232 6211/6206
f 6237/6232 6213/6208 6242/6237
f 6241/6236 3501/3496 6243/6238
f 6243/6238 3501/3496 6239/6234
f 3557/3552 6212/6207 6244/6239
f 3509/3504 6245/6240 3510/3505
f 6242/6237 6213/6208 6216/6211
f 3502/3497 6241/6236 6214/6209
f 6214/6209 6241/6236 6243/6238
f 6244/6239 6218/6213 3557/3552
f 3557/3552 6218/6213 3564/3559
f 6216/6211 6213/6208 6189/6184
f 6214/6209 6243/6238 6246/6241
f 3512/3507 6247/6242 3513/3508
f 3515/3510 3514/3509 6248/6243
f 3564/3559 6219/6214 3565/3560
f 6196/6191 6248/6243 3514/3509
f 3567/3562 6175/6170 3519/3514
f 3521/3516 6249/6244 3384/3379
f 3384/3379 6249/6244 6250/6245
f 3384/3379 6250/6245 3441/3436
f 6221/6216 6179/6174 6251/6246
f 5922/5917 5832/5827 6087/6082
f 6009/6004 5923/5918 6252/6247
f 6252/6247 5923/5918 6198/6193
f 5924/5919 5982/5977 6223/6218
f 3199/3194 5690/5685 6253/6248
f 6254/6249 6054/6049 5802/5797
f 6254/6249 5802/5797 6204/6199
f 2747/2742 3072/3067 3583/3578
f 3583/3578 3072/3067 3547/3542
f 6226/6221 6011/6006 3710/3705
f 6227/6222 3485/3480 3549/3544
f 6180/6175 3529/3524 3550/3545
f 6228/6223 6182/6177 6205/6200
f 6180/6175 3550/3545 6255/6250
f 6256/6251 6181/6176 6228/6223
f 6257/6252 6183/6178 6154/6149
f 6257/6252 6154/6149 6184/6179
f 6206/6201 6229/6224 6258/6253
f 6259/6254 6184/6179 6157/6152
f 6259/6254 6157/6152 6230/6225
f 3490/3485 3553/3548 3590/3585
f 6260/6255 6206/6201 6258/6253
f 6261/6256 6259/6254 6230/6225
f 6261/6256 6230/6225 6231/6226
f 6207/6202 6185/6180 6234/6229
f 3453/3448 6262/6257 3531/3526
f 6263/6258 6261/6256 6231/6226
f 6233/6228 6207/6202 6234/6229
f 6263/6258 6231/6226 6264/6259
f 6264/6259 6231/6226 6232/6227
f 6264/6259 6232/6227 6265/6260
f 3558/3553 6232/6227 6233/6228
f 6235/6230 6208/6203 6237/6232
f 6265/6260 6232/6227 3558/3553
f 3560/3555 6265/6260 3558/3553
f 6238/6233 6164/6159 6266/6261
f 6240/6235 6235/6230 6242/6237
f 3535/3530 3534/3529 3562/3557
f 6242/6237 6235/6230 6237/6232
f 6267/6262 3535/3530 3562/3557
f 3510/3505 6245/6240 6268/6263
f 6269/6264 6266/6261 6270/6265
f 3510/3505 6268/6263 6271/6266
f 6269/6264 6270/6265 6272/6267
f 3513/3508 6267/6262 3562/3557
f 6273/6268 6274/6269 6275/6270
f 6273/6268 6275/6270 6276/6271
f 6276/6271 6275/6270 6272/6267
f 3511/3506 3510/3505 6271/6266
f 3566/3561 3565/3560 3632/3627
f 3611/3606 6175/6170 3592/3587
f 3592/3587 6175/6170 3567/3562
f 6277/6272 6278/6273 3596/3591
f 3577/3572 3576/3571 6221/6216
f 6249/6244 3521/3516 6279/6274
f 3441/3436 6250/6245 6280/6275
f 6281/6276 5890/5885 6046/6041
f 6088/6083 5727/5722 6282/6277
f 6282/6277 5727/5722 5833/5828
f 6131/6126 5985/5980 6132/6127
f 6131/6126 6132/6127 6283/6278
f 6284/6279 5893/5888 6052/6047
f 3064/3059 3138/3133 3546/3541
f 6285/6280 5958/5953 5986/5981
f 6201/6196 3069/3064 6286/6281
f 6286/6281 3069/3064 3481/3476
f 6204/6199 6010/6005 6224/6219
f 6205/6200 6227/6222 6287/6282
f 6287/6282 6227/6222 3549/3544
f 6255/6250 3550/3545 3586/3581
f 6229/6224 6183/6178 6257/6252
f 3491/3486 3588/3583 3655/3650
f 3590/3585 3553/3548 3609/3604
f 6260/6255 6258/6253 6288/6283
f 6289/6284 6260/6255 6288/6283
f 3609/3604 3553/3548 3555/3550
f 6290/6285 6261/6256 6263/6258
f 6233/6228 6234/6229 3558/3553
f 3558/3553 6234/6229 6238/6233
f 3559/3554 3558/3553 6238/6233
f 3555/3550 3557/3552 3661/3656
f 6274/6269 3559/3554 6269/6264
f 6269/6264 3559/3554 6238/6233
f 6238/6233 6266/6261 6269/6264
f 6274/6269 6269/6264 6275/6270
f 3661/3656 3557/3552 3564/3559
f 3661/3656 3564/3559 3566/3561
f 6272/6267 6275/6270 6269/6264
f 3571/3566 3573/3568 3613/3608
f 3613/3608 3573/3568 3599/3594
f 6278/6273 3597/3592 3596/3591
f 3596/3591 3598/3593 6291/6286
f 6291/6286 3598/3593 6292/6287
f 6292/6287 3598/3593 6293/6288
f 3577/3572 6221/6216 3677/3672
f 6045/6040 5922/5917 6294/6289
f 5922/5917 6087/6082 6294/6289
f 6087/6082 5858/5853 5890/5885
f 6281/6276 6046/6041 6088/6083
f 6282/6277 5833/5828 6295/6290
f 6295/6290 5833/5828 5689/5684
f 6053/6048 6054/6049 6254/6249
f 3603/3598 3360/3355 6226/6221
f 6287/6282 3549/3544 3605/3600
f 6205/6200 6287/6282 6296/6291
f 6296/6291 6287/6282 6297/6292
f 6297/6292 6287/6282 3605/3600
f 6228/6223 6205/6200 6296/6291
f 6256/6251 6228/6223 6298/6293
f 6255/6250 3586/3581 3606/3601
f 6229/6224 6257/6252 6299/6294
f 6258/6253 6229/6224 6299/6294
f 6299/6294 6257/6252 6259/6254
f 6257/6252 6184/6179 6259/6254
f 6300/6295 6299/6294 6259/6254
f 6300/6295 6258/6253 6299/6294
f 3491/3486 3655/3650 3556/3551
f 6288/6283 6258/6253 6301/6296
f 6258/6253 6300/6295 6301/6296
f 6300/6295 6259/6254 6261/6256
f 6301/6296 6300/6295 6290/6285
f 6290/6285 6300/6295 6261/6256
f 3628/3623 3555/3550 3661/3656
f 3661/3656 3566/3561 3630/3625
f 3675/3670 6302/6297 3677/3672
f 6302/6297 3577/3572 3677/3672
f 3598/3593 6303/6298 6293/6288
f 6251/6246 6179/6174 6304/6299
f 6304/6299 6179/6174 6197/6192
f 6087/6082 5890/5885 6305/6300
f 6305/6300 5890/5885 6281/6276
f 3618/3613 5958/5953 6285/6280
f 3619/3614 3618/3613 6285/6280
f 3603/3598 6226/6221 6306/6301
f 3710/3705 6180/6175 6255/6250
f 6297/6292 3605/3600 3623/3618
f 3623/3618 6296/6291 6297/6292
f 6298/6293 6228/6223 6296/6291
f 6296/6291 3623/3618 6307/6302
f 6255/6250 3606/3601 3654/3649
f 3654/3649 3606/3601 3624/3619
f 6278/6273 6308/6303 6309/6304
f 6278/6273 6309/6304 3597/3592
f 3597/3592 6310/6305 6311/6306
f 3597/3592 6311/6306 3598/3593
f 3598/3593 6311/6306 6303/6298
f 6303/6298 6311/6306 6312/6307
f 3677/3672 6221/6216 3759/3754
f 3759/3754 6221/6216 6251/6246
f 6197/6192 6222/6217 6313/6308
f 3719/3714 6045/6040 6294/6289
f 6295/6290 5689/5684 6314/6309
f 6314/6309 5689/5684 6047/6042
f 6153/6148 6152/6147 6315/6310
f 6315/6310 6152/6147 6048/6043
f 6198/6193 5924/5919 6223/6218
f 5986/5981 5893/5888 6284/6279
f 6316/6311 6254/6249 6204/6199
f 6316/6311 6204/6199 6224/6219
f 6053/6048 6254/6249 6317/6312
f 3585/3580 3305/3300 6318/6313
f 6306/6301 6226/6221 3710/3705
f 3711/3706 3710/3705 6255/6250
f 3711/3706 6255/6250 3743/3738
f 3743/3738 6255/6250 3654/3649
f 6319/6314 6307/6302 3623/3618
f 6319/6314 3623/3618 3652/3647
f 6296/6291 6307/6302 6320/6315
f 6320/6315 6307/6302 6321/6316
f 3655/3650 3588/3583 3656/3651
f 6322/6317 6298/6293 6296/6291
f 6322/6317 6296/6291 6320/6315
f 3654/3649 3653/3648 3691/3686
f 3691/3686 3653/3648 3659/3654
f 6308/6303 6323/6318 6309/6304
f 6309/6304 6323/6318 6310/6305
f 6309/6304 6310/6305 3597/3592
f 6311/6306 6310/6305 3697/3692
f 3697/3692 3699/3694 6311/6306
f 6311/6306 3699/3694 6312/6307
f 3759/3754 6251/6246 6304/6299
f 3719/3714 6294/6289 3724/3719
f 6294/6289 6087/6082 3724/3719
f 6281/6276 6088/6083 3812/3807
f 3812/3807 6088/6083 6282/6277
f 6314/6309 6047/6042 6324/6319
f 6325/6320 6153/6148 6315/6310
f 6326/6321 5986/5981 6284/6279
f 3951/3946 5986/5981 6326/6321
f 6285/6280 5986/5981 3951/3946
f 6327/6322 6202/6197 6203/6198
f 6317/6312 6254/6249 6316/6311
f 3583/3578 3547/3542 3684/3679
f 3738/3733 3603/3598 6306/6301
f 6306/6301 3710/3705 3712/3707
f 6321/6316 6307/6302 6319/6314
f 6319/6314 3652/3647 3688/3683
f 3688/3683 6321/6316 6319/6314
f 3744/3739 3654/3649 3691/3686
f 6328/6323 6320/6315 6321/6316
f 6322/6317 6320/6315 6328/6323
f 6329/6324 6322/6317 6328/6323
f 6323/6318 6329/6324 6330/6325
f 6330/6325 6331/6326 6332/6327
f 3795/3790 3692/3687 6333/6328
f 6332/6327 6331/6326 3695/3690
f 6323/6318 6330/6325 6332/6327
f 6323/6318 6332/6327 6310/6305
f 6310/6305 6332/6327 3695/3690
f 6310/6305 3695/3690 3697/3692
f 3755/3750 3676/3671 3677/3672
f 3755/3750 3677/3672 3759/3754
f 6304/6299 6197/6192 3766/3761
f 3766/3761 6197/6192 6313/6308
f 3721/3716 3719/3714 3724/3719
f 3721/3716 3724/3719 3723/3718
f 3724/3719 6087/6082 3725/3720
f 3725/3720 6087/6082 6305/6300
f 6315/6310 6048/6043 6049/6044
f 5983/5978 5984/5979 6334/6329
f 44/39 6335/6330 6336/6331
f 3774/3769 6225/6220 3070/3065
f 6316/6311 6224/6219 6337/6332
f 3776/3771 6225/6220 3774/3769
f 6306/6301 3712/3707 3738/3733
f 3738/3733 3712/3707 3739/3734
f 3739/3734 3712/3707 3711/3706
f 3743/3738 3654/3649 3744/3739
f 6338/6333 3688/3683 3689/3684
f 6328/6323 6321/6316 3688/3683
f 6328/6323 3688/3683 6338/6333
f 6339/6334 6328/6323 6338/6333
f 3746/3741 3691/3686 3692/3687
f 6329/6324 6328/6323 6339/6334
f 6339/6334 6338/6333 3715/3710
f 3715/3710 6338/6333 3689/3684
f 6330/6325 6329/6324 6331/6326
f 6331/6326 6329/6324 6339/6334
f 6331/6326 6339/6334 3715/3710
f 6331/6326 3715/3710 6340/6335
f 3746/3741 3692/3687 3795/3790
f 3695/3690 6331/6326 6340/6335
f 6340/6335 3715/3710 3696/3691
f 3795/3790 6333/6328 3749/3744
f 3695/3690 6340/6335 3696/3691
f 3697/3692 3696/3691 3698/3693
f 3749/3744 6333/6328 3750/3745
f 3799/3794 3676/3671 3757/3752
f 3757/3752 3676/3671 3755/3750
f 3644/3639 3754/3749 3680/3675
f 3760/3755 3759/3754 6304/6299
f 3760/3755 6304/6299 3766/3761
f 3720/3715 3721/3716 3723/3718
f 6341/6336 6342/6337 6343/6338
f 3725/3720 6305/6300 6281/6276
f 3725/3720 6281/6276 3771/3766
f 3771/3766 6281/6276 3812/3807
f 6344/6339 6223/6218 6199/6194
f 6344/6339 6199/6194 6051/6046
f 6201/6196 6286/6281 6345/6340
f 3199/3194 6253/6248 6346/6341
f 6347/6342 6202/6197 6327/6322
f 6345/6340 6286/6281 3481/3476
f 6345/6340 3481/3476 6348/6343
f 6349/6344 6317/6312 6316/6311
f 3583/3578 3684/3679 3729/3724
f 6350/6345 6317/6312 6351/6346
f 3742/3737 3739/3734 3787/3782
f 3787/3782 3739/3734 3744/3739
f 3687/3682 3651/3646 3745/3740
f 3787/3782 3744/3739 3746/3741
f 3795/3790 3749/3744 3751/3746
f 3799/3794 3757/3752 3800/3795
f 3644/3639 3700/3695 3754/3749
f 3800/3795 3757/3752 3756/3751
f 3800/3795 3756/3751 3761/3756
f 6352/6347 6353/6348 6354/6349
f 3645/3640 3722/3717 6355/6350
f 3645/3640 6355/6350 3772/3767
f 6356/6351 3771/3766 3812/3807
f 3812/3807 6282/6277 3813/3808
f 3813/3808 6282/6277 6295/6290
f 6357/6352 6050/6045 6008/6003
f 44/39 6336/6331 42/37
f 6358/6353 6131/6126 6283/6278
f 6349/6344 6316/6311 6337/6332
f 6349/6344 6337/6332 6359/6354
f 6351/6346 6317/6312 6349/6344
f 6351/6346 6349/6344 6360/6355
f 6361/6356 6350/6345 6362/6357
f 6350/6345 6351/6346 6362/6357
f 3731/3726 3708/3703 6363/6358
f 6353/6348 6364/6359 6365/6360
f 6353/6348 6365/6360 6366/6361
f 6354/6349 6353/6348 6366/6361
f 6354/6349 6366/6361 6367/6362
f 3809/3804 3771/3766 6356/6351
f 6354/6349 6367/6362 6368/6363
f 6356/6351 3812/3807 3814/3809
f 3726/3721 3772/3767 6369/6364
f 6252/6247 6198/6193 6370/6365
f 6051/6046 5983/5978 6371/6366
f 6371/6366 5983/5978 6334/6329
f 6052/6047 6131/6126 6358/6353
f 6347/6342 6327/6322 6372/6367
f 3817/3812 3583/3578 6373/6368
f 3775/3770 3774/3769 3818/3813
f 3583/3578 3729/3724 6373/6368
f 3861/3856 3821/3816 3862/3857
f 6374/6369 6375/6370 6376/6371
f 3862/3857 3821/3816 3819/3814
f 6374/6369 6376/6371 6377/6372
f 6378/6373 6374/6369 6377/6372
f 6378/6373 6377/6372 6379/6374
f 6377/6372 6380/6375 6379/6374
f 3745/3740 3731/3726 6381/6376
f 6382/6377 6378/6373 6379/6374
f 3792/3787 3745/3740 6381/6376
f 3792/3787 6381/6376 6383/6378
f 3792/3787 6383/6378 6384/6379
f 3747/3742 3792/3787 6384/6379
f 3748/3743 3747/3742 6384/6379
f 3748/3743 6384/6379 6385/6380
f 3752/3747 3748/3743 6386/6381
f 3748/3743 6385/6380 6386/6381
f 3752/3747 6386/6381 6387/6382
f 6388/6383 6389/6384 6365/6360
f 6364/6359 6388/6383 6365/6360
f 3831/3826 3832/3827 3879/3874
f 6366/6361 6365/6360 6390/6385
f 6366/6361 6390/6385 6367/6362
f 3832/3827 3833/3828 3884/3879
f 3809/3804 6356/6351 3886/3881
f 6391/6386 6392/6387 6393/6388
f 3813/3808 6295/6290 6394/6389
f 6394/6389 6295/6290 6314/6309
f 6395/6390 6315/6310 6049/6044
f 6357/6352 6008/6003 6396/6391
f 6397/6392 6009/6004 6252/6247
f 6344/6339 6051/6046 6398/6393
f 6398/6393 6051/6046 6371/6366
f 6133/6128 6200/6195 6399/6394
f 6200/6195 6201/6196 6345/6340
f 3853/3848 3199/3194 6346/6341
f 6372/6367 6327/6322 6400/6395
f 3855/3850 3861/3856 3856/3851
f 6349/6344 6359/6354 6401/6396
f 6360/6355 6349/6344 6401/6396
f 3860/3855 3775/3770 3818/3813
f 6376/6371 6402/6397 6403/6398
f 6377/6372 6376/6371 6403/6398
f 3819/3814 3823/3818 3862/3857
f 6380/6375 6377/6372 6403/6398
f 6380/6375 6403/6398 6404/6399
f 3862/3857 3823/3818 3824/3819
f 3862/3857 3824/3819 3868/3863
f 6380/6375 6404/6399 6405/6400
f 6379/6374 6380/6375 6405/6400
f 3868/3863 3824/3819 3842/3837
f 6406/6401 6405/6400 6407/6402
f 3868/3863 3842/3837 3871/3866
f 6379/6374 6405/6400 6406/6401
f 6382/6377 6379/6374 6406/6401
f 6408/6403 6382/6377 6406/6401
f 6409/6404 6406/6401 6407/6402
f 3842/3837 3844/3839 3871/3866
f 6408/6403 6406/6401 6409/6404
f 6408/6403 6409/6404 6410/6405
f 6411/6406 6410/6405 6409/6404
f 6411/6406 6409/6404 6412/6407
f 6388/6383 6411/6406 6412/6407
f 6389/6384 6388/6383 6412/6407
f 6389/6384 6412/6407 6413/6408
f 3844/3839 3831/3826 3871/3866
f 3871/3866 3831/3826 3879/3874
f 6389/6384 6413/6408 6390/6385
f 6390/6385 6413/6408 6414/6409
f 6365/6360 6389/6384 6390/6385
f 6415/6410 6390/6385 6414/6409
f 6367/6362 6390/6385 6415/6410
f 3879/3874 3832/3827 3884/3879
f 6367/6362 6415/6410 6368/6363
f 3772/3767 6416/6411 6369/6364
f 3886/3881 3814/3809 3813/3808
f 3813/3808 6394/6389 3888/3883
f 3888/3883 6394/6389 6314/6309
f 6314/6309 6324/6319 3888/3883
f 6417/6412 6325/6320 6315/6310
f 6395/6390 6049/6044 6050/6045
f 6358/6353 6283/6278 6418/6413
f 48/43 46/41 6419/6414
f 3848/3843 3304/3299 3445/3440
f 6347/6342 6372/6367 6400/6395
f 6420/6415 6347/6342 6400/6395
f 6345/6340 6348/6343 6421/6416
f 6345/6340 6421/6416 6422/6417
f 6422/6417 3899/3894 3901/3896
f 6423/6418 3860/3855 3863/3858
f 6424/6419 6423/6418 3863/3858
f 6404/6399 6403/6398 6425/6420
f 6424/6419 3863/3858 3867/3862
f 6405/6400 6404/6399 6426/6421
f 6426/6421 6404/6399 6425/6420
f 6426/6421 6425/6420 6427/6422
f 6428/6423 6424/6419 3867/3862
f 6407/6402 6405/6400 6426/6421
f 6407/6402 6426/6421 6427/6422
f 6427/6422 6429/6424 6430/6425
f 6407/6402 6427/6422 6431/6426
f 6431/6426 6427/6422 6430/6425
f 3870/3865 3873/3868 3874/3869
f 6409/6404 6407/6402 6431/6426
f 6412/6407 6409/6404 6432/6427
f 6432/6427 6409/6404 6431/6426
f 6432/6427 6431/6426 6430/6425
f 6413/6408 6412/6407 6432/6427
f 6413/6408 6432/6427 6433/6428
f 6434/6429 6435/6430 3875/3870
f 6414/6409 6413/6408 6433/6428
f 6434/6429 3875/3870 3880/3875
f 6436/6431 6434/6429 3880/3875
f 3834/3829 6436/6431 3880/3875
f 3834/3829 3880/3875 3845/3840
f 6395/6390 6050/6045 6357/6352
f 3971/3966 6133/6128 6399/6394
f 6437/6432 6200/6195 6345/6340
f 6438/6433 6439/6434 6440/6435
f 3939/3934 6345/6340 6441/6436
f 6441/6436 6345/6340 6422/6417
f 6441/6436 6422/6417 3901/3896
f 6441/6436 3901/3896 6442/6437
f 6442/6437 3901/3896 3902/3897
f 6442/6437 3902/3897 6443/6438
f 3902/3897 3906/3901 6443/6438
f 6443/6438 3906/3901 6444/6439
f 6444/6439 3906/3901 3912/3907
f 6444/6439 3912/3907 6445/6440
f 3912/3907 6446/6441 6445/6440
f 6445/6440 6446/6441 6417/6412
f 3846/3841 3914/3909 3815/3810
f 6445/6440 6417/6412 6315/6310
f 6447/6442 6223/6218 6344/6339
f 6358/6353 6284/6279 6052/6047
f 3893/3888 3621/3616 3968/3963
f 6448/6443 6438/6433 6440/6435
f 6448/6443 6440/6435 6449/6444
f 6450/6445 3896/3891 3897/3892
f 6450/6445 3897/3892 3918/3913
f 6448/6443 6449/6444 6451/6446
f 6452/6447 6450/6445 3918/3913
f 3939/3934 6441/6436 6442/6437
f 6453/6448 6448/6443 6451/6446
f 6451/6446 6454/6449 6455/6450
f 3939/3934 6442/6437 6456/6451
f 6457/6452 6453/6448 6451/6446
f 6451/6446 6455/6450 6458/6453
f 6457/6452 6451/6446 6459/6454
f 6459/6454 6451/6446 6458/6453
f 6456/6451 6442/6437 6443/6438
f 6457/6452 6459/6454 6460/6455
f 6460/6455 6459/6454 6461/6456
f 6461/6456 6459/6454 6458/6453
f 6461/6456 6458/6453 6462/6457
f 6443/6438 6444/6439 6463/6458
f 6464/6459 6460/6455 6461/6456
f 6465/6460 6461/6456 6462/6457
f 6463/6458 6444/6439 6445/6440
f 6464/6459 6461/6456 6466/6461
f 6466/6461 6461/6456 6465/6460
f 3924/3919 3925/3920 3926/3921
f 6465/6460 6462/6457 6467/6462
f 6468/6463 3924/3919 3926/3921
f 3913/3908 3876/3871 6469/6464
f 6466/6461 6465/6460 6470/6465
f 6465/6460 6467/6462 6470/6465
f 6471/6466 6468/6463 3926/3921
f 6472/6467 6466/6461 6470/6465
f 4041/4036 6344/6339 6398/6393
f 6399/6394 6200/6195 6437/6432
f 3940/3935 3939/3934 6456/6451
f 3940/3935 6456/6451 6473/6468
f 3921/3916 3920/3915 3930/3925
f 6456/6451 6443/6438 6473/6468
f 3923/3918 3921/3916 3930/3925
f 6473/6468 6443/6438 6474/6469
f 6443/6438 6463/6458 6474/6469
f 3925/3920 3923/3918 3930/3925
f 6474/6469 6463/6458 6475/6470
f 6463/6458 6445/6440 6475/6470
f 6475/6470 6445/6440 6315/6310
f 6358/6353 6418/6413 6476/6471
f 6477/6472 6326/6321 6284/6279
f 35/30 6478/6473 33/28
f 3619/3614 6285/6280 3951/3946
f 3941/3936 6345/6340 3939/3934
f 6397/6392 6252/6247 6370/6365
f 6198/6193 6223/6218 6447/6442
f 6447/6442 6344/6339 6479/6474
f 6479/6474 6344/6339 4041/4036
f 3848/3843 3445/3440 3938/3933
f 3945/3940 3940/3935 6473/6468
f 6473/6468 6474/6469 6480/6475
f 6474/6469 6475/6470 6481/6476
f 6481/6476 6475/6470 6482/6477
f 6482/6477 6475/6470 6315/6310
f 6482/6477 6315/6310 6395/6390
f 6437/6432 6345/6340 3941/3936
f 6483/6478 6473/6468 6480/6475
f 3951/3946 6326/6321 6477/6472
f 6484/6479 6399/6394 6437/6432
f 6370/6365 6198/6193 3997/3992
f 3997/3992 6198/6193 6447/6442
f 6477/6472 6284/6279 6485/6480
f 6485/6480 6284/6279 6358/6353
f 3952/3947 3951/3946 6477/6472
f 3971/3966 6399/6394 6484/6479
f 6437/6432 3941/3936 6484/6479
f 6486/6481 3945/3940 6473/6468
f 6486/6481 6473/6468 6483/6478
f 6480/6475 6474/6469 6487/6482
f 6371/6366 6334/6329 6488/6483
f 6489/6484 6483/6478 6480/6475
f 6487/6482 6474/6469 6481/6476
f 6487/6482 6481/6476 6482/6477
f 6490/6485 6482/6477 6395/6390
f 6490/6485 6395/6390 6357/6352
f 3915/3910 3619/3614 3952/3947
f 6484/6479 3941/3936 6486/6481
f 6486/6481 3941/3936 3945/3940
f 6486/6481 6483/6478 6489/6484
f 6489/6484 6480/6475 6487/6482
f 6490/6485 6487/6482 6482/6477
f 6357/6352 6396/6391 6491/6486
f 3996/3991 6397/6392 6370/6365
f 3996/3991 6370/6365 3997/3992
f 4081/4076 6398/6393 6371/6366
f 6485/6480 6358/6353 6492/6487
f 6358/6353 6476/6471 6492/6487
f 3971/3966 6484/6479 3972/3967
f 3972/3967 6484/6479 6486/6481
f 3972/3967 6486/6481 3976/3971
f 3976/3971 6486/6481 3978/3973
f 3978/3973 6486/6481 6489/6484
f 3978/3973 6489/6484 6493/6488
f 6493/6488 6489/6484 6487/6482
f 6493/6488 6487/6482 6494/6489
f 6494/6489 6487/6482 6495/6490
f 6495/6490 6487/6482 6496/6491
f 6496/6491 6487/6482 6490/6485
f 6496/6491 6490/6485 6497/6492
f 6497/6492 6490/6485 6357/6352
f 6497/6492 6357/6352 6491/6486
f 3997/3992 6447/6442 4040/4035
f 4040/4035 6447/6442 6479/6474
f 4041/4036 6398/6393 4081/4076
f 4081/4076 6371/6366 6498/6493
f 6498/6493 6371/6366 6488/6483
f 6499/6494 3915/3910 3952/3947
f 3977/3972 3976/3971 3979/3974
f 3980/3975 3978/3973 6493/6488
f 3980/3975 6493/6488 6500/6495
f 6500/6495 6493/6488 6494/6489
f 6495/6490 6496/6491 6501/6496
f 3992/3987 3990/3985 4036/4031
f 3998/3993 3997/3992 4040/4035
f 3998/3993 4040/4035 4042/4037
f 4040/4035 6479/6474 4041/4036
f 41/36 43/38 6502/6497
f 6503/6498 41/36 6502/6497
f 6504/6499 6485/6480 6492/6487
f 6477/6472 6485/6480 6504/6499
f 3952/3947 6477/6472 6505/6500
f 6505/6500 6477/6472 6504/6499
f 6499/6494 3952/3947 6505/6500
f 3915/3910 6499/6494 6506/6501
f 4042/4037 4041/4036 6507/6502
f 6507/6502 4041/4036 6508/6503
f 6508/6503 4041/4036 4081/4076
f 6504/6499 6492/6487 6509/6504
f 6505/6500 6504/6499 6510/6505
f 6511/6506 6512/6507 6513/6508
f 6514/6509 6511/6506 6513/6508
f 4051/4046 6514/6509 4049/4044
f 4049/4044 6514/6509 6513/6508
f 6514/6509 4051/4046 6515/6510
f 6516/6511 6514/6509 6515/6510
f 6515/6510 4051/4046 4050/4045
f 6516/6511 6515/6510 6517/6512
f 6518/6513 6516/6511 6517/6512
f 6518/6513 6517/6512 6519/6514
f 6518/6513 6519/6514 6520/6515
f 6521/6516 6518/6513 6520/6515
f 6520/6515 6522/6517 6523/6518
f 6521/6516 6520/6515 6524/6519
f 6524/6519 6520/6515 6523/6518
f 6525/6520 6521/6516 6524/6519
f 6525/6520 6524/6519 6526/6521
f 6527/6522 6525/6520 6526/6521
f 6525/6520 6527/6522 6528/6523
f 6528/6523 6527/6522 6529/6524
f 6530/6525 6525/6520 6528/6523
f 6531/6526 6528/6523 6529/6524
f 6530/6525 6528/6523 6531/6526
f 3993/3988 6530/6525 6531/6526
f 3993/3988 6531/6526 3994/3989
f 3994/3989 6531/6526 6532/6527
f 4062/4057 4035/4030 4063/4058
f 3963/3958 4039/4034 4043/4038
f 6508/6503 4081/4076 4080/4075
f 4081/4076 6498/6493 4082/4077
f 6533/6528 6503/6498 6502/6497
f 6509/6504 6492/6487 6534/6529
f 6535/6530 6504/6499 6509/6504
f 6510/6505 6504/6499 6535/6530
f 6513/6508 6512/6507 6536/6531
f 6536/6531 6512/6507 6537/6532
f 4049/4044 6513/6508 6536/6531
f 4050/4045 4049/4044 4090/4085
f 6538/6533 4050/4045 4090/4085
f 6515/6510 4050/4045 6538/6533
f 6515/6510 6538/6533 6517/6512
f 6519/6514 6517/6512 4110/4105
f 6519/6514 4110/4105 6539/6534
f 6520/6515 6519/6514 6540/6535
f 6519/6514 6539/6534 6540/6535
f 6522/6517 6520/6515 6540/6535
f 6541/6536 6523/6518 6522/6517
f 4097/4092 4072/4067 4073/4068
f 6523/6518 6541/6536 6542/6537
f 6524/6519 6523/6518 6542/6537
f 6526/6521 6524/6519 6542/6537
f 6526/6521 6542/6537 6543/6538
f 4098/4093 4074/4069 4058/4053
f 6526/6521 6543/6538 6544/6539
f 6527/6522 6526/6521 6544/6539
f 6529/6524 6527/6522 6544/6539
f 6529/6524 6544/6539 6545/6540
f 6529/6524 6545/6540 6546/6541
f 6529/6524 6546/6541 6547/6542
f 6531/6526 6529/6524 6547/6542
f 6548/6543 6547/6542 6546/6541
f 6531/6526 6547/6542 6548/6543
f 6532/6527 6531/6526 6548/6543
f 6532/6527 6548/6543 6549/6544
f 4043/4038 4039/4034 6550/6545
f 4077/4072 4079/4074 6551/6546
f 4077/4072 6551/6546 4102/4097
f 4043/4038 6550/6545 4064/4059
f 6537/6532 6552/6547 6553/6548
f 6537/6532 6553/6548 6536/6531
f 6536/6531 6553/6548 4088/4083
f 6536/6531 4088/4083 4090/4085
f 4049/4044 6536/6531 4090/4085
f 30/25 32/27 4093/4088
f 30/25 4093/4088 6554/6549
f 6538/6533 4090/4085 4089/4084
f 4093/4088 4092/4087 6554/6549
f 4110/4105 6538/6533 4089/4084
f 6554/6549 4092/4087 6555/6550
f 6517/6512 6538/6533 4110/4105
f 6555/6550 4092/4087 6556/6551
f 6556/6551 6557/6552 6558/6553
f 6555/6550 6556/6551 6558/6553
f 6540/6535 6539/6534 6559/6554
f 6522/6517 6540/6535 6560/6555
f 6540/6535 6559/6554 6560/6555
f 6558/6553 6557/6552 6561/6556
f 6560/6555 6559/6554 6562/6557
f 6561/6556 6557/6552 6563/6558
f 6522/6517 6560/6555 6541/6536
f 6541/6536 6560/6555 6562/6557
f 6564/6559 6541/6536 6562/6557
f 6542/6537 6541/6536 6564/6559
f 6561/6556 6563/6558 6565/6560
f 6565/6560 6566/6561 6561/6556
f 6561/6556 6566/6561 6567/6562
f 6543/6538 6542/6537 6564/6559
f 6568/6563 6543/6538 6564/6559
f 6564/6559 6569/6564 6568/6563
f 6543/6538 6568/6563 6544/6539
f 6570/6565 4101/4096 6571/6566
f 6545/6540 6544/6539 6568/6563
f 4101/4096 26/21 6571/6566
f 6546/6541 6545/6540 6572/6567
f 6571/6566 26/21 28/23
f 6573/6568 6546/6541 6572/6567
f 6548/6543 6546/6541 6573/6568
f 29/24 27/22 6574/6569
f 29/24 6574/6569 6575/6570
f 6549/6544 6548/6543 6573/6568
f 6549/6544 6573/6568 4103/4098
f 6576/6571 6549/6544 4103/4098
f 6576/6571 4103/4098 4105/4100
f 6575/6570 6574/6569 6577/6572
f 6552/6547 6578/6573 6579/6574
f 6579/6574 6578/6573 6580/6575
f 6579/6574 6580/6575 6581/6576
f 6553/6548 6552/6547 6579/6574
f 6579/6574 6581/6576 6582/6577
f 6553/6548 6579/6574 4088/4083
f 6579/6574 6582/6577 6583/6578
f 4108/4103 4088/4083 6579/6574
f 4089/4084 4088/4083 4108/4103
f 4108/4103 6579/6574 6583/6578
f 4108/4103 6583/6578 6584/6579
f 4089/4084 4108/4103 4110/4105
f 4108/4103 6584/6579 4109/4104
f 4109/4104 6584/6579 6585/6580
f 6539/6534 4110/4105 4109/4104
f 6585/6580 6539/6534 4109/4104
f 6539/6534 6585/6580 6586/6581
f 6586/6581 6585/6580 6587/6582
f 6559/6554 6539/6534 6586/6581
f 6587/6582 6588/6583 6586/6581
f 6586/6581 6588/6583 6589/6584
f 6562/6557 6559/6554 6586/6581
f 6562/6557 6586/6581 6589/6584
f 6562/6557 6589/6584 6590/6585
f 6564/6559 6562/6557 6590/6585
f 6589/6584 6588/6583 6590/6585
f 6590/6585 6588/6583 6591/6586
f 6564/6559 6590/6585 6591/6586
f 6564/6559 6591/6586 6569/6564
f 6569/6564 6591/6586 6592/6587
f 6568/6563 6569/6564 6593/6588
f 6593/6588 6569/6564 6592/6587
f 6593/6588 6592/6587 6594/6589
f 6545/6540 6568/6563 6593/6588
f 6545/6540 6593/6588 6572/6567
f 6593/6588 6594/6589 6595/6590
f 6572/6567 6593/6588 6595/6590
f 6573/6568 6572/6567 4104/4099
f 6572/6567 6595/6590 6596/6591
f 4104/4099 6572/6567 6596/6591
f 4104/4099 6596/6591 4106/4101
f 4103/4098 6573/6568 4104/4099
f 4105/4100 4104/4099 4106/4101
# Vertices: 6596, normals: 0, texture coordinates: 6591, faces: 9618

