# File generated by ImageToStl.com - Free Image and 3D model conversion tools

mtllib 9_22_2025 (1).mtl

o obj1
v 1.03698652 1.34335734 4.2E-07
v 1.01570131 1.35543938 -0.24841741
v 1.04743951 1.41135466 -0.23995263
v 1.07701486 1.4634599 -0.21513559
v 1.10241211 1.50820336 -0.17565713
v 1.12189989 1.54253658 -0.12420829
v 1.13415032 1.56411905 -0.06429466
v 1.13832871 1.57148042 4.2E-07
v 1.13415032 1.56411905 0.06429551
v 1.12189989 1.54253658 0.12420913
v 1.10241211 1.50820336 0.17565797
v 1.07701486 1.4634599 0.21513645
v 1.04743951 1.41135466 0.23995306
v 1.01570091 1.35543938 0.24841784
v 0.9839628 1.29952409 0.23995306
v 0.95438746 1.24741886 0.21513645
v 0.9289906 1.20267499 0.17565797
v 0.90950273 1.16834227 0.12420913
v 0.897252 1.14675971 0.06429509
v 0.8930735 1.13939794 4.2E-07
v 0.897252 1.14675971 -0.06429466
v 0.90950273 1.16834227 -0.12420829
v 0.9289906 1.2026754 -0.17565713
v 0.95438746 1.24741886 -0.21513559
v 0.98396321 1.29952409 -0.23995263
v 1.02820967 1.34833937 4.2E-07
v 1.03858391 1.41577213 -0.23797463
v 1.00710716 1.36031735 -0.24636963
v 1.06791524 1.46744762 -0.21336228
v 1.09310317 1.51182223 -0.17420947
v 1.11243032 1.54587212 -0.12318439
v 1.12458001 1.56727702 -0.06376475
v 1.12872382 1.57457748 4.2E-07
v 1.12457961 1.56727702 0.06376559
v 1.11243032 1.54587212 0.12318524
v 1.09310317 1.51182223 0.17421031
v 1.06791524 1.46744762 0.2133627
v 1.0385835 1.41577213 0.23797548
v 1.00710716 1.36031735 0.24637006
v 0.97563032 1.30486256 0.23797548
v 0.94629858 1.25318708 0.2133627
v 0.92111106 1.20881246 0.17420989
v 0.90178401 1.17476257 0.12318524
v 0.88963431 1.15335767 0.06376559
v 0.88549051 1.14605721 4.2E-07
v 0.88963431 1.15335767 -0.06376475
v 0.90178401 1.17476257 -0.12318481
v 0.92111106 1.20881286 -0.17420947
v 0.94629858 1.25318748 -0.21336228
v 0.97563032 1.30486307 -0.23797463
v 0.8505289 1.44919312 -0.70701039
v 0.72869615 1.5183471 -0.89891997
v 0.84354388 1.72068219 -0.86829072
v 0.94085817 1.60833213 -0.68291992
v 0.95269277 1.39120372 -0.48720321
v 1.01493881 1.5008669 -0.47060227
v 1.07294294 1.60305658 -0.42193032
v 0.9505651 1.90922906 -0.77848799
v 1.02503143 1.75662631 -0.61228905
v 1.04246636 2.07113743 -0.63563266
v 1.09731252 1.88396874 -0.49993188
v 1.12275253 1.69080909 -0.34450479
v 1.11298469 2.19537442 -0.44945998
v 1.15277617 1.98168278 -0.35350542
v 1.16097244 1.75814364 -0.2436016
v 1.15731454 2.27347293 -0.23265723
v 1.18764179 2.04310785 -0.18298763
v 1.18499857 1.80047227 -0.12609706
v 1.17243395 2.30011063 4.2E-07
v 1.19953396 2.064059 4.2E-07
v 1.19319352 1.81490985 4.2E-07
v 1.15731414 2.27347293 0.23265809
v 1.18764179 2.04310785 0.18298805
v 1.18499857 1.80047227 0.1260979
v 1.11298429 2.19537402 0.44946044
v 1.15277617 1.98168278 0.35350582
v 1.16097244 1.75814364 0.24360203
v 1.04246636 2.07113743 0.63563306
v 1.09731252 1.88396874 0.49993229
v 1.12275212 1.69080909 0.34450522
v 0.9505646 1.90922866 0.77848839
v 1.02503143 1.75662591 0.61228991
v 1.07294294 1.60305658 0.42193075
v 0.94085777 1.60833173 0.68292037
v 1.01493881 1.5008669 0.47060267
v 0.84354348 1.72068219 0.86829112
v 0.7286957 1.51834669 0.89892088
v 0.8505289 1.44919312 0.70701124
v 0.95269277 1.39120372 0.48720406
v 0.89044672 1.28154064 0.47060267
v 0.61384797 1.3160117 0.86829072
v 0.76019957 1.29005442 0.68292037
v 0.50682675 1.12746513 0.77848839
v 0.67602631 1.14176034 0.61228951
v 0.83244264 1.17935045 0.42193075
v 0.78263301 1.09159804 0.34450522
v 0.41492547 0.96555676 0.63563306
v 0.60374477 1.01441731 0.49993229
v 0.34440709 0.84131972 0.44946044
v 0.54828157 0.91670388 0.35350542
v 0.74441315 1.02426339 0.24360203
v 0.30007729 0.76322136 0.23265766
v 0.5134159 0.85527871 0.18298805
v 0.72038701 0.98193527 0.1260979
v 0.28495743 0.73658321 4.2E-07
v 0.50152378 0.8343276 4.2E-07
v 0.71219246 0.96749758 4.2E-07
v 0.30007729 0.76322136 -0.23265723
v 0.5134159 0.85527871 -0.18298763
v 0.72038701 0.98193527 -0.12609706
v 0.34440709 0.84131972 -0.44945998
v 0.54828157 0.91670388 -0.35350499
v 0.74441315 1.02426379 -0.2436016
v 0.41492547 0.96555676 -0.63563266
v 0.60374517 1.01441781 -0.49993188
v 0.78263346 1.09159845 -0.34450479
v 0.67602631 1.14176034 -0.61228905
v 0.83244264 1.17935085 -0.42193032
v 0.50682675 1.12746513 -0.77848799
v 0.61384797 1.3160117 -0.86829032
v 0.76019997 1.29005442 -0.68291951
v 0.89044672 1.28154064 -0.47060227
v 0.84311968 1.45339904 -0.70160123
v 0.9327575 1.6113205 -0.67769519
v 0.83569529 1.72336635 -0.86254237
v 0.72160754 1.52237041 -0.89296904
v 0.94460994 1.39579159 -0.4832713
v 1.00635354 1.50457007 -0.46680441
v 1.06388991 1.60593504 -0.41852539
v 1.01628704 1.75847941 -0.60760478
v 0.94200806 1.91066492 -0.77333425
v 1.08801547 1.8848484 -0.49610741
v 1.03330079 2.07150164 -0.63142457
v 1.11329687 1.6929795 -0.34172452
v 1.14305442 1.98181426 -0.35080082
v 1.10335228 2.19491604 -0.44648472
v 1.15120843 1.75977067 -0.24163545
v 1.17765324 2.04277006 -0.18158776
v 1.1473886 2.27249728 -0.23111737
v 1.17504087 1.80175748 -0.12507951
v 1.18945446 2.06356028 4.2E-07
v 1.16240819 2.29895892 4.2E-07
v 1.18316947 1.8160785 4.2E-07
v 1.17765324 2.04276945 0.18158818
v 1.1473886 2.27249728 0.2311178
v 1.17504087 1.80175748 0.12508035
v 1.14305402 1.98181426 0.35080125
v 1.10335228 2.19491563 0.44648518
v 1.15120843 1.75977067 0.24163628
v 1.08801547 1.884848 0.49610782
v 1.03330079 2.07150124 0.63142543
v 1.11329687 1.6929795 0.34172535
v 1.01628664 1.75847941 0.60760519
v 0.94200806 1.91066451 0.77333465
v 1.06388951 1.60593504 0.41852582
v 1.00635354 1.50457007 0.46680487
v 0.9327575 1.6113201 0.67769559
v 0.83569529 1.72336595 0.86254277
v 0.84311928 1.45339864 0.70160209
v 0.72160754 1.52237041 0.89296985
v 0.94460944 1.39579159 0.48327216
v 0.88286584 1.28701362 0.46680487
v 0.75348146 1.29547708 0.67769559
v 0.60751978 1.32137427 0.86254277
v 0.66995186 1.14831817 0.60760519
v 0.50120701 1.13407631 0.77333465
v 0.82532993 1.18564814 0.41852582
v 0.77592251 1.09860418 0.34172492
v 0.59822354 1.02194959 0.49610782
v 0.40991428 0.97323958 0.63142497
v 0.54318449 0.92498342 0.35080125
v 0.3398628 0.84982509 0.44648518
v 0.738011 1.03181301 0.24163628
v 0.50858572 0.86402813 0.18158818
v 0.29582693 0.77224354 0.2311178
v 0.71417891 0.98982611 0.12508035
v 0.4967845 0.84323725 4.2E-07
v 0.28080686 0.74578175 4.2E-07
v 0.70604996 0.97550519 4.2E-07
v 0.50858572 0.86402813 -0.18158776
v 0.29582693 0.77224354 -0.23111737
v 0.71417891 0.98982611 -0.12507951
v 0.54318449 0.92498342 -0.35080082
v 0.33986323 0.84982509 -0.44648472
v 0.738011 1.03181301 -0.24163545
v 0.59822354 1.02194959 -0.49610696
v 0.40991428 0.97323958 -0.63142457
v 0.77592251 1.09860418 -0.34172452
v 0.82532993 1.18564864 -0.41852539
v 0.66995186 1.14831817 -0.60760478
v 0.50120741 1.13407631 -0.77333425
v 0.75348146 1.29547759 -0.67769473
v 0.60752019 1.32137427 -0.86254196
v 0.88286584 1.28701362 -0.46680441
usemtl mat0
f 1 2 3
f 1 3 4
f 1 4 5
f 1 5 6
f 1 6 7
f 1 7 8
f 1 8 9
f 1 9 10
f 1 10 11
f 1 11 12
f 1 12 13
f 1 13 14
f 1 14 15
f 1 15 16
f 1 16 17
f 1 17 18
f 1 18 19
f 1 19 20
f 1 20 21
f 1 21 22
f 1 22 23
f 1 23 24
f 1 24 25
f 1 25 2
f 26 27 28
f 26 29 27
f 26 30 29
f 26 31 30
f 26 32 31
f 26 33 32
f 26 34 33
f 26 35 34
f 26 36 35
f 26 37 36
f 26 38 37
f 26 39 38
f 26 40 39
f 26 41 40
f 26 42 41
f 26 43 42
f 26 44 43
f 26 45 44
f 26 46 45
f 26 47 46
f 26 48 47
f 26 49 48
f 26 50 49
f 26 28 50
f 51 52 53
f 51 53 54
f 55 51 54
f 55 54 56
f 2 55 56
f 2 56 3
f 3 56 57
f 3 57 4
f 54 53 58
f 54 58 59
f 56 54 59
f 56 59 57
f 59 58 60
f 59 60 61
f 57 59 61
f 57 61 62
f 4 57 62
f 4 62 5
f 61 60 63
f 61 63 64
f 62 61 64
f 62 64 65
f 5 62 65
f 5 65 6
f 64 63 66
f 64 66 67
f 65 64 67
f 65 67 68
f 6 65 68
f 6 68 7
f 67 66 69
f 67 69 70
f 68 67 70
f 68 70 71
f 7 68 71
f 7 71 8
f 70 69 72
f 70 72 73
f 71 70 73
f 71 73 74
f 8 71 74
f 8 74 9
f 73 72 75
f 73 75 76
f 74 73 76
f 74 76 77
f 9 74 77
f 9 77 10
f 76 75 78
f 76 78 79
f 77 76 79
f 77 79 80
f 10 77 80
f 10 80 11
f 79 78 81
f 79 81 82
f 80 79 82
f 80 82 83
f 11 80 83
f 11 83 12
f 83 82 84
f 83 84 85
f 12 83 85
f 12 85 13
f 82 81 86
f 82 86 84
f 84 86 87
f 84 87 88
f 85 84 88
f 85 88 89
f 13 85 89
f 13 89 14
f 14 89 90
f 14 90 15
f 88 87 91
f 88 91 92
f 89 88 92
f 89 92 90
f 92 91 93
f 92 93 94
f 90 92 94
f 90 94 95
f 15 90 95
f 15 95 16
f 16 95 96
f 16 96 17
f 94 93 97
f 94 97 98
f 95 94 98
f 95 98 96
f 98 97 99
f 98 99 100
f 96 98 100
f 96 100 101
f 17 96 101
f 17 101 18
f 100 99 102
f 100 102 103
f 101 100 103
f 101 103 104
f 18 101 104
f 18 104 19
f 103 102 105
f 103 105 106
f 104 103 106
f 104 106 107
f 19 104 107
f 19 107 20
f 106 105 108
f 106 108 109
f 107 106 109
f 107 109 110
f 20 107 110
f 20 110 21
f 109 108 111
f 109 111 112
f 110 109 112
f 110 112 113
f 21 110 113
f 21 113 22
f 112 111 114
f 112 114 115
f 113 112 115
f 113 115 116
f 22 113 116
f 22 116 23
f 116 115 117
f 116 117 118
f 23 116 118
f 23 118 24
f 115 114 119
f 115 119 117
f 117 119 120
f 117 120 121
f 118 117 121
f 118 121 122
f 24 118 122
f 24 122 25
f 122 121 51
f 122 51 55
f 25 122 55
f 25 55 2
f 121 120 52
f 121 52 51
f 123 124 125
f 123 125 126
f 127 128 124
f 127 124 123
f 28 27 128
f 28 128 127
f 27 29 129
f 27 129 128
f 124 130 131
f 124 131 125
f 128 129 130
f 128 130 124
f 130 132 133
f 130 133 131
f 129 134 132
f 129 132 130
f 29 30 134
f 29 134 129
f 132 135 136
f 132 136 133
f 134 137 135
f 134 135 132
f 30 31 137
f 30 137 134
f 135 138 139
f 135 139 136
f 137 140 138
f 137 138 135
f 31 32 140
f 31 140 137
f 138 141 142
f 138 142 139
f 140 143 141
f 140 141 138
f 32 33 143
f 32 143 140
f 141 144 145
f 141 145 142
f 143 146 144
f 143 144 141
f 33 34 146
f 33 146 143
f 144 147 148
f 144 148 145
f 146 149 147
f 146 147 144
f 34 35 149
f 34 149 146
f 147 150 151
f 147 151 148
f 149 152 150
f 149 150 147
f 35 36 152
f 35 152 149
f 150 153 154
f 150 154 151
f 152 155 153
f 152 153 150
f 36 37 155
f 36 155 152
f 155 156 157
f 155 157 153
f 37 38 156
f 37 156 155
f 153 157 158
f 153 158 154
f 157 159 160
f 157 160 158
f 156 161 159
f 156 159 157
f 38 39 161
f 38 161 156
f 39 40 162
f 39 162 161
f 159 163 164
f 159 164 160
f 161 162 163
f 161 163 159
f 163 165 166
f 163 166 164
f 162 167 165
f 162 165 163
f 40 41 167
f 40 167 162
f 41 42 168
f 41 168 167
f 165 169 170
f 165 170 166
f 167 168 169
f 167 169 165
f 169 171 172
f 169 172 170
f 168 173 171
f 168 171 169
f 42 43 173
f 42 173 168
f 171 174 175
f 171 175 172
f 173 176 174
f 173 174 171
f 43 44 176
f 43 176 173
f 174 177 178
f 174 178 175
f 176 179 177
f 176 177 174
f 44 45 179
f 44 179 176
f 177 180 181
f 177 181 178
f 179 182 180
f 179 180 177
f 45 46 182
f 45 182 179
f 180 183 184
f 180 184 181
f 182 185 183
f 182 183 180
f 46 47 185
f 46 185 182
f 183 186 187
f 183 187 184
f 185 188 186
f 185 186 183
f 47 48 188
f 47 188 185
f 188 189 190
f 188 190 186
f 48 49 189
f 48 189 188
f 186 190 191
f 186 191 187
f 190 192 193
f 190 193 191
f 189 194 192
f 189 192 190
f 49 50 194
f 49 194 189
f 194 127 123
f 194 123 192
f 50 28 127
f 50 127 194
f 192 123 126
f 192 126 193
f 58 53 125
f 58 125 131
f 60 58 131
f 60 131 133
f 63 60 133
f 63 133 136
f 66 63 136
f 66 136 139
f 69 66 139
f 69 139 142
f 72 69 142
f 72 142 145
f 75 72 145
f 75 145 148
f 78 75 148
f 78 148 151
f 81 78 151
f 81 151 154
f 86 81 154
f 86 154 158
f 87 86 158
f 87 158 160
f 91 87 160
f 91 160 164
f 93 91 164
f 93 164 166
f 97 93 166
f 97 166 170
f 99 97 170
f 99 170 172
f 102 99 172
f 102 172 175
f 105 102 175
f 105 175 178
f 108 105 178
f 108 178 181
f 111 108 181
f 111 181 184
f 114 111 184
f 114 184 187
f 119 114 187
f 119 187 191
f 120 119 191
f 120 191 193
f 52 120 193
f 52 193 126
f 53 52 126
f 53 126 125
# Vertices: 194, normals: 0, texture coordinates: 0, faces: 384

o obj2
v 1.25055273 1.50489102 -0.33845785
v 1.12916577 1.29103562 -0.41835708
v 1.12916577 1.29103562 -0.40964826
v 1.24802577 1.50043937 -0.33141242
v 1.00777921 1.07718022 -0.33845828
v 1.01030567 1.08163187 -0.33141242
v 0.9327579 0.94500994 -0.12927954
v 0.93684635 0.95221321 -0.12658849
v 0.9327575 0.94500994 0.12927954
v 0.93684635 0.95221321 0.12658849
v 1.00777871 1.07718022 0.33845828
v 1.01030567 1.08163187 0.33141282
v 1.12916577 1.29103562 0.41835748
v 1.12916577 1.29103562 0.40964869
v 1.25055273 1.50489102 0.33845828
v 1.24802577 1.50043896 0.33141282
v 1.32557394 1.63706079 0.12927954
v 1.32148508 1.62985763 0.12658849
v 1.32557394 1.63706079 -0.12927911
v 1.32148559 1.62985763 -0.12658806
v 1.12916577 1.29103562 -0.39636599
v 1.24417165 1.49364931 -0.32066681
v 1.01415978 1.08842182 -0.32066681
v 0.94308233 0.9631994 -0.12248361
v 0.94308193 0.9631994 0.12248403
v 1.01415978 1.08842142 0.32066681
v 1.12916577 1.29103562 0.39636599
v 1.24417165 1.49364931 0.32066681
v 1.31524961 1.61887174 0.12248403
v 1.31524961 1.61887174 -0.12248361
v 1.12916577 1.29103562 -0.3812072
v 1.23977365 1.48590055 -0.30840335
v 1.01855819 1.09617019 -0.30840335
v 0.95019838 0.9757369 -0.11779975
v 0.95019838 0.9757369 0.11779975
v 1.01855779 1.09617019 0.30840335
v 1.12916577 1.29103562 0.38120763
v 1.23977365 1.48590055 0.30840378
v 1.30813306 1.60633383 0.11779975
v 1.30813306 1.60633383 -0.11779933
v 1.12916577 1.29103562 -0.36835758
v 1.23604517 1.47933212 -0.2980075
v 1.02228667 1.10273861 -0.29800793
v 0.95623138 0.98636493 -0.11382894
v 0.95623138 0.98636493 0.11382894
v 1.02228627 1.10273861 0.29800793
v 1.12916577 1.29103562 0.368358
v 1.23604517 1.47933212 0.29800793
v 1.30210046 1.5957062 0.11382894
v 1.30210046 1.5957062 -0.11382851
v 1.12910779 1.29106859 -0.35538657
v 1.23222372 1.47273456 -0.28751355
v 1.02599186 1.10940262 -0.28751398
v 0.96226267 0.99712657 -0.10982049
v 0.96226267 0.99712657 0.10982049
v 1.02599186 1.10940222 0.28751398
v 1.12910779 1.29106859 0.35538657
v 1.23222332 1.47273456 0.28751398
v 1.29595251 1.58501061 0.10982091
v 1.29595251 1.58501061 -0.10982049
v 1.1272918 1.2920993 -0.33561498
v 1.22467077 1.46365874 -0.27151823
v 1.02991232 1.12054026 -0.27151823
v 0.9697289 1.01451038 -0.10371054
v 0.9697289 1.01451038 0.10371096
v 1.02991232 1.12053986 0.27151866
v 1.12729129 1.2920993 0.33561541
v 1.22467077 1.46365874 0.27151866
v 1.28485419 1.56968812 0.10371096
v 1.28485419 1.56968812 -0.10371054
v 1.12168885 1.29527965 -0.3096941
v 1.21154703 1.45358851 -0.25054767
v 1.03183076 1.1369703 -0.2505481
v 0.97629561 1.03912991 -0.09570083
v 0.97629521 1.03912991 0.09570083
v 1.03183076 1.1369703 0.2505481
v 1.12168885 1.29527965 0.30969453
v 1.21154703 1.45358851 0.2505481
v 1.26708258 1.55142889 0.09570083
v 1.26708258 1.55142889 -0.09570083
v 1.11666033 1.29813392 -0.29208746
v 1.20141005 1.44744257 -0.23630366
v 1.03191062 1.14882486 -0.23630366
v 0.97953263 1.05654669 -0.09025994
v 0.97953263 1.05654669 0.09026036
v 1.03191062 1.14882486 0.23630409
v 1.11666033 1.29813392 0.29208789
v 1.20140965 1.44744257 0.23630409
v 1.25378804 1.53972074 0.09026036
v 1.25378804 1.53972074 -0.09025994
v 1.10734927 1.30341874 -0.26404141
v 1.18396161 1.43839125 -0.21361393
v 1.03073743 1.16844623 -0.21361393
v 0.98338887 1.08502881 -0.08159343
v 0.98338887 1.08502881 0.08159343
v 1.03073743 1.16844623 0.21361393
v 1.10734927 1.30341874 0.26404141
v 1.18396161 1.43839125 0.21361436
v 1.23131018 1.52180877 0.08159343
v 1.23131018 1.52180877 -0.08159301
v 1.10108375 1.3069751 -0.24680059
v 1.17269329 1.43313436 -0.19966555
v 1.02947421 1.18081635 -0.19966555
v 0.98521716 1.10284519 -0.07626546
v 0.98521716 1.10284519 0.07626589
v 1.02947421 1.18081584 0.19966596
v 1.10108375 1.3069751 0.24680059
v 1.17269329 1.43313436 0.19966596
v 1.21695034 1.51110501 0.07626589
v 1.21695034 1.51110501 -0.07626546
v 1.09359715 1.31122458 -0.22704929
v 1.15947608 1.42728739 -0.18368671
v 1.02771861 1.19516177 -0.18368671
v 0.98700361 1.12343093 -0.07016186
v 0.98700361 1.12343093 0.07016228
v 1.02771861 1.19516177 0.18368714
v 1.09359715 1.31122458 0.22704972
v 1.15947608 1.42728739 0.18368714
v 1.20019119 1.49901834 0.07016228
v 1.20019119 1.49901834 -0.07016186
v 1.08356211 1.3169205 -0.20122825
v 1.14194849 1.41978435 -0.16279734
v 1.02517522 1.21405705 -0.16279734
v 0.98909023 1.15048395 -0.06218301
v 0.98909023 1.15048395 0.06218301
v 1.02517522 1.21405705 0.16279734
v 1.08356211 1.3169205 0.20122866
v 1.14194849 1.41978435 0.16279734
v 1.17803348 1.48335796 0.06218301
v 1.17803348 1.48335796 -0.06218301
v 1.07936667 1.31930196 -0.19048222
v 1.13463532 1.41667256 -0.15410335
v 1.02409802 1.22193186 -0.15410335
v 0.98993995 1.16175348 -0.05886224
v 0.98993995 1.16175348 0.05886224
v 1.02409802 1.22193146 0.15410335
v 1.07936627 1.31930196 0.19048222
v 1.13463492 1.41667256 0.15410377
v 1.1687931 1.47685084 0.05886224
v 1.1687931 1.47685084 -0.05886224
v 1.07188057 1.32355154 -0.17115936
v 1.12154254 1.41104471 -0.13847089
v 1.02221811 1.23605838 -0.13847089
v 0.99152543 1.18198439 -0.05289101
v 0.99152543 1.18198439 0.05289143
v 1.02221811 1.23605838 0.13847132
v 1.07188017 1.32355154 0.17115978
v 1.12154254 1.41104471 0.13847132
v 1.15223521 1.46511819 0.05289143
v 1.15223521 1.46511819 -0.05289101
v 1.06220238 1.32904489 -0.14544234
v 1.10440285 1.40339193 -0.11766526
v 1.02000201 1.25469775 -0.11766526
v 0.99392091 1.20874863 -0.04494431
v 0.99392091 1.20874863 0.04494431
v 1.02000201 1.25469734 0.11766569
v 1.06220238 1.32904438 0.14544276
v 1.10440285 1.40339193 0.11766569
v 1.13048395 1.44934064 0.04494431
v 1.13048395 1.44934064 -0.04494388
v 1.05607601 1.33252209 -0.12833135
v 1.09331129 1.39812273 -0.10382219
v 1.01884022 1.26692186 -0.10382219
v 0.99582745 1.22637847 -0.03965652
v 0.99582745 1.22637847 0.03965694
v 1.01884022 1.26692186 0.10382262
v 1.0560756 1.33252209 0.12833177
v 1.09331129 1.39812273 0.10382262
v 1.11632416 1.43866572 0.03965694
v 1.11632416 1.43866572 -0.03965652
v 1.04896117 1.33656063 -0.1069865
v 1.08000363 1.3912499 -0.08655388
v 1.01791912 1.28187127 -0.08655388
v 0.99873374 1.24807145 -0.03306063
v 0.99873374 1.24807145 0.03306105
v 1.01791871 1.28187086 0.0865543
v 1.04896117 1.33656063 0.10698691
v 1.08000363 1.3912499 0.0865543
v 1.09918901 1.42504972 0.03306105
v 1.09918901 1.42504972 -0.03306063
v 1.04085042 1.34116454 -0.07881695
v 1.0637194 1.38145413 -0.06376432
v 1.01798173 1.30087484 -0.06376432
v 1.00384766 1.27597449 -0.02435563
v 1.00384766 1.27597449 0.02435606
v 1.01798173 1.30087484 0.06376432
v 1.04085042 1.34116454 0.07881737
v 1.063719 1.38145413 0.06376432
v 1.07785308 1.40635408 0.02435606
v 1.07785308 1.40635408 -0.02435563
v 1.03690575 1.34340342 -0.06182734
v 1.05484484 1.37500842 -0.05001937
v 1.01896677 1.31179852 -0.05001937
v 1.00787944 1.29226587 -0.01910549
v 1.00787944 1.29226587 0.01910591
v 1.01896626 1.31179852 0.05001937
v 1.03690575 1.34340342 0.06182734
v 1.05484484 1.37500842 0.05001937
v 1.06593217 1.39454107 0.01910591
v 1.06593217 1.39454107 -0.01910549
v 1.03327498 1.34546393 -0.04065969
v 1.04507287 1.36624841 -0.03289442
v 1.02147759 1.32467986 -0.03289442
v 1.0141864 1.31183452 -0.01256458
v 1.0141864 1.31183452 0.01256458
v 1.02147759 1.32467945 0.03289442
v 1.03327498 1.34546393 0.04065969
v 1.04507287 1.36624841 0.03289442
v 1.05236396 1.37909385 0.01256458
v 1.05236396 1.37909385 -0.01256458
v 1.03147674 1.34648486 -0.02168658
v 1.03776898 1.35757087 -0.01754491
v 1.02518409 1.33539924 -0.01754491
v 1.02129488 1.32854789 -0.00670162
v 1.02129488 1.32854789 0.00670162
v 1.02518409 1.33539924 0.01754533
v 1.03147674 1.34648486 0.021687
v 1.03776898 1.35757087 0.01754533
v 1.04165778 1.36442223 0.00670162
v 1.04165778 1.36442223 -0.00670162
v 1.03115488 1.34666757 -0.00999026
v 1.03405361 1.35177473 -0.00808246
v 1.02825615 1.34156081 -0.00808246
v 1.02646466 1.33840455 -0.00308733
v 1.02646466 1.33840455 0.00308733
v 1.02825615 1.34156081 0.00808288
v 1.03115488 1.34666757 0.00999068
v 1.03405361 1.35177473 0.00808288
v 1.0358451 1.35493098 0.00308733
v 1.0358451 1.35493098 -0.00308733
v 1.25118626 1.50450573 0.33854921
v 1.32620747 1.63667591 0.12937089
v 1.00841274 1.07679535 -0.33836693
v 0.93339143 0.94462517 -0.12918861
v 1.32620747 1.63667591 -0.12918819
v 1.25118626 1.50450573 -0.33836693
v 0.93339143 0.94462517 0.12937047
v 1.00841274 1.07679494 0.33854921
v 1.1297993 1.29065034 0.41844841
v 1.1297997 1.29065074 -0.41826613
usemtl mat4
f 195 196 197
f 195 197 198
f 196 199 200
f 196 200 197
f 199 201 202
f 199 202 200
f 201 203 204
f 201 204 202
f 203 205 206
f 203 206 204
f 205 207 208
f 205 208 206
f 207 209 210
f 207 210 208
f 209 211 212
f 209 212 210
f 211 213 214
f 211 214 212
f 213 195 198
f 213 198 214
f 198 197 215
f 198 215 216
f 197 200 217
f 197 217 215
f 200 202 218
f 200 218 217
f 202 204 219
f 202 219 218
f 204 206 220
f 204 220 219
f 206 208 221
f 206 221 220
f 208 210 222
f 208 222 221
f 210 212 223
f 210 223 222
f 212 214 224
f 212 224 223
f 214 198 216
f 214 216 224
f 216 215 225
f 216 225 226
f 215 217 227
f 215 227 225
f 217 218 228
f 217 228 227
f 218 219 229
f 218 229 228
f 219 220 230
f 219 230 229
f 220 221 231
f 220 231 230
f 221 222 232
f 221 232 231
f 222 223 233
f 222 233 232
f 223 224 234
f 223 234 233
f 224 216 226
f 224 226 234
f 226 225 235
f 226 235 236
f 225 227 237
f 225 237 235
f 227 228 238
f 227 238 237
f 228 229 239
f 228 239 238
f 229 230 240
f 229 240 239
f 230 231 241
f 230 241 240
f 231 232 242
f 231 242 241
f 232 233 243
f 232 243 242
f 233 234 244
f 233 244 243
f 234 226 236
f 234 236 244
f 236 235 245
f 236 245 246
f 235 237 247
f 235 247 245
f 237 238 248
f 237 248 247
f 238 239 249
f 238 249 248
f 239 240 250
f 239 250 249
f 240 241 251
f 240 251 250
f 241 242 252
f 241 252 251
f 242 243 253
f 242 253 252
f 243 244 254
f 243 254 253
f 244 236 246
f 244 246 254
f 246 245 255
f 246 255 256
f 245 247 257
f 245 257 255
f 247 248 258
f 247 258 257
f 248 249 259
f 248 259 258
f 249 250 260
f 249 260 259
f 250 251 261
f 250 261 260
f 251 252 262
f 251 262 261
f 252 253 263
f 252 263 262
f 253 254 264
f 253 264 263
f 254 246 256
f 254 256 264
f 256 255 265
f 256 265 266
f 255 257 267
f 255 267 265
f 257 258 268
f 257 268 267
f 258 259 269
f 258 269 268
f 259 260 270
f 259 270 269
f 260 261 271
f 260 271 270
f 261 262 272
f 261 272 271
f 262 263 273
f 262 273 272
f 263 264 274
f 263 274 273
f 264 256 266
f 264 266 274
f 266 265 275
f 266 275 276
f 265 267 277
f 265 277 275
f 267 268 278
f 267 278 277
f 268 269 279
f 268 279 278
f 269 270 280
f 269 280 279
f 270 271 281
f 270 281 280
f 271 272 282
f 271 282 281
f 272 273 283
f 272 283 282
f 273 274 284
f 273 284 283
f 274 266 276
f 274 276 284
f 276 275 285
f 276 285 286
f 275 277 287
f 275 287 285
f 277 278 288
f 277 288 287
f 278 279 289
f 278 289 288
f 279 280 290
f 279 290 289
f 280 281 291
f 280 291 290
f 281 282 292
f 281 292 291
f 282 283 293
f 282 293 292
f 283 284 294
f 283 294 293
f 284 276 286
f 284 286 294
f 286 285 295
f 286 295 296
f 285 287 297
f 285 297 295
f 287 288 298
f 287 298 297
f 288 289 299
f 288 299 298
f 289 290 300
f 289 300 299
f 290 291 301
f 290 301 300
f 291 292 302
f 291 302 301
f 292 293 303
f 292 303 302
f 293 294 304
f 293 304 303
f 294 286 296
f 294 296 304
f 296 295 305
f 296 305 306
f 295 297 307
f 295 307 305
f 297 298 308
f 297 308 307
f 298 299 309
f 298 309 308
f 299 300 310
f 299 310 309
f 300 301 311
f 300 311 310
f 301 302 312
f 301 312 311
f 302 303 313
f 302 313 312
f 303 304 314
f 303 314 313
f 304 296 306
f 304 306 314
f 306 305 315
f 306 315 316
f 305 307 317
f 305 317 315
f 307 308 318
f 307 318 317
f 308 309 319
f 308 319 318
f 309 310 320
f 309 320 319
f 310 311 321
f 310 321 320
f 311 312 322
f 311 322 321
f 312 313 323
f 312 323 322
f 313 314 324
f 313 324 323
f 314 306 316
f 314 316 324
f 316 315 325
f 316 325 326
f 315 317 327
f 315 327 325
f 317 318 328
f 317 328 327
f 318 319 329
f 318 329 328
f 319 320 330
f 319 330 329
f 320 321 331
f 320 331 330
f 321 322 332
f 321 332 331
f 322 323 333
f 322 333 332
f 323 324 334
f 323 334 333
f 324 316 326
f 324 326 334
f 326 325 335
f 326 335 336
f 325 327 337
f 325 337 335
f 327 328 338
f 327 338 337
f 328 329 339
f 328 339 338
f 329 330 340
f 329 340 339
f 330 331 341
f 330 341 340
f 331 332 342
f 331 342 341
f 332 333 343
f 332 343 342
f 333 334 344
f 333 344 343
f 334 326 336
f 334 336 344
f 336 335 345
f 336 345 346
f 335 337 347
f 335 347 345
f 337 338 348
f 337 348 347
f 338 339 349
f 338 349 348
f 339 340 350
f 339 350 349
f 340 341 351
f 340 351 350
f 341 342 352
f 341 352 351
f 342 343 353
f 342 353 352
f 343 344 354
f 343 354 353
f 344 336 346
f 344 346 354
f 346 345 355
f 346 355 356
f 345 347 357
f 345 357 355
f 347 348 358
f 347 358 357
f 348 349 359
f 348 359 358
f 349 350 360
f 349 360 359
f 350 351 361
f 350 361 360
f 351 352 362
f 351 362 361
f 352 353 363
f 352 363 362
f 353 354 364
f 353 364 363
f 354 346 356
f 354 356 364
f 356 355 365
f 356 365 366
f 355 357 367
f 355 367 365
f 357 358 368
f 357 368 367
f 358 359 369
f 358 369 368
f 359 360 370
f 359 370 369
f 360 361 371
f 360 371 370
f 361 362 372
f 361 372 371
f 362 363 373
f 362 373 372
f 363 364 374
f 363 374 373
f 364 356 366
f 364 366 374
f 366 365 375
f 366 375 376
f 365 367 377
f 365 377 375
f 367 368 378
f 367 378 377
f 368 369 379
f 368 379 378
f 369 370 380
f 369 380 379
f 370 371 381
f 370 381 380
f 371 372 382
f 371 382 381
f 372 373 383
f 372 383 382
f 373 374 384
f 373 384 383
f 374 366 376
f 374 376 384
f 376 375 385
f 376 385 386
f 375 377 387
f 375 387 385
f 377 378 388
f 377 388 387
f 378 379 389
f 378 389 388
f 379 380 390
f 379 390 389
f 380 381 391
f 380 391 390
f 381 382 392
f 381 392 391
f 382 383 393
f 382 393 392
f 383 384 394
f 383 394 393
f 384 376 386
f 384 386 394
f 386 385 395
f 386 395 396
f 385 387 397
f 385 397 395
f 387 388 398
f 387 398 397
f 388 389 399
f 388 399 398
f 389 390 400
f 389 400 399
f 390 391 401
f 390 401 400
f 391 392 402
f 391 402 401
f 392 393 403
f 392 403 402
f 393 394 404
f 393 404 403
f 394 386 396
f 394 396 404
f 396 395 405
f 396 405 406
f 395 397 407
f 395 407 405
f 397 398 408
f 397 408 407
f 398 399 409
f 398 409 408
f 399 400 410
f 399 410 409
f 400 401 411
f 400 411 410
f 401 402 412
f 401 412 411
f 402 403 413
f 402 413 412
f 403 404 414
f 403 414 413
f 404 396 406
f 404 406 414
f 406 405 415
f 406 415 416
f 405 407 417
f 405 417 415
f 407 408 418
f 407 418 417
f 408 409 419
f 408 419 418
f 409 410 420
f 409 420 419
f 410 411 421
f 410 421 420
f 411 412 422
f 411 422 421
f 412 413 423
f 412 423 422
f 413 414 424
f 413 424 423
f 414 406 416
f 414 416 424
f 211 209 425
f 211 425 426
f 201 199 427
f 201 427 428
f 195 213 429
f 195 429 430
f 205 203 431
f 205 431 432
f 209 207 433
f 209 433 425
f 199 196 434
f 199 434 427
f 213 211 426
f 213 426 429
f 196 195 430
f 196 430 434
f 203 201 428
f 203 428 431
f 207 205 432
f 207 432 433
f 422 420 421
f 420 422 423
f 420 423 419
f 419 423 424
f 419 424 418
f 418 424 416
f 418 416 417
f 417 416 415
# Vertices: 240, normals: 0, texture coordinates: 0, faces: 468

o obj3
v 1.69260441 2.18801729 0.03850913
v 1.69260441 2.18801729 0.0484516
v 1.69441031 2.18985022 0.0484516
v 1.69441031 2.18985022 0.03850913
v 1.69689119 2.19053467 0.0484516
v 1.69689119 2.19053467 0.03850913
v 1.69938135 2.18988712 0.0484516
v 1.69938135 2.18988712 0.03850913
v 1.70121428 2.18808081 0.0484516
v 1.70121428 2.18808081 0.03850913
v 1.70189853 2.18559993 0.0484516
v 1.70189853 2.18559993 0.03850913
v 1.70125058 2.18310977 0.0484516
v 1.70125058 2.18310977 0.03850913
v 1.69944427 2.18127684 0.0484516
v 1.69944427 2.18127684 0.03850913
v 1.69696379 2.18059259 0.0484516
v 1.69696379 2.18059259 0.03850913
v 1.69447323 2.18124034 0.0484516
v 1.69447323 2.18124034 0.03850913
v 1.6926403 2.18304625 0.0484516
v 1.6926403 2.18304625 0.03850913
v 1.69412637 2.18715376 0.0484516
v 1.6937065 2.18553983 0.0484516
v 1.6937065 2.18553983 0.04917902
v 1.69412637 2.18715376 0.04917902
v 1.69195646 2.18552713 0.0484516
v 1.69195646 2.18552713 0.03850913
v 1.69529663 2.18834096 0.0484516
v 1.6969037 2.18878402 0.0484516
v 1.69851722 2.18836455 0.0484516
v 1.69970482 2.18719429 0.0484516
v 1.70014808 2.18558723 0.0484516
v 1.69972842 2.18397371 0.0484516
v 1.69855836 2.1827857 0.0484516
v 1.69695069 2.18234264 0.0484516
v 1.69533777 2.18276251 0.0484516
v 1.69415017 2.18393277 0.0484516
v 1.69529663 2.18834096 0.04917902
v 1.6969037 2.18878402 0.04917902
v 1.69695069 2.18234264 0.04917902
v 1.69533777 2.18276251 0.04917902
v 1.70014808 2.18558723 0.04917902
v 1.69972842 2.18397371 0.04917902
v 1.69851722 2.18836455 0.04917902
v 1.69415017 2.18393277 0.04917902
v 1.69855836 2.1827857 0.04917902
v 1.69970482 2.18719429 0.04917902
usemtl mat9
f 435 436 437
f 435 437 438
f 438 437 439
f 438 439 440
f 440 439 441
f 440 441 442
f 442 441 443
f 442 443 444
f 444 443 445
f 444 445 446
f 446 445 447
f 446 447 448
f 448 447 449
f 448 449 450
f 450 449 451
f 450 451 452
f 452 451 453
f 452 453 454
f 454 453 455
f 454 455 456
f 457 458 459
f 457 459 460
f 456 455 461
f 456 461 462
f 462 461 436
f 462 436 435
f 457 463 437
f 457 437 436
f 463 464 439
f 463 439 437
f 464 465 441
f 464 441 439
f 465 466 443
f 465 443 441
f 466 467 445
f 466 445 443
f 467 468 447
f 467 447 445
f 468 469 449
f 468 449 447
f 469 470 451
f 469 451 449
f 470 471 453
f 470 453 451
f 471 472 455
f 471 455 453
f 472 458 461
f 472 461 455
f 458 457 436
f 458 436 461
f 464 463 473
f 464 473 474
f 471 470 475
f 471 475 476
f 468 467 477
f 468 477 478
f 465 464 474
f 465 474 479
f 472 471 476
f 472 476 480
f 469 468 478
f 469 478 481
f 466 465 479
f 466 479 482
f 458 472 480
f 458 480 459
f 463 457 460
f 463 460 473
f 470 469 481
f 470 481 475
f 467 466 482
f 467 482 477
f 454 450 452
f 450 454 456
f 450 456 448
f 448 456 462
f 448 462 446
f 446 462 435
f 446 435 444
f 444 435 438
f 444 438 442
f 442 438 440
f 481 476 475
f 476 481 480
f 480 481 478
f 480 478 459
f 459 478 477
f 459 477 460
f 460 477 482
f 460 482 473
f 473 482 479
f 473 479 474
# Vertices: 48, normals: 0, texture coordinates: 0, faces: 92

o obj4
v 0.84641554 0.45048686 -0.02928648
v 0.83627473 0.45656126 -0.04565524
v 0.83970671 0.46228173 -0.04565862
v 0.84984757 0.45620728 -0.02928986
v 0.56395036 -0.04114859 -0.01049015
v 0.55826463 -0.03774956 -0.03107755
v 0.56718784 -0.04310629 -0.03634293
v 0.57383239 -0.04707879 -0.01228164
v 0.53111899 0.10956928 -0.07383239
v 0.55226928 0.09687528 -0.08176936
v 0.54822318 0.09013095 -0.08176556
v 0.52707248 0.10282494 -0.07382859
v 0.55760065 0.20057144 -0.03153135
v 0.55182482 0.2040487 -0.01098201
v 0.54022617 0.21100619 -0.01316386
v 0.54714685 0.20683957 -0.03778594
v 0.61951637 0.27950766 0.0487155
v 0.63449204 0.2705303 0.06147758
v 0.62913149 0.27375338 0.07366661
v 0.61118822 0.28450998 0.05837503
v 0.73950387 0.32356425 0.06160784
v 0.75453496 0.31453827 0.04894599
v 0.76282086 0.30957316 0.05866093
v 0.74481028 0.32038725 0.07383239
v 0.55587132 0.21079261 -0.01098624
v 0.56164715 0.20731577 -0.03153515
v 0.55119335 0.2135839 -0.03778974
v 0.54427267 0.21775053 -0.01316809
v 0.72894778 0.22297445 -0.03741673
v 0.71593279 0.23077101 -0.05842451
v 0.73950518 0.27006042 -0.05844735
v 0.75252058 0.26226515 -0.03743956
v 0.63853809 0.27727463 0.06147378
v 0.62356287 0.28625199 0.04871169
v 0.61523472 0.29125431 0.05837122
v 0.63317799 0.28049771 0.0736628
v 0.75858146 0.32128259 0.04894218
v 0.74354997 0.33030815 0.06160403
v 0.74885678 0.3271316 0.07382859
v 0.76686691 0.31631705 0.05865712
v 0.50640895 0.11524742 -0.03148186
v 0.50063267 0.11872468 -0.01093295
v 0.48903448 0.12568217 -0.0131148
v 0.49595516 0.12151555 -0.03773688
v 0.56832467 0.19418363 0.04876498
v 0.58329989 0.18520627 0.06152665
v 0.5779398 0.18842936 0.07371609
v 0.55999647 0.19918595 0.05842451
v 0.68831178 0.23824022 0.0616569
v 0.70334326 0.22921466 0.04899547
v 0.71162871 0.22424872 0.05871041
v 0.69361859 0.23506324 0.07388188
v 0.50467917 0.12546901 -0.01093675
v 0.51045546 0.12199175 -0.0314861
v 0.50000166 0.12825987 -0.03774068
v 0.49308058 0.13242649 -0.01311861
v 0.77129743 0.30444691 -0.01069019
v 0.7656121 0.30784638 -0.03127759
v 0.77609297 0.30155413 -0.0374624
v 0.78290541 0.29748141 -0.01279465
v 0.5873464 0.19195061 0.06152284
v 0.57237118 0.20092797 0.04876075
v 0.56404257 0.20593029 0.05842071
v 0.5819863 0.19517369 0.07371186
v 0.70738931 0.23595856 0.04899125
v 0.69235828 0.24498457 0.0616531
v 0.69766469 0.24180757 0.07387807
v 0.71567522 0.23099304 0.0587066
v 0.7696582 0.31459027 -0.0312814
v 0.77534399 0.31119126 -0.010694
v 0.78695191 0.30422574 -0.01279846
v 0.78013947 0.30829846 -0.03746621
v 0.67092333 0.36464601 -0.04909021
v 0.65998448 0.37121907 -0.03162989
v 0.64953069 0.3774876 -0.03788448
v 0.66263789 0.36961153 -0.05880514
v 0.51713293 0.10885961 0.04881404
v 0.5321082 0.09988226 0.06157612
v 0.52674805 0.10310534 0.07376515
v 0.50880478 0.11386193 0.058474
v 0.63712004 0.15291621 0.06170639
v 0.65215112 0.14389063 0.04904453
v 0.66043702 0.13892469 0.05875989
v 0.64242644 0.14973922 0.07393094
v 0.66403058 0.3779634 -0.0316337
v 0.67496984 0.37139034 -0.04909402
v 0.66668399 0.37635588 -0.05880895
v 0.65357679 0.38423195 -0.03788871
v 0.72010574 0.2191229 -0.01064071
v 0.71442 0.22252234 -0.03122811
v 0.72490128 0.21623012 -0.03741292
v 0.73171366 0.21215738 -0.01274517
v 0.53615471 0.10662659 0.06157232
v 0.52117903 0.11560395 0.04881023
v 0.51285088 0.12060627 0.05847019
v 0.53079416 0.10984967 0.07376134
v 0.65619762 0.15063454 0.04904073
v 0.64116659 0.15966012 0.06170258
v 0.64647299 0.15648355 0.07392713
v 0.66448352 0.14566902 0.05875566
v 0.71846651 0.22926667 -0.03123192
v 0.72415184 0.22586723 -0.01064452
v 0.73575977 0.2189017 -0.01274897
v 0.61973164 0.279322 -0.04904073
v 0.60879274 0.28589547 -0.03158083
v 0.59833899 0.29216359 -0.03783542
v 0.61144574 0.28428752 -0.05875608
v 0.65984659 0.37133833 0.03113338
v 0.67070851 0.36483167 0.04866602
v 0.66237991 0.36983399 0.05832597
v 0.64936532 0.37763012 0.03731818
v 0.58592834 0.06759219 0.06175587
v 0.60095943 0.05856662 0.04909402
v 0.60924528 0.05360109 0.05880895
v 0.59123475 0.06441562 0.07398042
v 0.61283884 0.29263937 -0.03158463
v 0.62377815 0.28606633 -0.04904453
v 0.61549225 0.29103184 -0.05875989
v 0.60238509 0.29890791 -0.03783922
v 0.66891359 0.13379888 -0.01059123
v 0.66322826 0.13719832 -0.03117863
v 0.67370953 0.13090609 -0.03736344
v 0.68052157 0.12683336 -0.01269569
v 0.67475502 0.37157559 0.04866221
v 0.6638927 0.37808266 0.03112957
v 0.65341142 0.38437447 0.03731438
v 0.66642641 0.37657831 0.05832217
v 0.60500593 0.06531095 0.04909021
v 0.58997444 0.07433652 0.06175163
v 0.59528125 0.07115953 0.07397661
v 0.61329138 0.060345 0.05880514
v 0.66727482 0.14394266 -0.03118286
v 0.67296015 0.14054321 -0.01059546
v 0.68456807 0.1335777 -0.01269991
v 0.67775564 0.13765043 -0.03736767
v 0.72215183 0.3338996 -0.06831411
v 0.70360674 0.34502582 -0.06837586
v 0.70179871 0.34610301 -0.08191358
v 0.72401945 0.33277126 -0.08183957
v 0.56853995 0.19399797 -0.04899125
v 0.56025405 0.1989635 -0.0587066
v 0.60865445 0.2860143 0.03118286
v 0.59817323 0.29230611 0.03736767
v 0.70765324 0.35177017 -0.06838009
v 0.72619793 0.34064395 -0.06831792
v 0.72806555 0.33951558 -0.08184337
v 0.70584481 0.35284734 -0.08191739
v 0.72185155 0.33415843 0.06823207
v 0.72365958 0.33308167 0.08176936
v 0.572586 0.2007423 -0.04899547
v 0.56430055 0.20570782 -0.05871041
v 0.6177219 0.04847486 -0.01054217
v 0.61203657 0.0518743 -0.03112957
v 0.62251744 0.0455825 -0.03731438
v 0.62932983 0.04150934 -0.01264663
v 0.612701 0.29275862 0.03117863
v 0.60221973 0.29905044 0.03736344
v 0.67096014 0.24857559 -0.06826463
v 0.652415 0.25970181 -0.0683268
v 0.65060662 0.26077898 -0.0818641
v 0.67282735 0.24744722 -0.08179009
v 0.72589806 0.34090276 0.06822826
v 0.72770608 0.33982602 0.08176556
v 0.61608267 0.05861863 -0.03113338
v 0.62176841 0.05521919 -0.01054597
v 0.63337638 0.04825367 -0.01265043
v 0.62656394 0.05232641 -0.03731818
v 0.6564611 0.26644614 -0.06833061
v 0.67500624 0.25531991 -0.06826886
v 0.67687386 0.25419158 -0.0817939
v 0.65465312 0.26752333 -0.08186833
v 0.5173478 0.10867395 -0.04894218
v 0.50906236 0.1136399 -0.05865712
v 0.55746276 0.20069028 0.03123192
v 0.54698148 0.20698251 0.03741673
v 0.61976799 0.16325157 -0.06821557
v 0.6012229 0.17437821 -0.06827732
v 0.59941493 0.17545497 -0.08181504
v 0.62163561 0.16212322 -0.08174061
v 0.67065986 0.24883443 0.06828112
v 0.67246783 0.24775766 0.08181885
v 0.52139431 0.11541828 -0.04894599
v 0.51310841 0.1203838 -0.05866093
v 0.77125009 0.30448795 0.01093675
v 0.78284829 0.29753047 0.01311861
v 0.56150926 0.20743462 0.03122811
v 0.55102799 0.21372643 0.03741292
v 0.60526941 0.18112212 -0.06828112
v 0.6238145 0.16999589 -0.06821938
v 0.62568171 0.16886754 -0.08174484
v 0.60346143 0.1821993 -0.08181885
v 0.67470596 0.25557875 0.06827732
v 0.67651394 0.25450199 0.08181504
v 0.77529619 0.31123228 0.01093295
v 0.78689479 0.30427479 0.0131148
v 0.5685763 0.07792754 -0.06816609
v 0.55003121 0.08905419 -0.06822783
v 0.57044392 0.07679919 -0.08169155
v 0.68595482 0.35562045 -0.06175206
v 0.68064801 0.358797 -0.07397661
v 0.50627061 0.11536626 0.0312814
v 0.49578979 0.12165849 0.03746621
v 0.55407771 0.09579852 -0.06823207
v 0.5726224 0.08467187 -0.0681699
v 0.57449002 0.08354352 -0.08169535
v 0.61946771 0.16351082 0.06833061
v 0.62127614 0.16243363 0.08186833
v 0.69000092 0.36236478 -0.06175587
v 0.68469452 0.36554133 -0.07398042
v 0.72005795 0.21916392 0.01098624
v 0.73165659 0.21220643 0.01316809
v 0.51031717 0.1221106 0.03127759
v 0.49983589 0.1284024 0.0374624
v 0.73977456 0.32333037 -0.06157232
v 0.74513466 0.32010729 -0.07376134
v 0.62351427 0.17025515 0.0683268
v 0.62532224 0.16917797 0.0818641
v 0.72410445 0.22590824 0.01098201
v 0.7357031 0.21895076 0.01316386
v 0.74382106 0.3300747 -0.06157612
v 0.74918121 0.32685162 -0.07376515
v 0.63476267 0.27029642 -0.06170258
v 0.62945627 0.2734734 -0.07392713
v 0.65416086 0.37473734 0.01054597
v 0.64255293 0.3817033 0.01265043
v 0.56827602 0.0781868 0.06838009
v 0.570084 0.07710962 0.08191739
v 0.63880923 0.27704075 -0.06170639
v 0.63350282 0.28021732 -0.07393094
v 0.66886625 0.1338399 0.0110353
v 0.6804649 0.12688241 0.01321715
v 0.65820736 0.38148167 0.01054217
v 0.64659944 0.38844762 0.01264663
v 0.68858287 0.23800636 -0.06152284
v 0.69394296 0.23478326 -0.07371186
v 0.57232253 0.0849307 0.06837586
v 0.57413055 0.08385395 0.08191358
v 0.67291276 0.14058424 0.01103149
v 0.68451095 0.13362675 0.01321334
v 0.69262897 0.24475069 -0.06152665
v 0.69798906 0.24152761 -0.07371609
v 0.58357098 0.1849724 -0.0616531
v 0.57826417 0.18814939 -0.07387807
v 0.60296912 0.28941374 0.01059546
v 0.59136119 0.29637926 0.01269991
v 0.70330646 0.34528509 0.0681699
v 0.70143884 0.34641345 0.08169535
v 0.58761708 0.19171673 -0.06165732
v 0.58231068 0.1948933 -0.07388188
v 0.59546441 0.30307413 -0.01321715
v 0.59141786 0.29633021 -0.01321334
v 0.64665611 0.38839857 -0.01326663
v 0.64261001 0.38165424 -0.01326282
v 0.49302345 0.13247556 0.01279465
v 0.48897735 0.12573122 0.01279846
v 0.5442156 0.21779958 0.01274517
v 0.5401691 0.21105524 0.01274897
v 0.59540729 0.30312359 0.01269569
v 0.68436974 0.36582174 0.07361332
v 0.68032363 0.35907739 0.07361713
v 0.55190982 0.09718571 0.08183957
v 0.54786331 0.09044137 0.08184337
v 0.60310151 0.18250972 0.08179009
v 0.59905541 0.1757654 0.0817939
v 0.65429365 0.26783374 0.08174061
v 0.6502471 0.26108942 0.08174484
v 0.70548535 0.35315778 0.08169155
v 0.62639858 0.05246935 0.03788448
v 0.62235207 0.04572502 0.03788828
v 0.67759027 0.13779337 0.03783542
v 0.67354417 0.13104905 0.03783922
v 0.72878242 0.22311698 0.03778594
v 0.72473591 0.21637305 0.03778974
v 0.77997411 0.30844141 0.03773645
v 0.7759276 0.30169709 0.03774068
v 0.63331926 0.04830273 0.01326282
v 0.62927276 0.0415584 0.01326663
v 0.61354895 0.06012296 -0.05832597
v 0.60950245 0.05337863 -0.05832217
v 0.66474065 0.14544699 -0.05837545
v 0.66069454 0.13870265 -0.05837122
v 0.71188629 0.22402669 -0.05842071
v 0.76712448 0.31609502 -0.058474
v 0.76307798 0.30935069 -0.05847019
v 0.59560563 0.07087955 -0.07361713
v 0.59155913 0.06413522 -0.07361332
v 0.64679737 0.15620358 -0.07366661
v 0.64275127 0.14945925 -0.0736628
v 0.57738618 0.01927592 0.04911643
v 0.58567208 0.0143104 0.05883179
v 0.68973024 0.36259866 0.06142429
v 0.60706301 0.29611705 -0.0110353
v 0.68568373 0.35585431 0.0614281
v 0.60301651 0.28937272 -0.01103149
v 0.61903761 0.3423648 -0.01323998
v 0.61898054 0.34241386 0.01267327
v 0.50058528 0.11876571 0.010694
v 0.46540415 0.08644096 0.01282129
v 0.47701248 0.07947544 0.01071683
v 0.65013634 0.09161583 -0.03734102
v 0.63712215 0.09941323 -0.05834881
v 0.6582547 0.38144065 -0.01108478
v 0.65420865 0.37469676 -0.01108097
v 0.60092262 0.17463705 0.06826886
v 0.57548261 0.13647513 0.08181673
v 0.57734983 0.13534678 0.0682917
v 0.53642539 0.10639271 -0.06160784
v 0.68831344 0.1847364 -0.05839787
v 0.70132803 0.17693984 -0.03739008
v 0.63965506 0.09790805 -0.03115622
v 0.63058761 0.3354475 0.01056881
v 0.71428212 0.22264117 0.03153515
v 0.70116266 0.1770828 0.03781258
v 0.69070932 0.18335092 0.03155799
v 0.53237929 0.09964838 -0.06160403
v 0.59024553 0.07410264 -0.0614281
v 0.60522075 0.06512528 -0.04866602
v 0.60117425 0.05838095 -0.04866221
v 0.58619903 0.06735831 -0.06142429
v 0.56778799 0.25708899 0.01272233
v 0.56784506 0.25703994 -0.0131905
v 0.50463183 0.12551003 0.01069019
v 0.52820417 0.16479946 0.01066735
v 0.51659625 0.17176497 0.01277181
v 0.59894459 0.00629181 -0.03729154
v 0.5859296 0.01408837 -0.05829933
v 0.64143722 0.15942666 -0.06147758
v 0.6564125 0.15044931 -0.0487155
v 0.62172061 0.05526021 0.01108097
v 0.61594478 0.05873748 0.03162989
v 0.63686463 0.09963569 0.0587823
v 0.62857832 0.10460037 0.04906737
v 0.6523664 0.14370497 -0.04871169
v 0.63739072 0.15268233 -0.06147378
v 0.61189828 0.05199314 0.0316337
v 0.61767456 0.04851588 0.01108478
v 0.51665377 0.17171676 -0.01314144
v 0.70760419 0.23577333 -0.04876498
v 0.66713652 0.14406149 0.03158083
v 0.55377743 0.09605735 0.06831411
v 0.70355809 0.22902901 -0.04876075
v 0.46546123 0.0863919 -0.01309196
v 0.66309042 0.13731717 0.03158463
v 0.54973093 0.08931302 0.06831792
v 0.75474978 0.31435301 -0.04881023
v 0.73117739 0.2750636 -0.0487874
v 0.75879633 0.32109734 -0.04881404
v 0.71832862 0.22938552 0.03153135
v 0.60496913 0.18138137 0.06826463
v 0.76952031 0.31470953 0.03148186
v 0.65616082 0.2667054 0.06821557
v 0.55582352 0.21083405 0.01064071
v 0.76547381 0.30796521 0.03148567
v 0.65211477 0.25996105 0.06821938
v 0.55177702 0.20408973 0.01064452
v 0.70735296 0.35202941 0.06816609
v 0.60701522 0.29615766 0.01059123
v 0.58846332 0.01258403 -0.03110673
v 0.57760145 0.01909068 -0.0486398
v 0.6287936 0.10441555 -0.04868886
v 0.63951717 0.0980269 0.03160705
v 0.64997137 0.09175962 0.03786206
v 0.58832548 0.01270288 0.03165653
v 0.59877923 0.00643475 0.03791112
v 0.7420389 0.26855611 -0.03125476
v 0.69084716 0.18323207 -0.03120527
v 0.67998484 0.18973872 -0.04873834
v 0.50853536 0.06059199 0.06159896
v 0.52615808 0.05002275 0.06834076
v 0.52429047 0.05115111 0.08186621
v 0.50317486 0.06381507 0.07378799
v 0.78236913 0.36038761 -0.04883688
v 0.79323145 0.35388097 -0.03130424
v 0.80371227 0.34758873 -0.03748904
v 0.79069773 0.35538529 -0.05849641
v 0.74190101 0.26867494 0.03150851
v 0.73096216 0.275248 0.04896883
v 0.73924801 0.27028331 0.05868376
v 0.75235521 0.26240767 0.0377631
v 0.52825157 0.16475843 -0.01095959
v 0.67977001 0.18992396 0.04901789
v 0.68805592 0.18495845 0.05873324
v 0.5597271 0.14591601 0.06154948
v 0.554367 0.14913909 0.07373851
v 0.47705987 0.07943441 -0.01091011
v 0.79309316 0.3539998 0.03145945
v 0.78215426 0.36057327 0.04891935
v 0.79044016 0.35560775 0.05863428
v 0.8035469 0.34773125 0.03771404
v 0.61091879 0.23124003 0.06150042
v 0.62854152 0.22067078 0.06824221
v 0.6266743 0.22179915 0.08176725
v 0.60555869 0.23446311 0.07368944
v 0.73092576 0.39131968 0.06814325
v 0.71330303 0.40188891 0.06140146
v 0.70794293 0.40511201 0.07359048
v 0.72905814 0.39244805 0.08166871
v 0.63063581 0.33540732 -0.01105813
v 0.66211094 0.31656404 0.06145094
v 0.65675039 0.31978672 0.07363997
v 0.67786605 0.30712318 0.08171819
v 0.67973366 0.30599482 0.06819273
v 0.57944371 0.25008245 -0.01100865
v 0.57939592 0.25012306 0.01061787
v 0.68178016 0.42077236 0.01051933
v 0.68182795 0.42073135 -0.01110761
v 0.67022931 0.42768841 -0.01328947
v 0.67017223 0.42773787 0.01262379
v 0.51387983 -0.0110649 0.06375459
v 0.49660477 -0.00070078 0.06369665
v 0.50051172 0.00581137 0.06369285
v 0.51778678 -0.00455317 0.06375079
v 0.46357627 0.01905008 -0.04889017
v 0.45263741 0.02562355 -0.03143027
v 0.44373744 0.03095998 -0.03675485
v 0.45652238 0.02327761 -0.05716125
v 0.50086231 0.00710212 -0.06818047
v 0.51940741 -0.00402452 -0.06811872
v 0.52099718 -0.00498498 -0.07963319
v 0.49932331 0.00801902 -0.07970551
v 0.46796409 0.02690755 0.04886141
v 0.45710217 0.03341462 0.03132877
v 0.44817936 0.03877092 0.03659414
v 0.46087421 0.03116637 0.05708512
v 0.54740271 -0.03124291 -0.04861062
v 0.55449299 -0.03550131 -0.05683391
v 0.56286773 -0.03007777 -0.03108221
v 0.56855306 -0.03347679 -0.0104948
v 0.57843544 -0.03940699 -0.0122863
v 0.57179048 -0.03543407 -0.03634758
v 0.44686113 0.02910082 -0.01088093
v 0.43698717 0.03502383 -0.0127384
v 0.53242709 -0.02226556 -0.06137228
v 0.53699081 -0.02500947 -0.07174951
v 0.45724006 0.03329535 -0.0314345
v 0.46817936 0.0267223 -0.04889482
v 0.46112543 0.03094941 -0.05716548
v 0.44834054 0.03863178 -0.0367595
v 0.44681379 0.02914184 0.01074559
v 0.43693136 0.03507163 0.01253751
v 0.55179099 -0.02338545 0.04914138
v 0.5367595 -0.01435988 0.06180324
v 0.54127714 -0.01706447 0.07221049
v 0.55884446 -0.02761255 0.05741204
v 0.51480436 -0.01169632 -0.06811449
v 0.51639453 -0.01265678 -0.07962896
v 0.45249912 0.02574239 0.031333
v 0.44357631 0.03109912 0.03659837
v 0.49625967 -0.0005701 -0.06817624
v 0.49472021 0.0003468 -0.07970128
v 0.48293931 0.01793019 0.06162349
v 0.47837599 0.02067452 0.0720003
v 0.55200581 -0.02357069 -0.04861485
v 0.55909569 -0.02782951 -0.05683856
v 0.46336144 0.01923575 0.04886606
v 0.45627116 0.02349457 0.05708977
v 0.45146423 0.03677261 -0.01088558
v 0.44159027 0.04269606 -0.01274305
v 0.47833666 0.01025839 0.06162815
v 0.47377334 0.0130023 0.07200495
v 0.56272984 -0.0299585 0.03168106
v 0.57162935 -0.03529493 0.03700607
v 0.53667404 -0.02473626 0.07221472
v 0.55424182 -0.03528478 0.05741669
v 0.47869275 0.02040132 -0.07196393
v 0.4740897 0.0127291 -0.07195927
v 0.54159345 -0.01733725 -0.07175373
v 0.57838003 -0.0393592 0.01298962
v 0.5670263 -0.04296715 0.0370103
v 0.57377698 -0.047031 0.01299385
v 0.49897226 0.00832183 0.07987975
v 0.49436962 0.00064961 0.0798844
v 0.52064659 -0.00468217 0.07995207
v 0.51604349 -0.01235396 0.07995673
v 0.44153446 0.04274385 0.01253286
v 0.51910758 -0.00376527 0.06842746
v 0.47860735 0.01002451 -0.06155202
v 0.4832104 0.01769673 -0.06155667
v 0.56390257 -0.04110798 0.01113637
v 0.56850567 -0.03343576 0.01113214
v 0.45141643 0.03681364 0.01074136
v 0.55812674 -0.03763072 0.03168571
v 0.54718789 -0.03105725 0.04914561
v 0.53703013 -0.01459376 -0.06137693
v 0.50056244 0.00736137 0.06836529
v 0.5321564 -0.02203168 0.06180746
v 0.51450448 -0.01143707 0.06843168
v 0.49595939 -0.00031085 0.06836994
v 0.51415938 -0.01130639 -0.06344121
v 0.49688433 -0.00094185 -0.06349873
v 0.5305751 -0.021152 -0.05716125
v 0.54452516 -0.02951444 -0.04527292
v 0.55464358 -0.03557575 -0.02894095
v 0.5599394 -0.03874216 -0.00976315
v 0.55989539 -0.0387041 0.01038273
v 0.55451502 -0.03546494 0.02952458
v 0.5443251 -0.02934146 0.04578888
v 0.53032302 -0.0209342 0.05758375
v 0.48018865 0.00914484 0.05741669
v 0.46623854 0.01750726 0.04552836
v 0.45612057 0.02356858 0.0291964
v 0.45082435 0.02673499 0.01001859
v 0.45086876 0.02669693 -0.01012728
v 0.45624913 0.02345777 -0.02926914
v 0.46643905 0.01733471 -0.04553344
v 0.48044114 0.00892703 -0.0573283
v 0.55855054 -0.02906402 -0.02894476
v 0.54843211 -0.02300271 -0.04527672
v 0.48434763 0.01543875 -0.05733211
v 0.470346 0.02384644 -0.04553724
v 0.4840956 0.01565656 0.05741289
v 0.56384676 -0.03223044 -0.00976695
v 0.50079128 0.00556988 -0.06350253
v 0.47014549 0.02401941 0.04552456
v 0.56380234 -0.03219195 0.01037892
v 0.46002752 0.03008073 0.02919259
v 0.55842198 -0.02895279 0.02952078
v 0.4547313 0.03324714 0.01001478
v 0.54823206 -0.02282973 0.0457855
v 0.51806634 -0.00479466 -0.06344501
v 0.45477572 0.03320865 -0.01013109
v 0.53422997 -0.01442247 0.05757994
v 0.53448205 -0.01463986 -0.05716463
v 0.46015608 0.0299695 -0.02927294
v 0.75682168 0.43372222 -0.06842746
v 0.73916977 0.44431642 -0.06180324
v 0.73675871 0.44575984 -0.06735746
v 0.75600035 0.43421156 -0.074578
v 0.7565214 0.43398105 0.06811872
v 0.77506655 0.42285483 0.06818089
v 0.77588828 0.42236552 0.07433144
v 0.75567305 0.43449364 0.0742642
v 0.7929895 0.41202634 -0.06162349
v 0.77536683 0.42259559 -0.06836529
v 0.77621518 0.42208301 -0.07451076
v 0.79542511 0.4105622 -0.06716165
v 0.77892611 0.42852789 -0.06836867
v 0.79654883 0.41795866 -0.06162687
v 0.79898444 0.41649453 -0.06716503
v 0.77977451 0.42801531 -0.07451415
v 0.7073758 0.46343374 0.0104948
v 0.71306154 0.46003433 0.03108221
v 0.70829948 0.46289328 0.03389209
v 0.70210197 0.46659846 0.01145103
v 0.82446504 0.39318435 0.01088558
v 0.82451243 0.39314291 -0.01074136
v 0.82978667 0.38997818 -0.01169759
v 0.82973464 0.390023 0.01187691
v 0.72769761 0.4592743 -0.04914477
v 0.7427291 0.45024875 -0.06180662
v 0.74031759 0.45169216 -0.06736085
v 0.72393319 0.46153058 -0.0535588
v 0.72748279 0.45945998 0.04861146
v 0.71662047 0.46596705 0.03107882
v 0.71185836 0.4688256 0.03388871
v 0.72369845 0.46173275 0.05300054
v 0.72413828 0.45334243 -0.04914138
v 0.72037385 0.45559826 -0.05355542
v 0.79271887 0.41226022 0.06155667
v 0.79512992 0.41081681 0.0671109
v 0.81130923 0.40916699 0.04889143
v 0.79627775 0.41819254 0.06155328
v 0.7986888 0.41674913 0.06710752
v 0.81507366 0.40691069 0.05330547
v 0.72392346 0.45352766 0.04861485
v 0.72013957 0.45580042 0.05300393
v 0.81882709 0.39654234 -0.03132877
v 0.82358915 0.39368339 -0.03413866
v 0.81152406 0.4089813 -0.04886479
v 0.82238597 0.40247467 -0.03133215
v 0.82714849 0.39961571 -0.03414246
v 0.81530794 0.40670854 -0.05325387
v 0.82224808 0.4025935 0.03143111
v 0.82699794 0.39974556 0.03427315
v 0.71093514 0.46936606 0.01049142
v 0.71098248 0.46932502 -0.01113553
v 0.70571288 0.47248637 -0.01212686
v 0.70566085 0.47253079 0.01144722
v 0.71319943 0.45991544 -0.03168106
v 0.70844962 0.4627634 -0.03452309
v 0.8077499 0.40323466 0.04889482
v 0.81151478 0.40097836 0.05330885
v 0.75955928 0.44014388 -0.07458139
v 0.73646352 0.44601489 0.06691509
v 0.7400224 0.45194722 0.06691171
v 0.7120089 0.46869573 -0.03452648
v 0.833346 0.3959105 -0.01170097
v 0.83329397 0.39595532 0.01187353
v 0.77944716 0.42829784 0.07432806
v 0.75923233 0.44042596 0.07426081
v 0.70215354 0.46655405 -0.01212347
v 0.81174906 0.40077622 -0.05325049
v 0.82343861 0.39381324 0.03427653
v 0.82802391 0.39911667 0.0108822
v 0.76008074 0.43991338 0.06811534
v 0.74245801 0.45048263 0.06137354
v 0.8186888 0.3966616 0.0314345
v 0.7074236 0.4633927 -0.01113214
v 0.71675876 0.46584777 -0.03168487
v 0.80796477 0.40304898 -0.04886141
v 0.76038102 0.43965454 -0.06843084
v 0.73889868 0.4445503 0.06137693
v 0.82807171 0.39907523 -0.01074475
v 0.77862583 0.42878718 0.06817708
v 0.7882473 0.48543965 0.06355751
v 0.80556088 0.47505185 0.06361503
v 0.80899331 0.48077227 0.06361165
v 0.79167934 0.49116007 0.06355413
v 0.75801473 0.50351486 -0.04591618
v 0.74780203 0.50965147 -0.02961551
v 0.75123406 0.51537189 -0.02961889
v 0.76144676 0.50923533 -0.04591956
v 0.82229376 0.46494275 -0.05756979
v 0.82572579 0.47066317 -0.05757317
v 0.82204087 0.46516054 0.05743065
v 0.82547286 0.47088097 0.05742726
v 0.74240981 0.51289782 -0.01043094
v 0.74584179 0.51861824 -0.01043432
v 0.80584129 0.4748099 -0.06386371
v 0.80927328 0.48053037 -0.06386709
v 0.83607427 0.45673469 0.04560956
v 0.83950625 0.46245511 0.0456066
v 0.7423654 0.51293629 0.00975976
v 0.74579738 0.51865676 0.00975638
v 0.78852772 0.4851977 -0.06392165
v 0.7919597 0.49091772 -0.06392503
v 0.84628657 0.45059808 0.02930889
v 0.84971851 0.4563181 0.02930593
v 0.74767306 0.50976269 0.02897986
v 0.7511055 0.51548316 0.02897648
v 0.85167919 0.44735173 0.01012432
v 0.85511122 0.45307175 0.01012094
v 0.75781387 0.50368784 0.04534862
v 0.76124586 0.50940831 0.04534524
v 0.85172366 0.44731326 -0.01006638
v 0.85515559 0.45303369 -0.01006976
v 0.77179479 0.4953068 0.05726317
v 0.77522682 0.50102728 0.05725978
v 0.77204773 0.4950886 -0.05773726
v 0.77547971 0.50080903 -0.05774065
usemtl mat10
f 483 484 485
f 483 485 486
f 487 488 489
f 487 489 490
f 491 492 493
f 491 493 494
f 495 496 497
f 495 497 498
f 499 500 501
f 499 501 502
f 503 504 505
f 503 505 506
f 507 508 509
f 507 509 510
f 511 512 513
f 511 513 514
f 515 516 517
f 515 517 518
f 519 520 521
f 519 521 522
f 523 524 525
f 523 525 526
f 527 528 529
f 527 529 530
f 531 532 533
f 531 533 534
f 535 536 537
f 535 537 538
f 539 540 541
f 539 541 542
f 543 544 545
f 543 545 546
f 547 548 549
f 547 549 550
f 551 552 553
f 551 553 554
f 555 556 557
f 555 557 558
f 559 560 561
f 559 561 562
f 563 564 565
f 563 565 566
f 567 568 569
f 567 569 570
f 571 572 573
f 571 573 574
f 575 576 577
f 575 577 578
f 579 580 581
f 579 581 582
f 583 584 585
f 583 585 511
f 586 587 588
f 586 588 589
f 590 591 592
f 590 592 593
f 594 595 596
f 594 596 597
f 598 599 600
f 598 600 601
f 602 603 604
f 602 604 605
f 606 607 608
f 606 608 609
f 610 611 612
f 610 612 613
f 614 615 616
f 614 616 617
f 618 619 620
f 618 620 621
f 622 495 498
f 622 498 623
f 624 499 502
f 624 502 625
f 626 627 628
f 626 628 629
f 630 503 506
f 630 506 631
f 508 632 633
f 508 633 509
f 634 635 636
f 634 636 637
f 516 638 639
f 516 639 517
f 640 641 642
f 640 642 643
f 520 644 645
f 520 645 521
f 646 647 648
f 646 648 649
f 650 651 652
f 650 652 653
f 654 523 526
f 654 526 655
f 656 527 530
f 656 530 657
f 658 659 660
f 658 660 661
f 662 531 534
f 662 534 663
f 536 664 665
f 536 665 537
f 666 539 542
f 666 542 667
f 544 668 669
f 544 669 545
f 670 671 672
f 670 672 673
f 548 674 675
f 548 675 549
f 552 676 677
f 552 677 553
f 678 679 493
f 678 493 680
f 681 555 558
f 681 558 682
f 683 559 562
f 683 562 684
f 685 686 687
f 685 687 492
f 688 563 566
f 688 566 689
f 568 690 691
f 568 691 569
f 692 571 574
f 692 574 693
f 576 694 695
f 576 695 577
f 696 618 621
f 696 621 697
f 580 698 699
f 580 699 581
f 584 700 701
f 584 701 585
f 627 702 703
f 627 703 628
f 704 586 589
f 704 589 705
f 706 590 593
f 706 593 707
f 708 594 597
f 708 597 709
f 599 710 711
f 599 711 600
f 712 602 605
f 712 605 713
f 607 714 715
f 607 715 608
f 716 640 643
f 716 643 717
f 611 718 719
f 611 719 612
f 615 720 721
f 615 721 616
f 651 722 723
f 651 723 652
f 724 622 623
f 724 623 725
f 726 624 625
f 726 625 727
f 728 630 631
f 728 631 729
f 632 730 731
f 632 731 633
f 731 673 660
f 731 660 725
f 711 653 642
f 711 642 705
f 691 629 620
f 691 620 682
f 665 491 494
f 665 494 655
f 633 731 725
f 633 725 623
f 600 711 705
f 600 705 589
f 569 691 682
f 569 682 558
f 537 665 655
f 537 655 526
f 509 633 623
f 509 623 498
f 601 600 589
f 601 589 588
f 570 569 558
f 570 558 557
f 538 537 526
f 538 526 525
f 510 509 498
f 510 498 497
f 732 601 588
f 732 588 733
f 734 570 557
f 734 557 735
f 736 538 525
f 736 525 737
f 738 510 497
f 738 497 739
f 740 732 733
f 740 733 727
f 715 734 735
f 715 735 707
f 695 736 737
f 695 737 684
f 669 738 739
f 669 739 657
f 639 740 727
f 639 727 625
f 608 715 707
f 608 707 593
f 577 695 684
f 577 684 562
f 545 669 657
f 545 657 530
f 517 639 625
f 517 625 502
f 609 608 593
f 609 593 592
f 578 577 562
f 578 562 561
f 546 545 530
f 546 530 529
f 518 517 502
f 518 502 501
f 741 609 592
f 741 592 742
f 743 578 561
f 743 561 744
f 745 546 529
f 745 529 746
f 747 518 501
f 747 501 748
f 749 741 742
f 749 742 729
f 719 743 744
f 719 744 709
f 699 745 746
f 699 746 689
f 675 747 748
f 675 748 663
f 645 749 729
f 645 729 631
f 612 719 709
f 612 709 597
f 581 699 689
f 581 689 566
f 549 675 663
f 549 663 534
f 521 645 631
f 521 631 506
f 613 612 597
f 613 597 596
f 582 581 566
f 582 566 565
f 550 549 534
f 550 534 533
f 522 521 506
f 522 506 505
f 750 613 596
f 750 596 751
f 752 582 565
f 752 565 753
f 754 550 533
f 754 533 755
f 756 522 505
f 756 505 757
f 758 750 751
f 758 751 759
f 721 752 753
f 721 753 713
f 701 754 755
f 701 755 693
f 677 756 757
f 677 757 667
f 648 758 759
f 648 759 637
f 616 721 713
f 616 713 605
f 585 701 693
f 585 693 574
f 553 677 667
f 553 667 542
f 649 648 637
f 649 637 636
f 617 616 605
f 617 605 604
f 511 585 574
f 511 574 573
f 554 553 542
f 554 542 541
f 760 649 636
f 760 636 761
f 762 617 604
f 762 604 763
f 512 511 573
f 512 573 764
f 765 554 541
f 765 541 766
f 767 760 761
f 767 761 768
f 769 762 763
f 769 763 770
f 723 512 764
f 723 764 717
f 703 765 766
f 703 766 697
f 687 767 768
f 687 768 680
f 672 769 770
f 672 770 661
f 652 723 717
f 652 717 643
f 628 703 697
f 628 697 621
f 492 687 680
f 492 680 493
f 673 672 661
f 673 661 660
f 653 652 643
f 653 643 642
f 629 628 621
f 629 621 620
f 596 595 771
f 596 771 772
f 773 606 609
f 773 609 741
f 774 598 601
f 774 601 732
f 591 775 742
f 591 742 592
f 587 776 733
f 587 733 588
f 707 735 777
f 707 777 778
f 779 737 780
f 779 780 781
f 763 604 782
f 763 782 783
f 784 567 570
f 784 570 734
f 556 785 735
f 556 735 557
f 786 746 787
f 786 787 788
f 789 685 492
f 789 492 491
f 617 762 790
f 617 790 791
f 604 603 792
f 604 792 782
f 706 707 778
f 706 778 793
f 732 740 778
f 732 778 777
f 794 755 795
f 794 795 796
f 679 797 494
f 679 494 493
f 798 799 760
f 798 760 767
f 800 801 768
f 800 768 761
f 510 738 802
f 510 802 803
f 736 804 805
f 736 805 806
f 730 670 673
f 730 673 731
f 761 636 807
f 761 807 808
f 809 810 762
f 809 762 769
f 811 812 750
f 811 750 758
f 659 724 725
f 659 725 660
f 610 613 813
f 610 813 814
f 815 816 770
f 815 770 763
f 817 818 759
f 817 759 751
f 538 736 806
f 538 806 819
f 710 650 653
f 710 653 711
f 722 820 512
f 722 512 723
f 720 821 752
f 720 752 721
f 718 822 743
f 718 743 719
f 823 716 717
f 823 717 764
f 737 525 824
f 737 824 780
f 825 712 713
f 825 713 753
f 641 704 705
f 641 705 642
f 826 708 709
f 826 709 744
f 827 766 513
f 827 513 828
f 702 829 765
f 702 765 703
f 700 830 754
f 700 754 701
f 690 626 629
f 690 629 691
f 698 831 745
f 698 745 699
f 827 696 697
f 827 697 766
f 694 804 736
f 694 736 695
f 794 692 693
f 794 693 755
f 786 688 689
f 786 689 746
f 779 683 684
f 779 684 737
f 619 681 682
f 619 682 620
f 686 798 767
f 686 767 687
f 676 832 756
f 676 756 677
f 674 833 747
f 674 747 675
f 801 678 680
f 801 680 768
f 668 834 738
f 668 738 669
f 835 666 667
f 835 667 757
f 664 789 491
f 664 491 665
f 836 662 663
f 836 663 748
f 837 656 657
f 837 657 739
f 797 654 655
f 797 655 494
f 671 809 769
f 671 769 672
f 647 811 758
f 647 758 648
f 644 838 749
f 644 749 645
f 816 658 661
f 816 661 770
f 638 839 740
f 638 740 639
f 818 634 637
f 818 637 759
f 840 841 808
f 840 808 807
f 842 783 782
f 842 782 792
f 843 844 813
f 843 813 814
f 771 845 846
f 771 846 772
f 828 847 514
f 828 514 513
f 848 849 790
f 848 790 791
f 850 851 852
f 850 852 853
f 854 855 856
f 854 856 857
f 858 859 860
f 858 860 861
f 805 862 819
f 805 819 806
f 863 864 795
f 863 795 796
f 865 788 787
f 865 787 866
f 867 781 780
f 867 780 824
f 868 869 870
f 868 870 871
f 872 873 874
f 872 874 875
f 876 877 878
f 876 878 879
f 793 778 777
f 793 777 880
f 881 882 883
f 881 883 884
f 885 803 802
f 885 802 886
f 887 888 889
f 887 889 890
f 755 533 864
f 755 864 795
f 832 519 869
f 832 869 868
f 764 573 791
f 764 791 790
f 756 832 868
f 756 868 871
f 583 511 514
f 583 514 847
f 582 752 795
f 582 795 864
f 747 833 884
f 747 884 883
f 579 582 864
f 579 864 863
f 554 765 857
f 554 857 856
f 746 529 866
f 746 866 787
f 575 578 866
f 575 866 865
f 766 541 514
f 766 514 513
f 738 834 886
f 738 886 802
f 573 572 848
f 573 848 791
f 835 757 861
f 835 861 858
f 726 727 802
f 726 802 886
f 836 748 874
f 836 874 873
f 565 564 814
f 565 814 813
f 646 649 782
f 646 782 792
f 837 739 806
f 837 806 805
f 561 560 850
f 561 850 853
f 551 554 856
f 551 856 855
f 749 838 876
f 749 876 879
f 547 550 860
f 547 860 859
f 728 729 883
f 728 883 884
f 543 546 875
f 543 875 872
f 740 839 793
f 740 793 778
f 541 540 847
f 541 847 514
f 535 538 819
f 535 819 862
f 533 532 863
f 533 863 864
f 578 743 787
f 578 787 866
f 529 528 865
f 529 865 866
f 546 745 874
f 546 874 875
f 525 524 867
f 525 867 824
f 760 799 842
f 760 842 783
f 748 501 875
f 748 875 874
f 727 733 803
f 727 803 802
f 519 522 870
f 519 870 869
f 741 749 879
f 741 879 878
f 515 518 882
f 515 882 881
f 729 742 882
f 729 882 883
f 800 761 808
f 800 808 841
f 507 510 803
f 507 803 885
f 518 747 883
f 518 883 882
f 505 504 859
f 505 859 860
f 715 714 887
f 715 887 890
f 501 500 872
f 501 872 875
f 744 561 853
f 744 853 852
f 497 496 862
f 497 862 819
f 762 810 849
f 762 849 790
f 750 812 843
f 750 843 844
f 773 741 878
f 773 878 877
f 815 763 783
f 815 783 842
f 774 732 777
f 774 777 880
f 817 751 846
f 817 846 845
f 742 775 881
f 742 881 882
f 733 776 885
f 733 885 803
f 512 820 828
f 512 828 513
f 752 821 796
f 752 796 795
f 743 822 788
f 743 788 787
f 613 750 844
f 613 844 813
f 823 764 790
f 823 790 849
f 757 505 860
f 757 860 861
f 636 635 840
f 636 840 807
f 784 734 889
f 784 889 888
f 753 565 813
f 753 813 844
f 825 753 844
f 825 844 843
f 550 754 861
f 550 861 860
f 826 744 852
f 826 852 851
f 751 596 772
f 751 772 846
f 522 756 871
f 522 871 870
f 735 785 880
f 735 880 777
f 765 829 854
f 765 854 857
f 734 715 890
f 734 890 889
f 754 830 858
f 754 858 861
f 739 497 819
f 739 819 806
f 745 831 873
f 745 873 874
f 614 617 791
f 614 791 848
f 649 760 783
f 649 783 782
f 891 892 893
f 891 893 894
f 895 896 897
f 895 897 898
f 899 900 901
f 899 901 902
f 903 904 905
f 903 905 906
f 488 907 908
f 488 908 489
f 909 910 911
f 909 911 912
f 896 913 914
f 896 914 897
f 907 915 916
f 907 916 908
f 917 918 919
f 917 919 920
f 913 921 922
f 913 922 914
f 923 924 925
f 923 925 926
f 915 927 928
f 915 928 916
f 921 929 930
f 921 930 922
f 927 931 932
f 927 932 928
f 933 903 906
f 933 906 934
f 935 909 912
f 935 912 936
f 929 937 938
f 929 938 930
f 939 917 920
f 939 920 940
f 937 941 942
f 937 942 938
f 943 923 926
f 943 926 944
f 936 912 489
f 936 489 908
f 926 925 945
f 926 945 946
f 906 905 930
f 906 930 938
f 919 947 948
f 919 948 898
f 901 949 916
f 901 916 928
f 950 944 951
f 950 951 952
f 953 934 942
f 953 942 954
f 940 920 897
f 940 897 914
f 912 911 490
f 912 490 489
f 925 955 956
f 925 956 945
f 905 957 922
f 905 922 930
f 947 902 932
f 947 932 948
f 949 936 908
f 949 908 916
f 944 926 946
f 944 946 951
f 902 901 928
f 902 928 932
f 934 906 938
f 934 938 942
f 920 919 898
f 920 898 897
f 911 950 952
f 911 952 490
f 955 953 954
f 955 954 956
f 957 940 914
f 957 914 922
f 924 958 955
f 924 955 925
f 959 895 898
f 959 898 948
f 918 960 947
f 918 947 919
f 961 487 490
f 961 490 952
f 931 959 948
f 931 948 932
f 910 962 950
f 910 950 911
f 904 963 957
f 904 957 905
f 964 961 952
f 964 952 951
f 965 964 951
f 965 951 946
f 900 966 949
f 900 949 901
f 958 967 953
f 958 953 955
f 960 899 902
f 960 902 947
f 968 965 946
f 968 946 945
f 962 943 944
f 962 944 950
f 969 968 945
f 969 945 956
f 963 939 940
f 963 940 957
f 970 969 956
f 970 956 954
f 966 935 936
f 966 936 949
f 967 933 934
f 967 934 953
f 941 970 954
f 941 954 942
f 971 972 931
f 971 931 927
f 973 971 927
f 973 927 915
f 974 973 915
f 974 915 907
f 975 974 907
f 975 907 488
f 976 975 488
f 976 488 487
f 977 976 487
f 977 487 961
f 978 977 961
f 978 961 964
f 979 978 964
f 979 964 965
f 980 979 965
f 980 965 968
f 891 980 968
f 891 968 969
f 892 891 969
f 892 969 970
f 981 892 970
f 981 970 941
f 982 981 941
f 982 941 937
f 983 982 937
f 983 937 929
f 984 983 929
f 984 929 921
f 985 984 921
f 985 921 913
f 986 985 913
f 986 913 896
f 987 986 896
f 987 896 895
f 988 987 895
f 988 895 959
f 972 988 959
f 972 959 931
f 974 975 989
f 974 989 990
f 987 988 991
f 987 991 992
f 892 981 993
f 892 993 893
f 975 976 994
f 975 994 989
f 988 972 995
f 988 995 991
f 981 982 996
f 981 996 993
f 976 977 997
f 976 997 994
f 982 983 998
f 982 998 996
f 977 978 999
f 977 999 997
f 983 984 1000
f 983 1000 998
f 978 979 1001
f 978 1001 999
f 972 971 1002
f 972 1002 995
f 984 985 1003
f 984 1003 1000
f 979 980 1004
f 979 1004 1001
f 971 973 1005
f 971 1005 1002
f 985 986 1006
f 985 1006 1003
f 980 891 894
f 980 894 1004
f 973 974 990
f 973 990 1005
f 986 987 992
f 986 992 1006
f 1007 1008 1009
f 1007 1009 1010
f 1011 1012 1013
f 1011 1013 1014
f 1015 1016 1017
f 1015 1017 1018
f 1019 1020 1021
f 1019 1021 1022
f 1023 1024 1025
f 1023 1025 1026
f 1027 1028 1029
f 1027 1029 1030
f 1031 1032 1033
f 1031 1033 1034
f 1035 1036 1037
f 1035 1037 1038
f 1008 1039 1040
f 1008 1040 1009
f 1012 1041 1042
f 1012 1042 1013
f 1043 1044 1045
f 1043 1045 1046
f 1016 1007 1010
f 1016 1010 1017
f 1024 1047 1048
f 1024 1048 1025
f 1028 1049 1050
f 1028 1050 1029
f 1051 1052 1053
f 1051 1053 1054
f 1055 1043 1046
f 1055 1046 1056
f 1057 1058 1059
f 1057 1059 1060
f 1039 1061 1062
f 1039 1062 1040
f 1041 1063 1064
f 1041 1064 1042
f 1020 1051 1054
f 1020 1054 1021
f 1017 1010 1065
f 1017 1065 1022
f 1048 1066 1067
f 1048 1067 1038
f 1040 1062 1068
f 1040 1068 1034
f 1030 1029 1069
f 1030 1069 1070
f 1014 1013 1071
f 1014 1071 1072
f 1073 1026 1060
f 1073 1060 1059
f 1050 1074 1054
f 1050 1054 1053
f 1042 1064 1046
f 1042 1046 1045
f 1025 1048 1038
f 1025 1038 1037
f 1009 1040 1034
f 1009 1034 1033
f 1018 1017 1022
f 1018 1022 1021
f 1075 1030 1070
f 1075 1070 1056
f 1066 1014 1072
f 1066 1072 1067
f 1062 1073 1059
f 1062 1059 1068
f 1029 1050 1053
f 1029 1053 1069
f 1013 1042 1045
f 1013 1045 1071
f 1026 1025 1037
f 1026 1037 1060
f 1010 1009 1033
f 1010 1033 1065
f 1074 1018 1021
f 1074 1021 1054
f 1064 1075 1056
f 1064 1056 1046
f 1076 1055 1056
f 1076 1056 1070
f 1077 1078 1067
f 1077 1067 1072
f 1079 1027 1030
f 1079 1030 1075
f 1080 1023 1026
f 1080 1026 1073
f 1058 1081 1068
f 1058 1068 1059
f 1082 1015 1018
f 1082 1018 1074
f 1083 1019 1022
f 1083 1022 1065
f 1084 1011 1014
f 1084 1014 1066
f 1052 1085 1069
f 1052 1069 1053
f 1078 1035 1038
f 1078 1038 1067
f 1044 1086 1071
f 1044 1071 1045
f 1063 1079 1075
f 1063 1075 1064
f 1061 1080 1073
f 1061 1073 1062
f 1081 1031 1034
f 1081 1034 1068
f 1036 1057 1060
f 1036 1060 1037
f 1085 1076 1070
f 1085 1070 1069
f 1049 1082 1074
f 1049 1074 1050
f 1047 1084 1066
f 1047 1066 1048
f 1032 1083 1065
f 1032 1065 1033
f 1086 1077 1072
f 1086 1072 1071
f 1087 1088 1089
f 1087 1089 1090
f 1091 1092 1093
f 1091 1093 1094
f 484 1095 1096
f 484 1096 485
f 1088 1097 1098
f 1088 1098 1089
f 1092 1099 1100
f 1092 1100 1093
f 1095 1101 1102
f 1095 1102 1096
f 1097 1103 1104
f 1097 1104 1098
f 1099 1105 1106
f 1099 1106 1100
f 1101 1107 1108
f 1101 1108 1102
f 1103 1109 1110
f 1103 1110 1104
f 1105 1111 1112
f 1105 1112 1106
f 1109 1113 1114
f 1109 1114 1110
f 1111 1115 1116
f 1111 1116 1112
f 1113 1117 1118
f 1113 1118 1114
f 1115 1119 1120
f 1115 1120 1116
f 1107 1121 1122
f 1107 1122 1108
f 1117 483 486
f 1117 486 1118
f 1119 1087 1090
f 1119 1090 1120
f 1121 1091 1094
f 1121 1094 1122
f 1112 1100 1106
f 1100 1112 1093
f 1093 1112 1116
f 1093 1116 1094
f 1094 1116 1120
f 1094 1120 1122
f 1122 1120 1090
f 1122 1090 1108
f 1108 1090 1089
f 1108 1089 1102
f 1102 1089 1098
f 1102 1098 1096
f 1096 1098 1104
f 1096 1104 485
f 485 1104 1110
f 485 1110 486
f 486 1110 1114
f 486 1114 1118
# Vertices: 640, normals: 0, texture coordinates: 0, faces: 1028

o obj5
v 1.50772078 1.5207455 -0.02773266
v 1.50476881 1.52242153 -0.02773266
v 1.50476881 1.52242153 0.02773309
v 1.50772078 1.5207455 0.02773309
v 1.47646556 1.53708932 0.01323237
v 1.47903396 1.54161376 0.01323237
v 1.48062379 1.54071162 0.01263859
v 1.47805538 1.53618676 0.01263859
v 1.47646556 1.53708932 0.02302047
v 1.47903396 1.54161376 0.02302047
v 1.48062379 1.54071162 0.02242669
v 1.47805538 1.53618676 0.02242669
v 1.47548315 1.53764672 0.01478746
v 1.47805155 1.54217157 0.01478746
v 1.48062762 1.53472691 0.02457555
v 1.48319602 1.53925126 0.02457555
v 1.48319602 1.53925126 0.02649774
v 1.48062762 1.53472691 0.02649774
v 1.47548315 1.53764672 0.01670921
v 1.47805155 1.54217157 0.01670921
v 1.48221311 1.53980917 0.02805239
v 1.47964511 1.53528472 0.02805239
v 1.47646556 1.53708932 0.0182643
v 1.47903396 1.54161376 0.0182643
v 1.48062379 1.54071162 0.02864618
v 1.47805538 1.53618676 0.02864618
v 1.47805538 1.53618676 0.01885808
v 1.48062379 1.54071162 0.01885808
v 1.47903396 1.54161376 0.02805239
v 1.47646556 1.53708932 0.02805239
v 1.47964511 1.53528472 0.0182643
v 1.48221311 1.53980917 0.0182643
v 1.47805155 1.54217157 0.02649774
v 1.47548315 1.53764672 0.02649774
v 1.48062762 1.53472691 0.01670921
v 1.48319602 1.53925126 0.01670921
v 1.47805155 1.54217157 0.02457555
v 1.47548315 1.53764672 0.02457555
v 1.48062762 1.53472691 0.01478746
v 1.48319602 1.53925126 0.01478746
v 1.48221311 1.53980917 0.02302047
v 1.47964511 1.53528472 0.02302047
v 1.47964511 1.53528472 0.01323237
v 1.48221311 1.53980917 0.01323237
v 1.48303358 1.54051288 0.01519854
v 1.48303358 1.54051288 0.01629813
v 1.48112573 1.54159592 0.02347342
v 1.48237131 1.54088888 0.02393906
v 1.48112573 1.54159592 0.01781135
v 1.47987985 1.54230305 0.01734613
v 1.48303358 1.54051288 0.02498706
v 1.48303358 1.54051288 0.02608623
v 1.48237131 1.54088888 0.01415054
v 1.48237131 1.54088888 0.02713423
v 1.48237131 1.54088888 0.01734613
v 1.48112573 1.54159592 0.02759945
v 1.47987985 1.54230305 0.02713423
v 1.47921758 1.54267906 0.02608623
v 1.48112573 1.54159592 0.01368532
v 1.47921758 1.54267906 0.02498706
v 1.47987985 1.54230305 0.02393906
v 1.47921758 1.54267906 0.01629813
v 1.47921758 1.54267906 0.01519854
v 1.47987985 1.54230305 0.01415054
v 1.12600356 0.84824807 -0.02773266
v 1.12600356 0.84824807 0.02773266
v 1.12305109 0.8499237 0.02773266
v 1.12305109 0.8499237 -0.02773266
v 1.09594775 0.86670523 0.01323237
v 1.09753757 0.86580268 0.01263859
v 1.09496917 0.86127823 0.01263859
v 1.09337935 0.86218038 0.01323237
v 1.09594775 0.86670523 0.02302047
v 1.09753757 0.86580268 0.02242669
v 1.09496917 0.86127823 0.02242669
v 1.09337935 0.86218038 0.02302047
v 1.09496534 0.86726263 0.01478746
v 1.09239734 0.86273818 0.01478746
v 1.10010971 0.86434273 0.02457555
v 1.10010971 0.86434273 0.02649731
v 1.09754131 0.85981838 0.02649731
v 1.09754131 0.85981838 0.02457555
v 1.09496534 0.86726263 0.01670921
v 1.09239734 0.86273818 0.01670921
v 1.0991273 0.86490064 0.02805239
v 1.0965589 0.86037578 0.02805239
v 1.09594775 0.86670523 0.0182643
v 1.09337935 0.86218038 0.0182643
v 1.09753757 0.86580268 0.02864618
v 1.09496917 0.86127823 0.02864618
v 1.09753757 0.86580268 0.01885808
v 1.09496917 0.86127823 0.01885808
v 1.09594775 0.86670523 0.02805239
v 1.09337935 0.86218038 0.02805239
v 1.0991273 0.86490064 0.0182643
v 1.0965589 0.86037578 0.0182643
v 1.09496534 0.86726263 0.02649731
v 1.09239734 0.86273818 0.02649731
v 1.10010971 0.86434273 0.01670921
v 1.09754131 0.85981838 0.01670921
v 1.09496534 0.86726263 0.02457555
v 1.09239734 0.86273818 0.02457555
v 1.10010971 0.86434273 0.01478746
v 1.09754131 0.85981838 0.01478746
v 1.0991273 0.86490064 0.02302047
v 1.0965589 0.86037578 0.02302047
v 1.0991273 0.86490064 0.01323237
v 1.0965589 0.86037578 0.01323237
v 1.09637538 0.85931079 0.01629771
v 1.09637538 0.85931079 0.01519854
v 1.09571301 0.85968679 0.02393863
v 1.09446713 0.86039393 0.02347342
v 1.09322165 0.86110107 0.01734571
v 1.09446713 0.86039393 0.01781135
v 1.09637538 0.85931079 0.02498706
v 1.09637538 0.85931079 0.02608623
v 1.09571301 0.85968679 0.01415054
v 1.09571301 0.85968679 0.02713423
v 1.09571301 0.85968679 0.01734571
v 1.09446713 0.86039393 0.02759945
v 1.09322165 0.86110107 0.02713423
v 1.09255928 0.86147657 0.02608623
v 1.09446713 0.86039393 0.01368532
v 1.09255928 0.86147657 0.02498706
v 1.09322165 0.86110107 0.02393863
v 1.09255928 0.86147657 0.01629771
v 1.09255928 0.86147657 0.01519854
v 1.09322165 0.86110107 0.01415054
usemtl mat11
f 1123 1124 1125
f 1123 1125 1126
f 1127 1128 1129
f 1127 1129 1130
f 1131 1132 1133
f 1131 1133 1134
f 1135 1136 1128
f 1135 1128 1127
f 1137 1138 1139
f 1137 1139 1140
f 1141 1142 1136
f 1141 1136 1135
f 1140 1139 1143
f 1140 1143 1144
f 1145 1146 1142
f 1145 1142 1141
f 1144 1143 1147
f 1144 1147 1148
f 1149 1150 1146
f 1149 1146 1145
f 1148 1147 1151
f 1148 1151 1152
f 1153 1154 1150
f 1153 1150 1149
f 1152 1151 1155
f 1152 1155 1156
f 1157 1158 1154
f 1157 1154 1153
f 1156 1155 1159
f 1156 1159 1160
f 1161 1162 1158
f 1161 1158 1157
f 1160 1159 1132
f 1160 1132 1131
f 1134 1133 1163
f 1134 1163 1164
f 1165 1166 1162
f 1165 1162 1161
f 1164 1163 1138
f 1164 1138 1137
f 1158 1162 1167
f 1158 1167 1168
f 1163 1133 1169
f 1163 1169 1170
f 1146 1150 1171
f 1146 1171 1172
f 1138 1163 1170
f 1138 1170 1173
f 1139 1138 1173
f 1139 1173 1174
f 1162 1166 1175
f 1162 1175 1167
f 1143 1139 1174
f 1143 1174 1176
f 1150 1154 1177
f 1150 1177 1171
f 1147 1143 1176
f 1147 1176 1178
f 1151 1147 1178
f 1151 1178 1179
f 1155 1151 1179
f 1155 1179 1180
f 1154 1158 1168
f 1154 1168 1177
f 1166 1129 1181
f 1166 1181 1175
f 1159 1155 1180
f 1159 1180 1182
f 1132 1159 1182
f 1132 1182 1183
f 1133 1132 1183
f 1133 1183 1169
f 1142 1146 1172
f 1142 1172 1184
f 1136 1142 1184
f 1136 1184 1185
f 1128 1136 1185
f 1128 1185 1186
f 1129 1128 1186
f 1129 1186 1181
f 1130 1129 1166
f 1130 1166 1165
f 1187 1188 1189
f 1187 1189 1190
f 1191 1192 1193
f 1191 1193 1194
f 1195 1196 1197
f 1195 1197 1198
f 1199 1191 1194
f 1199 1194 1200
f 1201 1202 1203
f 1201 1203 1204
f 1205 1199 1200
f 1205 1200 1206
f 1202 1207 1208
f 1202 1208 1203
f 1209 1205 1206
f 1209 1206 1210
f 1207 1211 1212
f 1207 1212 1208
f 1213 1209 1210
f 1213 1210 1214
f 1211 1215 1216
f 1211 1216 1212
f 1217 1213 1214
f 1217 1214 1218
f 1215 1219 1220
f 1215 1220 1216
f 1221 1217 1218
f 1221 1218 1222
f 1219 1223 1224
f 1219 1224 1220
f 1225 1221 1222
f 1225 1222 1226
f 1223 1195 1198
f 1223 1198 1224
f 1196 1227 1228
f 1196 1228 1197
f 1229 1225 1226
f 1229 1226 1230
f 1227 1201 1204
f 1227 1204 1228
f 1222 1231 1232
f 1222 1232 1226
f 1228 1233 1234
f 1228 1234 1197
f 1210 1235 1236
f 1210 1236 1214
f 1204 1237 1233
f 1204 1233 1228
f 1203 1238 1237
f 1203 1237 1204
f 1226 1232 1239
f 1226 1239 1230
f 1208 1240 1238
f 1208 1238 1203
f 1214 1236 1241
f 1214 1241 1218
f 1212 1242 1240
f 1212 1240 1208
f 1216 1243 1242
f 1216 1242 1212
f 1220 1244 1243
f 1220 1243 1216
f 1218 1241 1231
f 1218 1231 1222
f 1230 1239 1245
f 1230 1245 1193
f 1224 1246 1244
f 1224 1244 1220
f 1198 1247 1246
f 1198 1246 1224
f 1197 1234 1247
f 1197 1247 1198
f 1206 1248 1235
f 1206 1235 1210
f 1200 1249 1248
f 1200 1248 1206
f 1194 1250 1249
f 1194 1249 1200
f 1193 1245 1250
f 1193 1250 1194
f 1192 1229 1230
f 1192 1230 1193
f 1179 1182 1180
f 1182 1179 1183
f 1183 1179 1178
f 1183 1178 1169
f 1169 1178 1176
f 1169 1176 1170
f 1170 1176 1174
f 1170 1174 1173
f 1172 1185 1184
f 1185 1172 1186
f 1186 1172 1171
f 1186 1171 1181
f 1181 1171 1177
f 1181 1177 1175
f 1175 1177 1168
f 1175 1168 1167
f 1247 1244 1246
f 1244 1247 1243
f 1243 1247 1234
f 1243 1234 1242
f 1242 1234 1233
f 1242 1233 1240
f 1240 1233 1237
f 1240 1237 1238
f 1250 1248 1249
f 1248 1250 1235
f 1235 1250 1245
f 1235 1245 1236
f 1236 1245 1239
f 1236 1239 1241
f 1241 1239 1232
f 1241 1232 1231
# Vertices: 128, normals: 0, texture coordinates: 0, faces: 196

o obj6
v 1.00292907 1.24244782 -0.39026026
v 0.99319048 1.24797495 -0.39026026
v 1.04481021 1.33891668 -0.40402721
v 1.05454839 1.33338905 -0.40402721
v 1.1542695 1.50907455 -0.34989789
v 1.14453131 1.51460168 -0.34989789
v 1.18583679 1.58737301 -0.28569035
v 1.19557539 1.58184538 -0.28569035
v 1.21753224 1.64321217 -0.2020136
v 1.22727043 1.63768464 -0.2020136
v 1.23745652 1.67831424 -0.10456992
v 1.24719471 1.67278671 -0.10456992
v 1.24425202 1.69028718 0
v 1.25399021 1.68475955 0
v 1.23745652 1.67831424 0.10456992
v 1.24719471 1.67278671 0.10456992
v 1.21753224 1.64321217 0.20201403
v 1.22727043 1.63768464 0.20201403
v 1.18583679 1.58737301 0.28569078
v 1.19557539 1.58184538 0.28569078
v 1.14453131 1.51460218 0.34989789
v 1.1542695 1.50907455 0.34989789
v 1.09642943 1.42985791 0.39026069
v 1.10616812 1.42433078 0.39026069
v 1.04481021 1.33891668 0.40402764
v 1.05454839 1.33338905 0.40402764
v 0.99319088 1.24797545 0.39026069
v 1.00292907 1.24244782 0.39026069
v 0.9450895 1.16323169 0.34989832
v 0.95482769 1.15770405 0.34989832
v 0.90378362 1.09046035 0.28569078
v 0.91352181 1.08493272 0.28569078
v 0.87208857 1.03462119 0.20201403
v 0.88182676 1.02909356 0.20201403
v 0.8521643 0.99951912 0.10457034
v 0.86190249 0.99399149 0.10457034
v 0.84536839 0.98754659 4.2E-07
v 0.85510658 0.98201906 4.2E-07
v 0.8521643 0.99951912 -0.10456949
v 0.86190249 0.99399149 -0.10456949
v 0.87208857 1.03462119 -0.2020136
v 0.88182676 1.02909356 -0.20201319
v 0.90378362 1.09046035 -0.28569035
v 0.91352181 1.08493272 -0.28569035
v 0.9450891 1.16323118 -0.34989789
v 0.95482769 1.15770405 -0.34989789
v 0.93670589 1.28295481 -0.38078852
v 0.98707247 1.37168932 -0.39422136
v 1.04481021 1.33891668 -0.39422136
v 0.99444362 1.25018217 -0.38078852
v 1.09642943 1.42985791 -0.39026026
v 1.10616812 1.42433038 -0.39026026
v 1.17978524 1.55402694 -0.25370309
v 1.20793149 1.60361449 -0.17939491
v 1.18682344 1.61559539 -0.17939491
v 1.15867719 1.56600824 -0.25370309
v 0.88735137 1.19600382 -0.34989789
v 0.86933111 1.20623266 -0.34989789
v 0.91743249 1.29097643 -0.39026026
v 0.93545325 1.28074759 -0.39026026
v 0.84604589 1.12323299 -0.28569035
v 0.82802523 1.13346133 -0.28569035
v 0.81435089 1.06739333 -0.2020136
v 0.79633018 1.07762217 -0.2020136
v 0.79442662 1.03229166 -0.10456949
v 0.7764059 1.0425205 -0.10456949
v 0.78763066 1.02031883 4.2E-07
v 0.76961 1.03054757 4.2E-07
v 0.79442662 1.03229166 0.10457034
v 0.7764059 1.0425205 0.10457034
v 0.81435089 1.06739384 0.20201403
v 0.79633018 1.07762257 0.20201403
v 0.84604589 1.12323299 0.28569078
v 0.82802523 1.13346173 0.28569078
v 0.88735177 1.19600423 0.34989832
v 0.86933111 1.20623307 0.34989832
v 0.93545325 1.28074799 0.39026069
v 0.91743249 1.29097683 0.39026069
v 0.98707247 1.37168932 0.40402764
v 0.96905181 1.38191806 0.40402764
v 1.0386922 1.46263055 0.39026069
v 1.02067154 1.47285939 0.39026069
v 1.08679358 1.54737432 0.34989789
v 1.06877292 1.55760316 0.34989789
v 1.12809957 1.62014565 0.28569078
v 1.1100788 1.63037439 0.28569078
v 1.15979451 1.67598481 0.20201403
v 1.14177385 1.68621365 0.20201403
v 1.17971879 1.71108698 0.10456992
v 1.16169813 1.72131562 0.10456992
v 1.18651479 1.72305982 0
v 1.16849403 1.73328826 0
v 1.17971879 1.71108698 -0.10456992
v 1.16169813 1.72131562 -0.10456992
v 1.15979451 1.67598481 -0.2020136
v 1.14177385 1.68621365 -0.2020136
v 1.12809957 1.62014565 -0.28569035
v 1.1100788 1.63037439 -0.28569035
v 1.08679358 1.54737432 -0.34989789
v 1.06877292 1.55760316 -0.34989789
v 1.0386922 1.46263055 -0.39026026
v 1.02067154 1.47285939 -0.39026026
v 0.98707247 1.37168932 -0.40402721
v 0.96905222 1.38191806 -0.40402721
v 1.14211093 1.51033778 -0.34140564
v 1.18241414 1.58134303 -0.27875654
v 1.09517679 1.42765069 0.38078852
v 1.04481021 1.33891668 0.39422136
v 0.87628058 1.04200666 -0.19711025
v 0.90720627 1.09649033 -0.27875654
v 1.12467641 1.61411517 -0.27875654
v 1.0843732 1.54311042 -0.34140564
v 0.98707247 1.37168932 0.39422136
v 1.03743906 1.46042333 0.38078852
v 0.84946864 1.12926297 -0.27875654
v 0.8185429 1.0747793 -0.19711025
v 1.23278072 1.67007704 0.10203196
v 1.21333983 1.6358267 0.19711068
v 0.87628058 1.04200666 0.1971111
v 0.85683969 1.00775632 0.10203239
v 1.15560251 1.66859934 0.19711068
v 1.17504299 1.70284918 0.10203196
v 0.79910201 1.04052896 0.10203239
v 0.8185429 1.0747793 0.1971111
v 1.21333983 1.6358267 -0.19711068
v 0.99444362 1.25018267 0.38078892
v 0.94750948 1.16749558 -0.34140564
v 1.15560251 1.66859934 -0.19711068
v 0.9367063 1.28295521 0.38078892
v 0.88977175 1.20026772 -0.34140564
v 1.18241414 1.58134303 0.27875654
v 0.85020875 0.99607439 4.2E-07
v 1.12467641 1.61411517 0.27875654
v 0.79247143 1.02884703 4.2E-07
v 1.23278072 1.67007704 -0.10203196
v 0.94750948 1.16749558 0.34140604
v 1.17504299 1.70284918 -0.10203196
v 0.79910201 1.04052896 -0.10203154
v 0.85683969 1.00775632 -0.10203154
v 0.84946864 1.12926337 0.27875696
v 0.90720627 1.09649083 0.27875696
v 0.88977215 1.20026812 0.34140604
v 1.0843732 1.54311042 0.34140604
v 1.14211093 1.51033778 0.34140604
v 1.18167403 1.71453162 0
v 1.23941166 1.68175898 0
v 1.03743906 1.46042333 -0.38078852
v 1.09517679 1.42765069 -0.38078852
v 1.10038841 1.41414812 -0.34656485
v 1.05454839 1.33338905 -0.35879025
v 1.14310433 1.48940367 -0.31072138
v 1.22562485 1.63478591 -0.09286175
v 1.23165997 1.64541818 0
v 1.22562485 1.63478591 0.09286175
v 1.20793149 1.60361449 0.17939534
v 1.17978524 1.55402694 0.25370309
v 1.14310433 1.48940367 0.31072181
v 1.10038841 1.41414853 0.34656528
v 1.05454839 1.33338905 0.35879068
v 1.00870878 1.25263008 0.34656528
v 0.96599286 1.17737454 0.31072181
v 0.92931196 1.11275127 0.25370352
v 0.90116571 1.06316412 0.17939534
v 0.88347194 1.03199229 0.09286218
v 0.87743723 1.02136002 4.2E-07
v 0.88347194 1.03199229 -0.09286133
v 0.90116571 1.06316372 -0.17939491
v 0.92931155 1.11275086 -0.25370309
v 0.96599286 1.17737454 -0.31072138
v 1.00870878 1.25262967 -0.34656485
v 0.86236389 1.0439732 -0.09286133
v 0.85632877 1.03334143 4.2E-07
v 1.03344035 1.34537046 0.35879068
v 1.07927996 1.42612943 0.34656528
v 1.2045168 1.64676732 -0.09286175
v 0.88005725 1.07514512 -0.17939491
v 0.98760074 1.26461149 0.34656528
v 1.21055192 1.65739949 0
v 0.9082035 1.12473227 -0.25370309
v 0.94488481 1.18935594 0.31072181
v 1.2045168 1.64676732 0.09286175
v 0.94488441 1.18935554 -0.31072138
v 0.9082035 1.12473267 0.25370352
v 1.18682344 1.61559539 0.17939534
v 0.98760033 1.26461108 -0.34656485
v 1.07927996 1.42612943 -0.34656485
v 1.03344035 1.34537046 -0.35879025
v 0.88005725 1.07514553 0.17939534
v 1.15867719 1.56600824 0.25370309
v 1.12199598 1.50138497 -0.31072138
v 0.86236389 1.0439737 0.09286218
v 1.12199598 1.50138497 0.31072181
v 1.14467762 0.99638989 -0.34215081
v 1.00675566 1.07467605 -0.34215081
v 1.12946685 1.29086471 -0.42292166
v 1.26738881 1.21257855 -0.42292166
v 1.46593997 1.56237919 -0.13068955
v 1.32801801 1.64066494 -0.13068955
v 1.32801761 1.64066494 0.1306904
v 1.46593947 1.56237919 0.1306904
v 1.45352337 1.56219093 0.13935099
v 1.33422183 1.62990834 0.13935099
v 1.33541871 1.63201705 0.14111289
v 1.45472025 1.56430004 0.14111289
v 1.3900999 1.4287668 0.34215081
v 1.25217795 1.50705296 0.34215081
v 1.12946685 1.2908643 0.42292166
v 1.26738881 1.21257855 0.42292166
v 1.00675566 1.07467605 0.34215081
v 1.14467762 0.99638989 0.34215081
v 1.44888135 1.55401332 0.15229366
v 1.45007863 1.55612244 0.15405556
v 1.06883806 0.86277791 0.13068998
v 0.9309161 0.94106417 0.13068998
v 0.9309161 0.94106417 -0.13068998
v 1.06883806 0.86277791 -0.13068998
v 0.94797422 0.94942993 0.15229366
v 0.9433323 0.94125192 0.13935099
v 0.94213542 0.93914281 0.14111289
v 0.94677693 0.94732082 0.15405556
v 1.06263384 0.87353491 -0.13935099
v 0.9433323 0.94125192 -0.13935099
v 0.94213542 0.93914281 -0.14111289
v 1.06143696 0.8714258 -0.14111289
v 1.25217795 1.50705337 -0.34215081
v 1.3900999 1.42876721 -0.34215081
v 1.39809107 1.41417303 -0.33011107
v 1.27969793 1.20559187 -0.40803948
v 1.46088393 1.55347165 -0.14478723
v 1.471262 1.5430834 -0.12609113
v 1.46638404 1.53448915 -0.1396923
v 1.471262 1.5430834 0.12609156
v 1.39515594 1.43767434 0.32805356
v 1.39809107 1.41417303 0.33011107
v 1.40296904 1.42276677 0.31650992
v 1.27969793 1.20559147 0.40803988
v 1.16130438 0.99701031 0.33011107
v 1.0738941 0.87168555 0.14478765
v 1.08813344 0.86810045 0.12609156
v 1.09301141 0.87669419 0.13969271
v 1.08813344 0.86810045 -0.12609113
v 1.13962158 0.98748276 -0.32805356
v 1.16130478 0.99701072 -0.33011107
v 1.15642641 0.98841657 -0.31650949
v 1.26923606 1.51541882 -0.32054712
v 1.26459455 1.50724122 -0.33348979
v 1.25723398 1.5159606 -0.32805313
v 1.3295798 1.62173033 0.15229366
v 1.32296197 1.63175781 0.14478765
v 1.00831756 1.05574144 0.32054755
v 1.01295958 1.06391905 0.33349022
v 1.00169962 1.06576852 0.32805356
v 0.94797422 0.94942993 -0.15229324
v 0.93597173 0.9499717 -0.14478723
v 1.44888135 1.55401332 -0.15229324
v 1.45352337 1.56219093 -0.13935058
v 1.38853761 1.44770181 0.32054755
v 1.38389609 1.4395238 0.33349022
v 1.06727576 0.88171262 0.15229366
v 1.06263384 0.87353491 0.13935099
v 1.1276195 0.98802453 -0.32054712
v 1.13226152 0.99620214 -0.33348979
v 1.38389609 1.4395238 -0.33348979
v 1.01295998 1.06391905 -0.33348979
v 1.33422183 1.62990834 -0.13935058
v 1.26459455 1.50724122 0.33349022
v 1.13226112 0.99620214 0.33349022
v 1.38509297 1.44163291 0.33525211
v 1.26579143 1.50934992 0.33525211
v 1.06143696 0.8714258 0.14111289
v 1.13106424 0.99409303 -0.33525168
v 1.0117627 1.06180994 -0.33525168
v 1.45472025 1.56430004 -0.14111246
v 1.33541911 1.63201705 -0.14111246
v 1.1276195 0.98802403 0.32054755
v 1.13106424 0.99409303 0.33525211
v 1.12642222 0.98591492 0.32230944
v 1.11489466 0.98096465 -0.32144965
v 1.00877977 1.04119678 -0.32144965
v 1.01312827 1.04885802 -0.33357439
v 1.11924316 0.9886259 -0.33357439
v 1.06727576 0.88171262 -0.15229324
v 1.06607848 0.87960391 -0.15405514
v 1.0117627 1.06180994 0.33525211
v 1.44460646 1.56184034 -0.16382716
v 1.33849167 1.62207246 -0.16382716
v 1.34284017 1.6297333 -0.15170242
v 1.44895496 1.56950118 -0.15170242
v 1.38853811 1.44770181 -0.32054712
v 1.38509337 1.44163291 -0.33525168
v 1.38973499 1.44981092 -0.32230902
v 1.26923606 1.51541882 0.32054755
v 1.27043345 1.51752793 0.32230944
v 1.38807579 1.46224618 0.32145008
v 1.28196101 1.5224782 0.32145008
v 1.27761251 1.51481695 0.33357482
v 1.3837273 1.45458534 0.33357482
v 1.00831796 1.05574144 -0.32054712
v 1.00712067 1.05363233 -0.32230902
v 1.05836399 0.8813709 0.16382759
v 0.9522491 0.94160292 0.16382759
v 0.94790061 0.93394168 0.15170285
v 1.0540155 0.87370965 0.15170285
v 1.26579183 1.50934992 -0.33525168
v 1.28196101 1.5224782 -0.32144965
v 1.27761251 1.51481746 -0.33357439
v 1.27401723 1.51436018 -0.33558241
v 1.27847775 1.52221896 -0.32314471
v 1.27050786 1.51316078 -0.33660632
v 1.27506397 1.52118744 -0.323903
v 1.26761972 1.51140146 -0.33649001
v 1.27223885 1.51953974 -0.32360993
v 1.27043345 1.51752793 -0.32230902
v 1.33849167 1.62207246 0.16382759
v 1.34284017 1.6297333 0.15170285
v 1.34092849 1.63224241 0.14901644
v 1.33646756 1.62438374 0.16145414
v 1.33884691 1.63355777 0.14606064
v 1.33429079 1.62553111 0.15876352
v 1.33691203 1.63347862 0.14328543
v 1.3322925 1.62533993 0.15616551
v 1.33077709 1.62383945 0.15405556
v 1.00877977 1.04119678 0.32145008
v 1.01312827 1.04885752 0.33357482
v 1.01167769 1.05217914 0.33558284
v 1.00721667 1.04432046 0.32314514
v 1.01090834 1.05580698 0.33660672
v 1.00635263 1.04778032 0.32390343
v 1.01093839 1.0591887 0.33649043
v 1.00631886 1.05105042 0.32360993
v 1.00712067 1.05363233 0.32230944
v 0.9522491 0.94160292 -0.16382759
v 0.94790061 0.93394168 -0.15170242
v 0.94476593 0.93429691 -0.14901603
v 0.94922696 0.94215568 -0.16145414
v 0.9425697 0.9354101 -0.14606023
v 0.94712541 0.94343625 -0.15876352
v 0.94164608 0.93711195 -0.14328501
v 0.94626521 0.94525023 -0.15616551
v 0.94677693 0.94732082 -0.15405514
v 1.45208963 1.56914635 -0.14901603
v 1.44762871 1.56128717 -0.16145373
v 1.45428586 1.56803326 -0.14606023
v 1.44973016 1.5600066 -0.1587631
v 1.45520999 1.56633141 -0.14328501
v 1.45059046 1.55819273 -0.15616509
v 1.45007863 1.55612244 -0.15405514
v 1.38517797 1.45126412 0.33558284
v 1.3896389 1.4591229 0.32314514
v 1.38594722 1.44763627 0.33660672
v 1.39050293 1.45566253 0.32390343
v 1.38591728 1.44425415 0.33649043
v 1.39053681 1.45239294 0.32361036
v 1.38973499 1.44981092 0.32230944
v 1.05592708 0.87120044 0.14901644
v 1.0603881 0.87905911 0.16145414
v 1.05800916 0.86988518 0.14606064
v 1.06256487 0.87791174 0.15876352
v 1.05994363 0.86996424 0.14328501
v 1.06456317 0.87810292 0.15616551
v 1.06607848 0.87960391 0.15405556
v 1.12283884 0.98908307 -0.33558241
v 1.11837781 0.98122389 -0.32314471
v 1.12634781 0.99028247 -0.33660632
v 1.1217921 0.98225581 -0.32390343
v 1.12923635 0.9920418 -0.33649043
v 1.12461682 0.98390311 -0.32360993
v 1.12642222 0.98591542 -0.32230902
v 1.3837273 1.45458534 -0.33357439
v 1.38517797 1.45126412 -0.33558241
v 1.38594722 1.44763627 -0.33660632
v 1.38591728 1.44425415 -0.33649001
v 1.01167769 1.05217914 -0.33558241
v 1.01090834 1.05580698 -0.33660632
v 1.01093839 1.0591891 -0.33649043
v 1.33691203 1.63347862 -0.14328501
v 1.33884691 1.63355777 -0.14606023
v 1.34092849 1.63224241 -0.14901603
v 1.44895496 1.56950118 0.15170285
v 1.45208963 1.56914635 0.14901644
v 1.45428586 1.56803326 0.14606064
v 1.45520999 1.56633141 0.14328543
v 1.26761972 1.51140146 0.33649043
v 1.27050786 1.51316078 0.33660672
v 1.27401723 1.51436018 0.33558284
v 1.11924316 0.9886259 0.33357482
v 1.12283844 0.98908267 0.33558284
v 1.12634781 0.99028207 0.33660672
v 1.12923595 0.99204139 0.33649043
v 0.94164608 0.93711195 0.14328501
v 0.9425697 0.9354101 0.14606064
v 0.94476593 0.93429691 0.14901644
v 1.0540155 0.87370965 -0.15170242
v 1.05592708 0.87120044 -0.14901603
v 1.05800916 0.86988518 -0.14606023
v 1.05994363 0.86996424 -0.14328501
v 1.3295798 1.62173033 -0.15229324
v 1.33077709 1.62383945 -0.15405514
v 1.06456317 0.87810292 -0.15616551
v 1.0691827 0.8862412 -0.16904559
v 1.0707205 0.88778152 -0.16699781
v 1.07380234 0.89437989 -0.18192609
v 1.07536252 0.89595953 -0.17994048
v 1.07842147 0.90251857 -0.1948066
v 1.08000403 0.90413714 -0.19288314
v 1.083041 0.91065686 -0.20768667
v 1.08464605 0.91231515 -0.20582582
v 1.08766064 0.91879564 -0.22056718
v 1.08928757 0.92049275 -0.2187685
v 1.09228017 0.92693393 -0.23344768
v 1.09392959 0.92867086 -0.23171117
v 1.09689981 0.93507261 -0.24632776
v 1.09857161 0.93684847 -0.24465341
v 1.10151934 0.94321089 -0.25920826
v 1.10321313 0.94502648 -0.25759608
v 1.10613848 0.95134918 -0.27208834
v 1.10785515 0.95320409 -0.27053875
v 1.11075801 0.95948786 -0.28496884
v 1.11249707 0.9613817 -0.28348142
v 1.11537765 0.96762614 -0.29784935
v 1.11713868 0.96955971 -0.29642411
v 1.11999718 0.97576483 -0.31072943
v 1.1217807 0.97773731 -0.30936678
v 1.06256487 0.87791174 -0.15876352
v 1.06712058 0.8859384 -0.1714664
v 1.07167669 0.89396456 -0.1841697
v 1.0762328 0.90199122 -0.19687256
v 1.08078861 0.91001788 -0.20957587
v 1.08534472 0.91804404 -0.22227873
v 1.08990043 0.9260707 -0.23498205
v 1.09445654 0.93409696 -0.24768491
v 1.09901225 0.94212352 -0.2603882
v 1.10356796 0.95015018 -0.27309109
v 1.10812407 0.95817633 -0.28579396
v 1.11268028 0.966203 -0.29849725
v 1.11723599 0.97422925 -0.31120014
v 1.0603881 0.87905911 -0.16145414
v 1.06484862 0.88691789 -0.17389186
v 1.06930965 0.89477707 -0.18632956
v 1.07377017 0.90263574 -0.19876725
v 1.0782312 0.91049452 -0.21120497
v 1.08269172 0.91835319 -0.22364267
v 1.08715265 0.92621237 -0.23608037
v 1.09161327 0.93407114 -0.24851849
v 1.09607419 0.94192982 -0.26095619
v 1.10053482 0.949789 -0.27339389
v 1.10499574 0.95764777 -0.28583159
v 1.10945626 0.96550645 -0.29826932
v 1.11391729 0.97336522 -0.31070702
v 1.05836399 0.8813709 -0.16382759
v 1.06271249 0.88903204 -0.17595233
v 1.06706099 0.89669288 -0.18807707
v 1.07140938 0.90435413 -0.20020181
v 1.07575788 0.91201537 -0.21232655
v 1.08010638 0.91967611 -0.22445129
v 1.08445488 0.92733736 -0.23657603
v 1.08880378 0.9349986 -0.24870077
v 1.09315227 0.94265934 -0.26082594
v 1.09750077 0.95032058 -0.27295068
v 1.10184917 0.95798183 -0.28507542
v 1.10619766 0.96564267 -0.29720016
v 1.11054616 0.97330391 -0.30932491
v 1.00631886 1.05105042 -0.32360993
v 1.00169922 1.04291214 -0.31072943
v 1.00247916 1.04545473 -0.30936678
v 0.99707969 1.03477345 -0.29784935
v 0.99783714 1.03727672 -0.29642411
v 0.99246055 1.02663517 -0.28496884
v 0.99319512 1.02909911 -0.28348142
v 0.98784092 1.01849638 -0.27208834
v 0.9885536 1.020921 -0.27053875
v 0.98322138 1.0103581 -0.25920826
v 0.98391158 1.01274339 -0.25759608
v 0.97860185 1.00221941 -0.24632776
v 0.97927007 1.00456538 -0.24465341
v 0.97398221 0.99408113 -0.23344768
v 0.97462805 0.99638777 -0.23171117
v 0.96936308 0.98594245 -0.22056718
v 0.96998602 0.98820976 -0.2187685
v 0.96474355 0.97780416 -0.20768667
v 0.96534451 0.98003216 -0.20582582
v 0.96012391 0.96966548 -0.1948066
v 0.96070249 0.97185405 -0.19288314
v 0.95550438 0.9615272 -0.18192609
v 0.95606097 0.96367644 -0.17994048
v 0.95088474 0.95338891 -0.16904559
v 0.95141895 0.95549843 -0.16699781
v 1.00635263 1.04778032 -0.32390343
v 1.00179652 1.03975417 -0.31120014
v 0.99724082 1.03172751 -0.29849725
v 0.99268511 1.02370135 -0.28579396
v 0.988129 1.01567469 -0.27309109
v 0.98357329 1.00764803 -0.2603878
v 0.97901708 0.99962187 -0.24768491
v 0.97446137 0.99159521 -0.23498205
v 0.96990526 0.98356905 -0.22227873
v 0.96534955 0.97554239 -0.20957587
v 0.96079344 0.96751573 -0.19687256
v 0.95623773 0.95948958 -0.1841697
v 0.95168162 0.95146291 -0.1714664
v 1.00721667 1.04432046 -0.32314471
v 1.00275615 1.03646169 -0.31070702
v 0.99829512 1.02860301 -0.29826932
v 0.9938346 1.02074384 -0.28583159
v 0.98937367 1.01288506 -0.27339389
v 0.98491305 1.00502639 -0.26095619
v 0.98045253 0.99716761 -0.24851806
v 0.9759915 0.98930853 -0.23608037
v 0.97153098 0.98144976 -0.22364267
v 0.96706995 0.97359098 -0.21120497
v 0.96260903 0.96573231 -0.19876725
v 0.9581485 0.95787313 -0.18632956
v 0.95368748 0.95001446 -0.17389186
v 1.00443137 1.03353553 -0.30932491
v 1.00008288 1.02587469 -0.29720016
v 0.99573438 1.01821345 -0.28507542
v 0.99138588 1.01055271 -0.27295068
v 0.98703739 1.00289146 -0.26082594
v 0.98268889 0.99523022 -0.2487012
v 0.97834049 0.98756948 -0.23657646
v 0.97399199 0.97990823 -0.22445129
v 0.9696435 0.97224699 -0.21232655
v 0.965295 0.96458615 -0.20020181
v 0.9609461 0.956925 -0.18807707
v 0.9565976 0.94926376 -0.17595233
v 0.95261624 0.95760754 -0.16523591
v 0.95725775 0.96578515 -0.17817858
v 0.96189977 0.97396316 -0.19112126
v 0.96654139 0.98214127 -0.20406393
v 0.97118331 0.99031887 -0.21700661
v 0.97582533 0.99849688 -0.22994885
v 0.98046684 1.00667449 -0.24289152
v 0.98510887 1.0148521 -0.25583418
v 0.98975089 1.02303011 -0.26877685
v 0.9943924 1.03120772 -0.28171955
v 0.99903442 1.03938583 -0.29466221
v 1.00367594 1.04756343 -0.30760488
v 1.12297748 0.97984642 -0.30760488
v 1.11833597 0.97166882 -0.29466221
v 1.11369395 0.96349081 -0.28171955
v 1.10905203 0.9553132 -0.26877685
v 1.10441041 0.94713519 -0.25583418
v 1.09976839 0.93895758 -0.24289152
v 1.09512687 0.93077947 -0.22994928
v 1.09048485 0.92260186 -0.21700661
v 1.08584293 0.91442385 -0.20406393
v 1.08120132 0.90624625 -0.19112126
v 1.0765593 0.89806824 -0.17817858
v 1.07191778 0.88989063 -0.16523591
v 0.97353311 0.97230577 -0.21504003
v 0.97593524 0.97653842 -0.22173824
v 0.98065127 0.98375721 -0.21543756
v 0.97827152 0.9795644 -0.20880192
v 0.95613922 0.9416617 0.16654105
v 1.05642025 0.88474072 0.16654105
v 1.06022314 0.89253002 0.16030295
v 0.96087713 0.94891992 0.16030295
v 1.42092033 1.52690494 -0.22173782
v 1.3206393 1.58382593 -0.22173782
v 1.31685839 1.57607595 -0.21543756
v 1.4162043 1.51968605 -0.21543756
v 0.9822305 0.98762826 -0.23928951
v 0.98463263 0.9918604 -0.24598773
v 0.98934826 0.99907929 -0.23968747
v 0.98696842 0.99488638 -0.23305181
v 1.05882248 0.88897285 0.17323887
v 0.95854135 0.94589384 0.17323887
v 0.96325698 0.95311273 0.16693859
v 1.06260339 0.89672293 0.16693859
v 1.31434454 1.57273568 -0.23928951
v 1.41462557 1.51581509 -0.23928951
v 1.40988715 1.50855647 -0.23305141
v 1.31054114 1.56494678 -0.23305141
v 0.9909274 1.00295025 -0.26353939
v 0.99332963 1.00718238 -0.27023721
v 0.99804526 1.01440128 -0.26393695
v 0.99566541 1.01020887 -0.2573013
v 1.0738941 0.87168555 -0.14478723
v 1.07894973 0.88059267 -0.1588849
v 1.08400577 0.88950021 -0.17298215
v 1.08906171 0.89840784 -0.1870794
v 1.09411774 0.90731537 -0.20117706
v 1.09917378 0.9162226 -0.21527431
v 1.10422982 0.92513014 -0.22937156
v 1.10928586 0.93403767 -0.24346924
v 1.1143419 0.9429453 -0.25756649
v 1.11939793 0.95185243 -0.27166373
v 1.12445397 0.96075996 -0.28576139
v 1.12950961 0.9696676 -0.29985864
v 1.13456554 0.97857513 -0.31395588
v 1.00169962 1.06576892 -0.32805356
v 0.99664369 1.05686139 -0.31395588
v 0.99158805 1.04795376 -0.29985864
v 0.98653201 1.03904622 -0.28576098
v 0.98147598 1.03013899 -0.27166373
v 0.97641994 1.02123146 -0.25756649
v 0.9713639 1.01232393 -0.24346881
v 0.96630786 1.00341629 -0.22937156
v 0.96125182 0.99450917 -0.21527431
v 0.95619589 0.98560163 -0.20117706
v 0.95113985 0.976694 -0.1870794
v 0.94608381 0.96778647 -0.17298215
v 0.94102777 0.95887883 -0.1588849
v 1.09301141 0.87669419 -0.1396923
v 1.09788978 0.88528834 -0.15329388
v 1.10276775 0.89388218 -0.16689503
v 1.10764582 0.90247633 -0.1804962
v 1.11252379 0.91107057 -0.19409778
v 1.11740216 0.91966431 -0.20769894
v 1.12228013 0.92825846 -0.22130053
v 1.12715809 0.9368522 -0.23490169
v 1.13203606 0.94544645 -0.24850284
v 1.13691454 0.95404059 -0.26210442
v 1.1417925 0.96263444 -0.2757056
v 1.14667047 0.97122858 -0.28930718
v 1.15154844 0.97982283 -0.30290834
v 1.12461682 0.98390311 0.32360993
v 1.11999718 0.97576443 0.31072985
v 1.1217802 0.97773731 0.30936678
v 1.11537765 0.96762614 0.29784935
v 1.11713868 0.96955971 0.29642411
v 1.11075801 0.95948786 0.28496927
v 1.11249666 0.9613817 0.28348142
v 1.10613848 0.95134918 0.27208877
v 1.10785515 0.95320409 0.27053875
v 1.10151934 0.94321089 0.25920826
v 1.10321313 0.94502608 0.25759651
v 1.09689981 0.93507221 0.24632819
v 1.09857111 0.93684847 0.24465384
v 1.09228017 0.92693393 0.23344768
v 1.09392959 0.92867036 0.23171117
v 1.08766064 0.91879514 0.22056718
v 1.08928757 0.92049275 0.2187685
v 1.083041 0.91065686 0.2076871
v 1.08464605 0.91231474 0.20582582
v 1.07842147 0.90251817 0.1948066
v 1.08000403 0.90413714 0.19288357
v 1.07380234 0.89437989 0.18192609
v 1.07536201 0.89595953 0.1799409
v 1.0691827 0.8862412 0.16904602
v 1.0707205 0.88778152 0.16699822
v 1.12179169 0.98225581 0.32390343
v 1.11723599 0.97422925 0.31120056
v 1.11267977 0.96620259 0.29849725
v 1.10812407 0.95817633 0.28579438
v 1.10356796 0.95014977 0.27309109
v 1.09901225 0.94212352 0.2603882
v 1.09445614 0.93409696 0.24768491
v 1.08990043 0.9260707 0.23498205
v 1.08534432 0.91804404 0.22227873
v 1.08078861 0.91001748 0.20957587
v 1.0762324 0.90199122 0.19687256
v 1.07167669 0.89396456 0.1841697
v 1.06712058 0.8859384 0.17146682
v 1.11837781 0.98122389 0.32314471
v 1.11391729 0.97336522 0.31070702
v 1.10945626 0.96550604 0.29826932
v 1.10499574 0.95764727 0.28583159
v 1.10053482 0.94978859 0.27339389
v 1.09607379 0.94192982 0.26095619
v 1.09161327 0.93407114 0.24851849
v 1.08715265 0.92621197 0.23608079
v 1.08269172 0.91835319 0.22364309
v 1.0782312 0.91049452 0.21120497
v 1.07377017 0.90263574 0.19876725
v 1.06930965 0.89477707 0.18632956
v 1.06484862 0.88691789 0.17389186
v 1.11489466 0.98096465 0.32145008
v 1.11054616 0.97330341 0.30932491
v 1.10619766 0.96564267 0.29720016
v 1.10184917 0.95798143 0.28507542
v 1.09750077 0.95032018 0.27295068
v 1.09315227 0.94265934 0.26082594
v 1.08880337 0.9349982 0.2487012
v 1.08445488 0.92733736 0.23657646
v 1.08010638 0.91967611 0.22445172
v 1.07575788 0.91201487 0.21232655
v 1.07140938 0.90435413 0.20020181
v 1.06706099 0.89669288 0.18807707
v 1.06271249 0.88903164 0.17595233
v 0.94626521 0.94525023 0.15616551
v 0.95088474 0.95338851 0.16904602
v 0.95141895 0.95549843 0.16699822
v 0.95550438 0.9615272 0.18192609
v 0.95606047 0.96367604 0.1799409
v 0.96012391 0.96966548 0.1948066
v 0.96070249 0.97185405 0.19288314
v 0.96474304 0.97780416 0.2076871
v 0.96534451 0.98003175 0.20582582
v 0.96936268 0.98594245 0.22056718
v 0.96998602 0.98820976 0.2187685
v 0.97398221 0.99408073 0.23344768
v 0.97462805 0.99638737 0.23171117
v 0.97860185 1.00221941 0.24632776
v 0.97926956 1.00456538 0.24465384
v 0.98322138 1.0103577 0.25920826
v 0.98391158 1.01274299 0.25759651
v 0.98784052 1.01849638 0.27208877
v 0.9885536 1.020921 0.27053918
v 0.99246015 1.02663466 0.28496884
v 0.99319512 1.0290986 0.28348142
v 0.99707969 1.03477345 0.29784935
v 0.99783714 1.03727672 0.29642411
v 1.00169922 1.04291173 0.31072985
v 1.00247865 1.04545432 0.30936678
v 0.94712541 0.94343625 0.15876352
v 0.95168162 0.95146291 0.17146682
v 0.95623733 0.95948958 0.1841697
v 0.96079344 0.96751573 0.19687299
v 0.96534915 0.97554239 0.20957587
v 0.96990526 0.98356855 0.22227916
v 0.97446097 0.99159521 0.23498205
v 0.97901708 0.99962187 0.24768491
v 0.98357278 1.00764803 0.2603882
v 0.988129 1.01567469 0.27309109
v 0.9926847 1.02370095 0.28579438
v 0.99724082 1.03172751 0.29849725
v 1.00179652 1.03975417 0.31120056
v 0.94922696 0.94215568 0.16145414
v 0.95368748 0.95001446 0.17389186
v 0.9581485 0.95787313 0.18632956
v 0.96260903 0.96573231 0.19876725
v 0.96706995 0.97359098 0.21120538
v 0.97153058 0.98144976 0.22364309
v 0.9759915 0.98930853 0.23608079
v 0.98045212 0.99716721 0.24851849
v 0.98491305 1.00502639 0.26095619
v 0.98937367 1.01288506 0.27339389
v 0.9938346 1.02074384 0.28583159
v 0.99829512 1.02860261 0.29826932
v 1.00275615 1.03646128 0.31070702
v 0.9565976 0.94926376 0.17595233
v 0.9609461 0.956925 0.18807707
v 0.9652946 0.96458574 0.20020181
v 0.96964309 0.97224699 0.21232698
v 0.97399199 0.97990823 0.22445172
v 0.97834049 0.98756897 0.23657646
v 0.98268889 0.99523022 0.2487012
v 0.98703739 1.00289146 0.26082594
v 0.99138588 1.0105523 0.27295068
v 0.99573438 1.01821345 0.28507542
v 1.00008288 1.02587429 0.29720016
v 1.00443137 1.03353553 0.30932533
v 0.96483611 0.95698379 0.19079053
v 1.06511724 0.9000631 0.19079053
v 1.06892054 0.9078521 0.18455286
v 0.96957412 0.96424231 0.18455286
v 1.41222333 1.51158286 -0.2459873
v 1.31194231 1.56850354 -0.2459873
v 1.30816139 1.56075387 -0.23968704
v 1.4075074 1.50436407 -0.23968704
v 0.99962439 1.01827223 -0.28778887
v 1.00202662 1.02250487 -0.29448669
v 1.00674215 1.02972377 -0.28818643
v 1.0043624 1.02553085 -0.28155078
v 1.06751937 0.90429534 0.19748876
v 0.96723834 0.96121593 0.19748876
v 0.97195387 0.96843482 0.19118808
v 1.07130028 0.91204492 0.19118808
v 1.30564754 1.55741369 -0.26353899
v 1.40592857 1.50049301 -0.26353899
v 1.40119015 1.49323449 -0.2573013
v 1.30184425 1.54962429 -0.25730089
v 1.00832139 1.03359472 -0.31203836
v 1.01072352 1.03782696 -0.3187366
v 1.01543955 1.04504575 -0.31243591
v 1.0130593 1.04085294 -0.30580069
v 0.97353311 0.97230577 0.21504003
v 1.07381414 0.91538519 0.21504003
v 1.07761753 0.92317409 0.20880235
v 0.97827152 0.9795644 0.20880235
v 1.07191778 0.88989063 0.16523634
v 1.0765593 0.89806824 0.17817901
v 1.08120132 0.90624625 0.19112126
v 1.08584293 0.91442385 0.20406393
v 1.09048485 0.92260186 0.21700661
v 1.09512647 0.93077947 0.22994928
v 1.09976839 0.93895758 0.24289195
v 1.10441001 0.94713519 0.25583461
v 1.10905203 0.9553132 0.26877685
v 1.11369395 0.96349081 0.28171955
v 1.11833556 0.97166841 0.29466221
v 1.12297748 0.97984642 0.30760488
v 1.13962158 0.98748236 0.32805356
v 1.13456554 0.97857473 0.31395631
v 1.12950961 0.9696676 0.29985864
v 1.12445357 0.96075996 0.28576139
v 1.11939753 0.95185243 0.27166414
v 1.1143419 0.9429453 0.25756649
v 1.10928545 0.93403767 0.24346924
v 1.10422982 0.92513014 0.22937199
v 1.09917378 0.9162226 0.21527431
v 1.09411774 0.90731497 0.20117706
v 1.08906171 0.89840784 0.18707982
v 1.08400577 0.88950021 0.17298215
v 1.07894973 0.88059267 0.1588849
v 0.93597173 0.9499717 0.14478765
v 0.95261583 0.95760754 0.16523634
v 0.94102777 0.95887883 0.1588849
v 0.95725775 0.96578515 0.17817901
v 0.94608381 0.96778647 0.17298215
v 0.96189937 0.97396316 0.19112126
v 0.95113985 0.976694 0.18707982
v 0.96654139 0.98214086 0.20406393
v 0.95619589 0.98560163 0.20117706
v 0.97118331 0.99031887 0.21700661
v 0.96125182 0.99450876 0.21527431
v 0.97582493 0.99849648 0.22994928
v 0.96630786 1.00341629 0.22937199
v 0.98046684 1.00667449 0.24289195
v 0.9713635 1.01232393 0.24346924
v 0.98510846 1.0148521 0.25583461
v 0.97641953 1.02123146 0.25756649
v 0.98975048 1.02303011 0.26877685
v 0.98147598 1.03013859 0.27166414
v 0.9943924 1.03120772 0.28171955
v 0.98653161 1.03904622 0.28576139
v 0.99903402 1.03938583 0.29466221
v 0.99158765 1.04795335 0.29985864
v 1.00367594 1.04756343 0.30760488
v 0.99664369 1.05686088 0.31395631
v 1.15642641 0.98841657 0.31650992
v 1.15154844 0.97982232 0.30290834
v 1.14667047 0.97122858 0.28930718
v 1.141792 0.96263444 0.275706
v 1.13691403 0.95404019 0.26210442
v 1.13203606 0.94544645 0.24850327
v 1.12715809 0.9368522 0.23490211
v 1.12228013 0.92825806 0.22130053
v 1.11740216 0.91966431 0.20769937
v 1.11252379 0.91107007 0.19409778
v 1.10764582 0.90247633 0.18049662
v 1.10276775 0.89388218 0.16689546
v 1.09788978 0.88528834 0.15329388
v 1.45059046 1.55819313 0.15616551
v 1.44597082 1.55005444 0.16904602
v 1.44543671 1.54794442 0.16699822
v 1.44135129 1.54191616 0.18192652
v 1.44079469 1.53976682 0.1799409
v 1.43673165 1.53377737 0.1948066
v 1.43615318 1.53158881 0.19288357
v 1.43211212 1.52563909 0.2076871
v 1.43151116 1.5234112 0.20582582
v 1.42749299 1.51750041 0.22056761
v 1.42686954 1.51523319 0.2187685
v 1.42287335 1.50936212 0.23344768
v 1.42222762 1.50705548 0.23171117
v 1.41825382 1.50122344 0.24632819
v 1.4175856 1.49887747 0.24465384
v 1.41363428 1.49308516 0.25920826
v 1.41294408 1.49069987 0.25759651
v 1.40901465 1.48494647 0.27208877
v 1.40830206 1.48252226 0.27053918
v 1.40439511 1.47680819 0.28496927
v 1.40366045 1.47434425 0.28348184
v 1.39977598 1.46866991 0.29784935
v 1.39901853 1.46616664 0.29642411
v 1.39515635 1.46053122 0.31072985
v 1.39437651 1.45798853 0.30936678
v 1.44973016 1.5600066 0.15876352
v 1.44517405 1.55197994 0.17146682
v 1.44061834 1.54395378 0.1841697
v 1.43606223 1.53592712 0.19687299
v 1.43150652 1.52790096 0.20957587
v 1.42695041 1.5198743 0.22227916
v 1.4223946 1.51184764 0.23498205
v 1.41783849 1.50382149 0.24768534
v 1.41328278 1.49579483 0.2603882
v 1.40872667 1.48776857 0.27309152
v 1.40417096 1.47974201 0.28579438
v 1.39961485 1.47171535 0.29849768
v 1.39505914 1.46368919 0.31120056
v 1.44762871 1.56128717 0.16145414
v 1.44316819 1.5534285 0.17389186
v 1.43870716 1.54556972 0.18632956
v 1.43424664 1.53771105 0.19876768
v 1.42978561 1.52985227 0.21120538
v 1.42532509 1.52199309 0.22364309
v 1.42086406 1.51413442 0.23608079
v 1.41640354 1.50627565 0.24851849
v 1.41194252 1.49841697 0.26095619
v 1.40748199 1.4905582 0.27339389
v 1.40302107 1.48269902 0.28583202
v 1.39856045 1.47484034 0.29826972
v 1.39409952 1.46698157 0.31070744
v 1.44460646 1.56184034 0.16382759
v 1.44025796 1.55417919 0.17595233
v 1.43590957 1.54651835 0.18807707
v 1.43156107 1.53885711 0.20020223
v 1.42721257 1.53119586 0.21232698
v 1.42286367 1.52353512 0.22445172
v 1.41851517 1.51587388 0.23657646
v 1.41416668 1.50821264 0.2487012
v 1.40981818 1.50055179 0.26082594
v 1.40546978 1.49289065 0.27295068
v 1.40112129 1.48522941 0.28507542
v 1.39677279 1.47756857 0.29720059
v 1.39242429 1.46990732 0.30932533
v 1.27223885 1.51953974 0.32361036
v 1.27685838 1.52767843 0.31072985
v 1.27507496 1.52570554 0.30936678
v 1.28147802 1.53581671 0.29784935
v 1.27971698 1.53388355 0.29642411
v 1.28609755 1.5439554 0.28496927
v 1.2843589 1.54206116 0.28348184
v 1.29071719 1.55209368 0.27208877
v 1.28900052 1.55023917 0.27053918
v 1.29533672 1.56023246 0.25920826
v 1.29364254 1.55841688 0.25759651
v 1.29995586 1.56837075 0.24632819
v 1.29828406 1.56659489 0.24465384
v 1.30457539 1.57650943 0.23344768
v 1.30292608 1.57477249 0.23171117
v 1.30919503 1.58464771 0.22056718
v 1.307568 1.5829505 0.2187685
v 1.31381456 1.5927864 0.2076871
v 1.31220961 1.59112811 0.20582582
v 1.3184342 1.60092468 0.1948066
v 1.31685163 1.59930572 0.19288357
v 1.32305333 1.60906296 0.18192609
v 1.32149315 1.60748373 0.1799409
v 1.32767286 1.61720165 0.16904602
v 1.32613517 1.61566144 0.16699822
v 1.27506397 1.52118744 0.32390343
v 1.27961968 1.5292137 0.31120056
v 1.28417579 1.53724026 0.29849725
v 1.2887315 1.54526692 0.28579438
v 1.29328771 1.55329318 0.27309152
v 1.29784342 1.56131974 0.2603882
v 1.30239953 1.569346 0.24768534
v 1.30695524 1.57737256 0.23498205
v 1.31151135 1.58539881 0.22227916
v 1.31606706 1.59342548 0.20957587
v 1.32062317 1.60145204 0.19687299
v 1.32517887 1.60947829 0.1841697
v 1.32973509 1.61750485 0.17146682
v 1.27847775 1.52221896 0.32314514
v 1.28293838 1.53007814 0.31070744
v 1.2873993 1.53793681 0.29826972
v 1.29185992 1.54579559 0.28583159
v 1.29632085 1.55365426 0.27339389
v 1.30078137 1.56151304 0.26095619
v 1.3052424 1.56937221 0.24851849
v 1.30970292 1.57723089 0.23608079
v 1.31416395 1.58508966 0.22364309
v 1.31862447 1.59294834 0.21120538
v 1.32308549 1.60080711 0.19876768
v 1.32754602 1.60866629 0.18632956
v 1.33200694 1.61652496 0.17389186
v 1.2863095 1.53013944 0.30932533
v 1.2906579 1.53780028 0.29720059
v 1.2950064 1.54546143 0.28507542
v 1.2993549 1.55312267 0.27295068
v 1.3037038 1.56078351 0.26082594
v 1.30805229 1.56844476 0.2487012
v 1.31240079 1.5761055 0.23657646
v 1.31674929 1.58376674 0.22445172
v 1.32109768 1.59142799 0.21232698
v 1.32544618 1.59908923 0.20020223
v 1.32979468 1.60674997 0.18807748
v 1.33414318 1.61441121 0.17595233
v 1.40352644 1.49626087 -0.27023721
v 1.30324491 1.55318146 -0.27023721
v 1.2994644 1.54543188 -0.26393652
v 1.39881041 1.48904158 -0.26393652
v 1.07621677 0.91961733 0.22173824
v 0.97593524 0.97653791 0.22173824
v 0.98065127 0.9837568 0.21543799
v 1.07999728 0.927367 0.21543799
v 1.29695014 1.54209161 -0.28778847
v 1.39723127 1.48517062 -0.28778847
v 1.39249326 1.4779124 -0.28155078
v 1.29314725 1.53430221 -0.28155078
v 0.9822301 0.98762776 0.23928991
v 1.08251113 0.93070717 0.23928991
v 1.08631443 0.93849658 0.23305181
v 0.98696842 0.99488638 0.23305181
v 1.39482904 1.48093838 -0.29448669
v 1.29454801 1.53785947 -0.29448669
v 1.29076751 1.5301094 -0.28818643
v 1.39011342 1.47371959 -0.28818643
v 1.08491376 0.93493941 0.24598773
v 0.98463223 0.9918604 0.24598773
v 0.98934826 0.99907929 0.23968747
v 1.08869427 0.94268899 0.23968747
v 1.28825325 1.52676963 -0.31203836
v 1.38853428 1.46984854 -0.31203836
v 1.38379627 1.46259042 -0.30580026
v 1.28445026 1.51898022 -0.30580026
v 1.32493829 1.61355273 0.16523634
v 1.32029627 1.60537462 0.17817901
v 1.31565425 1.59719661 0.19112126
v 1.31101273 1.589019 0.20406393
v 1.30637071 1.58084139 0.21700661
v 1.3017292 1.57266338 0.22994928
v 1.29708718 1.56448578 0.24289195
v 1.29244515 1.55630777 0.25583461
v 1.28780364 1.54813006 0.26877728
v 1.28316162 1.53995205 0.28171955
v 1.2785201 1.53177444 0.29466221
v 1.27387808 1.52359683 0.30760488
v 1.46088393 1.55347165 0.14478765
v 1.44423983 1.54583531 0.16523634
v 1.45582789 1.54456402 0.1588849
v 1.43959781 1.53765771 0.17817901
v 1.45077186 1.53565649 0.17298257
v 1.43495589 1.5294801 0.19112168
v 1.44571582 1.52674885 0.18707982
v 1.43031428 1.52130209 0.20406393
v 1.44065978 1.51784172 0.20117706
v 1.42567226 1.51312448 0.21700661
v 1.43560374 1.50893419 0.21527474
v 1.42103074 1.50494637 0.22994928
v 1.4305477 1.50002656 0.22937199
v 1.41638872 1.49676877 0.24289195
v 1.42549167 1.49111943 0.24346924
v 1.4117467 1.48859075 0.25583461
v 1.42043563 1.4822118 0.25756649
v 1.40710518 1.48041315 0.26877728
v 1.41538009 1.47330426 0.27166414
v 1.40246316 1.47223514 0.28171955
v 1.41032406 1.46439713 0.28576139
v 1.39782165 1.46405753 0.29466221
v 1.40526802 1.4554895 0.29985864
v 1.39317963 1.45587952 0.30760488
v 1.40021198 1.44658197 0.31395631
v 1.25723398 1.5159606 0.32805356
v 1.26229002 1.52486813 0.31395631
v 1.26734606 1.53377576 0.29985864
v 1.2724021 1.54268289 0.28576139
v 1.27745814 1.55159042 0.27166414
v 1.28251377 1.56049806 0.25756649
v 1.28756981 1.56940519 0.24346924
v 1.29262575 1.57831272 0.22937199
v 1.29768178 1.58722035 0.21527431
v 1.30273782 1.59612788 0.20117706
v 1.30779386 1.60503501 0.18707982
v 1.3128499 1.61394265 0.17298215
v 1.31790594 1.62285018 0.1588849
v 1.46638404 1.53448915 0.13969271
v 1.46150556 1.52589541 0.15329388
v 1.4566276 1.51730126 0.16689546
v 1.45174963 1.50870702 0.18049662
v 1.44687166 1.50011327 0.1940982
v 1.44199369 1.49151903 0.20769937
v 1.43711532 1.48292488 0.22130053
v 1.43223735 1.47433114 0.23490211
v 1.42735928 1.46573689 0.24850327
v 1.42248132 1.45714315 0.26210442
v 1.41760294 1.44854901 0.275706
v 1.41272498 1.43995516 0.28930718
v 1.40784701 1.43136102 0.30290876
v 1.27387808 1.52359683 -0.30760445
v 1.27507537 1.52570554 -0.30936635
v 1.2785201 1.53177444 -0.29466179
v 1.27971698 1.53388355 -0.29642368
v 1.28316162 1.53995245 -0.28171955
v 1.2843589 1.54206116 -0.28348142
v 1.28780364 1.54813006 -0.26877685
v 1.28900092 1.55023917 -0.27053875
v 1.29244566 1.55630777 -0.25583418
v 1.29364254 1.55841688 -0.25759608
v 1.29708718 1.56448578 -0.24289152
v 1.29828446 1.56659489 -0.24465341
v 1.3017292 1.57266338 -0.22994885
v 1.30292608 1.57477249 -0.23171074
v 1.30637071 1.58084139 -0.21700618
v 1.307568 1.5829505 -0.21876808
v 1.31101273 1.589019 -0.2040635
v 1.31221002 1.59112811 -0.20582582
v 1.31565475 1.59719701 -0.19112126
v 1.31685163 1.59930572 -0.19288314
v 1.32029627 1.60537462 -0.17817858
v 1.32149355 1.60748373 -0.17994048
v 1.32493829 1.61355273 -0.16523591
v 1.32613517 1.61566144 -0.16699781
v 1.39053681 1.45239294 -0.32360993
v 1.39515635 1.46053122 -0.31072943
v 1.39437691 1.45798853 -0.30936635
v 1.39977598 1.4686695 -0.29784892
v 1.39901853 1.46616664 -0.29642368
v 1.40439511 1.47680819 -0.28496884
v 1.40366045 1.47434425 -0.28348142
v 1.40901465 1.48494647 -0.27208834
v 1.40830247 1.48252226 -0.27053875
v 1.41363428 1.49308516 -0.25920783
v 1.41294408 1.49069987 -0.25759608
v 1.41825382 1.50122344 -0.24632776
v 1.417586 1.49887788 -0.24465341
v 1.42287335 1.50936212 -0.23344725
v 1.42222762 1.50705548 -0.23171074
v 1.42749299 1.51750041 -0.22056675
v 1.42686954 1.51523359 -0.21876808
v 1.43211212 1.52563909 -0.20768667
v 1.43151156 1.5234112 -0.2058254
v 1.43673165 1.53377737 -0.19480617
v 1.43615318 1.53158921 -0.19288314
v 1.44135129 1.54191566 -0.18192568
v 1.4407951 1.53976682 -0.17994048
v 1.44597082 1.55005444 -0.16904559
v 1.44543671 1.54794442 -0.16699781
v 1.39050293 1.45566253 -0.323903
v 1.39505914 1.46368919 -0.31120014
v 1.39961485 1.47171535 -0.29849684
v 1.40417096 1.47974201 -0.28579396
v 1.40872667 1.48776857 -0.27309109
v 1.41328278 1.49579483 -0.2603878
v 1.41783849 1.50382149 -0.24768491
v 1.4223946 1.51184764 -0.23498162
v 1.42695041 1.5198743 -0.22227873
v 1.43150652 1.52790096 -0.20957544
v 1.43606223 1.53592712 -0.19687256
v 1.44061834 1.54395378 -0.18416927
v 1.44517405 1.55197994 -0.1714664
v 1.3896389 1.4591229 -0.32314471
v 1.39409992 1.46698157 -0.31070702
v 1.39856045 1.47484034 -0.29826932
v 1.40302107 1.48269902 -0.28583119
v 1.40748199 1.4905582 -0.27339349
v 1.41194252 1.49841697 -0.26095576
v 1.41640354 1.50627565 -0.24851806
v 1.42086406 1.51413442 -0.23608037
v 1.42532509 1.52199309 -0.22364267
v 1.42978561 1.52985227 -0.21120497
v 1.43424664 1.53771105 -0.19876684
v 1.43870716 1.54556972 -0.18632913
v 1.44316819 1.5534285 -0.17389143
v 1.38807579 1.46224658 -0.32144965
v 1.39242429 1.46990732 -0.30932491
v 1.39677279 1.47756857 -0.29720016
v 1.40112129 1.48522941 -0.28507542
v 1.40546978 1.49289065 -0.27295025
v 1.40981818 1.50055179 -0.26082551
v 1.41416668 1.50821264 -0.24870077
v 1.41851517 1.51587388 -0.23657603
v 1.42286367 1.52353512 -0.22445129
v 1.42721257 1.53119586 -0.21232655
v 1.43156107 1.53885711 -0.20020181
v 1.43590957 1.54651835 -0.18807707
v 1.44025796 1.55417919 -0.1759519
v 1.3322925 1.62533993 -0.15616509
v 1.32767286 1.61720165 -0.16904559
v 1.32305373 1.60906296 -0.18192568
v 1.3184342 1.60092468 -0.19480617
v 1.31381456 1.5927864 -0.20768667
v 1.30919503 1.58464771 -0.22056675
v 1.30457539 1.57650943 -0.23344725
v 1.29995586 1.56837075 -0.24632776
v 1.29533672 1.56023246 -0.25920783
v 1.29071719 1.55209368 -0.27208834
v 1.28609755 1.5439554 -0.28496884
v 1.28147802 1.53581671 -0.29784892
v 1.27685838 1.52767843 -0.31072943
v 1.33429079 1.62553111 -0.1587631
v 1.32973509 1.61750485 -0.1714664
v 1.32517887 1.60947829 -0.18416927
v 1.32062317 1.60145204 -0.19687256
v 1.31606706 1.59342548 -0.20957544
v 1.31151135 1.58539881 -0.22227873
v 1.30695524 1.57737256 -0.23498162
v 1.30239953 1.569346 -0.24768491
v 1.29784342 1.56131974 -0.2603878
v 1.29328771 1.55329318 -0.27309109
v 1.2887315 1.54526652 -0.28579396
v 1.28417579 1.53724026 -0.29849725
v 1.27961968 1.5292137 -0.31120014
v 1.33646756 1.62438374 -0.16145373
v 1.33200694 1.61652496 -0.17389143
v 1.32754602 1.60866629 -0.18632913
v 1.32308549 1.60080711 -0.19876725
v 1.31862447 1.59294834 -0.21120497
v 1.31416395 1.58508966 -0.22364267
v 1.30970292 1.57723089 -0.23608037
v 1.3052424 1.56937221 -0.24851806
v 1.30078137 1.56151304 -0.26095576
v 1.29632085 1.55365426 -0.27339349
v 1.29186033 1.54579559 -0.28583119
v 1.2873993 1.53793681 -0.29826932
v 1.28293878 1.53007814 -0.31070702
v 1.33414318 1.61441121 -0.1759519
v 1.32979468 1.60674997 -0.18807664
v 1.32544618 1.59908923 -0.20020181
v 1.32109768 1.59142799 -0.21232655
v 1.31674929 1.58376674 -0.22445129
v 1.31240079 1.5761059 -0.23657603
v 1.30805229 1.56844476 -0.24870077
v 1.3037038 1.56078392 -0.26082551
v 1.2993549 1.55312267 -0.27295025
v 1.2950064 1.54546143 -0.285075
v 1.2906579 1.53780069 -0.29720016
v 1.2863095 1.53013944 -0.30932491
v 1.44423983 1.54583531 -0.16523591
v 1.43959781 1.53765771 -0.17817858
v 1.4349563 1.5294801 -0.19112126
v 1.43031428 1.52130209 -0.2040635
v 1.42567226 1.51312448 -0.21700618
v 1.42103074 1.50494637 -0.22994885
v 1.41638872 1.49676877 -0.24289152
v 1.4117472 1.48859075 -0.25583418
v 1.40710518 1.48041315 -0.26877685
v 1.40246316 1.47223514 -0.28171912
v 1.39782165 1.46405753 -0.29466179
v 1.39317963 1.45587952 -0.30760445
v 0.99092699 1.00295025 0.26353939
v 1.09120853 0.94602926 0.26353939
v 1.09501142 0.95381856 0.2573013
v 0.99566541 1.01020846 0.2573013
v 1.38613205 1.4656164 -0.31873617
v 1.28585102 1.52253698 -0.31873617
v 1.28207051 1.51478741 -0.31243591
v 1.38141652 1.45839751 -0.31243591
v 1.09361066 0.9502614 0.27023721
v 0.99332963 1.00718238 0.27023721
v 0.99804526 1.01440128 0.26393695
v 1.09739117 0.95801147 0.26393695
v 1.44071645 1.56178155 -0.16654063
v 1.43831422 1.55754942 -0.17323887
v 1.43359869 1.55033012 -0.16693818
v 1.43597844 1.55452303 -0.16030254
v 0.99962439 1.01827223 0.28778887
v 1.09990542 0.96135165 0.28778887
v 1.10370842 0.96914065 0.28155121
v 1.0043624 1.02553045 0.28155121
v 1.43201945 1.54645957 -0.19079012
v 1.42961732 1.54222693 -0.19748835
v 1.4249017 1.53500813 -0.19118808
v 1.42728154 1.53920095 -0.18455243
v 1.10230765 0.96558388 0.29448712
v 1.00202662 1.02250447 0.29448712
v 1.00674215 1.02972326 0.28818643
v 1.10608816 0.97333346 0.28818643
v 1.39515594 1.43767434 -0.32805313
v 1.40021198 1.44658197 -0.31395588
v 1.40526802 1.4554895 -0.29985864
v 1.41032406 1.46439713 -0.28576098
v 1.41538009 1.47330426 -0.27166373
v 1.42043613 1.4822118 -0.25756649
v 1.42549167 1.49111943 -0.24346881
v 1.4305477 1.50002656 -0.22937156
v 1.43560374 1.50893419 -0.21527431
v 1.44065978 1.51784172 -0.20117664
v 1.44571582 1.52674926 -0.1870794
v 1.45077186 1.53565649 -0.17298215
v 1.45582789 1.54456402 -0.15888448
v 1.32296197 1.63175781 -0.14478723
v 1.31790594 1.62285018 -0.15888448
v 1.3128499 1.61394265 -0.17298215
v 1.30779386 1.60503552 -0.1870794
v 1.30273782 1.59612788 -0.20117664
v 1.29768178 1.58722035 -0.21527431
v 1.29262575 1.57831272 -0.22937156
v 1.28757021 1.56940559 -0.24346881
v 1.28251417 1.56049806 -0.25756649
v 1.27745814 1.55159042 -0.27166373
v 1.2724021 1.54268329 -0.28576098
v 1.26734606 1.53377576 -0.29985864
v 1.26229002 1.52486813 -0.31395588
v 1.40296904 1.42276728 -0.31650949
v 1.40784701 1.43136102 -0.30290834
v 1.41272498 1.43995516 -0.28930675
v 1.41760335 1.44854901 -0.2757056
v 1.42248132 1.45714315 -0.26210442
v 1.42735928 1.4657374 -0.24850284
v 1.43223735 1.47433114 -0.23490169
v 1.43711572 1.48292529 -0.2213001
v 1.44199369 1.49151903 -0.20769894
v 1.44687166 1.50011327 -0.19409778
v 1.45174963 1.50870702 -0.1804962
v 1.4566276 1.51730126 -0.16689503
v 1.46150607 1.52589541 -0.15329345
v 0.96723834 0.96121593 -0.19748835
v 0.96483611 0.95698379 -0.19079053
v 0.95854135 0.94589384 -0.17323887
v 0.95613922 0.9416617 -0.16654063
v 1.05642025 0.88474112 -0.16654063
v 1.05882248 0.88897285 -0.17323887
v 1.06511724 0.9000631 -0.19079053
v 1.06751937 0.90429534 -0.19748835
v 1.07381454 0.91538519 -0.21504003
v 1.07621677 0.91961733 -0.22173782
v 1.08251153 0.93070717 -0.23928951
v 1.08491376 0.93493982 -0.24598773
v 1.09120853 0.94602966 -0.26353899
v 1.09361066 0.9502618 -0.27023721
v 1.09990542 0.96135165 -0.28778887
v 1.10230765 0.96558388 -0.29448669
v 1.10860242 0.97667373 -0.31203836
v 1.11100505 0.98090587 -0.3187366
v 1.00832139 1.03359432 0.31203836
v 1.01072352 1.03782645 0.3187366
v 1.11100465 0.98090587 0.3187366
v 1.10860242 0.97667373 0.31203836
v 1.28585102 1.52253698 0.3187366
v 1.28825325 1.52676922 0.31203878
v 1.29454801 1.53785947 0.29448712
v 1.29695014 1.54209121 0.28778887
v 1.30324491 1.55318146 0.27023764
v 1.30564714 1.55741369 0.26353939
v 1.3119419 1.56850354 0.24598773
v 1.31434413 1.57273568 0.23928991
v 1.3206389 1.58382553 0.22173824
v 1.32304143 1.58805766 0.21504043
v 1.32933619 1.59914802 0.19748876
v 1.33173842 1.60338015 0.19079053
v 1.33803319 1.61447 0.17323928
v 1.34043542 1.61870224 0.16654105
v 1.44071645 1.56178155 0.16654105
v 1.43831422 1.55754942 0.17323928
v 1.43201945 1.54645916 0.19079053
v 1.42961732 1.54222693 0.19748876
v 1.42332256 1.53113708 0.21504043
v 1.42092033 1.52690494 0.22173824
v 1.41462557 1.51581509 0.23928991
v 1.41222333 1.51158286 0.24598773
v 1.40592817 1.50049301 0.26353939
v 1.40352604 1.49626087 0.27023721
v 1.39723127 1.48517062 0.28778887
v 1.39482904 1.48093838 0.29448712
v 1.38853428 1.46984854 0.31203836
v 1.38613205 1.4656164 0.3187366
v 1.34043542 1.61870224 -0.16654063
v 1.33803319 1.61447 -0.17323887
v 1.33173842 1.60338015 -0.19079012
v 1.32933619 1.59914802 -0.19748835
v 1.32304143 1.58805817 -0.2150396
v 1.42332256 1.53113708 -0.21504003
v 1.41858455 1.52387896 -0.20880192
v 1.31923813 1.58026877 -0.20880192
v 1.28207011 1.51478741 0.31243634
v 1.28444985 1.51898022 0.30580069
v 0.97195437 0.96843522 -0.19118808
v 0.96957412 0.96424231 -0.18455243
v 1.32555528 1.59139834 -0.19118808
v 1.290767 1.5301094 0.28818686
v 1.29314725 1.53430221 0.28155121
v 0.96325738 0.95311273 -0.16693859
v 0.96087713 0.94891992 -0.16030295
v 1.32793553 1.59559075 -0.18455243
v 1.2994644 1.54543188 0.26393695
v 1.30184425 1.54962429 0.25730172
v 1.06022354 0.89253002 -0.16030295
v 1.06260339 0.89672293 -0.16693859
v 1.33425228 1.60672043 -0.16693818
v 1.30816139 1.56075387 0.23968747
v 1.31054114 1.56494678 0.23305181
v 1.06892054 0.9078521 -0.18455243
v 1.07130028 0.91204492 -0.19118808
v 1.33663253 1.61091324 -0.16030295
v 1.31685839 1.57607595 0.21543799
v 1.31923813 1.58026877 0.20880235
v 1.07761753 0.92317449 -0.20880192
v 1.07999728 0.927367 -0.21543756
v 1.32555528 1.59139794 0.1911885
v 1.32793513 1.59559075 0.18455286
v 1.08631443 0.93849658 -0.23305181
v 1.08869427 0.94268939 -0.23968704
v 1.33425228 1.60672043 0.16693859
v 1.33663253 1.61091324 0.16030295
v 1.09501142 0.95381856 -0.2573013
v 1.09739117 0.95801147 -0.26393695
v 1.43597844 1.55452303 0.16030338
v 1.43359869 1.55033012 0.16693859
v 1.10370882 0.96914105 -0.28155078
v 1.10608856 0.97333346 -0.28818643
v 1.42728154 1.53920095 0.18455286
v 1.42490129 1.53500813 0.1911885
v 1.11240571 0.98446303 -0.30580026
v 1.11478556 0.98865595 -0.31243591
v 1.41858455 1.52387896 0.20880235
v 1.4162043 1.51968605 0.21543799
v 1.40988715 1.50855647 0.23305181
v 1.4075074 1.50436407 0.23968747
v 1.40119015 1.49323449 0.2573013
v 1.39881041 1.48904158 0.26393695
v 1.39249326 1.4779124 0.28155121
v 1.39011342 1.47371959 0.28818686
v 1.38379627 1.46259002 0.30580069
v 1.38141652 1.45839751 0.31243634
v 1.0130593 1.04085294 0.30580069
v 1.01543914 1.04504535 0.31243634
v 1.11478556 0.98865554 0.31243634
v 1.11240531 0.98446263 0.30580069
v 1.39607957 2.07937221 0.0381949
v 1.37811013 2.08957221 0.0381949
v 1.37811013 2.08957221 4.2E-07
v 1.39607957 2.07937221 4.2E-07
v 1.41062433 2.10499654 4.2E-07
v 1.41062433 2.10499654 0.0381949
v 1.40089623 2.11051812 4.2E-07
v 1.40089623 2.11051812 0.0381949
v 1.38797647 2.10695471 4.2E-07
v 1.38797647 2.10695471 0.0381949
v 1.39607957 2.07937221 -0.03819448
v 1.37811013 2.08957221 -0.03819448
v 1.41062433 2.10499654 -0.03819448
v 1.40089623 2.11051812 -0.03819448
v 1.38797647 2.10695471 -0.03819448
usemtl mat1
f 1251 1252 1253
f 1251 1253 1254
f 1255 1256 1257
f 1255 1257 1258
f 1258 1257 1259
f 1258 1259 1260
f 1260 1259 1261
f 1260 1261 1262
f 1262 1261 1263
f 1262 1263 1264
f 1264 1263 1265
f 1264 1265 1266
f 1266 1265 1267
f 1266 1267 1268
f 1268 1267 1269
f 1268 1269 1270
f 1270 1269 1271
f 1270 1271 1272
f 1272 1271 1273
f 1272 1273 1274
f 1274 1273 1275
f 1274 1275 1276
f 1276 1275 1277
f 1276 1277 1278
f 1278 1277 1279
f 1278 1279 1280
f 1280 1279 1281
f 1280 1281 1282
f 1282 1281 1283
f 1282 1283 1284
f 1284 1283 1285
f 1284 1285 1286
f 1286 1285 1287
f 1286 1287 1288
f 1288 1287 1289
f 1288 1289 1290
f 1290 1289 1291
f 1290 1291 1292
f 1292 1291 1293
f 1292 1293 1294
f 1294 1293 1295
f 1294 1295 1296
f 1296 1295 1252
f 1296 1252 1251
f 1297 1298 1299
f 1297 1299 1300
f 1254 1253 1301
f 1254 1301 1302
f 1303 1304 1305
f 1303 1305 1306
f 1302 1301 1256
f 1302 1256 1255
f 1307 1308 1309
f 1307 1309 1310
f 1311 1312 1308
f 1311 1308 1307
f 1313 1314 1312
f 1313 1312 1311
f 1315 1316 1314
f 1315 1314 1313
f 1317 1318 1316
f 1317 1316 1315
f 1319 1320 1318
f 1319 1318 1317
f 1321 1322 1320
f 1321 1320 1319
f 1323 1324 1322
f 1323 1322 1321
f 1325 1326 1324
f 1325 1324 1323
f 1327 1328 1326
f 1327 1326 1325
f 1329 1330 1328
f 1329 1328 1327
f 1331 1332 1330
f 1331 1330 1329
f 1333 1334 1332
f 1333 1332 1331
f 1335 1336 1334
f 1335 1334 1333
f 1337 1338 1336
f 1337 1336 1335
f 1339 1340 1338
f 1339 1338 1337
f 1341 1342 1340
f 1341 1340 1339
f 1343 1344 1342
f 1343 1342 1341
f 1345 1346 1344
f 1345 1344 1343
f 1347 1348 1346
f 1347 1346 1345
f 1349 1350 1348
f 1349 1348 1347
f 1351 1352 1350
f 1351 1350 1349
f 1353 1354 1352
f 1353 1352 1351
f 1257 1256 1355
f 1257 1355 1356
f 1275 1273 1357
f 1275 1357 1358
f 1293 1291 1359
f 1293 1359 1360
f 1349 1347 1361
f 1349 1361 1362
f 1331 1329 1363
f 1331 1363 1364
f 1313 1311 1365
f 1313 1365 1366
f 1267 1265 1367
f 1267 1367 1368
f 1285 1283 1369
f 1285 1369 1370
f 1339 1337 1371
f 1339 1371 1372
f 1321 1319 1373
f 1321 1373 1374
f 1259 1257 1356
f 1259 1356 1375
f 1277 1275 1358
f 1277 1358 1376
f 1295 1293 1360
f 1295 1360 1377
f 1347 1345 1378
f 1347 1378 1361
f 1329 1327 1379
f 1329 1379 1363
f 1311 1307 1380
f 1311 1380 1365
f 1269 1267 1368
f 1269 1368 1381
f 1287 1285 1370
f 1287 1370 1382
f 1337 1335 1383
f 1337 1383 1371
f 1319 1317 1384
f 1319 1384 1373
f 1261 1259 1375
f 1261 1375 1385
f 1279 1277 1376
f 1279 1376 1386
f 1252 1295 1377
f 1252 1377 1300
f 1345 1343 1387
f 1345 1387 1378
f 1310 1309 1354
f 1310 1354 1353
f 1380 1297 1300
f 1380 1300 1377
f 1365 1380 1377
f 1365 1377 1360
f 1366 1365 1360
f 1366 1360 1359
f 1388 1366 1359
f 1388 1359 1389
f 1384 1388 1389
f 1384 1389 1382
f 1373 1384 1382
f 1373 1382 1370
f 1374 1373 1370
f 1374 1370 1369
f 1390 1374 1369
f 1390 1369 1391
f 1392 1390 1391
f 1392 1391 1386
f 1379 1392 1386
f 1379 1386 1376
f 1363 1379 1376
f 1363 1376 1358
f 1364 1363 1358
f 1364 1358 1357
f 1393 1364 1357
f 1393 1357 1394
f 1383 1393 1394
f 1383 1394 1381
f 1371 1383 1381
f 1371 1381 1368
f 1372 1371 1368
f 1372 1368 1367
f 1395 1372 1367
f 1395 1367 1396
f 1387 1395 1396
f 1387 1396 1385
f 1378 1387 1385
f 1378 1385 1375
f 1361 1378 1375
f 1361 1375 1356
f 1362 1361 1356
f 1362 1356 1355
f 1397 1362 1355
f 1397 1355 1398
f 1298 1397 1398
f 1298 1398 1299
f 1323 1321 1374
f 1323 1374 1390
f 1341 1339 1372
f 1341 1372 1395
f 1283 1281 1391
f 1283 1391 1369
f 1265 1263 1396
f 1265 1396 1367
f 1315 1313 1366
f 1315 1366 1388
f 1333 1331 1364
f 1333 1364 1393
f 1351 1349 1362
f 1351 1362 1397
f 1310 1353 1298
f 1310 1298 1297
f 1291 1289 1389
f 1291 1389 1359
f 1273 1271 1394
f 1273 1394 1357
f 1256 1301 1398
f 1256 1398 1355
f 1325 1323 1390
f 1325 1390 1392
f 1343 1341 1395
f 1343 1395 1387
f 1353 1351 1397
f 1353 1397 1298
f 1253 1252 1300
f 1253 1300 1299
f 1281 1279 1386
f 1281 1386 1391
f 1263 1261 1385
f 1263 1385 1396
f 1317 1315 1388
f 1317 1388 1384
f 1335 1333 1393
f 1335 1393 1383
f 1301 1253 1299
f 1301 1299 1398
f 1289 1287 1382
f 1289 1382 1389
f 1271 1269 1381
f 1271 1381 1394
f 1307 1310 1297
f 1307 1297 1380
f 1327 1325 1392
f 1327 1392 1379
f 1399 1400 1254
f 1399 1254 1302
f 1401 1399 1302
f 1401 1302 1255
f 1303 1401 1255
f 1303 1255 1258
f 1304 1303 1258
f 1304 1258 1260
f 1402 1304 1260
f 1402 1260 1262
f 1403 1402 1262
f 1403 1262 1264
f 1404 1403 1264
f 1404 1264 1266
f 1405 1404 1266
f 1405 1266 1268
f 1406 1405 1268
f 1406 1268 1270
f 1407 1406 1270
f 1407 1270 1272
f 1408 1407 1272
f 1408 1272 1274
f 1409 1408 1274
f 1409 1274 1276
f 1410 1409 1276
f 1410 1276 1278
f 1411 1410 1278
f 1411 1278 1280
f 1412 1411 1280
f 1412 1280 1282
f 1413 1412 1282
f 1413 1282 1284
f 1414 1413 1284
f 1414 1284 1286
f 1415 1414 1286
f 1415 1286 1288
f 1416 1415 1288
f 1416 1288 1290
f 1417 1416 1290
f 1417 1290 1292
f 1418 1417 1292
f 1418 1292 1294
f 1419 1418 1294
f 1419 1294 1296
f 1420 1419 1296
f 1420 1296 1251
f 1400 1420 1251
f 1400 1251 1254
f 1415 1416 1421
f 1415 1421 1422
f 1408 1409 1423
f 1408 1423 1424
f 1304 1402 1425
f 1304 1425 1305
f 1416 1417 1426
f 1416 1426 1421
f 1409 1410 1427
f 1409 1427 1423
f 1402 1403 1428
f 1402 1428 1425
f 1417 1418 1429
f 1417 1429 1426
f 1410 1411 1430
f 1410 1430 1427
f 1403 1404 1431
f 1403 1431 1428
f 1418 1419 1432
f 1418 1432 1429
f 1411 1412 1433
f 1411 1433 1430
f 1404 1405 1434
f 1404 1434 1431
f 1419 1420 1435
f 1419 1435 1432
f 1400 1399 1436
f 1400 1436 1437
f 1412 1413 1438
f 1412 1438 1433
f 1405 1406 1439
f 1405 1439 1434
f 1420 1400 1437
f 1420 1437 1435
f 1399 1401 1440
f 1399 1440 1436
f 1413 1414 1441
f 1413 1441 1438
f 1406 1407 1442
f 1406 1442 1439
f 1401 1303 1306
f 1401 1306 1440
f 1414 1415 1422
f 1414 1422 1441
f 1407 1408 1424
f 1407 1424 1442
f 1427 1424 1423
f 1424 1427 1430
f 1424 1430 1442
f 1442 1430 1433
f 1442 1433 1439
f 1439 1433 1438
f 1439 1438 1434
f 1434 1438 1441
f 1434 1441 1431
f 1431 1441 1422
f 1431 1422 1428
f 1428 1422 1421
f 1428 1421 1425
f 1425 1421 1426
f 1425 1426 1305
f 1305 1426 1429
f 1305 1429 1306
f 1306 1429 1432
f 1306 1432 1440
f 1440 1432 1435
f 1440 1435 1436
f 1436 1435 1437
f 1443 1444 1445
f 1443 1445 1446
f 1447 1448 1449
f 1447 1449 1450
f 1451 1452 1453
f 1451 1453 1454
f 1455 1456 1457
f 1455 1457 1458
f 1458 1457 1459
f 1458 1459 1460
f 1461 1451 1454
f 1461 1454 1462
f 1463 1464 1465
f 1463 1465 1466
f 1467 1468 1469
f 1467 1469 1470
f 1471 1472 1473
f 1471 1473 1474
f 1446 1445 1475
f 1446 1475 1476
f 1446 1476 1477
f 1446 1477 1478
f 1479 1447 1480
f 1479 1480 1481
f 1447 1450 1482
f 1447 1482 1480
f 1483 1455 1484
f 1483 1484 1485
f 1455 1458 1486
f 1455 1486 1484
f 1458 1460 1487
f 1458 1487 1486
f 1488 1463 1489
f 1488 1489 1490
f 1463 1466 1491
f 1463 1491 1489
f 1492 1443 1493
f 1492 1493 1494
f 1443 1446 1478
f 1443 1478 1493
f 1495 1496 1475
f 1495 1475 1497
f 1498 1452 1449
f 1498 1449 1499
f 1500 1501 1459
f 1500 1459 1502
f 1503 1472 1465
f 1503 1465 1504
f 1505 1506 1447
f 1505 1447 1479
f 1507 1508 1455
f 1507 1455 1483
f 1509 1510 1463
f 1509 1463 1488
f 1511 1512 1443
f 1511 1443 1492
f 1496 1513 1476
f 1496 1476 1475
f 1512 1514 1444
f 1512 1444 1443
f 1506 1515 1448
f 1506 1448 1447
f 1452 1451 1450
f 1452 1450 1449
f 1508 1516 1456
f 1508 1456 1455
f 1501 1517 1460
f 1501 1460 1459
f 1510 1468 1464
f 1510 1464 1463
f 1472 1471 1466
f 1472 1466 1465
f 1516 1508 1518
f 1516 1518 1519
f 1468 1510 1520
f 1468 1520 1469
f 1514 1512 1521
f 1514 1521 1522
f 1515 1506 1523
f 1515 1523 1524
f 1525 1517 1526
f 1525 1526 1527
f 1528 1529 1530
f 1528 1530 1531
f 1532 1471 1474
f 1532 1474 1533
f 1517 1501 1534
f 1517 1534 1526
f 1535 1536 1537
f 1535 1537 1538
f 1539 1513 1540
f 1539 1540 1541
f 1542 1516 1519
f 1542 1519 1543
f 1544 1545 1546
f 1544 1546 1547
f 1548 1514 1522
f 1548 1522 1549
f 1550 1551 1552
f 1550 1552 1553
f 1513 1496 1554
f 1513 1554 1540
f 1555 1556 1557
f 1555 1557 1558
f 1558 1557 1559
f 1558 1559 1560
f 1560 1559 1561
f 1560 1561 1562
f 1562 1561 1554
f 1562 1554 1563
f 1564 1565 1566
f 1564 1566 1567
f 1567 1566 1568
f 1567 1568 1569
f 1569 1568 1570
f 1569 1570 1571
f 1571 1570 1453
f 1571 1453 1572
f 1573 1574 1575
f 1573 1575 1576
f 1576 1575 1577
f 1576 1577 1578
f 1578 1577 1579
f 1578 1579 1580
f 1580 1579 1534
f 1580 1534 1581
f 1582 1583 1584
f 1582 1584 1585
f 1585 1584 1586
f 1585 1586 1587
f 1587 1586 1588
f 1587 1588 1589
f 1589 1588 1473
f 1589 1473 1590
f 1535 1538 1591
f 1535 1591 1592
f 1592 1591 1593
f 1592 1593 1594
f 1594 1593 1595
f 1594 1595 1596
f 1596 1595 1523
f 1596 1523 1597
f 1544 1547 1598
f 1544 1598 1599
f 1599 1598 1600
f 1599 1600 1601
f 1601 1600 1602
f 1601 1602 1603
f 1603 1602 1518
f 1603 1518 1604
f 1550 1553 1605
f 1550 1605 1606
f 1606 1605 1607
f 1606 1607 1608
f 1608 1607 1609
f 1608 1609 1610
f 1610 1609 1520
f 1610 1520 1611
f 1528 1531 1612
f 1528 1612 1613
f 1613 1612 1614
f 1613 1614 1615
f 1615 1614 1616
f 1615 1616 1617
f 1617 1616 1521
f 1617 1521 1618
f 1556 1619 1620
f 1556 1620 1557
f 1557 1620 1621
f 1557 1621 1559
f 1559 1621 1622
f 1559 1622 1561
f 1561 1622 1540
f 1561 1540 1554
f 1531 1530 1623
f 1531 1623 1612
f 1612 1623 1624
f 1612 1624 1614
f 1614 1624 1625
f 1614 1625 1616
f 1616 1625 1522
f 1616 1522 1521
f 1524 1523 1595
f 1524 1595 1626
f 1626 1595 1593
f 1626 1593 1627
f 1627 1593 1591
f 1627 1591 1628
f 1628 1591 1538
f 1628 1538 1537
f 1565 1629 1630
f 1565 1630 1566
f 1566 1630 1631
f 1566 1631 1568
f 1568 1631 1632
f 1568 1632 1570
f 1570 1632 1454
f 1570 1454 1453
f 1519 1518 1602
f 1519 1602 1633
f 1633 1602 1600
f 1633 1600 1634
f 1634 1600 1598
f 1634 1598 1635
f 1635 1598 1547
f 1635 1547 1546
f 1574 1636 1637
f 1574 1637 1575
f 1575 1637 1638
f 1575 1638 1577
f 1577 1638 1639
f 1577 1639 1579
f 1579 1639 1526
f 1579 1526 1534
f 1469 1520 1609
f 1469 1609 1640
f 1640 1609 1607
f 1640 1607 1641
f 1641 1607 1605
f 1641 1605 1642
f 1642 1605 1553
f 1642 1553 1552
f 1583 1643 1644
f 1583 1644 1584
f 1584 1644 1645
f 1584 1645 1586
f 1586 1645 1646
f 1586 1646 1588
f 1588 1646 1474
f 1588 1474 1473
f 1647 1515 1524
f 1647 1524 1648
f 1646 1649 1533
f 1646 1533 1474
f 1649 1650 1651
f 1649 1651 1533
f 1650 1652 1653
f 1650 1653 1651
f 1652 1654 1655
f 1652 1655 1653
f 1654 1656 1657
f 1654 1657 1655
f 1656 1658 1659
f 1656 1659 1657
f 1658 1660 1661
f 1658 1661 1659
f 1660 1662 1663
f 1660 1663 1661
f 1662 1664 1665
f 1662 1665 1663
f 1664 1666 1667
f 1664 1667 1665
f 1666 1668 1669
f 1666 1669 1667
f 1668 1670 1671
f 1668 1671 1669
f 1670 1672 1673
f 1670 1673 1671
f 1672 1617 1618
f 1672 1618 1673
f 1645 1674 1649
f 1645 1649 1646
f 1674 1675 1650
f 1674 1650 1649
f 1675 1676 1652
f 1675 1652 1650
f 1676 1677 1654
f 1676 1654 1652
f 1677 1678 1656
f 1677 1656 1654
f 1678 1679 1658
f 1678 1658 1656
f 1679 1680 1660
f 1679 1660 1658
f 1680 1681 1662
f 1680 1662 1660
f 1681 1682 1664
f 1681 1664 1662
f 1682 1683 1666
f 1682 1666 1664
f 1683 1684 1668
f 1683 1668 1666
f 1684 1685 1670
f 1684 1670 1668
f 1685 1686 1672
f 1685 1672 1670
f 1686 1615 1617
f 1686 1617 1672
f 1644 1687 1674
f 1644 1674 1645
f 1687 1688 1675
f 1687 1675 1674
f 1688 1689 1676
f 1688 1676 1675
f 1689 1690 1677
f 1689 1677 1676
f 1690 1691 1678
f 1690 1678 1677
f 1691 1692 1679
f 1691 1679 1678
f 1692 1693 1680
f 1692 1680 1679
f 1693 1694 1681
f 1693 1681 1680
f 1694 1695 1682
f 1694 1682 1681
f 1695 1696 1683
f 1695 1683 1682
f 1696 1697 1684
f 1696 1684 1683
f 1697 1698 1685
f 1697 1685 1684
f 1698 1699 1686
f 1698 1686 1685
f 1699 1613 1615
f 1699 1615 1686
f 1643 1700 1687
f 1643 1687 1644
f 1700 1701 1688
f 1700 1688 1687
f 1701 1702 1689
f 1701 1689 1688
f 1702 1703 1690
f 1702 1690 1689
f 1703 1704 1691
f 1703 1691 1690
f 1704 1705 1692
f 1704 1692 1691
f 1705 1706 1693
f 1705 1693 1692
f 1706 1707 1694
f 1706 1694 1693
f 1707 1708 1695
f 1707 1695 1694
f 1708 1709 1696
f 1708 1696 1695
f 1709 1710 1697
f 1709 1697 1696
f 1710 1711 1698
f 1710 1698 1697
f 1711 1712 1699
f 1711 1699 1698
f 1712 1528 1613
f 1712 1613 1699
f 1625 1713 1549
f 1625 1549 1522
f 1713 1714 1715
f 1713 1715 1549
f 1714 1716 1717
f 1714 1717 1715
f 1716 1718 1719
f 1716 1719 1717
f 1718 1720 1721
f 1718 1721 1719
f 1720 1722 1723
f 1720 1723 1721
f 1722 1724 1725
f 1722 1725 1723
f 1724 1726 1727
f 1724 1727 1725
f 1726 1728 1729
f 1726 1729 1727
f 1728 1730 1731
f 1728 1731 1729
f 1730 1732 1733
f 1730 1733 1731
f 1732 1734 1735
f 1732 1735 1733
f 1734 1736 1737
f 1734 1737 1735
f 1736 1589 1590
f 1736 1590 1737
f 1624 1738 1713
f 1624 1713 1625
f 1738 1739 1714
f 1738 1714 1713
f 1739 1740 1716
f 1739 1716 1714
f 1740 1741 1718
f 1740 1718 1716
f 1741 1742 1720
f 1741 1720 1718
f 1742 1743 1722
f 1742 1722 1720
f 1743 1744 1724
f 1743 1724 1722
f 1744 1745 1726
f 1744 1726 1724
f 1745 1746 1728
f 1745 1728 1726
f 1746 1747 1730
f 1746 1730 1728
f 1747 1748 1732
f 1747 1732 1730
f 1748 1749 1734
f 1748 1734 1732
f 1749 1750 1736
f 1749 1736 1734
f 1750 1587 1589
f 1750 1589 1736
f 1623 1751 1738
f 1623 1738 1624
f 1751 1752 1739
f 1751 1739 1738
f 1752 1753 1740
f 1752 1740 1739
f 1753 1754 1741
f 1753 1741 1740
f 1754 1755 1742
f 1754 1742 1741
f 1755 1756 1743
f 1755 1743 1742
f 1756 1757 1744
f 1756 1744 1743
f 1757 1758 1745
f 1757 1745 1744
f 1758 1759 1746
f 1758 1746 1745
f 1759 1760 1747
f 1759 1747 1746
f 1760 1761 1748
f 1760 1748 1747
f 1761 1762 1749
f 1761 1749 1748
f 1762 1763 1750
f 1762 1750 1749
f 1763 1585 1587
f 1763 1587 1750
f 1530 1529 1751
f 1530 1751 1623
f 1529 1764 1752
f 1529 1752 1751
f 1764 1765 1753
f 1764 1753 1752
f 1765 1766 1754
f 1765 1754 1753
f 1766 1767 1755
f 1766 1755 1754
f 1767 1768 1756
f 1767 1756 1755
f 1768 1769 1757
f 1768 1757 1756
f 1769 1770 1758
f 1769 1758 1757
f 1770 1771 1759
f 1770 1759 1758
f 1771 1772 1760
f 1771 1760 1759
f 1772 1773 1761
f 1772 1761 1760
f 1773 1774 1762
f 1773 1762 1761
f 1774 1775 1763
f 1774 1763 1762
f 1775 1582 1585
f 1775 1585 1763
f 1472 1503 1590
f 1472 1590 1473
f 1503 1776 1737
f 1503 1737 1590
f 1776 1777 1735
f 1776 1735 1737
f 1777 1778 1733
f 1777 1733 1735
f 1778 1779 1731
f 1778 1731 1733
f 1779 1780 1729
f 1779 1729 1731
f 1780 1781 1727
f 1780 1727 1729
f 1781 1782 1725
f 1781 1725 1727
f 1782 1783 1723
f 1782 1723 1725
f 1783 1784 1721
f 1783 1721 1723
f 1784 1785 1719
f 1784 1719 1721
f 1785 1786 1717
f 1785 1717 1719
f 1786 1787 1715
f 1786 1715 1717
f 1787 1548 1549
f 1787 1549 1715
f 1512 1511 1618
f 1512 1618 1521
f 1511 1788 1673
f 1511 1673 1618
f 1788 1789 1671
f 1788 1671 1673
f 1789 1790 1669
f 1789 1669 1671
f 1790 1791 1667
f 1790 1667 1669
f 1791 1792 1665
f 1791 1665 1667
f 1792 1793 1663
f 1792 1663 1665
f 1793 1794 1661
f 1793 1661 1663
f 1794 1795 1659
f 1794 1659 1661
f 1795 1796 1657
f 1795 1657 1659
f 1796 1797 1655
f 1796 1655 1657
f 1797 1798 1653
f 1797 1653 1655
f 1798 1799 1651
f 1798 1651 1653
f 1799 1532 1533
f 1799 1533 1651
f 1643 1583 1582
f 1643 1582 1700
f 1800 1801 1802
f 1800 1802 1803
f 1701 1775 1774
f 1701 1774 1702
f 1804 1805 1806
f 1804 1806 1807
f 1703 1773 1772
f 1703 1772 1704
f 1808 1809 1810
f 1808 1810 1811
f 1705 1771 1770
f 1705 1770 1706
f 1812 1813 1814
f 1812 1814 1815
f 1707 1769 1768
f 1707 1768 1708
f 1816 1817 1818
f 1816 1818 1819
f 1709 1767 1766
f 1709 1766 1710
f 1820 1821 1822
f 1820 1822 1823
f 1711 1765 1764
f 1711 1764 1712
f 1824 1825 1826
f 1824 1826 1827
f 1471 1532 1828
f 1471 1828 1466
f 1532 1799 1829
f 1532 1829 1828
f 1799 1798 1830
f 1799 1830 1829
f 1798 1797 1831
f 1798 1831 1830
f 1797 1796 1832
f 1797 1832 1831
f 1796 1795 1833
f 1796 1833 1832
f 1795 1794 1834
f 1795 1834 1833
f 1794 1793 1835
f 1794 1835 1834
f 1793 1792 1836
f 1793 1836 1835
f 1792 1791 1837
f 1792 1837 1836
f 1791 1790 1838
f 1791 1838 1837
f 1790 1789 1839
f 1790 1839 1838
f 1789 1788 1840
f 1789 1840 1839
f 1788 1511 1492
f 1788 1492 1840
f 1514 1548 1841
f 1514 1841 1444
f 1548 1787 1842
f 1548 1842 1841
f 1787 1786 1843
f 1787 1843 1842
f 1786 1785 1844
f 1786 1844 1843
f 1785 1784 1845
f 1785 1845 1844
f 1784 1783 1846
f 1784 1846 1845
f 1783 1782 1847
f 1783 1847 1846
f 1782 1781 1848
f 1782 1848 1847
f 1781 1780 1849
f 1781 1849 1848
f 1780 1779 1850
f 1780 1850 1849
f 1779 1778 1851
f 1779 1851 1850
f 1778 1777 1852
f 1778 1852 1851
f 1777 1776 1853
f 1777 1853 1852
f 1776 1503 1504
f 1776 1504 1853
f 1466 1828 1854
f 1466 1854 1491
f 1828 1829 1855
f 1828 1855 1854
f 1829 1830 1856
f 1829 1856 1855
f 1830 1831 1857
f 1830 1857 1856
f 1831 1832 1858
f 1831 1858 1857
f 1832 1833 1859
f 1832 1859 1858
f 1833 1834 1860
f 1833 1860 1859
f 1834 1835 1861
f 1834 1861 1860
f 1835 1836 1862
f 1835 1862 1861
f 1836 1837 1863
f 1836 1863 1862
f 1837 1838 1864
f 1837 1864 1863
f 1838 1839 1865
f 1838 1865 1864
f 1839 1840 1866
f 1839 1866 1865
f 1840 1492 1494
f 1840 1494 1866
f 1639 1867 1527
f 1639 1527 1526
f 1867 1868 1869
f 1867 1869 1527
f 1868 1870 1871
f 1868 1871 1869
f 1870 1872 1873
f 1870 1873 1871
f 1872 1874 1875
f 1872 1875 1873
f 1874 1876 1877
f 1874 1877 1875
f 1876 1878 1879
f 1876 1879 1877
f 1878 1880 1881
f 1878 1881 1879
f 1880 1882 1883
f 1880 1883 1881
f 1882 1884 1885
f 1882 1885 1883
f 1884 1886 1887
f 1884 1887 1885
f 1886 1888 1889
f 1886 1889 1887
f 1888 1890 1891
f 1888 1891 1889
f 1890 1610 1611
f 1890 1611 1891
f 1638 1892 1867
f 1638 1867 1639
f 1892 1893 1868
f 1892 1868 1867
f 1893 1894 1870
f 1893 1870 1868
f 1894 1895 1872
f 1894 1872 1870
f 1895 1896 1874
f 1895 1874 1872
f 1896 1897 1876
f 1896 1876 1874
f 1897 1898 1878
f 1897 1878 1876
f 1898 1899 1880
f 1898 1880 1878
f 1899 1900 1882
f 1899 1882 1880
f 1900 1901 1884
f 1900 1884 1882
f 1901 1902 1886
f 1901 1886 1884
f 1902 1903 1888
f 1902 1888 1886
f 1903 1904 1890
f 1903 1890 1888
f 1904 1608 1610
f 1904 1610 1890
f 1637 1905 1892
f 1637 1892 1638
f 1905 1906 1893
f 1905 1893 1892
f 1906 1907 1894
f 1906 1894 1893
f 1907 1908 1895
f 1907 1895 1894
f 1908 1909 1896
f 1908 1896 1895
f 1909 1910 1897
f 1909 1897 1896
f 1910 1911 1898
f 1910 1898 1897
f 1911 1912 1899
f 1911 1899 1898
f 1912 1913 1900
f 1912 1900 1899
f 1913 1914 1901
f 1913 1901 1900
f 1914 1915 1902
f 1914 1902 1901
f 1915 1916 1903
f 1915 1903 1902
f 1916 1917 1904
f 1916 1904 1903
f 1917 1606 1608
f 1917 1608 1904
f 1636 1918 1905
f 1636 1905 1637
f 1918 1919 1906
f 1918 1906 1905
f 1919 1920 1907
f 1919 1907 1906
f 1920 1921 1908
f 1920 1908 1907
f 1921 1922 1909
f 1921 1909 1908
f 1922 1923 1910
f 1922 1910 1909
f 1923 1924 1911
f 1923 1911 1910
f 1924 1925 1912
f 1924 1912 1911
f 1925 1926 1913
f 1925 1913 1912
f 1926 1927 1914
f 1926 1914 1913
f 1927 1928 1915
f 1927 1915 1914
f 1928 1929 1916
f 1928 1916 1915
f 1929 1930 1917
f 1929 1917 1916
f 1930 1550 1606
f 1930 1606 1917
f 1640 1931 1470
f 1640 1470 1469
f 1931 1932 1933
f 1931 1933 1470
f 1932 1934 1935
f 1932 1935 1933
f 1934 1936 1937
f 1934 1937 1935
f 1936 1938 1939
f 1936 1939 1937
f 1938 1940 1941
f 1938 1941 1939
f 1940 1942 1943
f 1940 1943 1941
f 1942 1944 1945
f 1942 1945 1943
f 1944 1946 1947
f 1944 1947 1945
f 1946 1948 1949
f 1946 1949 1947
f 1948 1950 1951
f 1948 1951 1949
f 1950 1952 1953
f 1950 1953 1951
f 1952 1954 1955
f 1952 1955 1953
f 1954 1580 1581
f 1954 1581 1955
f 1641 1956 1931
f 1641 1931 1640
f 1956 1957 1932
f 1956 1932 1931
f 1957 1958 1934
f 1957 1934 1932
f 1958 1959 1936
f 1958 1936 1934
f 1959 1960 1938
f 1959 1938 1936
f 1960 1961 1940
f 1960 1940 1938
f 1961 1962 1942
f 1961 1942 1940
f 1962 1963 1944
f 1962 1944 1942
f 1963 1964 1946
f 1963 1946 1944
f 1964 1965 1948
f 1964 1948 1946
f 1965 1966 1950
f 1965 1950 1948
f 1966 1967 1952
f 1966 1952 1950
f 1967 1968 1954
f 1967 1954 1952
f 1968 1578 1580
f 1968 1580 1954
f 1642 1969 1956
f 1642 1956 1641
f 1969 1970 1957
f 1969 1957 1956
f 1970 1971 1958
f 1970 1958 1957
f 1971 1972 1959
f 1971 1959 1958
f 1972 1973 1960
f 1972 1960 1959
f 1973 1974 1961
f 1973 1961 1960
f 1974 1975 1962
f 1974 1962 1961
f 1975 1976 1963
f 1975 1963 1962
f 1976 1977 1964
f 1976 1964 1963
f 1977 1978 1965
f 1977 1965 1964
f 1978 1979 1966
f 1978 1966 1965
f 1979 1980 1967
f 1979 1967 1966
f 1980 1981 1968
f 1980 1968 1967
f 1981 1576 1578
f 1981 1578 1968
f 1552 1551 1969
f 1552 1969 1642
f 1551 1982 1970
f 1551 1970 1969
f 1982 1983 1971
f 1982 1971 1970
f 1983 1984 1972
f 1983 1972 1971
f 1984 1985 1973
f 1984 1973 1972
f 1985 1986 1974
f 1985 1974 1973
f 1986 1987 1975
f 1986 1975 1974
f 1987 1988 1976
f 1987 1976 1975
f 1988 1989 1977
f 1988 1977 1976
f 1989 1990 1978
f 1989 1978 1977
f 1990 1991 1979
f 1990 1979 1978
f 1991 1992 1980
f 1991 1980 1979
f 1992 1993 1981
f 1992 1981 1980
f 1993 1573 1576
f 1993 1576 1981
f 1636 1574 1573
f 1636 1573 1918
f 1994 1995 1996
f 1994 1996 1997
f 1919 1993 1992
f 1919 1992 1920
f 1998 1999 2000
f 1998 2000 2001
f 1921 1991 1990
f 1921 1990 1922
f 2002 2003 2004
f 2002 2004 2005
f 1923 1989 1988
f 1923 1988 1924
f 2006 2007 2008
f 2006 2008 2009
f 1925 1987 1986
f 1925 1986 1926
f 2010 2011 2012
f 2010 2012 2013
f 1927 1985 1984
f 1927 1984 1928
f 2014 2015 2016
f 2014 2016 2017
f 1929 1983 1982
f 1929 1982 1930
f 2018 2019 2020
f 2018 2020 2021
f 1510 1509 1611
f 1510 1611 1520
f 1509 2022 1891
f 1509 1891 1611
f 2022 2023 1889
f 2022 1889 1891
f 2023 2024 1887
f 2023 1887 1889
f 2024 2025 1885
f 2024 1885 1887
f 2025 2026 1883
f 2025 1883 1885
f 2026 2027 1881
f 2026 1881 1883
f 2027 2028 1879
f 2027 1879 1881
f 2028 2029 1877
f 2028 1877 1879
f 2029 2030 1875
f 2029 1875 1877
f 2030 2031 1873
f 2030 1873 1875
f 2031 2032 1871
f 2031 1871 1873
f 2032 2033 1869
f 2032 1869 1871
f 2033 1525 1527
f 2033 1527 1869
f 1517 1525 2034
f 1517 2034 1460
f 1525 2033 2035
f 1525 2035 2034
f 2033 2032 2036
f 2033 2036 2035
f 2032 2031 2037
f 2032 2037 2036
f 2031 2030 2038
f 2031 2038 2037
f 2030 2029 2039
f 2030 2039 2038
f 2029 2028 2040
f 2029 2040 2039
f 2028 2027 2041
f 2028 2041 2040
f 2027 2026 2042
f 2027 2042 2041
f 2026 2025 2043
f 2026 2043 2042
f 2025 2024 2044
f 2025 2044 2043
f 2024 2023 2045
f 2024 2045 2044
f 2023 2022 2046
f 2023 2046 2045
f 2022 1509 1488
f 2022 1488 2046
f 1468 1467 2047
f 1468 2047 1464
f 1467 2048 2049
f 1467 2049 2047
f 2048 2050 2051
f 2048 2051 2049
f 2050 2052 2053
f 2050 2053 2051
f 2052 2054 2055
f 2052 2055 2053
f 2054 2056 2057
f 2054 2057 2055
f 2056 2058 2059
f 2056 2059 2057
f 2058 2060 2061
f 2058 2061 2059
f 2060 2062 2063
f 2060 2063 2061
f 2062 2064 2065
f 2062 2065 2063
f 2064 2066 2067
f 2064 2067 2065
f 2066 2068 2069
f 2066 2069 2067
f 2068 2070 2071
f 2068 2071 2069
f 2070 1500 1502
f 2070 1502 2071
f 1460 2034 2072
f 1460 2072 1487
f 2034 2035 2073
f 2034 2073 2072
f 2035 2036 2074
f 2035 2074 2073
f 2036 2037 2075
f 2036 2075 2074
f 2037 2038 2076
f 2037 2076 2075
f 2038 2039 2077
f 2038 2077 2076
f 2039 2040 2078
f 2039 2078 2077
f 2040 2041 2079
f 2040 2079 2078
f 2041 2042 2080
f 2041 2080 2079
f 2042 2043 2081
f 2042 2081 2080
f 2043 2044 2082
f 2043 2082 2081
f 2044 2045 2083
f 2044 2083 2082
f 2045 2046 2084
f 2045 2084 2083
f 2046 1488 1490
f 2046 1490 2084
f 1501 1500 1581
f 1501 1581 1534
f 1500 2070 1955
f 1500 1955 1581
f 2070 2068 1953
f 2070 1953 1955
f 2068 2066 1951
f 2068 1951 1953
f 2066 2064 1949
f 2066 1949 1951
f 2064 2062 1947
f 2064 1947 1949
f 2062 2060 1945
f 2062 1945 1947
f 2060 2058 1943
f 2060 1943 1945
f 2058 2056 1941
f 2058 1941 1943
f 2056 2054 1939
f 2056 1939 1941
f 2054 2052 1937
f 2054 1937 1939
f 2052 2050 1935
f 2052 1935 1937
f 2050 2048 1933
f 2050 1933 1935
f 2048 1467 1470
f 2048 1470 1933
f 1632 2085 1462
f 1632 1462 1454
f 2085 2086 2087
f 2085 2087 1462
f 2086 2088 2089
f 2086 2089 2087
f 2088 2090 2091
f 2088 2091 2089
f 2090 2092 2093
f 2090 2093 2091
f 2092 2094 2095
f 2092 2095 2093
f 2094 2096 2097
f 2094 2097 2095
f 2096 2098 2099
f 2096 2099 2097
f 2098 2100 2101
f 2098 2101 2099
f 2100 2102 2103
f 2100 2103 2101
f 2102 2104 2105
f 2102 2105 2103
f 2104 2106 2107
f 2104 2107 2105
f 2106 2108 2109
f 2106 2109 2107
f 2108 1603 1604
f 2108 1604 2109
f 1631 2110 2085
f 1631 2085 1632
f 2110 2111 2086
f 2110 2086 2085
f 2111 2112 2088
f 2111 2088 2086
f 2112 2113 2090
f 2112 2090 2088
f 2113 2114 2092
f 2113 2092 2090
f 2114 2115 2094
f 2114 2094 2092
f 2115 2116 2096
f 2115 2096 2094
f 2116 2117 2098
f 2116 2098 2096
f 2117 2118 2100
f 2117 2100 2098
f 2118 2119 2102
f 2118 2102 2100
f 2119 2120 2104
f 2119 2104 2102
f 2120 2121 2106
f 2120 2106 2104
f 2121 2122 2108
f 2121 2108 2106
f 2122 1601 1603
f 2122 1603 2108
f 1630 2123 2110
f 1630 2110 1631
f 2123 2124 2111
f 2123 2111 2110
f 2124 2125 2112
f 2124 2112 2111
f 2125 2126 2113
f 2125 2113 2112
f 2126 2127 2114
f 2126 2114 2113
f 2127 2128 2115
f 2127 2115 2114
f 2128 2129 2116
f 2128 2116 2115
f 2129 2130 2117
f 2129 2117 2116
f 2130 2131 2118
f 2130 2118 2117
f 2131 2132 2119
f 2131 2119 2118
f 2132 2133 2120
f 2132 2120 2119
f 2133 2134 2121
f 2133 2121 2120
f 2134 2135 2122
f 2134 2122 2121
f 2135 1599 1601
f 2135 1601 2122
f 1629 2136 2123
f 1629 2123 1630
f 2136 2137 2124
f 2136 2124 2123
f 2137 2138 2125
f 2137 2125 2124
f 2138 2139 2126
f 2138 2126 2125
f 2139 2140 2127
f 2139 2127 2126
f 2140 2141 2128
f 2140 2128 2127
f 2141 2142 2129
f 2141 2129 2128
f 2142 2143 2130
f 2142 2130 2129
f 2143 2144 2131
f 2143 2131 2130
f 2144 2145 2132
f 2144 2132 2131
f 2145 2146 2133
f 2145 2133 2132
f 2146 2147 2134
f 2146 2134 2133
f 2147 2148 2135
f 2147 2135 2134
f 2148 1544 1599
f 2148 1599 2135
f 1633 2149 1543
f 1633 1543 1519
f 2149 2150 2151
f 2149 2151 1543
f 2150 2152 2153
f 2150 2153 2151
f 2152 2154 2155
f 2152 2155 2153
f 2154 2156 2157
f 2154 2157 2155
f 2156 2158 2159
f 2156 2159 2157
f 2158 2160 2161
f 2158 2161 2159
f 2160 2162 2163
f 2160 2163 2161
f 2162 2164 2165
f 2162 2165 2163
f 2164 2166 2167
f 2164 2167 2165
f 2166 2168 2169
f 2166 2169 2167
f 2168 2170 2171
f 2168 2171 2169
f 2170 2172 2173
f 2170 2173 2171
f 2172 1571 1572
f 2172 1572 2173
f 1634 2174 2149
f 1634 2149 1633
f 2174 2175 2150
f 2174 2150 2149
f 2175 2176 2152
f 2175 2152 2150
f 2176 2177 2154
f 2176 2154 2152
f 2177 2178 2156
f 2177 2156 2154
f 2178 2179 2158
f 2178 2158 2156
f 2179 2180 2160
f 2179 2160 2158
f 2180 2181 2162
f 2180 2162 2160
f 2181 2182 2164
f 2181 2164 2162
f 2182 2183 2166
f 2182 2166 2164
f 2183 2184 2168
f 2183 2168 2166
f 2184 2185 2170
f 2184 2170 2168
f 2185 2186 2172
f 2185 2172 2170
f 2186 1569 1571
f 2186 1571 2172
f 1635 2187 2174
f 1635 2174 1634
f 2187 2188 2175
f 2187 2175 2174
f 2188 2189 2176
f 2188 2176 2175
f 2189 2190 2177
f 2189 2177 2176
f 2190 2191 2178
f 2190 2178 2177
f 2191 2192 2179
f 2191 2179 2178
f 2192 2193 2180
f 2192 2180 2179
f 2193 2194 2181
f 2193 2181 2180
f 2194 2195 2182
f 2194 2182 2181
f 2195 2196 2183
f 2195 2183 2182
f 2196 2197 2184
f 2196 2184 2183
f 2197 2198 2185
f 2197 2185 2184
f 2198 2199 2186
f 2198 2186 2185
f 2199 1567 1569
f 2199 1569 2186
f 1546 1545 2187
f 1546 2187 1635
f 1545 2200 2188
f 1545 2188 2187
f 2200 2201 2189
f 2200 2189 2188
f 2201 2202 2190
f 2201 2190 2189
f 2202 2203 2191
f 2202 2191 2190
f 2203 2204 2192
f 2203 2192 2191
f 2204 2205 2193
f 2204 2193 2192
f 2205 2206 2194
f 2205 2194 2193
f 2206 2207 2195
f 2206 2195 2194
f 2207 2208 2196
f 2207 2196 2195
f 2208 2209 2197
f 2208 2197 2196
f 2209 2210 2198
f 2209 2198 2197
f 2210 2211 2199
f 2210 2199 2198
f 2211 1564 1567
f 2211 1567 2199
f 1629 1565 1564
f 1629 1564 2136
f 2212 2213 2214
f 2212 2214 2215
f 2137 2211 2210
f 2137 2210 2138
f 2216 2217 2218
f 2216 2218 2219
f 2139 2209 2208
f 2139 2208 2140
f 2220 2221 2222
f 2220 2222 2223
f 2141 2207 2206
f 2141 2206 2142
f 2224 2225 2226
f 2224 2226 2227
f 2143 2205 2204
f 2143 2204 2144
f 2228 2229 2230
f 2228 2230 2231
f 2145 2203 2202
f 2145 2202 2146
f 2232 2233 2234
f 2232 2234 2235
f 2147 2201 2200
f 2147 2200 2148
f 2236 2237 2238
f 2236 2238 2239
f 1452 1498 1572
f 1452 1572 1453
f 1498 2240 2173
f 1498 2173 1572
f 2240 2241 2171
f 2240 2171 2173
f 2241 2242 2169
f 2241 2169 2171
f 2242 2243 2167
f 2242 2167 2169
f 2243 2244 2165
f 2243 2165 2167
f 2244 2245 2163
f 2244 2163 2165
f 2245 2246 2161
f 2245 2161 2163
f 2246 2247 2159
f 2246 2159 2161
f 2247 2248 2157
f 2247 2157 2159
f 2248 2249 2155
f 2248 2155 2157
f 2249 2250 2153
f 2249 2153 2155
f 2250 2251 2151
f 2250 2151 2153
f 2251 1542 1543
f 2251 1543 2151
f 1451 1461 2252
f 1451 2252 1450
f 1461 2253 2254
f 1461 2254 2252
f 2253 2255 2256
f 2253 2256 2254
f 2255 2257 2258
f 2255 2258 2256
f 2257 2259 2260
f 2257 2260 2258
f 2259 2261 2262
f 2259 2262 2260
f 2261 2263 2264
f 2261 2264 2262
f 2263 2265 2266
f 2263 2266 2264
f 2265 2267 2268
f 2265 2268 2266
f 2267 2269 2270
f 2267 2270 2268
f 2269 2271 2272
f 2269 2272 2270
f 2271 2273 2274
f 2271 2274 2272
f 2273 2275 2276
f 2273 2276 2274
f 2275 1507 1483
f 2275 1483 2276
f 1516 1542 2277
f 1516 2277 1456
f 1542 2251 2278
f 1542 2278 2277
f 2251 2250 2279
f 2251 2279 2278
f 2250 2249 2280
f 2250 2280 2279
f 2249 2248 2281
f 2249 2281 2280
f 2248 2247 2282
f 2248 2282 2281
f 2247 2246 2283
f 2247 2283 2282
f 2246 2245 2284
f 2246 2284 2283
f 2245 2244 2285
f 2245 2285 2284
f 2244 2243 2286
f 2244 2286 2285
f 2243 2242 2287
f 2243 2287 2286
f 2242 2241 2288
f 2242 2288 2287
f 2241 2240 2289
f 2241 2289 2288
f 2240 1498 1499
f 2240 1499 2289
f 1450 2252 2290
f 1450 2290 1482
f 2252 2254 2291
f 2252 2291 2290
f 2254 2256 2292
f 2254 2292 2291
f 2256 2258 2293
f 2256 2293 2292
f 2258 2260 2294
f 2258 2294 2293
f 2260 2262 2295
f 2260 2295 2294
f 2262 2264 2296
f 2262 2296 2295
f 2264 2266 2297
f 2264 2297 2296
f 2266 2268 2298
f 2266 2298 2297
f 2268 2270 2299
f 2268 2299 2298
f 2270 2272 2300
f 2270 2300 2299
f 2272 2274 2301
f 2272 2301 2300
f 2274 2276 2302
f 2274 2302 2301
f 2276 1483 1485
f 2276 1485 2302
f 1508 1507 1604
f 1508 1604 1518
f 1507 2275 2109
f 1507 2109 1604
f 2275 2273 2107
f 2275 2107 2109
f 2273 2271 2105
f 2273 2105 2107
f 2271 2269 2103
f 2271 2103 2105
f 2269 2267 2101
f 2269 2101 2103
f 2267 2265 2099
f 2267 2099 2101
f 2265 2263 2097
f 2265 2097 2099
f 2263 2261 2095
f 2263 2095 2097
f 2261 2259 2093
f 2261 2093 2095
f 2259 2257 2091
f 2259 2091 2093
f 2257 2255 2089
f 2257 2089 2091
f 2255 2253 2087
f 2255 2087 2089
f 2253 1461 1462
f 2253 1462 2087
f 1496 1495 1563
f 1496 1563 1554
f 1495 2303 2304
f 1495 2304 1563
f 2303 2305 2306
f 2303 2306 2304
f 2305 2307 2308
f 2305 2308 2306
f 2307 2309 2310
f 2307 2310 2308
f 2309 2311 2312
f 2309 2312 2310
f 2311 2313 2314
f 2311 2314 2312
f 2313 2315 2316
f 2313 2316 2314
f 2315 2317 2318
f 2315 2318 2316
f 2317 2319 2320
f 2317 2320 2318
f 2319 2321 2322
f 2319 2322 2320
f 2321 2323 2324
f 2321 2324 2322
f 2323 2325 2326
f 2323 2326 2324
f 2325 1647 1648
f 2325 1648 2326
f 1622 2327 1541
f 1622 1541 1540
f 2327 2328 2329
f 2327 2329 1541
f 2328 2330 2331
f 2328 2331 2329
f 2330 2332 2333
f 2330 2333 2331
f 2332 2334 2335
f 2332 2335 2333
f 2334 2336 2337
f 2334 2337 2335
f 2336 2338 2339
f 2336 2339 2337
f 2338 2340 2341
f 2338 2341 2339
f 2340 2342 2343
f 2340 2343 2341
f 2342 2344 2345
f 2342 2345 2343
f 2344 2346 2347
f 2344 2347 2345
f 2346 2348 2349
f 2346 2349 2347
f 2348 2350 2351
f 2348 2351 2349
f 2350 1596 1597
f 2350 1597 2351
f 1621 2352 2327
f 1621 2327 1622
f 2352 2353 2328
f 2352 2328 2327
f 2353 2354 2330
f 2353 2330 2328
f 2354 2355 2332
f 2354 2332 2330
f 2355 2356 2334
f 2355 2334 2332
f 2356 2357 2336
f 2356 2336 2334
f 2357 2358 2338
f 2357 2338 2336
f 2358 2359 2340
f 2358 2340 2338
f 2359 2360 2342
f 2359 2342 2340
f 2360 2361 2344
f 2360 2344 2342
f 2361 2362 2346
f 2361 2346 2344
f 2362 2363 2348
f 2362 2348 2346
f 2363 2364 2350
f 2363 2350 2348
f 2364 1594 1596
f 2364 1596 2350
f 1620 2365 2352
f 1620 2352 1621
f 2365 2366 2353
f 2365 2353 2352
f 2366 2367 2354
f 2366 2354 2353
f 2367 2368 2355
f 2367 2355 2354
f 2368 2369 2356
f 2368 2356 2355
f 2369 2370 2357
f 2369 2357 2356
f 2370 2371 2358
f 2370 2358 2357
f 2371 2372 2359
f 2371 2359 2358
f 2372 2373 2360
f 2372 2360 2359
f 2373 2374 2361
f 2373 2361 2360
f 2374 2375 2362
f 2374 2362 2361
f 2375 2376 2363
f 2375 2363 2362
f 2376 2377 2364
f 2376 2364 2363
f 2377 1592 1594
f 2377 1594 2364
f 1619 2378 2365
f 1619 2365 1620
f 2378 2379 2366
f 2378 2366 2365
f 2379 2380 2367
f 2379 2367 2366
f 2380 2381 2368
f 2380 2368 2367
f 2381 2382 2369
f 2381 2369 2368
f 2382 2383 2370
f 2382 2370 2369
f 2383 2384 2371
f 2383 2371 2370
f 2384 2385 2372
f 2384 2372 2371
f 2385 2386 2373
f 2385 2373 2372
f 2386 2387 2374
f 2386 2374 2373
f 2387 2388 2375
f 2387 2375 2374
f 2388 2389 2376
f 2388 2376 2375
f 2389 2390 2377
f 2389 2377 2376
f 2390 1535 1592
f 2390 1592 2377
f 1626 2391 1648
f 1626 1648 1524
f 2391 2392 2326
f 2391 2326 1648
f 2392 2393 2324
f 2392 2324 2326
f 2393 2394 2322
f 2393 2322 2324
f 2394 2395 2320
f 2394 2320 2322
f 2395 2396 2318
f 2395 2318 2320
f 2396 2397 2316
f 2396 2316 2318
f 2397 2398 2314
f 2397 2314 2316
f 2398 2399 2312
f 2398 2312 2314
f 2399 2400 2310
f 2399 2310 2312
f 2400 2401 2308
f 2400 2308 2310
f 2401 2402 2306
f 2401 2306 2308
f 2402 2403 2304
f 2402 2304 2306
f 2403 1562 1563
f 2403 1563 2304
f 1627 2404 2391
f 1627 2391 1626
f 2404 2405 2392
f 2404 2392 2391
f 2405 2406 2393
f 2405 2393 2392
f 2406 2407 2394
f 2406 2394 2393
f 2407 2408 2395
f 2407 2395 2394
f 2408 2409 2396
f 2408 2396 2395
f 2409 2410 2397
f 2409 2397 2396
f 2410 2411 2398
f 2410 2398 2397
f 2411 2412 2399
f 2411 2399 2398
f 2412 2413 2400
f 2412 2400 2399
f 2413 2414 2401
f 2413 2401 2400
f 2414 2415 2402
f 2414 2402 2401
f 2415 2416 2403
f 2415 2403 2402
f 2416 1560 1562
f 2416 1562 2403
f 1628 2417 2404
f 1628 2404 1627
f 2417 2418 2405
f 2417 2405 2404
f 2418 2419 2406
f 2418 2406 2405
f 2419 2420 2407
f 2419 2407 2406
f 2420 2421 2408
f 2420 2408 2407
f 2421 2422 2409
f 2421 2409 2408
f 2422 2423 2410
f 2422 2410 2409
f 2423 2424 2411
f 2423 2411 2410
f 2424 2425 2412
f 2424 2412 2411
f 2425 2426 2413
f 2425 2413 2412
f 2426 2427 2414
f 2426 2414 2413
f 2427 2428 2415
f 2427 2415 2414
f 2428 2429 2416
f 2428 2416 2415
f 2429 1558 1560
f 2429 1560 2416
f 1537 1536 2417
f 1537 2417 1628
f 1536 2430 2418
f 1536 2418 2417
f 2430 2431 2419
f 2430 2419 2418
f 2431 2432 2420
f 2431 2420 2419
f 2432 2433 2421
f 2432 2421 2420
f 2433 2434 2422
f 2433 2422 2421
f 2434 2435 2423
f 2434 2423 2422
f 2435 2436 2424
f 2435 2424 2423
f 2436 2437 2425
f 2436 2425 2424
f 2437 2438 2426
f 2437 2426 2425
f 2438 2439 2427
f 2438 2427 2426
f 2439 2440 2428
f 2439 2428 2427
f 2440 2441 2429
f 2440 2429 2428
f 2441 1555 1558
f 2441 1558 2429
f 1506 1505 1597
f 1506 1597 1523
f 1505 2442 2351
f 1505 2351 1597
f 2442 2443 2349
f 2442 2349 2351
f 2443 2444 2347
f 2443 2347 2349
f 2444 2445 2345
f 2444 2345 2347
f 2445 2446 2343
f 2445 2343 2345
f 2446 2447 2341
f 2446 2341 2343
f 2447 2448 2339
f 2447 2339 2341
f 2448 2449 2337
f 2448 2337 2339
f 2449 2450 2335
f 2449 2335 2337
f 2450 2451 2333
f 2450 2333 2335
f 2451 2452 2331
f 2451 2331 2333
f 2452 2453 2329
f 2452 2329 2331
f 2453 1539 1541
f 2453 1541 2329
f 1619 1556 1555
f 1619 1555 2378
f 2454 2455 2456
f 2454 2456 2457
f 2379 2441 2440
f 2379 2440 2380
f 2458 2459 2460
f 2458 2460 2461
f 2381 2439 2438
f 2381 2438 2382
f 2462 2463 2464
f 2462 2464 2465
f 2383 2437 2436
f 2383 2436 2384
f 2466 2467 2468
f 2466 2468 2469
f 2385 2435 2434
f 2385 2434 2386
f 2470 2471 2472
f 2470 2472 2473
f 2387 2433 2432
f 2387 2432 2388
f 2474 2475 2476
f 2474 2476 2477
f 2389 2431 2430
f 2389 2430 2390
f 2478 2479 2480
f 2478 2480 2481
f 1513 1539 2482
f 1513 2482 1476
f 1539 2453 2483
f 1539 2483 2482
f 2453 2452 2484
f 2453 2484 2483
f 2452 2451 2485
f 2452 2485 2484
f 2451 2450 2486
f 2451 2486 2485
f 2450 2449 2487
f 2450 2487 2486
f 2449 2448 2488
f 2449 2488 2487
f 2448 2447 2489
f 2448 2489 2488
f 2447 2446 2490
f 2447 2490 2489
f 2446 2445 2491
f 2446 2491 2490
f 2445 2444 2492
f 2445 2492 2491
f 2444 2443 2493
f 2444 2493 2492
f 2443 2442 2494
f 2443 2494 2493
f 2442 1505 1479
f 2442 1479 2494
f 1515 1647 2495
f 1515 2495 1448
f 1647 2325 2496
f 1647 2496 2495
f 2325 2323 2497
f 2325 2497 2496
f 2323 2321 2498
f 2323 2498 2497
f 2321 2319 2499
f 2321 2499 2498
f 2319 2317 2500
f 2319 2500 2499
f 2317 2315 2501
f 2317 2501 2500
f 2315 2313 2502
f 2315 2502 2501
f 2313 2311 2503
f 2313 2503 2502
f 2311 2309 2504
f 2311 2504 2503
f 2309 2307 2505
f 2309 2505 2504
f 2307 2305 2506
f 2307 2506 2505
f 2305 2303 2507
f 2305 2507 2506
f 2303 1495 1497
f 2303 1497 2507
f 1476 2482 2508
f 1476 2508 1477
f 2482 2483 2509
f 2482 2509 2508
f 2483 2484 2510
f 2483 2510 2509
f 2484 2485 2511
f 2484 2511 2510
f 2485 2486 2512
f 2485 2512 2511
f 2486 2487 2513
f 2486 2513 2512
f 2487 2488 2514
f 2487 2514 2513
f 2488 2489 2515
f 2488 2515 2514
f 2489 2490 2516
f 2489 2516 2515
f 2490 2491 2517
f 2490 2517 2516
f 2491 2492 2518
f 2491 2518 2517
f 2492 2493 2519
f 2492 2519 2518
f 2493 2494 2520
f 2493 2520 2519
f 2494 1479 1481
f 2494 1481 2520
f 2015 2014 1764
f 2015 1764 1529
f 2003 2002 1766
f 2003 1766 1765
f 1825 1824 1768
f 1825 1768 1767
f 1813 1812 1770
f 1813 1770 1769
f 1801 1800 1772
f 1801 1772 1771
f 2521 2522 1774
f 2521 1774 1773
f 2523 2524 1582
f 2523 1582 1775
f 2525 2526 1701
f 2525 1701 1700
f 2527 2528 1703
f 2527 1703 1702
f 2529 2530 1705
f 2529 1705 1704
f 2531 2532 1707
f 2531 1707 1706
f 2533 2534 1709
f 2533 1709 1708
f 2535 2536 1711
f 2535 1711 1710
f 2537 2538 1528
f 2537 1528 1712
f 2524 2525 1700
f 2524 1700 1582
f 2526 2523 1775
f 2526 1775 1701
f 2522 2527 1702
f 2522 1702 1774
f 2528 2521 1773
f 2528 1773 1703
f 1800 2529 1704
f 1800 1704 1772
f 2530 1801 1771
f 2530 1771 1705
f 1812 2531 1706
f 1812 1706 1770
f 2532 1813 1769
f 2532 1769 1707
f 1824 2533 1708
f 1824 1708 1768
f 2534 1825 1767
f 2534 1767 1709
f 2002 2535 1710
f 2002 1710 1766
f 2536 2003 1765
f 2536 1765 1711
f 2014 2537 1712
f 2014 1712 1764
f 2538 2015 1529
f 2538 1529 1528
f 1804 1817 1982
f 1804 1982 1551
f 1994 2007 1984
f 1994 1984 1983
f 2018 2217 1986
f 2018 1986 1985
f 2224 2233 1988
f 2224 1988 1987
f 2454 2463 1990
f 2454 1990 1989
f 2470 2479 1992
f 2470 1992 1991
f 2539 2540 1573
f 2539 1573 1993
f 2541 2542 1919
f 2541 1919 1918
f 2478 2471 1921
f 2478 1921 1920
f 2462 2455 1923
f 2462 1923 1922
f 2232 2225 1925
f 2232 1925 1924
f 2216 2019 1927
f 2216 1927 1926
f 2006 1995 1929
f 2006 1929 1928
f 1816 1805 1550
f 1816 1550 1930
f 2540 2541 1918
f 2540 1918 1573
f 2542 2539 1993
f 2542 1993 1919
f 2479 2478 1920
f 2479 1920 1992
f 2471 2470 1991
f 2471 1991 1921
f 2463 2462 1922
f 2463 1922 1990
f 2455 2454 1989
f 2455 1989 1923
f 2233 2232 1924
f 2233 1924 1988
f 2225 2224 1987
f 2225 1987 1925
f 2217 2216 1926
f 2217 1926 1986
f 2019 2018 1985
f 2019 1985 1927
f 2007 2006 1928
f 2007 1928 1984
f 1995 1994 1983
f 1995 1983 1929
f 1817 1816 1930
f 1817 1930 1982
f 1805 1804 1551
f 1805 1551 1550
f 2543 2544 2200
f 2543 2200 1545
f 2545 2546 2202
f 2545 2202 2201
f 2547 2548 2204
f 2547 2204 2203
f 2549 2550 2206
f 2549 2206 2205
f 2551 2552 2208
f 2551 2208 2207
f 2553 2554 2210
f 2553 2210 2209
f 2555 2556 1564
f 2555 1564 2211
f 2557 2558 2137
f 2557 2137 2136
f 2559 2560 2139
f 2559 2139 2138
f 2561 2562 2141
f 2561 2141 2140
f 2563 2564 2143
f 2563 2143 2142
f 2565 2566 2145
f 2565 2145 2144
f 2567 2568 2147
f 2567 2147 2146
f 2569 2570 1544
f 2569 1544 2148
f 2556 2557 2136
f 2556 2136 1564
f 2558 2555 2211
f 2558 2211 2137
f 2554 2559 2138
f 2554 2138 2210
f 2560 2553 2209
f 2560 2209 2139
f 2552 2561 2140
f 2552 2140 2208
f 2562 2551 2207
f 2562 2207 2141
f 2550 2563 2142
f 2550 2142 2206
f 2564 2549 2205
f 2564 2205 2143
f 2548 2565 2144
f 2548 2144 2204
f 2566 2547 2203
f 2566 2203 2145
f 2546 2567 2146
f 2546 2146 2202
f 2568 2545 2201
f 2568 2201 2147
f 2544 2569 2148
f 2544 2148 2200
f 2570 2543 1545
f 2570 1545 1544
f 2571 2572 2430
f 2571 2430 1536
f 2573 2574 2432
f 2573 2432 2431
f 2575 1809 2434
f 2575 2434 2433
f 1820 1999 2436
f 1820 2436 2435
f 2010 2213 2438
f 2010 2438 2437
f 2220 2229 2440
f 2220 2440 2439
f 2236 2459 1555
f 2236 1555 2441
f 2458 2237 2379
f 2458 2379 2378
f 2228 2221 2381
f 2228 2381 2380
f 2212 2011 2383
f 2212 2383 2382
f 1998 1821 2385
f 1998 2385 2384
f 1808 2576 2387
f 1808 2387 2386
f 2475 2474 2389
f 2475 2389 2388
f 2467 2466 1535
f 2467 1535 2390
f 2459 2458 2378
f 2459 2378 1555
f 2237 2236 2441
f 2237 2441 2379
f 2229 2228 2380
f 2229 2380 2440
f 2221 2220 2439
f 2221 2439 2381
f 2213 2212 2382
f 2213 2382 2438
f 2011 2010 2437
f 2011 2437 2383
f 1999 1998 2384
f 1999 2384 2436
f 1821 1820 2435
f 1821 2435 2385
f 1809 1808 2386
f 1809 2386 2434
f 2576 2575 2433
f 2576 2433 2387
f 2574 2475 2388
f 2574 2388 2432
f 2474 2573 2431
f 2474 2431 2389
f 2572 2467 2390
f 2572 2390 2430
f 2466 2571 1536
f 2466 1536 1535
f 2575 2576 2577
f 2575 2577 2578
f 2544 2543 2579
f 2544 2579 2580
f 2522 2521 2581
f 2522 2581 2582
f 2475 2574 2583
f 2475 2583 2476
f 2546 2545 2584
f 2546 2584 2585
f 2524 2523 2586
f 2524 2586 2587
f 2573 2474 2477
f 2573 2477 2588
f 2548 2547 2589
f 2548 2589 2590
f 2526 2525 2591
f 2526 2591 2592
f 2467 2572 2593
f 2467 2593 2468
f 2550 2549 2594
f 2550 2594 2595
f 2528 2527 2596
f 2528 2596 2597
f 2571 2466 2469
f 2571 2469 2598
f 2552 2551 2599
f 2552 2599 2600
f 2530 2529 2601
f 2530 2601 2602
f 2554 2553 2603
f 2554 2603 2604
f 2532 2531 2605
f 2532 2605 2606
f 2556 2555 2607
f 2556 2607 2608
f 2534 2533 2609
f 2534 2609 2610
f 2558 2557 2611
f 2558 2611 2612
f 2536 2535 2613
f 2536 2613 2614
f 2560 2559 2615
f 2560 2615 2616
f 2538 2537 2617
f 2538 2617 2618
f 2562 2561 2619
f 2562 2619 2620
f 2525 2524 2587
f 2525 2587 2591
f 2564 2563 2621
f 2564 2621 2622
f 2523 2526 2592
f 2523 2592 2586
f 2566 2565 2623
f 2566 2623 2624
f 2527 2522 2582
f 2527 2582 2596
f 2568 2567 2625
f 2568 2625 2626
f 2521 2528 2597
f 2521 2597 2581
f 2570 2569 2627
f 2570 2627 2628
f 2529 1800 1803
f 2529 1803 2601
f 2557 2556 2608
f 2557 2608 2611
f 1801 2530 2602
f 1801 2602 1802
f 2555 2558 2612
f 2555 2612 2607
f 2531 1812 1815
f 2531 1815 2605
f 2559 2554 2604
f 2559 2604 2615
f 1813 2532 2606
f 1813 2606 1814
f 2553 2560 2616
f 2553 2616 2603
f 2533 1824 1827
f 2533 1827 2609
f 2561 2552 2600
f 2561 2600 2619
f 1825 2534 2610
f 1825 2610 1826
f 2551 2562 2620
f 2551 2620 2599
f 2535 2002 2005
f 2535 2005 2613
f 2563 2550 2595
f 2563 2595 2621
f 2003 2536 2614
f 2003 2614 2004
f 2549 2564 2622
f 2549 2622 2594
f 2537 2014 2017
f 2537 2017 2617
f 2565 2548 2590
f 2565 2590 2623
f 2015 2538 2618
f 2015 2618 2016
f 2547 2566 2624
f 2547 2624 2589
f 1817 1804 1807
f 1817 1807 1818
f 2567 2546 2585
f 2567 2585 2625
f 2007 1994 1997
f 2007 1997 2008
f 2545 2568 2626
f 2545 2626 2584
f 2217 2018 2021
f 2217 2021 2218
f 2569 2544 2580
f 2569 2580 2627
f 2233 2224 2227
f 2233 2227 2234
f 2543 2570 2628
f 2543 2628 2579
f 2463 2454 2457
f 2463 2457 2464
f 2572 2571 2598
f 2572 2598 2593
f 2479 2470 2473
f 2479 2473 2480
f 2574 2573 2588
f 2574 2588 2583
f 2540 2539 2629
f 2540 2629 2630
f 1809 2575 2578
f 1809 2578 1810
f 2542 2541 2631
f 2542 2631 2632
f 1999 1820 1823
f 1999 1823 2000
f 2471 2478 2481
f 2471 2481 2472
f 2213 2010 2013
f 2213 2013 2214
f 2455 2462 2465
f 2455 2465 2456
f 2229 2220 2223
f 2229 2223 2230
f 2225 2232 2235
f 2225 2235 2226
f 2459 2236 2239
f 2459 2239 2460
f 2019 2216 2219
f 2019 2219 2020
f 2237 2458 2461
f 2237 2461 2238
f 1995 2006 2009
f 1995 2009 1996
f 2221 2228 2231
f 2221 2231 2222
f 1805 1816 1819
f 1805 1819 1806
f 2011 2212 2215
f 2011 2215 2012
f 2541 2540 2630
f 2541 2630 2631
f 1821 1998 2001
f 1821 2001 1822
f 2539 2542 2632
f 2539 2632 2629
f 2576 1808 1811
f 2576 1811 2577
f 1456 1459 1457
f 1459 1456 2277
f 1459 2277 1502
f 1502 2277 2278
f 1502 2278 2071
f 2071 2278 2279
f 2071 2279 2069
f 2069 2279 2280
f 2069 2280 2067
f 2067 2280 2281
f 2067 2281 2065
f 2065 2281 2282
f 2065 2282 2063
f 2063 2282 2283
f 2063 2283 2061
f 2061 2283 2284
f 2061 2284 2059
f 2059 2284 2285
f 2059 2285 2057
f 2057 2285 2286
f 2057 2286 2055
f 2055 2286 2287
f 2055 2287 2053
f 2053 2287 2288
f 2053 2288 2051
f 2051 2288 2289
f 2051 2289 2049
f 2049 2289 1499
f 2049 1499 2047
f 2047 1499 1449
f 2047 1449 1464
f 1464 1449 1448
f 1464 1448 1465
f 1465 1448 2495
f 1465 2495 1504
f 1504 2495 2496
f 1504 2496 1853
f 1853 2496 2497
f 1853 2497 1852
f 1852 2497 2498
f 1852 2498 1851
f 1851 2498 2499
f 1851 2499 1850
f 1850 2499 2500
f 1850 2500 1849
f 1849 2500 2501
f 1849 2501 1848
f 1848 2501 2502
f 1848 2502 1847
f 1847 2502 2503
f 1847 2503 1846
f 1846 2503 2504
f 1846 2504 1845
f 1845 2504 2505
f 1845 2505 1844
f 1844 2505 2506
f 1844 2506 1843
f 1843 2506 2507
f 1843 2507 1842
f 1842 2507 1497
f 1842 1497 1841
f 1841 1497 1475
f 1841 1475 1444
f 1444 1475 1445
f 1487 1484 1486
f 1484 1487 2072
f 1484 2072 1485
f 1485 2072 2073
f 1485 2073 2302
f 2302 2073 2301
f 2301 2073 2074
f 2301 2074 2075
f 2301 2075 2300
f 2300 2075 2076
f 2300 2076 2299
f 2299 2076 2077
f 2299 2077 2298
f 2298 2077 2078
f 2298 2078 2297
f 2297 2078 2079
f 2297 2079 2296
f 2296 2079 2080
f 2296 2080 2295
f 2295 2080 2081
f 2295 2081 2294
f 2294 2081 2293
f 2293 2081 2082
f 2293 2082 2083
f 2293 2083 2292
f 2292 2083 2084
f 2292 2084 2291
f 2291 2084 1490
f 2291 1490 2290
f 2290 1490 1489
f 2290 1489 1482
f 1482 1489 1491
f 1482 1491 1480
f 1480 1491 1854
f 1480 1854 1481
f 1481 1854 1855
f 1481 1855 2520
f 2520 1855 2519
f 2519 1855 1856
f 2519 1856 1857
f 2519 1857 2518
f 2518 1857 1858
f 2518 1858 2517
f 2517 1858 1859
f 2517 1859 2516
f 2516 1859 1860
f 2516 1860 2515
f 2515 1860 2514
f 2514 1860 1861
f 2514 1861 1862
f 2514 1862 2513
f 2513 1862 1863
f 2513 1863 2512
f 2512 1863 1864
f 2512 1864 2511
f 2511 1864 1865
f 2511 1865 2510
f 2510 1865 2509
f 2509 1865 1866
f 2509 1866 1494
f 2509 1494 2508
f 2508 1494 1493
f 2508 1493 1477
f 1477 1493 1478
f 2633 2634 2635
f 2633 2635 2636
f 2636 2637 2638
f 2636 2638 2633
f 2637 2639 2640
f 2637 2640 2638
f 2641 2642 2640
f 2641 2640 2639
f 2641 2635 2634
f 2641 2634 2642
f 2643 2636 2635
f 2643 2635 2644
f 2636 2643 2645
f 2636 2645 2637
f 2637 2645 2646
f 2637 2646 2639
f 2641 2639 2646
f 2641 2646 2647
f 2641 2647 2644
f 2641 2644 2635
f 2638 2634 2633
f 2634 2638 2642
f 2642 2638 2640
f 2644 2645 2643
f 2645 2644 2647
f 2645 2647 2646
f 2637 2635 2636
f 2635 2637 2641
f 2641 2637 2639
# Vertices: 1397, normals: 0, texture coordinates: 0, faces: 2707

o obj7
v -2.6897699 -0.82064016 0.01508519
v -2.70283193 -0.79344375 -0
v -2.70328729 -0.78723359 -0
v -2.68668604 -0.82174271 0.01885427
v -2.689273 -0.826992 0.02469778
v -2.71038226 -0.7829836 -0
v -2.6897699 -0.82064016 -0.01508519
v -2.68668604 -0.82174271 -0.01885427
v -2.689273 -0.826992 -0.0246982
v 0.78000159 0.8796872 -0.00445421
v 0.82469176 0.86682149 -0.0199268
v 0.83245656 0.86845104 -0.01885427
v 0.77420756 0.88219934 0
v 0.7706271 0.88965458 0
v 0.83817153 0.86718903 -0.02469778
v 0.79339934 0.85179212 -0.0199268
v 0.79033146 0.8486274 -0.01825837
v 0.7922143 0.84470819 -0.02529368
v 0.83352361 0.87154761 -0.01508519
v 0.82046169 0.89874402 0
v 0.81589917 0.9029821 0
v 0.8170174 0.91117624 0
v 0.83352361 0.87154761 0.01508519
v 0.83245656 0.86845104 0.01885427
v 0.83817153 0.86718903 0.0246982
v -2.66266434 -0.7737766 0.00445421
v -2.68056027 -0.81670104 0.0199268
v -2.66100363 -0.767684 -0
v -2.66458459 -0.76022876 -0
v -2.64926715 -0.80167127 0.0199268
v -2.64487932 -0.80125554 0.01825837
v -2.64299739 -0.80517515 0.02529368
v 0.82553038 0.86312135 -0.01764091
v 0.7950005 0.8484582 0.0125502
v 0.79033146 0.8486274 0.0182588
v 0.7922143 0.84470819 0.0252941
v 0.7950005 0.8484582 -0.01764091
v -2.68425155 -0.82257755 -0.0125502
v -2.65372172 -0.80791441 0.01764091
v -2.68425155 -0.82257755 0.01764091
v -2.64021018 -0.80142514 -0.0125502
v -2.60968076 -0.78676199 0.01764091
v -2.60083836 -0.78010353 0.01825837
v -2.64487932 -0.80125554 -0.0182588
v -2.64299678 -0.80517515 -0.0252941
v -2.59895643 -0.78402233 0.02529368
v -2.64021018 -0.80142514 0.01764091
v -2.59616922 -0.78027267 -0.0125502
v -2.56563939 -0.76560998 0.01764091
v -2.556797 -0.75895111 0.01825837
v -2.60083836 -0.78010312 -0.0182588
v -2.59895643 -0.78402233 -0.0252941
v -2.55491506 -0.76287032 0.02529368
v -2.59616982 -0.78027267 0.01764091
v -2.52159843 -0.74445716 -0.01764091
v -2.55212785 -0.75912071 0.0125502
v -2.51275603 -0.7377987 -0.0182588
v -2.51087329 -0.7417179 -0.0252941
v -2.55212785 -0.75912071 -0.01764091
v -2.556797 -0.75895111 -0.0182588
v -2.55491506 -0.76287032 -0.0252941
v -2.50808689 -0.73796784 -0.0125502
v -2.47755706 -0.72330475 0.01764091
v -2.46871467 -0.71664623 0.01825837
v -2.46683233 -0.72056549 0.02529368
v -2.50808689 -0.73796784 0.01764091
v -2.51275603 -0.7377987 0.01825837
v -2.5108737 -0.7417183 0.02529368
v -2.46404552 -0.71681583 -0.0125502
v -2.4335161 -0.70215274 0.01764091
v -2.4246733 -0.69549382 0.01825837
v -2.46871467 -0.71664623 -0.0182588
v -2.46683233 -0.72056549 -0.0252941
v -2.42279177 -0.69941347 0.02529368
v -2.46404552 -0.71681543 0.01764091
v -2.42000476 -0.69566342 -0.0125502
v -2.38947474 -0.68100027 0.01764091
v -2.38063234 -0.6743414 0.01825837
v -2.4246733 -0.69549422 -0.0182588
v -2.42279137 -0.69941302 -0.0252941
v -2.37875041 -0.67826101 0.02529368
v -2.42000517 -0.69566342 0.01764091
v -2.3759634 -0.674511 -0.0125502
v -2.34543418 -0.65984786 0.01764091
v -2.33659098 -0.65318939 0.01825837
v -2.38063234 -0.6743414 -0.0182588
v -2.37875041 -0.67826101 -0.0252941
v -2.33470944 -0.65710859 0.02529368
v -2.3759634 -0.674511 0.01764091
v -2.33192244 -0.65335813 -0.0125502
v -2.30139281 -0.63869544 0.01764091
v -2.29255042 -0.63203697 0.01825837
v -2.33659098 -0.65318939 -0.0182588
v -2.33470904 -0.65710819 -0.0252941
v -2.29066808 -0.63595618 0.02529368
v -2.33192284 -0.65335854 0.01764091
v -2.28788107 -0.63220612 -0.0125502
v -2.25735145 -0.61754343 0.01764091
v -2.24850905 -0.61088456 0.01825837
v -2.29255001 -0.63203697 -0.0182588
v -2.29066727 -0.63595618 -0.0252941
v -2.24662712 -0.61480417 0.02529368
v -2.28788188 -0.63220657 0.01764091
v -2.24384011 -0.61105371 -0.0125502
v -2.21331008 -0.59639061 0.01764091
v -2.20446769 -0.58973209 0.01825837
v -2.24850865 -0.61088456 -0.0182588
v -2.24662671 -0.61480376 -0.0252941
v -2.20258575 -0.59365175 0.02529368
v -2.24384051 -0.61105371 0.01764091
v -2.16926932 -0.57523814 -0.01764091
v -2.19979874 -0.58990129 0.0125502
v -2.16042632 -0.56858008 -0.0182588
v -2.15854438 -0.57249934 -0.0252941
v -2.19979874 -0.58990129 -0.01764091
v -2.20446769 -0.58973209 -0.0182588
v -2.20258535 -0.59365135 -0.0252941
v -2.15575778 -0.56874928 -0.0125502
v -2.12522775 -0.55408573 0.01764091
v -2.11638536 -0.54742726 0.01825837
v -2.11450302 -0.55134687 0.02529368
v -2.15575778 -0.56874928 0.01764091
v -2.16042632 -0.56858008 0.01825837
v -2.15854438 -0.57249934 0.02529368
v -2.11171642 -0.54759641 -0.0125502
v -2.0811874 -0.53293372 0.01764091
v -2.07234399 -0.52627525 0.01825837
v -2.11638495 -0.54742726 -0.0182588
v -2.11450262 -0.55134647 -0.0252941
v -2.07046206 -0.53019491 0.02529368
v -2.11171682 -0.54759686 0.01764091
v -2.06767545 -0.5264444 -0.0125502
v -2.03714563 -0.5117813 0.01764091
v -2.02830303 -0.50512284 0.01825837
v -2.07234399 -0.52627525 -0.0182588
v -2.07046206 -0.53019445 -0.0252941
v -2.02642069 -0.50904204 0.02529368
v -2.06767586 -0.5264444 0.01764091
v -1.99310466 -0.49062889 -0.01764091
v -2.02363409 -0.50529244 0.0125502
v -1.98426166 -0.48397042 -0.0182588
v -1.98237973 -0.48788962 -0.0252941
v -2.02363409 -0.50529244 -0.01764091
v -2.02830303 -0.50512284 -0.0182588
v -2.02642069 -0.50904204 -0.0252941
v -1.97959313 -0.48413957 -0.0125502
v -1.9490633 -0.46947688 0.01764091
v -1.9402207 -0.46281796 0.01825837
v -1.93833836 -0.46673761 0.02529368
v -1.97959313 -0.48413957 0.01764091
v -1.98426166 -0.48397042 0.01825837
v -1.98237973 -0.48788962 0.02529368
v -1.93555176 -0.46298715 -0.0125502
v -1.90502234 -0.44832446 0.01764091
v -1.89617934 -0.44166594 0.01825837
v -1.9402203 -0.46281796 -0.0182588
v -1.93833796 -0.46673721 -0.0252941
v -1.8942974 -0.4455852 0.02529368
v -1.93555176 -0.46298756 0.01764091
v -1.8915108 -0.44183514 -0.0125502
v -1.86098097 -0.42717204 0.01764091
v -1.85213837 -0.42051355 0.01825837
v -1.89617934 -0.44166594 -0.0182588
v -1.8942974 -0.4455852 -0.0252941
v -1.85025604 -0.42443273 0.02529368
v -1.8915112 -0.44183514 0.01764091
v -1.81694001 -0.4060196 -0.01764091
v -1.84746984 -0.4206827 0.0125502
v -1.80809701 -0.39936111 -0.01825837
v -1.80621467 -0.40328034 -0.0252941
v -1.84746984 -0.4206827 -0.01764091
v -1.85213837 -0.42051355 -0.01825837
v -1.85025604 -0.42443273 -0.0252941
v -1.77289824 -0.38486716 -0.01764091
v -1.80342847 -0.39953028 0.0125502
v -1.80809701 -0.39936111 0.01825837
v -1.76405605 -0.3782087 -0.01825837
v -1.76217371 -0.3821279 -0.0252941
v -1.80621467 -0.40328034 0.02529368
v -1.80342847 -0.39953028 -0.01764091
v -1.72885768 -0.36371475 -0.01764091
v -1.7593871 -0.37837787 0.0125502
v -1.76405605 -0.3782087 0.01825837
v -1.72001468 -0.35705626 -0.01825837
v -1.71813234 -0.36097549 -0.0252941
v -1.76217371 -0.3821279 0.02529368
v -1.7593871 -0.37837787 -0.01764091
v -1.68481632 -0.34256274 -0.01764091
v -1.71534614 -0.35722543 0.0125502
v -1.72001468 -0.35705626 0.01825837
v -1.67597382 -0.33590384 -0.01825837
v -1.67409138 -0.33982305 -0.0252941
v -1.71813234 -0.36097549 0.02529368
v -1.71534614 -0.35722543 -0.01764091
v -1.64077485 -0.32141032 -0.01764091
v -1.67130478 -0.33607342 0.0125502
v -1.67597382 -0.33590384 0.01825837
v -1.63193245 -0.31475183 -0.01825837
v -1.63005001 -0.31867103 -0.0252941
v -1.67409138 -0.33982305 0.02529368
v -1.67130478 -0.33607342 -0.01764091
v -1.59673399 -0.30025788 -0.01764091
v -1.62726381 -0.314921 0.0125502
v -1.63193245 -0.31475183 0.01825837
v -1.58789149 -0.29359942 -0.01825837
v -1.58600905 -0.29751862 -0.0252941
v -1.63005001 -0.31867103 0.02529368
v -1.62726381 -0.314921 -0.01764091
v -1.55269262 -0.27910547 -0.01764091
v -1.58322245 -0.29376856 0.0125502
v -1.58789149 -0.29359942 0.01825837
v -1.54385013 -0.27244698 -0.01825837
v -1.54196769 -0.2763662 -0.0252941
v -1.58600905 -0.29751862 0.02529368
v -1.58322245 -0.29376856 -0.01764091
v -1.50865126 -0.25795303 -0.01764091
v -1.53918108 -0.27261658 0.0125502
v -1.54385013 -0.27244698 0.01825837
v -1.49980876 -0.25129456 -0.01825837
v -1.49792672 -0.25521376 -0.0252941
v -1.54196769 -0.27636661 0.02529368
v -1.53918108 -0.27261658 -0.01764091
v -1.46461029 -0.23680101 -0.01764091
v -1.49514012 -0.25146413 0.0125502
v -1.49980876 -0.25129456 0.01825837
v -1.4557678 -0.23014212 -0.01825837
v -1.45388536 -0.23406175 -0.0252941
v -1.49792672 -0.25521376 0.02529368
v -1.49514012 -0.25146373 -0.01764091
v -1.42056933 -0.2156486 -0.01764091
v -1.45109875 -0.23031172 0.0125502
v -1.4557678 -0.23014212 0.01825837
v -1.41172643 -0.20899012 -0.01825837
v -1.4098445 -0.21290934 -0.02529368
v -1.45388536 -0.23406175 0.02529368
v -1.45109875 -0.23031129 -0.01764091
v -1.37652797 -0.19449617 -0.01764091
v -1.40705779 -0.20915929 0.0125502
v -1.41172643 -0.20899012 0.01825837
v -1.36768547 -0.18783769 -0.01825837
v -1.36580303 -0.19175691 -0.02529368
v -1.4098445 -0.21290934 0.02529368
v -1.40705779 -0.20915929 -0.01764091
v -1.332487 -0.17334374 -0.01764091
v -1.36301643 -0.18800686 0.0125502
v -1.36768547 -0.18783769 0.01825837
v -1.32364411 -0.16668526 -0.01825837
v -1.32176217 -0.17060448 -0.02529368
v -1.36580303 -0.19175691 0.02529368
v -1.36301643 -0.18800686 -0.01764091
v -1.28844564 -0.15219132 -0.01764091
v -1.31897546 -0.16685486 0.0125502
v -1.32364411 -0.16668526 0.01825837
v -1.27960314 -0.14553284 -0.01825837
v -1.2777208 -0.14945205 -0.02529368
v -1.32176217 -0.17060448 0.02529368
v -1.31897546 -0.16685486 -0.01764091
v -1.24440468 -0.13103889 -0.01764091
v -1.2749341 -0.14570201 0.0125502
v -1.27960314 -0.14553284 0.01825837
v -1.23556178 -0.12438084 -0.01825837
v -1.23367984 -0.12829963 -0.02529368
v -1.2777208 -0.14945205 0.02529368
v -1.2749341 -0.14570201 -0.01764091
v -1.20036331 -0.10988689 -0.01764091
v -1.23089314 -0.12455001 0.0125502
v -1.23556178 -0.12438084 0.01825837
v -1.19152092 -0.10322799 -0.01825837
v -1.18963848 -0.1071472 -0.02529368
v -1.23367984 -0.12829963 0.02529368
v -1.23089314 -0.12454958 -0.01764091
v -1.15632195 -0.08873446 -0.01764091
v -1.18685177 -0.10339758 0.0125502
v -1.19152092 -0.10322799 0.01825837
v -1.14747945 -0.08207598 -0.01825837
v -1.14559751 -0.0859952 -0.02529368
v -1.18963848 -0.10714763 0.02529368
v -1.18685177 -0.10339758 -0.01764091
v -1.11228098 -0.06758203 -0.01764091
v -1.14281091 -0.08224515 0.0125502
v -1.14747945 -0.08207598 0.01825837
v -1.10343859 -0.06092355 -0.01825837
v -1.10155615 -0.06484277 -0.02529368
v -1.14559751 -0.0859952 0.02529368
v -1.14281091 -0.08224473 -0.01764091
v -1.06824002 -0.04642961 -0.01764091
v -1.09876954 -0.06109273 0.0125502
v -1.10343859 -0.06092355 0.01825837
v -1.05939722 -0.03977113 -0.01825837
v -1.05751519 -0.04369035 -0.02529368
v -1.10155615 -0.06484277 0.02529368
v -1.09876954 -0.06109273 -0.01764091
v -1.02419866 -0.02527718 -0.01764091
v -1.05472858 -0.03994072 0.0125502
v -1.05939722 -0.03977113 0.01825837
v -1.01535626 -0.0186187 -0.01825837
v -1.01347382 -0.02253834 -0.02529368
v -1.05751519 -0.04369077 0.02529368
v -1.05472858 -0.03994072 -0.01764091
v -0.98015769 -0.00412475 -0.01764091
v -1.01068722 -0.01878829 0.0125502
v -1.01535626 -0.0186187 0.01825837
v -0.97131489 0.00253372 -0.01825837
v -0.96943286 -0.00138591 -0.02529368
v -1.01347382 -0.02253834 0.0252941
v -1.01068722 -0.01878829 -0.01764091
v -0.93611633 0.01702725 -0.01764091
v -0.96664625 0.00236413 0.0125502
v -0.97131489 0.0025333 0.01825837
v -0.92727393 0.02368573 -0.01825837
v -0.92539149 0.01976651 -0.02529368
v -0.96943286 -0.00138591 0.0252941
v -0.96664625 0.00236413 -0.01764091
v -0.89207496 0.03817968 -0.01764091
v -0.92260489 0.02351656 0.0125502
v -0.92727393 0.02368573 0.01825837
v -0.88323257 0.04483816 -0.01825837
v -0.88135013 0.04091894 -0.02529368
v -0.92539149 0.01976651 0.0252941
v -0.92260489 0.02351656 -0.01764091
v -0.848034 0.05933168 -0.01764091
v -0.87856393 0.04466898 0.0125502
v -0.88323257 0.04483816 0.01825837
v -0.8391916 0.06599058 -0.01825837
v -0.83730916 0.06207095 -0.02529368
v -0.88135013 0.04091894 0.0252941
v -0.87856393 0.04466898 -0.01764091
v -0.80399309 0.08048453 -0.01764091
v -0.83452256 0.06582141 0.0125502
v -0.8391916 0.06599058 0.01825837
v -0.79515024 0.087143 -0.01825837
v -0.7932678 0.0832238 -0.02529368
v -0.83730916 0.06207095 0.0252941
v -0.83452256 0.06582141 -0.01764091
v -0.75995172 0.10163653 -0.01764091
v -0.7904816 0.08697342 0.0125502
v -0.79515024 0.087143 0.01825837
v -0.75110928 0.10829544 -0.01825837
v -0.74922689 0.10437579 -0.02529368
v -0.7932678 0.0832238 0.0252941
v -0.7904816 0.08697384 -0.01764091
v -0.71591081 0.12278896 -0.01764091
v -0.74644023 0.10812584 0.0125502
v -0.75110928 0.10829544 0.01825837
v -0.70706791 0.12944787 -0.01825837
v -0.70518547 0.12552822 -0.02529368
v -0.74922689 0.10437579 0.0252941
v -0.74644023 0.10812584 -0.01764091
v -0.67186939 0.14394139 -0.01764091
v -0.70239887 0.12927827 0.0125502
v -0.70706791 0.12944787 0.01825837
v -0.66302695 0.15059987 -0.01825837
v -0.66114456 0.14668065 -0.02529368
v -0.70518547 0.12552822 0.0252941
v -0.70239887 0.12927827 -0.01764091
v -0.62782803 0.16509381 -0.01764091
v -0.65835791 0.15043069 0.0125502
v -0.66302695 0.15059987 0.01825837
v -0.61898558 0.17175229 -0.01825837
v -0.61710319 0.16783308 -0.02529368
v -0.66114456 0.14668065 0.0252941
v -0.65835791 0.15043069 -0.01764091
v -0.58378712 0.18624581 -0.01764091
v -0.61431654 0.17158312 0.0125502
v -0.61898558 0.17175229 0.01825837
v -0.57494467 0.19290472 -0.01825837
v -0.57306223 0.18898508 -0.02529368
v -0.61710319 0.16783308 0.0252941
v -0.61431654 0.17158312 -0.01764091
v -0.53974615 0.20739824 -0.01764091
v -0.57027558 0.19273555 0.0125502
v -0.57494467 0.19290472 0.0182588
v -0.53090331 0.21405714 -0.01825837
v -0.52902087 0.2101375 -0.02529368
v -0.57306223 0.18898508 0.0252941
v -0.57027558 0.19273555 -0.01764091
v -0.49570479 0.22855068 -0.01764091
v -0.52623421 0.21388756 0.0125502
v -0.53090331 0.21405714 0.0182588
v -0.48686234 0.23520958 -0.01825837
v -0.4849799 0.23128994 -0.02529368
v -0.52902087 0.21013793 0.0252941
v -0.52623421 0.21388756 -0.01764091
v -0.45166383 0.2497031 -0.01764091
v -0.4821933 0.23503998 0.0125502
v -0.48686234 0.23520958 0.0182588
v -0.44282098 0.25636156 -0.01825837
v -0.44093854 0.25244236 -0.02529368
v -0.4849799 0.23128994 0.0252941
v -0.4821933 0.23503998 -0.01764091
v -0.40762246 0.27085551 -0.01764091
v -0.43815193 0.25619242 0.0125502
v -0.44282098 0.25636199 0.0182588
v -0.39878002 0.277514 -0.01825837
v -0.3968976 0.27359478 -0.02529368
v -0.44093854 0.25244236 0.0252941
v -0.43815193 0.25619242 -0.01764091
v -0.3635811 0.29200752 -0.01764091
v -0.39411097 0.2773444 0.0125502
v -0.39878002 0.277514 0.0182588
v -0.35473865 0.29866642 -0.01825837
v -0.35285624 0.29474722 -0.02529368
v -0.39689717 0.27359478 0.0252941
v -0.39411097 0.27734483 -0.01764091
v -0.31953973 0.31316037 -0.01764091
v -0.35006961 0.29849684 0.0125502
v -0.35473865 0.29866642 0.0182588
v -0.31069771 0.31981886 -0.01825837
v -0.30881527 0.31589963 -0.02529368
v -0.35285624 0.29474722 0.0252941
v -0.35007001 0.29849684 -0.01764091
v -0.27549877 0.33431238 -0.01764091
v -0.30602864 0.31964926 0.0125502
v -0.31069771 0.31981886 0.0182588
v -0.26665632 0.34097127 -0.01825837
v -0.26477391 0.33705164 -0.02529368
v -0.30881527 0.31589963 0.0252941
v -0.30602864 0.31964926 -0.01764091
v -0.2314574 0.35546479 -0.01764091
v -0.26198728 0.3408017 0.0125502
v -0.26665632 0.34097127 0.0182588
v -0.22261539 0.36212329 -0.01825837
v -0.22073297 0.35820408 -0.02529368
v -0.26477391 0.33705164 0.0252941
v -0.26198728 0.3408017 -0.01764091
v -0.18741647 0.37661724 -0.01764091
v -0.21794634 0.36195411 0.0125502
v -0.22261496 0.36212329 0.0182588
v -0.17857402 0.38327613 -0.01825837
v -0.17669159 0.3793565 -0.02529368
v -0.22073254 0.35820408 0.0252941
v -0.21794634 0.36195411 -0.01764091
v -0.14337552 0.39776925 -0.01764091
v -0.17390496 0.38310656 0.0125502
v -0.17857402 0.3832757 0.0182588
v -0.13453307 0.40442814 -0.01825837
v -0.13265023 0.40050891 -0.02529368
v -0.17669159 0.3793565 0.0252941
v -0.17390496 0.38310656 -0.01764091
v -0.09933415 0.41892166 -0.01764091
v -0.12986401 0.40425897 0.0125502
v -0.13453264 0.40442814 0.0182588
v -0.0904917 0.42558056 -0.01825837
v -0.08860928 0.42166135 -0.02529368
v -0.13265023 0.40050891 0.0252941
v -0.12986401 0.40425897 -0.01764091
v -0.05529278 0.4400741 -0.01764091
v -0.08582265 0.42541141 0.0125502
v -0.0904917 0.42558056 0.0182588
v -0.04645076 0.44673297 -0.01825837
v -0.04456791 0.44281337 -0.02529368
v -0.08860928 0.42166135 0.0252941
v -0.08582265 0.42541096 -0.01764091
v -0.01125183 0.46122652 -0.01764091
v -0.0417817 0.44656342 0.0125502
v -0.04645033 0.44673297 0.0182588
v -0.00240938 0.46788498 -0.01825837
v -0.00052696 0.46396578 -0.02529368
v -0.04456791 0.44281337 0.0252941
v -0.0417817 0.44656342 -0.01764091
v 0.03278954 0.48237893 -0.01764091
v 0.00225967 0.46771584 0.0125502
v -0.00240938 0.46788498 0.0182588
v 0.04163199 0.4890374 -0.01825837
v 0.04351441 0.4851182 -0.02529368
v -0.00052696 0.46396578 0.0252941
v 0.00225967 0.46771584 -0.01764091
v 0.07683049 0.50353135 -0.01764091
v 0.04630062 0.48886825 0.0125502
v 0.04163199 0.4890374 0.0182588
v 0.08567293 0.51018986 -0.01825837
v 0.08755536 0.50627061 -0.02529368
v 0.04351441 0.4851182 0.0252941
v 0.04630062 0.48886825 -0.01764091
v 0.12087186 0.52468381 -0.01764091
v 0.09034199 0.51002067 0.0125502
v 0.08567293 0.51018986 0.0182588
v 0.1297143 0.53134228 -0.01825837
v 0.13159673 0.52742308 -0.02529368
v 0.08755536 0.50627061 0.0252941
v 0.09034199 0.51002067 -0.01764091
v 0.16491281 0.54583583 -0.01764091
v 0.13438293 0.53117268 0.0125502
v 0.1297143 0.53134228 0.0182588
v 0.17375525 0.5524947 -0.01825837
v 0.17563767 0.54857509 -0.02529368
v 0.13159673 0.52742308 0.0252941
v 0.13438293 0.53117268 -0.01764091
v 0.20895417 0.56698824 -0.01764091
v 0.17842431 0.55232509 0.0125502
v 0.17375567 0.5524947 0.0182588
v 0.21779661 0.57364671 -0.01825837
v 0.21967905 0.5697275 -0.02529368
v 0.17563767 0.54857509 0.0252941
v 0.17842431 0.55232509 -0.01764091
v 0.25299512 0.58814066 -0.01764091
v 0.22246525 0.57347756 0.0125502
v 0.21779661 0.57364671 0.0182588
v 0.26183757 0.59479912 -0.01825837
v 0.26371998 0.59087992 -0.02529368
v 0.21967905 0.5697275 0.0252941
v 0.22246525 0.57347756 -0.01764091
v 0.29703606 0.60929267 -0.01764091
v 0.26650661 0.59462998 0.0125502
v 0.261838 0.59479912 0.0182588
v 0.30587893 0.61595154 -0.01825837
v 0.30776135 0.61203233 -0.02529368
v 0.26371998 0.59087992 0.0252941
v 0.26650661 0.59462998 -0.01764091
v 0.34107743 0.63044549 -0.01764091
v 0.31054798 0.61578239 0.0125502
v 0.30587893 0.61595154 0.0182588
v 0.34991987 0.637104 -0.01825837
v 0.35180231 0.63318475 -0.02529368
v 0.30776135 0.61203233 0.0252941
v 0.31054757 0.61578239 -0.01764091
v 0.38511839 0.6515975 -0.01764091
v 0.35458894 0.63693481 0.0125502
v 0.3499203 0.637104 0.0182588
v 0.39396126 0.65825601 -0.01825837
v 0.39584325 0.65433676 -0.02529368
v 0.35180231 0.63318475 0.0252941
v 0.35458894 0.63693481 -0.01764091
v 0.42915975 0.67274996 -0.01764091
v 0.39862988 0.65808682 0.0125502
v 0.39396126 0.65825642 0.0182588
v 0.4380022 0.67940843 -0.01825837
v 0.43988464 0.67548923 -0.02529368
v 0.39584368 0.65433721 0.0252941
v 0.39862988 0.65808682 -0.01764091
v 0.47320112 0.69390238 -0.01764091
v 0.44267124 0.67923923 0.0125502
v 0.4380026 0.67940883 0.0182588
v 0.48204356 0.70056084 -0.01825837
v 0.483926 0.69664164 -0.02529368
v 0.43988504 0.67548963 0.0252941
v 0.44267124 0.67923923 -0.01764091
v 0.51724208 0.71505479 -0.01764091
v 0.4867122 0.7003917 0.0125502
v 0.48204356 0.70056084 0.0182588
v 0.52608453 0.72171326 -0.01825837
v 0.52796692 0.71779406 -0.02529368
v 0.483926 0.69664164 0.0252941
v 0.4867122 0.7003917 -0.01764091
v 0.56128345 0.73620721 -0.01764091
v 0.53075357 0.72154411 0.0125502
v 0.52608493 0.72171326 0.0182588
v 0.57012589 0.74286568 -0.01825837
v 0.57200833 0.73894607 -0.02529368
v 0.52796737 0.71779406 0.0252941
v 0.53075357 0.72154411 -0.01764091
v 0.60532441 0.75735922 -0.01764091
v 0.57479453 0.74269653 0.0125502
v 0.57012589 0.74286568 0.0182588
v 0.61416685 0.76401814 -0.01825837
v 0.61604924 0.76009848 -0.02529368
v 0.57200833 0.73894647 0.0252941
v 0.57479453 0.74269653 -0.01764091
v 0.64936577 0.77851164 -0.01764091
v 0.6188359 0.76384854 0.0125502
v 0.61416726 0.76401814 0.0182588
v 0.65820822 0.78517056 -0.01825837
v 0.66009061 0.7812509 -0.02529368
v 0.6160497 0.76009848 0.0252941
v 0.6188359 0.76384854 -0.01764091
v 0.69340669 0.7996641 -0.01764091
v 0.66287681 0.78500096 0.0125502
v 0.65820822 0.78517056 0.0182588
v 0.70224913 0.80632257 -0.01825837
v 0.70413157 0.80240336 -0.02529368
v 0.66009061 0.7812509 0.0252941
v 0.66287681 0.78500096 -0.01764091
v 0.73744805 0.82081652 -0.01764091
v 0.70691823 0.80615337 0.0125502
v 0.70224913 0.80632257 0.0182588
v 0.7462905 0.82747498 -0.01825837
v 0.74817294 0.82355578 -0.02529368
v 0.70413157 0.80240336 0.0252941
v 0.70691823 0.80615337 -0.01764091
v 0.78148901 0.84196893 -0.01764091
v 0.75095914 0.82730584 0.0125502
v 0.7462905 0.82747498 0.0182588
v 0.74817294 0.82355578 0.0252941
v 0.75095914 0.82730584 -0.01764091
v 0.81658771 0.89725875 0.00445421
v 0.79869218 0.85433431 0.0199268
v 0.829985 0.86936368 0.0199268
v 0.78065079 0.84566908 0.0199268
v 0.73596067 0.85853478 0.00445421
v 0.73016619 0.86104692 0
v 0.72658573 0.86850217 0
v 0.74935797 0.83063971 0.0199268
v 0.73660943 0.82451706 0.0199268
v 0.69191931 0.83738237 0.00445421
v 0.68612528 0.83989451 0
v 0.68254437 0.84734975 0
v 0.70531701 0.8094877 0.0199268
v 0.68446401 0.83380191 0.00445421
v 0.66656894 0.79087747 0.0199268
v 0.69786136 0.80590684 0.0199268
v 0.64042305 0.81264945 0.00445421
v 0.62252757 0.76972505 0.0199268
v 0.64208432 0.81874209 0
v 0.63850346 0.82619774 0
v 0.6538204 0.78475442 0.0199268
v 0.59638169 0.79149703 0.00445421
v 0.57848661 0.74857259 0.0199268
v 0.59804295 0.79759008 0
v 0.59446249 0.80504532 0
v 0.60977944 0.76360196 0.0199268
v 0.55234077 0.77034462 0.00445421
v 0.53444525 0.72742057 0.0199268
v 0.55400199 0.77643767 -0
v 0.55042113 0.78389291 0
v 0.56573807 0.74244994 0.0199268
v 0.50829941 0.7491922 0.00445421
v 0.49040428 0.70626816 0.0199268
v 0.50996062 0.7552852 -0
v 0.50638017 0.76274049 -0
v 0.5216967 0.72129753 0.0199268
v 0.46425804 0.72804019 0.00445421
v 0.44636337 0.68511574 0.0199268
v 0.46591966 0.73413278 -0
v 0.4623388 0.74158803 -0
v 0.47765574 0.70014511 0.0199268
v 0.42021708 0.70688777 0.00445421
v 0.40232198 0.66396333 0.0199268
v 0.42187832 0.71298077 -0
v 0.41829786 0.72043561 -0
v 0.43361438 0.6789927 0.0199268
v 0.38428014 0.6552981 0.0199268
v 0.33959002 0.66816375 0.00445421
v 0.33379599 0.67067594 -0
v 0.33021553 0.67813119 -0
v 0.35298775 0.64026873 0.0199268
v 0.33213475 0.66458289 0.00445421
v 0.31423968 0.62165845 0.0199268
v 0.3455325 0.63668827 0.0199268
v 0.28809339 0.64343048 0.00445421
v 0.27019831 0.60050644 0.0199268
v 0.28975505 0.64952353 -0
v 0.28617417 0.65697877 -0
v 0.30149111 0.61553581 0.0199268
v 0.25215688 0.5918412 0.0199268
v 0.20746676 0.60470651 0.00445421
v 0.20167273 0.60721865 -0
v 0.19809185 0.61467389 -0
v 0.22086408 0.57681143 0.0199268
v 0.20001149 0.60112605 0.00445421
v 0.18211598 0.55820161 0.0199268
v 0.21340881 0.57323097 0.0199268
v 0.15597012 0.57997364 0.00445421
v 0.13807503 0.53704919 0.0199268
v 0.15763136 0.58606623 -0
v 0.15405049 0.59352193 -0
v 0.16936743 0.55207896 0.0199268
v 0.11192876 0.55882117 0.00445421
v 0.09403367 0.51589678 0.0199268
v 0.11359 0.56491422 -0
v 0.11000954 0.57236906 -0
v 0.12532649 0.53092655 0.0199268
v 0.07599225 0.50723195 0.0199268
v 0.0313017 0.5200972 0.00445421
v 0.02550767 0.52260939 -0
v 0.02192722 0.53006463 -0
v 0.04469944 0.49220258 0.0199268
v 0.03195089 0.48607953 0.0199268
v -0.01273925 0.49894479 0.00445421
v -0.01853327 0.50145692 -0
v -0.02211415 0.50891222 -0
v 0.00065807 0.47105016 0.0199268
v -0.02019451 0.49536433 0.00445421
v -0.03808959 0.45243988 0.0199268
v -0.0067972 0.46746925 0.0199268
v -0.06423588 0.47421191 0.00445421
v -0.08213096 0.43128747 0.0199268
v -0.06257464 0.48030491 -0
v -0.0661551 0.48775975 -0
v -0.05083814 0.44631684 0.0199268
v -0.10017238 0.42262224 0.0199268
v -0.14486293 0.43548794 0.00445421
v -0.15065696 0.43800008 -0
v -0.15423742 0.44545533 -0
v -0.13146519 0.40759287 0.0199268
v -0.14421375 0.4014698 0.0199268
v -0.18890388 0.4143355 0.00445421
v -0.19469791 0.41684767 -0
v -0.19827878 0.42430291 -0
v -0.17550657 0.38644043 0.0199268
v -0.19635914 0.41075505 0.00445421
v -0.21425424 0.36783063 0.0199268
v -0.18296183 0.38285997 0.0199268
v -0.2404005 0.3896022 0.00445421
v -0.2582956 0.34667819 0.0199268
v -0.23873926 0.39569523 -0
v -0.24231972 0.40315049 -0
v -0.22700278 0.36170755 0.0199268
v -0.28444147 0.36845019 0.00445421
v -0.30233697 0.32552577 0.0199268
v -0.28278023 0.37454281 -0
v -0.28636111 0.38199805 -0
v -0.27104414 0.34055514 0.0199268
v -0.32848283 0.34729778 0.00445421
v -0.34637791 0.30437333 0.0199268
v -0.32682159 0.35339037 -0
v -0.33040205 0.36084564 -0
v -0.31508508 0.3194027 0.0199268
v -0.3725242 0.32614534 0.00445421
v -0.39041887 0.28322091 0.0199268
v -0.37086253 0.33223838 -0
v -0.37444342 0.33969363 -0
v -0.35912647 0.29825069 0.0199268
v -0.41656513 0.30499292 0.00445421
v -0.43446021 0.2620689 0.0199268
v -0.41490392 0.31108594 -0
v -0.41848435 0.31854121 -0
v -0.40316784 0.27709827 0.0199268
v -0.45250164 0.25340367 0.0199268
v -0.49719222 0.26626895 0.00445421
v -0.50298625 0.26878152 -0
v -0.50656671 0.27623636 -0
v -0.48379447 0.2383743 0.0199268
v -0.50464746 0.26268849 0.00445421
v -0.52254254 0.21976405 0.0199268
v -0.49125017 0.23479342 0.0199268
v -0.54868842 0.24153605 0.00445421
v -0.5665839 0.19861162 0.0199268
v -0.54702716 0.2476291 -0
v -0.55060807 0.25508392 -0
v -0.53529108 0.213641 0.0199268
v -0.59272979 0.22038364 0.00445421
v -0.61062486 0.17745919 0.0199268
v -0.59106853 0.22647666 -0
v -0.59464898 0.23393193 -0
v -0.57933244 0.19248856 0.0199268
v -0.6286667 0.16879396 0.0199268
v -0.67335682 0.18165965 0.00445421
v -0.67915085 0.18417181 -0
v -0.68273131 0.19162707 -0
v -0.65995907 0.15376501 0.0199268
v -0.67270807 0.14764195 0.0199268
v -0.71739779 0.16050766 0.00445421
v -0.72319222 0.16301938 -0
v -0.72677268 0.17047465 -0
v -0.70400049 0.13261216 0.0199268
v -0.72485303 0.15692635 0.00445421
v -0.74274856 0.11400234 0.0199268
v -0.71145573 0.12903171 0.0199268
v -0.76889439 0.13577434 0.00445421
v -0.78678947 0.09284991 0.0199268
v -0.76723318 0.14186695 -0
v -0.77081364 0.14932222 -0
v -0.7554971 0.10787928 0.0199268
v -0.81293536 0.11462191 0.00445421
v -0.83083089 0.07169749 0.0199268
v -0.81127414 0.12071495 -0
v -0.814855 0.12817022 -0
v -0.79953806 0.08672727 0.0199268
v -0.85697672 0.09346949 0.00445421
v -0.87487225 0.05054548 0.0199268
v -0.85531551 0.09956252 -0
v -0.85889637 0.10701779 -0
v -0.84357943 0.06557442 0.0199268
v -0.90101809 0.07231707 0.00445421
v -0.91891321 0.02939305 0.0199268
v -0.89935687 0.0784101 -0
v -0.90293733 0.08586536 -0
v -0.88762039 0.044422 0.0199268
v -0.94505905 0.05116464 0.00445421
v -0.96295458 0.00824063 0.0199268
v -0.94339784 0.05725767 -0
v -0.9469787 0.06471294 -0
v -0.93166175 0.02327 0.0199268
v -0.98910042 0.03001264 0.00445421
v -1.00699554 -0.0129118 0.0199268
v -0.9874388 0.03610525 -0
v -0.99101966 0.04356051 -0
v -0.97570272 0.00211757 0.0199268
v -1.03314178 0.00886021 0.00445421
v -1.0510364 -0.0340638 0.0199268
v -1.03148016 0.01495282 -0
v -1.03506102 0.02240808 -0
v -1.01974408 -0.01903486 0.0199268
v -1.07718315 -0.01229222 0.00445421
v -1.09507777 -0.05521665 0.0199268
v -1.07552153 -0.00619919 -0
v -1.07910199 0.00125608 -0
v -1.06378504 -0.04018728 0.0199268
v -1.12122411 -0.03344464 0.00445421
v -1.13911913 -0.07636866 0.0199268
v -1.11956239 -0.02735161 -0
v -1.12314335 -0.01989635 -0
v -1.10782641 -0.06133929 0.0199268
v -1.16526507 -0.05459707 0.00445421
v -1.1831601 -0.09752108 0.0199268
v -1.16360386 -0.04850404 -0
v -1.16718431 -0.04104878 -0
v -1.15186727 -0.08249171 0.0199268
v -1.20930644 -0.0757495 0.00445421
v -1.22720146 -0.11867351 0.0199268
v -1.20764472 -0.06965646 -0
v -1.21122568 -0.06220078 -0
v -1.19590864 -0.10364414 0.0199268
v -1.2533474 -0.0969015 0.00445421
v -1.27124242 -0.13982594 0.0199268
v -1.25168608 -0.09080889 -0
v -1.25526654 -0.08335363 -0
v -1.2399496 -0.12479657 0.0199268
v -1.29738826 -0.11805393 0.00445421
v -1.31528379 -0.16097837 0.0199268
v -1.29572705 -0.11196131 -0
v -1.29930791 -0.10450563 -0
v -1.28399096 -0.14594857 0.0199268
v -1.34142973 -0.13920636 0.00445421
v -1.35932475 -0.18213037 0.0199268
v -1.33976841 -0.13311333 -0
v -1.34334927 -0.12565806 -0
v -1.32803193 -0.16710143 0.0199268
v -1.37736659 -0.19079561 0.0199268
v -1.42205631 -0.17793033 0.00445421
v -1.42785074 -0.17541818 -0
v -1.4314312 -0.16796291 -0
v -1.40865901 -0.20582498 0.0199268
v -1.42951195 -0.18151079 0.00445421
v -1.44740708 -0.22443521 0.0199268
v -1.41611425 -0.20940585 0.0199268
v -1.47355332 -0.20266363 0.00445421
v -1.49144804 -0.24558765 0.0199268
v -1.4718917 -0.19657061 -0
v -1.47547256 -0.18911491 -0
v -1.46015562 -0.23055828 0.0199268
v -1.51759428 -0.22381564 0.00445421
v -1.53548941 -0.26674006 0.0199268
v -1.51593307 -0.2177226 -0
v -1.51951393 -0.21026777 -0
v -1.50419658 -0.2517107 0.0199268
v -1.56163524 -0.24496806 0.00445421
v -1.57953077 -0.2878925 0.0199268
v -1.55997403 -0.23887546 -0
v -1.56355489 -0.23141977 -0
v -1.54823795 -0.27286314 0.0199268
v -1.60567661 -0.2661205 0.00445421
v -1.62357174 -0.30904449 0.0199268
v -1.6040154 -0.26002745 -0
v -1.60759585 -0.25257221 -0
v -1.59227931 -0.29401515 0.0199268
v -1.64971798 -0.28727249 0.00445421
v -1.6676131 -0.33019693 0.0199268
v -1.64805676 -0.28117989 -0
v -1.65163722 -0.27372462 -0
v -1.63632028 -0.31516756 0.0199268
v -1.69375894 -0.30842535 0.00445421
v -1.71165447 -0.35134935 0.0199268
v -1.69209762 -0.30233231 -0
v -1.69567858 -0.29487663 -0
v -1.68036164 -0.33631998 0.0199268
v -1.7377999 -0.32957734 0.00445421
v -1.75569543 -0.37250179 0.0199268
v -1.73613859 -0.32348475 -0
v -1.73971955 -0.31602905 -0
v -1.7244025 -0.35747242 0.0199268
v -1.78184127 -0.35072978 0.00445421
v -1.79973679 -0.3936538 0.0199268
v -1.78018035 -0.34463673 -0
v -1.78376091 -0.33718149 -0
v -1.76844447 -0.37862483 0.0199268
v -1.82588263 -0.3718822 0.00445421
v -1.84377776 -0.41480621 0.0199268
v -1.82422091 -0.36578917 -0
v -1.82780187 -0.3583339 -0
v -1.81248483 -0.39977727 0.0199268
v -1.86992359 -0.39303421 0.00445421
v -1.88781953 -0.43595863 0.0199268
v -1.86826268 -0.38694202 -0
v -1.87184364 -0.37948635 -0
v -1.8565262 -0.42092929 0.0199268
v -1.91396496 -0.41418705 0.00445421
v -1.93186008 -0.45711104 0.0199268
v -1.91230364 -0.40809403 -0
v -1.91588461 -0.40063876 -0
v -1.90056716 -0.44208168 0.0199268
v -1.95800592 -0.43533947 0.00445421
v -1.97590145 -0.47826351 0.0199268
v -1.95634501 -0.42924602 -0
v -1.95992557 -0.42179077 -0
v -1.94460852 -0.46323414 0.0199268
v -1.99394238 -0.48692874 0.0199268
v -2.0386329 -0.47406303 0.00445421
v -2.04442734 -0.4715509 -0
v -2.0480079 -0.46409606 -0
v -2.02523571 -0.50195811 0.0199268
v -2.04608825 -0.47764349 0.00445421
v -2.06398378 -0.52056834 0.0199268
v -2.03269085 -0.50553857 0.0199268
v -2.09013002 -0.49879636 0.00445421
v -2.10802514 -0.54172076 0.0199268
v -2.0884683 -0.49270331 -0
v -2.09204926 -0.48524807 -0
v -2.07673222 -0.52669098 0.0199268
v -2.13417058 -0.51994832 0.00445421
v -2.15206611 -0.56287277 0.0199268
v -2.13250967 -0.51385573 -0
v -2.13609063 -0.50640048 -0
v -2.12077318 -0.5478434 0.0199268
v -2.17821194 -0.54110079 0.00445421
v -2.19610707 -0.58402518 0.0199268
v -2.17655063 -0.53500814 -0
v -2.18013119 -0.5275529 -0
v -2.16481374 -0.56899541 0.0199268
v -2.2222529 -0.5622532 0.00445421
v -2.24014884 -0.60517765 0.0199268
v -2.22059199 -0.55616015 -0
v -2.22417295 -0.54870491 -0
v -2.20885551 -0.59014783 0.0199268
v -2.26629467 -0.58340562 0.00445421
v -2.2841898 -0.62633006 0.0199268
v -2.26463296 -0.57731257 -0
v -2.26821392 -0.56985773 -0
v -2.25289647 -0.61130069 0.0199268
v -2.31033564 -0.60455803 0.00445421
v -2.32823116 -0.64748248 0.0199268
v -2.30867472 -0.59846503 -0
v -2.31225528 -0.59100974 -0
v -2.29693824 -0.63245271 0.0199268
v -2.354377 -0.6257105 0.00445421
v -2.37227213 -0.66863489 0.0199268
v -2.35271528 -0.61961785 -0
v -2.35629624 -0.61216221 -0
v -2.3409792 -0.65360512 0.0199268
v -2.39841796 -0.64686246 0.00445421
v -2.41631349 -0.6897869 0.0199268
v -2.39675665 -0.64076986 -0
v -2.40033761 -0.63331417 -0
v -2.38502016 -0.67475754 0.0199268
v -2.44245933 -0.66801533 0.00445421
v -2.46035385 -0.71093932 0.0199268
v -2.44079761 -0.66192228 -0
v -2.44437857 -0.65446704 -0
v -2.42906153 -0.69590955 0.0199268
v -2.48649989 -0.68916734 0.00445421
v -2.50439522 -0.73209179 0.0199268
v -2.48483898 -0.68307429 -0
v -2.48841994 -0.67561905 -0
v -2.47310289 -0.71706196 0.0199268
v -2.53054125 -0.71031935 0.00445421
v -2.54843658 -0.7532442 0.0199268
v -2.52888034 -0.70422671 -0
v -2.5324609 -0.69677146 -0
v -2.51714386 -0.73821443 0.0199268
v -2.57458201 -0.73147177 0.00445421
v -2.59247795 -0.77439621 0.0199268
v -2.5729213 -0.72537917 -0
v -2.57650227 -0.71792388 -0
v -2.56118482 -0.75936639 0.0199268
v -2.61862398 -0.75262464 0.00445421
v -2.63651891 -0.79554863 0.0199268
v -2.61696267 -0.74653159 -0
v -2.62054303 -0.73907634 -0
v -2.60522659 -0.78051926 0.0199268
v -2.68056027 -0.81670104 -0.0199268
v -2.66266434 -0.7737766 -0.00445421
v -2.64926674 -0.80167127 -0.0199268
v -2.6365181 -0.79554863 -0.0199268
v -2.61862398 -0.75262464 -0.00445421
v -2.60522578 -0.78051886 -0.0199268
v -2.59247754 -0.77439621 -0.0199268
v -2.57458201 -0.73147177 -0.00445421
v -2.56118482 -0.75936639 -0.0199268
v -2.56712727 -0.72789131 -0.00445421
v -2.52243715 -0.74075656 -0.0199268
v -2.55372988 -0.75578639 -0.0199268
v -2.50439522 -0.73209179 -0.0199268
v -2.48650029 -0.68916734 -0.00445421
v -2.47310209 -0.71706196 -0.0199268
v -2.46035345 -0.71093892 -0.0199268
v -2.44245933 -0.66801533 -0.00445421
v -2.42906113 -0.69590955 -0.0199268
v -2.41631349 -0.6897869 -0.0199268
v -2.39841796 -0.64686291 -0.00445421
v -2.38502016 -0.67475754 -0.0199268
v -2.37227213 -0.66863489 -0.0199268
v -2.354377 -0.62571004 -0.00445421
v -2.3409788 -0.65360512 -0.0199268
v -2.32823076 -0.64748207 -0.0199268
v -2.31033564 -0.60455763 -0.00445421
v -2.29693743 -0.63245271 -0.0199268
v -2.28418879 -0.62633006 -0.0199268
v -2.26629467 -0.58340562 -0.00445421
v -2.25289647 -0.61130029 -0.0199268
v -2.24014843 -0.60517765 -0.0199268
v -2.2222529 -0.5622532 -0.00445421
v -2.20885551 -0.59014783 -0.0199268
v -2.21479756 -0.55867234 -0.00445421
v -2.17010704 -0.571538 -0.0199268
v -2.20140036 -0.58656737 -0.0199268
v -2.15206611 -0.56287277 -0.0199268
v -2.13417058 -0.51994832 -0.00445421
v -2.12077278 -0.54784299 -0.0199268
v -2.10802474 -0.54172035 -0.0199268
v -2.09013002 -0.49879591 -0.00445421
v -2.07673181 -0.52669098 -0.0199268
v -2.06398378 -0.52056794 -0.0199268
v -2.04608825 -0.47764349 -0.00445421
v -2.03269085 -0.50553857 -0.0199268
v -2.0386329 -0.47406303 -0.00445421
v -1.99394238 -0.48692874 -0.0199268
v -2.02523571 -0.50195811 -0.0199268
v -1.97590145 -0.47826351 -0.0199268
v -1.95800592 -0.43533906 -0.00445421
v -1.94460812 -0.46323369 -0.0199268
v -1.93185968 -0.45711104 -0.0199268
v -1.91396496 -0.41418705 -0.00445421
v -1.90056716 -0.44208168 -0.0199268
v -1.88781912 -0.43595863 -0.0199268
v -1.86992359 -0.39303421 -0.00445421
v -1.8565262 -0.42092929 -0.0199268
v -1.86246825 -0.38945375 -0.00445421
v -1.81777813 -0.40231946 -0.0199268
v -1.84907065 -0.41734883 -0.0199268
v -1.81842729 -0.36830174 -0.00445421
v -1.77373717 -0.38116659 -0.0199268
v -1.80503009 -0.39619596 -0.0199268
v -1.77438592 -0.3471489 -0.00445421
v -1.7296958 -0.3600146 -0.0199268
v -1.76098873 -0.37504397 -0.0199268
v -1.73034496 -0.32599648 -0.00445421
v -1.68565494 -0.33886216 -0.0199268
v -1.71694736 -0.35389153 -0.0199268
v -1.68630369 -0.30484404 -0.00445421
v -1.64161357 -0.31770975 -0.0199268
v -1.67290599 -0.33273912 -0.0199268
v -1.64226273 -0.28369203 -0.00445421
v -1.59757261 -0.29655731 -0.0199268
v -1.62886503 -0.31158711 -0.0199268
v -1.59822137 -0.26253961 -0.00445421
v -1.55353124 -0.27540532 -0.0199268
v -1.58482367 -0.29043426 -0.0199268
v -1.55418 -0.2413872 -0.00445421
v -1.50949028 -0.25425288 -0.0199268
v -1.5407827 -0.26928225 -0.0199268
v -1.51013904 -0.22023476 -0.00445421
v -1.46544892 -0.23310047 -0.0199268
v -1.49674134 -0.24812983 -0.0199268
v -1.46609767 -0.19908233 -0.00445421
v -1.42140755 -0.21194803 -0.0199268
v -1.45270038 -0.22697739 -0.0199268
v -1.42205631 -0.17793033 -0.00445421
v -1.37736659 -0.19079561 -0.0199268
v -1.40865901 -0.20582498 -0.0199268
v -1.37801534 -0.1567779 -0.00445421
v -1.33332522 -0.1696436 -0.0199268
v -1.38380937 -0.15426575 -0
v -1.38739024 -0.14681048 -0
v -1.36461805 -0.18467297 -0.0199268
v -1.33397438 -0.1356259 -0.00445421
v -1.28928426 -0.14849118 -0.0199268
v -1.32057668 -0.16352054 -0.0199268
v -1.28993302 -0.11447305 -0.00445421
v -1.2452429 -0.12733876 -0.0199268
v -1.27653572 -0.14236811 -0.0199268
v -1.24589205 -0.09332105 -0.00445421
v -1.20120193 -0.10618633 -0.0199268
v -1.23249436 -0.1212157 -0.0199268
v -1.20185069 -0.07216862 -0.00445421
v -1.15716057 -0.0850339 -0.0199268
v -1.18845339 -0.10006326 -0.0199268
v -1.15780932 -0.05101619 -0.00445421
v -1.11311961 -0.06388189 -0.0199268
v -1.14441203 -0.07891084 -0.0199268
v -1.11376846 -0.02986377 -0.00445421
v -1.06907824 -0.04272904 -0.0199268
v -1.10037107 -0.05775884 -0.0199268
v -1.069727 -0.00871134 -0.00445421
v -1.02503738 -0.02157704 -0.0199268
v -1.0563297 -0.03660641 -0.0199268
v -1.02568613 0.01244066 -0.00445421
v -0.98099601 -0.00042461 -0.0199268
v -1.01228833 -0.01545398 -0.0199268
v -0.98164517 0.03359309 -0.00445421
v -0.93695505 0.02072781 -0.0199268
v -0.96824737 0.00569845 -0.0199268
v -0.93760381 0.05474552 -0.00445421
v -0.89291369 0.04188024 -0.0199268
v -0.92420651 0.02685087 -0.0199268
v -0.89356284 0.07589794 -0.00445421
v -0.84887272 0.06303224 -0.0199268
v -0.88016515 0.04800288 -0.0199268
v -0.84952148 0.09705037 -0.00445421
v -0.80483136 0.08418467 -0.0199268
v -0.83612373 0.06915572 -0.0199268
v -0.80548011 0.1182028 -0.00445421
v -0.7607904 0.1053371 -0.0199268
v -0.79208277 0.09030773 -0.0199268
v -0.76143915 0.1393548 -0.00445421
v -0.71674903 0.12648952 -0.0199268
v -0.74804185 0.11146015 -0.0199268
v -0.71739779 0.16050766 -0.00445421
v -0.67270807 0.14764195 -0.0199268
v -0.70400049 0.13261258 -0.0199268
v -0.67335682 0.18165965 -0.00445421
v -0.6286667 0.16879396 -0.0199268
v -0.65995907 0.15376501 -0.0199268
v -0.62931586 0.20281208 -0.00445421
v -0.58462534 0.1899468 -0.0199268
v -0.63510949 0.20532423 -0
v -0.63869035 0.21277949 -0
v -0.61591816 0.17491702 -0.0199268
v -0.5852745 0.2239645 -0.00445421
v -0.54058437 0.2110988 -0.0199268
v -0.5718768 0.19606945 -0.0199268
v -0.54123358 0.24511651 -0.00445421
v -0.49654301 0.23225123 -0.0199268
v -0.52783583 0.21722186 -0.0199268
v -0.49719222 0.26626895 -0.00445421
v -0.45250205 0.25340367 -0.0199268
v -0.48379487 0.2383743 -0.0199268
v -0.45315126 0.28742137 -0.00445421
v -0.40846111 0.27455609 -0.0199268
v -0.45894529 0.28993353 -0
v -0.46252574 0.29738877 -0
v -0.43975351 0.25952672 -0.0199268
v -0.40910989 0.30857378 -0.00445421
v -0.36441974 0.29570853 -0.0199268
v -0.39571214 0.28067873 -0.0199268
v -0.36506852 0.32972622 -0.00445421
v -0.32037838 0.31686051 -0.0199268
v -0.3516712 0.30183114 -0.0199268
v -0.32102756 0.35087864 -0.00445421
v -0.27633744 0.33801295 -0.0199268
v -0.30762984 0.32298358 -0.0199268
v -0.2769862 0.37203065 -0.00445421
v -0.23229608 0.35916537 -0.0199268
v -0.26358888 0.344136 -0.0199268
v -0.23294526 0.39318309 -0.00445421
v -0.18825511 0.38031781 -0.0199268
v -0.21954751 0.36528844 -0.0199268
v -0.18890388 0.4143355 -0.00445421
v -0.14421375 0.40147022 -0.0199268
v -0.17550657 0.38644043 -0.0199268
v -0.14486293 0.43548794 -0.00445421
v -0.1001728 0.42262224 -0.0199268
v -0.13146519 0.40759287 -0.0199268
v -0.10082156 0.45664036 -0.00445421
v -0.05613143 0.44377465 -0.0199268
v -0.10661558 0.4591525 -0
v -0.11019604 0.46660734 -0
v -0.08742425 0.42874528 -0.0199268
v -0.05678062 0.47779277 -0.00445421
v -0.01209048 0.46492707 -0.0199268
v -0.04338288 0.4498977 -0.0199268
v -0.01273925 0.49894479 -0.00445421
v 0.03195089 0.48607953 -0.0199268
v 0.00065807 0.47105016 -0.0199268
v 0.0313017 0.5200972 -0.00445421
v 0.07599183 0.50723149 -0.0199268
v 0.04469944 0.49220212 -0.0199268
v 0.07534307 0.54124962 -0.00445421
v 0.1200332 0.52838436 -0.0199268
v 0.06954905 0.5437618 -0
v 0.06596817 0.55121705 -0
v 0.08874039 0.51335459 -0.0199268
v 0.11938401 0.56240208 -0.00445421
v 0.16407415 0.54953637 -0.0199268
v 0.13278175 0.534507 -0.0199268
v 0.16342539 0.5835545 -0.00445421
v 0.20811551 0.57068879 -0.0199268
v 0.1768227 0.55565942 -0.0199268
v 0.20746676 0.60470651 -0.00445421
v 0.25215688 0.5918412 -0.0199268
v 0.22086408 0.57681143 -0.0199268
v 0.25150769 0.62585892 -0.00445421
v 0.29619784 0.61299322 -0.0199268
v 0.24571369 0.62837106 -0
v 0.24213323 0.63582636 -0
v 0.26490502 0.59796385 -0.0199268
v 0.29554909 0.64701134 -0.00445421
v 0.34023921 0.63414563 -0.0199268
v 0.30894638 0.61911626 -0.0199268
v 0.33959002 0.66816375 -0.00445421
v 0.38428014 0.6552981 -0.0199268
v 0.35298775 0.64026873 -0.0199268
v 0.38363139 0.68931622 -0.00445421
v 0.42832153 0.67645051 -0.0199268
v 0.37783736 0.69182795 -0
v 0.3742565 0.6992836 -0
v 0.39702871 0.66142114 -0.0199268
v 0.42767278 0.71046823 -0.00445421
v 0.47236245 0.69760293 -0.0199268
v 0.44106967 0.68257356 -0.0199268
v 0.47171369 0.73162065 -0.00445421
v 0.51640386 0.71875534 -0.0199268
v 0.48511104 0.70372597 -0.0199268
v 0.51575465 0.75277306 -0.00445421
v 0.56044477 0.73990781 -0.0199268
v 0.52915195 0.72487799 -0.0199268
v 0.55979602 0.77392548 -0.00445421
v 0.60448614 0.76105977 -0.0199268
v 0.57319331 0.7460304 -0.0199268
v 0.60383698 0.79507749 -0.00445421
v 0.6485271 0.78221223 -0.0199268
v 0.61723428 0.76718287 -0.0199268
v 0.64787835 0.8162299 -0.00445421
v 0.69256847 0.80336465 -0.0199268
v 0.66127564 0.78833528 -0.0199268
v 0.69191931 0.83738237 -0.00445421
v 0.73660943 0.82451706 -0.0199268
v 0.70531701 0.8094877 -0.0199268
v 0.73596067 0.85853478 -0.00445421
v 0.78065079 0.84566908 -0.0199268
v 0.74935797 0.83063971 -0.0199268
v 0.78303946 0.88692545 -0.00184944
v 0.81433229 0.90195482 -0.00184944
v 0.82772958 0.87405985 -0.01732202
v -2.67021306 -0.77162312 0.00184944
v -2.70150598 -0.78665204 0.00184944
v -2.68810859 -0.81454711 0.01732202
v 0.83158662 0.86602976 -0.01254978
v 0.83158662 0.86602976 0.01764091
v 0.80105675 0.85136671 0.01764091
v -2.67819575 -0.81966829 -0.01764091
v -2.64766552 -0.8050056 -0.01764091
v -2.64766593 -0.8050056 0.0125502
v -2.63415399 -0.79851628 -0.01764091
v -2.60362456 -0.78385313 -0.01764091
v -2.60362456 -0.78385313 0.0125502
v -2.59011302 -0.77736386 -0.01764091
v -2.5595832 -0.76270117 -0.01764091
v -2.5595832 -0.76270117 0.0125502
v -2.51554183 -0.7415487 -0.0125502
v -2.51554183 -0.7415487 0.01764091
v -2.54607246 -0.75621185 0.01764091
v -2.5020307 -0.73505943 -0.01764091
v -2.47150087 -0.72039588 -0.01764091
v -2.47150087 -0.72039588 0.0125502
v -2.45798973 -0.71390697 -0.01764091
v -2.4274595 -0.69924387 -0.01764091
v -2.4274595 -0.69924387 0.0125502
v -2.41394877 -0.69275455 -0.01764091
v -2.38341854 -0.67809146 -0.01764091
v -2.38341854 -0.67809146 0.0125502
v -2.36990781 -0.67160214 -0.01764091
v -2.33937758 -0.65693899 -0.01764091
v -2.33937758 -0.65693899 0.0125502
v -2.32586604 -0.65044972 -0.01764091
v -2.29533621 -0.63578658 -0.01764091
v -2.29533662 -0.63578703 0.0125502
v -2.28182508 -0.62929726 -0.01764091
v -2.25129485 -0.61463416 -0.01764091
v -2.25129525 -0.61463457 0.0125502
v -2.23778371 -0.60814484 -0.01764091
v -2.20725429 -0.59348215 -0.01764091
v -2.20725429 -0.59348215 0.0125502
v -2.16321252 -0.57232974 -0.0125502
v -2.16321252 -0.57232974 0.01764091
v -2.19374336 -0.58699328 0.01764091
v -2.14970138 -0.56584042 -0.01764091
v -2.11917156 -0.55117732 -0.01764091
v -2.11917156 -0.55117772 0.0125502
v -2.10566002 -0.544688 -0.01764091
v -2.0751306 -0.53002531 -0.01764091
v -2.0751306 -0.53002531 0.0125502
v -2.06161926 -0.52353558 -0.01764091
v -2.03108923 -0.50887289 -0.01764091
v -2.03108923 -0.50887289 0.0125502
v -1.98704786 -0.48772043 -0.0125502
v -1.98704786 -0.48772043 0.01764091
v -2.0175787 -0.50238357 0.01764091
v -1.97353693 -0.48123116 -0.01764091
v -1.9430069 -0.46656801 -0.01764091
v -1.94300731 -0.46656801 0.0125502
v -1.92949557 -0.46007869 -0.01764091
v -1.89896554 -0.4454156 -0.01764091
v -1.89896554 -0.4454156 0.0125502
v -1.8854546 -0.43892628 -0.01764091
v -1.85492518 -0.42426318 -0.01764091
v -1.85492518 -0.42426318 0.0125502
v -1.81088381 -0.40311117 -0.0125502
v -1.81088381 -0.40311117 0.01764091
v -1.84141364 -0.41777429 0.01764091
v -1.76684285 -0.38195873 -0.0125502
v -1.76684285 -0.38195873 0.01764091
v -1.79737228 -0.39662185 0.01764091
v -1.72280149 -0.36080631 -0.0125502
v -1.72280149 -0.36080631 0.01764091
v -1.75333172 -0.37546944 0.01764091
v -1.67876002 -0.3396543 -0.0125502
v -1.67876002 -0.3396543 0.01764091
v -1.70929035 -0.35431742 0.01764091
v -1.63471906 -0.31850146 -0.0125502
v -1.63471906 -0.31850189 0.01764091
v -1.66524848 -0.33316498 0.01764091
v -1.59067769 -0.29734945 -0.0125502
v -1.59067769 -0.29734945 0.01764091
v -1.62120762 -0.31201257 0.01764091
v -1.54663673 -0.27619703 -0.0125502
v -1.54663673 -0.27619703 0.01764091
v -1.57716625 -0.29086015 0.01764091
v -1.50259536 -0.25504459 -0.0125502
v -1.50259536 -0.25504459 0.01764091
v -1.53312529 -0.26970771 0.01764091
v -1.4585544 -0.23389218 -0.0125502
v -1.4585544 -0.23389261 0.01764091
v -1.48908433 -0.2485553 0.01764091
v -1.41451304 -0.21273974 -0.0125502
v -1.41451304 -0.21274016 0.01764091
v -1.44504337 -0.22740329 0.01764091
v -1.37047218 -0.19158774 -0.0125502
v -1.37047218 -0.19158774 0.01764091
v -1.4010016 -0.20625086 0.01764091
v -1.32643081 -0.17043531 -0.0125502
v -1.32643081 -0.17043531 0.01764091
v -1.35696064 -0.18509843 0.01764091
v -1.28238985 -0.14928288 -0.0125502
v -1.28238985 -0.14928288 0.01764091
v -1.31291927 -0.163946 0.01764091
v -1.23834848 -0.12813045 -0.0125502
v -1.23834848 -0.12813045 0.01764091
v -1.26887831 -0.14279357 0.01764091
v -1.19430752 -0.10697804 -0.0125502
v -1.19430752 -0.10697804 0.01764091
v -1.22483735 -0.12164157 0.01764091
v -1.15026615 -0.0858256 -0.0125502
v -1.15026615 -0.0858256 0.01764091
v -1.18079598 -0.10048873 0.01764091
v -1.10622519 -0.06467318 -0.0125502
v -1.10622519 -0.06467318 0.01764091
v -1.13675502 -0.07933672 0.01764091
v -1.06218383 -0.04352118 -0.0125502
v -1.06218383 -0.04352118 0.01764091
v -1.09271365 -0.05818429 0.01764091
v -1.01814286 -0.02236875 -0.0125502
v -1.01814286 -0.02236875 0.01764091
v -1.04867229 -0.03703187 0.01764091
v -0.9741015 -0.00121632 -0.0125502
v -0.9741015 -0.00121632 0.01764091
v -1.00463132 -0.01587944 0.01764091
v -0.93006054 0.01993568 -0.0125502
v -0.93006054 0.01993568 0.01764091
v -0.96058996 0.00527299 0.01764091
v -0.88601917 0.04108811 -0.0125502
v -0.88601917 0.04108811 0.01764091
v -0.9165491 0.02642499 0.01764091
v -0.8419778 0.06224053 -0.0125502
v -0.8419778 0.06224053 0.01764091
v -0.87250814 0.04757742 0.01764091
v -0.79793684 0.08339296 -0.0125502
v -0.79793684 0.08339296 0.01764091
v -0.82846672 0.06872985 0.01764091
v -0.75389593 0.10454539 -0.0125502
v -0.75389593 0.10454497 0.01764091
v -0.78442535 0.08988227 0.01764091
v -0.70985457 0.12569739 -0.0125502
v -0.70985457 0.12569739 0.01764091
v -0.74038439 0.1110347 0.01764091
v -0.6658136 0.14684982 -0.0125502
v -0.6658136 0.14684982 0.01764091
v -0.69634303 0.13218713 0.01764091
v -0.62177224 0.16800225 -0.0125502
v -0.62177224 0.16800225 0.01764091
v -0.65230211 0.15333913 0.01764091
v -0.57773087 0.18915468 -0.0125502
v -0.57773087 0.18915468 0.01764091
v -0.60826075 0.17449156 0.01764091
v -0.53368991 0.2103071 -0.0125502
v -0.53368951 0.2103071 0.01764091
v -0.56421979 0.19564398 0.01764091
v -0.48964854 0.23145952 -0.0125502
v -0.48964854 0.23145952 0.01764091
v -0.52017842 0.2167964 0.01764091
v -0.44560758 0.25261153 -0.0125502
v -0.44560718 0.25261153 0.01764091
v -0.47613746 0.23794884 0.01764091
v -0.40156622 0.27376395 -0.0125502
v -0.40156622 0.27376395 0.01764091
v -0.43209609 0.25910083 0.01764091
v -0.35752528 0.29491639 -0.0125502
v -0.35752485 0.29491639 0.01764091
v -0.38805473 0.2802537 0.01764091
v -0.31348391 0.3160688 -0.0125502
v -0.31348391 0.3160688 0.01764091
v -0.34401379 0.30140568 0.01764091
v -0.26944298 0.33722124 -0.0125502
v -0.26944298 0.33722124 0.01764091
v -0.2999724 0.32255812 0.01764091
v -0.22540159 0.35837323 -0.0125502
v -0.22540159 0.35837323 0.01764091
v -0.25593103 0.34371054 0.01764091
v -0.18136065 0.37952567 -0.0125502
v -0.18136065 0.37952567 0.01764091
v -0.2118901 0.36486255 0.01764091
v -0.13731928 0.40067808 -0.0125502
v -0.13731928 0.40067808 0.01764091
v -0.16784915 0.38601539 0.01764091
v -0.09327791 0.42183053 -0.0125502
v -0.09327791 0.42183053 0.01764091
v -0.12380778 0.4071674 0.01764091
v -0.04923696 0.44298297 -0.0125502
v -0.04923696 0.44298297 0.01764091
v -0.07976683 0.42831982 0.01764091
v -0.00519559 0.46413538 -0.0125502
v -0.00519559 0.46413538 0.01764091
v -0.03572546 0.44947224 0.01764091
v 0.03884535 0.48528739 -0.0125502
v 0.03884578 0.4852878 0.01764091
v 0.00831549 0.4706247 0.01764091
v 0.08288673 0.50643981 -0.0125502
v 0.08288673 0.50643981 0.01764091
v 0.05235685 0.49177666 0.01764091
v 0.12692767 0.52759222 -0.0125502
v 0.12692767 0.52759222 0.01764091
v 0.0963978 0.51292913 0.01764091
v 0.17096904 0.54874464 -0.0125502
v 0.17096904 0.54874464 0.01764091
v 0.14043918 0.53408154 0.01764091
v 0.21500998 0.56989665 -0.0125502
v 0.21500998 0.56989665 0.01764091
v 0.18448011 0.55523396 0.01764091
v 0.25905137 0.59104906 -0.0125502
v 0.25905137 0.59104906 0.01764091
v 0.22852149 0.57638637 0.01764091
v 0.30309231 0.61220153 -0.0125502
v 0.30309231 0.61220153 0.01764091
v 0.27256243 0.59753838 0.01764091
v 0.34713367 0.63335395 -0.0125502
v 0.34713367 0.63335395 0.01764091
v 0.31660379 0.6186908 0.01764091
v 0.39117463 0.65450636 -0.0125502
v 0.39117463 0.65450636 0.01764091
v 0.36064476 0.63984327 0.01764091
v 0.435216 0.67565878 -0.0125502
v 0.435216 0.67565878 0.01764091
v 0.40468612 0.66099568 0.01764091
v 0.47925696 0.69681124 -0.0125502
v 0.47925696 0.69681124 0.01764091
v 0.44872708 0.6821481 0.01764091
v 0.52329833 0.7179632 -0.0125502
v 0.52329833 0.7179632 0.01764091
v 0.49276845 0.70330051 0.01764091
v 0.56733924 0.73911567 -0.0125502
v 0.56733924 0.73911567 0.01764091
v 0.53680981 0.72445252 0.01764091
v 0.6113806 0.76026808 -0.0125502
v 0.6113806 0.76026808 0.01764091
v 0.58085078 0.74560494 0.01764091
v 0.65542157 0.7814205 -0.0125502
v 0.65542157 0.7814205 0.01764091
v 0.62489214 0.7667574 0.01764091
v 0.69946293 0.80257291 -0.01254978
v 0.69946293 0.80257291 0.01764091
v 0.66893305 0.78790982 0.01764091
v 0.74350389 0.82372493 -0.01254978
v 0.74350389 0.82372493 0.01764091
v 0.71297402 0.80906223 0.01764091
v 0.78754526 0.84487734 -0.01254978
v 0.78754526 0.84487734 0.01764091
v 0.75701538 0.83021425 0.01764091
v 0.80903899 0.89941274 0.00184944
v 0.77774617 0.88438337 0.00184944
v 0.79114392 0.85648829 0.01732202
v 0.78368862 0.85290733 0.01732202
v 0.77029092 0.88080241 0.00184944
v 0.7389981 0.86577304 0.00184944
v 0.73964726 0.83175496 0.01732202
v 0.72624996 0.85964999 0.00184944
v 0.69495714 0.84462067 0.00184944
v 0.6769153 0.83595539 0.00184944
v 0.64562288 0.82092602 0.00184944
v 0.65902022 0.79303099 0.01732202
v 0.63287434 0.81480297 0.00184944
v 0.60158151 0.79977361 0.00184944
v 0.61497926 0.77187898 0.01732202
v 0.58883297 0.79365096 0.00184944
v 0.5575406 0.77862159 0.00184944
v 0.5709379 0.75072657 0.01732202
v 0.54479201 0.77249855 0.00184944
v 0.51349923 0.75746918 0.00184944
v 0.52689653 0.7295741 0.01732202
v 0.50075064 0.75134613 0.00184944
v 0.46945782 0.73631676 0.00184944
v 0.48285557 0.70842169 0.01732202
v 0.45670973 0.73019372 0.00184944
v 0.42541731 0.71516435 0.00184944
v 0.43881466 0.68726927 0.01732202
v 0.41266834 0.70904171 0.00184944
v 0.38137594 0.69401188 0.00184944
v 0.39477326 0.66611726 0.01732202
v 0.387318 0.6625364 0.01732202
v 0.37392027 0.69043143 0.00184944
v 0.34262787 0.67540206 0.00184944
v 0.32458604 0.66673682 0.00184944
v 0.29329364 0.65170746 0.00184944
v 0.30669094 0.62381243 0.01732202
v 0.28054508 0.64558441 0.00184944
v 0.24925225 0.63055504 0.00184944
v 0.26265 0.60265996 0.01732202
v 0.25519473 0.59907951 0.01732202
v 0.24179701 0.62697418 0.00184944
v 0.2105046 0.61194481 0.00184944
v 0.19246276 0.60327958 0.00184944
v 0.16116995 0.58825021 0.00184944
v 0.17456768 0.56035554 0.01732202
v 0.14842139 0.58212711 0.00184944
v 0.117129 0.56709774 0.00184944
v 0.13052631 0.53920312 0.01732202
v 0.10438045 0.56097515 0.00184944
v 0.07308763 0.54594578 0.00184944
v 0.08648494 0.51805071 0.01732202
v 0.0790301 0.5144698 0.01732202
v 0.06563236 0.54236487 0.00184944
v 0.03433955 0.5273355 0.00184944
v 0.03498873 0.49331783 0.01732202
v 0.021591 0.52121246 0.00184944
v -0.0097014 0.50618309 0.00184944
v -0.02774324 0.49751786 0.00184944
v -0.05903605 0.48248849 0.00184944
v -0.04563832 0.45459341 0.01732202
v -0.07178419 0.47636584 0.00184944
v -0.103077 0.46133607 0.00184944
v -0.08967969 0.4334414 0.01732202
v -0.09713495 0.42986054 0.01732202
v -0.11053227 0.45775562 0.00184944
v -0.14182509 0.44272625 0.00184944
v -0.14117591 0.40870853 0.01732202
v -0.15457363 0.43660315 0.00184944
v -0.18586603 0.42157381 0.00184944
v -0.20390787 0.41290857 0.00184944
v -0.23520068 0.3978792 0.00184944
v -0.22180295 0.36998456 0.01732202
v -0.24794882 0.39175613 0.00184944
v -0.27924164 0.37672676 0.00184944
v -0.26584432 0.34883171 0.01732202
v -0.29199018 0.37060412 0.00184944
v -0.32328301 0.35557435 0.00184944
v -0.30988528 0.3276797 0.01732202
v -0.33603114 0.34945128 0.00184944
v -0.36732394 0.33442234 0.00184944
v -0.35392665 0.30652726 0.01732202
v -0.38007251 0.32829929 0.00184944
v -0.41136533 0.31326949 0.00184944
v -0.39796758 0.28537485 0.01732202
v -0.42411385 0.30714685 0.00184944
v -0.45540627 0.29211748 0.00184944
v -0.44200852 0.26422243 0.01732202
v -0.44946422 0.26064197 0.01732202
v -0.46286151 0.28853662 0.00184944
v -0.49415434 0.27350725 0.00184944
v -0.51219618 0.264842 0.00184944
v -0.543489 0.24981263 0.00184944
v -0.53009125 0.22191798 0.01732202
v -0.55623714 0.24368958 0.00184944
v -0.58752996 0.22866021 0.00184944
v -0.57413221 0.20076556 0.01732202
v -0.6002785 0.22253757 0.00184944
v -0.63157093 0.2075082 0.00184944
v -0.61817318 0.17961314 0.01732202
v -0.62562887 0.17603226 0.01732202
v -0.63902617 0.20392733 0.00184944
v -0.670319 0.18889796 0.00184944
v -0.66967024 0.15488025 0.01732202
v -0.68306754 0.1827749 0.00184944
v -0.71436036 0.16774553 0.00184944
v -0.73240179 0.15908029 0.00184944
v -0.76369457 0.14405134 0.00184944
v -0.75029687 0.11615628 0.01732202
v -0.77644316 0.13792829 0.00184944
v -0.80773553 0.1228985 0.00184944
v -0.79433824 0.09500385 0.01732202
v -0.82048407 0.11677586 0.00184944
v -0.8517769 0.1017465 0.00184944
v -0.83837915 0.07385143 0.01732202
v -0.86452544 0.09562343 0.00184944
v -0.89581786 0.08059407 0.00184944
v -0.88242056 0.052699 0.01732202
v -0.9085664 0.07447101 0.00184944
v -0.93985923 0.05944164 0.00184944
v -0.92646153 0.03154657 0.01732202
v -0.95260777 0.05331858 0.00184944
v -0.98390059 0.03828921 0.00184944
v -0.97050289 0.01039457 0.01732202
v -0.99664873 0.03216615 0.00184944
v -1.02794155 0.01713679 0.00184944
v -1.01454426 -0.01075786 0.01732202
v -1.04069009 0.01101373 0.00184944
v -1.07198292 -0.00401564 0.00184944
v -1.05858522 -0.03191028 0.01732202
v -1.08473146 -0.01013828 0.00184944
v -1.11602388 -0.02516765 0.00184944
v -1.10262658 -0.05306271 0.01732202
v -1.12877242 -0.0312907 0.00184944
v -1.16006525 -0.04632007 0.00184944
v -1.14666745 -0.07421514 0.01732202
v -1.17281379 -0.05244313 0.00184944
v -1.20410621 -0.0674725 0.00184944
v -1.19070881 -0.09536757 0.01732202
v -1.21685475 -0.07359556 0.00184944
v -1.24814707 -0.0886245 0.00184944
v -1.23474977 -0.11651957 0.01732202
v -1.26089611 -0.09474756 0.00184944
v -1.29218854 -0.10977693 0.00184944
v -1.27879114 -0.137672 0.01732202
v -1.30493708 -0.11590041 0.00184944
v -1.3362299 -0.13092936 0.00184944
v -1.3228321 -0.15882442 0.01732202
v -1.34897844 -0.13705242 0.00184944
v -1.38027076 -0.15208179 0.00184944
v -1.36687306 -0.17997685 0.01732202
v -1.37432871 -0.18355772 0.01732202
v -1.38772611 -0.15566266 0.00184944
v -1.41901893 -0.17069203 0.00184944
v -1.43706077 -0.17935727 0.00184944
v -1.46835309 -0.19438663 0.00184944
v -1.4549558 -0.22228128 0.01732202
v -1.48110163 -0.2005097 0.00184944
v -1.51239446 -0.21553907 0.00184944
v -1.49899716 -0.24343412 0.01732202
v -1.525143 -0.22166212 0.00184944
v -1.55643542 -0.23669106 0.00184944
v -1.54303812 -0.26458613 0.01732202
v -1.56918436 -0.24281413 0.00184944
v -1.60047678 -0.2578435 0.00184944
v -1.58707909 -0.28573855 0.01732202
v -1.61322532 -0.26396654 0.00184944
v -1.64451775 -0.27899591 0.00184944
v -1.63112045 -0.30689099 0.01732202
v -1.65726669 -0.28511898 0.00184944
v -1.68855911 -0.30014835 0.00184944
v -1.67516141 -0.3280434 0.01732202
v -1.70130765 -0.3062714 0.00184944
v -1.73260058 -0.32130077 0.00184944
v -1.71920278 -0.34919542 0.01732202
v -1.74534861 -0.32742384 0.00184944
v -1.77664154 -0.34245278 0.00184944
v -1.76324414 -0.37034786 0.01732202
v -1.78938998 -0.34857583 0.00184944
v -1.82068291 -0.36360519 0.00184944
v -1.80728511 -0.39150027 0.01732202
v -1.83343094 -0.36972827 0.00184944
v -1.86472367 -0.38475764 0.00184944
v -1.85132647 -0.41265269 0.01732202
v -1.87747231 -0.39088068 0.00184944
v -1.90876564 -0.40591005 0.00184944
v -1.89536784 -0.4338051 0.01732202
v -1.92151367 -0.41203269 0.00184944
v -1.95280599 -0.42706249 0.00184944
v -1.9394088 -0.45495711 0.01732202
v -1.96555464 -0.43318513 0.00184944
v -1.99684736 -0.44821491 0.00184944
v -2.00038557 -0.45039888 -0
v -2.00396653 -0.44294319 -0
v -1.98345017 -0.47610958 0.01732202
v -1.9909045 -0.47969044 0.01732202
v -2.0043027 -0.45179536 0.00184944
v -2.03559543 -0.46682513 0.00184944
v -2.05363696 -0.47548996 0.00184944
v -2.08493009 -0.49051933 0.00184944
v -2.0715329 -0.51841441 0.01732202
v -2.09767833 -0.49664238 0.00184944
v -2.12897065 -0.51167175 0.00184944
v -2.11557346 -0.53956682 0.01732202
v -2.14171929 -0.51779484 0.00184944
v -2.17301202 -0.53282421 0.00184944
v -2.15961442 -0.56071884 0.01732202
v -2.18576066 -0.53894726 0.00184944
v -2.21705298 -0.55397617 0.00184944
v -2.20365578 -0.5818717 0.01732202
v -2.22980162 -0.56009927 0.00184944
v -2.26109475 -0.57512904 0.00184944
v -2.24769715 -0.60302412 0.01732202
v -2.27384339 -0.58125169 0.00184944
v -2.30513611 -0.59628146 0.00184944
v -2.29173851 -0.62417654 0.01732202
v -2.31788435 -0.6024041 0.00184944
v -2.34917707 -0.61743347 0.00184944
v -2.33577988 -0.64532855 0.01732202
v -2.36192531 -0.62355652 0.00184944
v -2.39321804 -0.63858548 0.00184944
v -2.37982084 -0.66648096 0.01732202
v -2.40596628 -0.64470898 0.00184944
v -2.437259 -0.6597379 0.00184944
v -2.42386221 -0.68763297 0.01732202
v -2.45000804 -0.6658614 0.00184944
v -2.48129996 -0.68089077 0.00184944
v -2.46790317 -0.70878539 0.01732202
v -2.4940486 -0.68701341 0.00184944
v -2.52534133 -0.70204232 0.00184944
v -2.51194393 -0.7299378 0.01732202
v -2.53808997 -0.70816582 0.00184944
v -2.56938229 -0.7231956 0.00184944
v -2.55598489 -0.75109027 0.01732202
v -2.58213093 -0.72931824 0.00184944
v -2.61342406 -0.74434806 0.00184944
v -2.60002686 -0.77224269 0.01732202
v -2.6261723 -0.75047065 0.00184944
v -2.65746502 -0.76550002 0.00184944
v -2.64406762 -0.7933951 0.01732202
v -2.68810859 -0.81454711 -0.01732202
v -2.70150598 -0.78665204 -0.00184944
v -2.67021306 -0.77162312 -0.00184944
v -2.64406722 -0.7933947 -0.01732202
v -2.65746502 -0.76550002 -0.00184944
v -2.6261723 -0.75047065 -0.00184944
v -2.60002585 -0.77224228 -0.01732202
v -2.61342406 -0.74434806 -0.00184944
v -2.58213093 -0.72931824 -0.00184944
v -2.5640894 -0.72065301 -0.00184944
v -2.53279667 -0.70562364 -0.00184944
v -2.51939887 -0.73351826 -0.01732202
v -2.51194393 -0.7299378 -0.01732202
v -2.52534133 -0.70204232 -0.00184944
v -2.4940486 -0.68701341 -0.00184944
v -2.46790216 -0.70878539 -0.01732202
v -2.48129996 -0.68089077 -0.00184944
v -2.45000804 -0.6658614 -0.00184944
v -2.4238612 -0.68763297 -0.01732202
v -2.437259 -0.6597379 -0.00184944
v -2.40596628 -0.64470898 -0.00184944
v -2.37982084 -0.66648096 -0.01732202
v -2.39321804 -0.63858548 -0.00184944
v -2.36192531 -0.62355652 -0.00184944
v -2.33577948 -0.64532855 -0.01732202
v -2.34917707 -0.61743347 -0.00184944
v -2.31788435 -0.6024041 -0.00184944
v -2.29173811 -0.62417613 -0.01732202
v -2.30513611 -0.59628146 -0.00184944
v -2.27384339 -0.58125169 -0.00184944
v -2.24769715 -0.60302412 -0.01732202
v -2.26109475 -0.57512904 -0.00184944
v -2.22980162 -0.56009927 -0.00184944
v -2.21176008 -0.55143444 -0.00184944
v -2.18046736 -0.53640467 -0.00184944
v -2.16706916 -0.56429929 -0.01732202
v -2.15961442 -0.56071884 -0.01732202
v -2.17301202 -0.53282421 -0.00184944
v -2.14171929 -0.51779484 -0.00184944
v -2.11557305 -0.53956682 -0.01732202
v -2.12897065 -0.51167175 -0.00184944
v -2.09767833 -0.49664238 -0.00184944
v -2.07153209 -0.51841441 -0.01732202
v -2.08493009 -0.49051933 -0.00184944
v -2.05363696 -0.47548996 -0.00184944
v -2.03559543 -0.46682513 -0.00184944
v -2.0043027 -0.45179536 -0.00184944
v -1.9909045 -0.47969044 -0.01732202
v -1.98345017 -0.47610958 -0.01732202
v -1.99684736 -0.44821491 -0.00184944
v -1.96555464 -0.43318513 -0.00184944
v -1.9394084 -0.45495711 -0.01732202
v -1.95280599 -0.42706249 -0.00184944
v -1.92151367 -0.41203269 -0.00184944
v -1.89536743 -0.4338047 -0.01732202
v -1.90876564 -0.40591005 -0.00184944
v -1.87747231 -0.39088068 -0.00184944
v -1.85943037 -0.38221545 -0.00184944
v -1.82813765 -0.36718608 -0.00184944
v -1.81474025 -0.39508116 -0.01732202
v -1.81538961 -0.36106303 -0.00184944
v -1.78409668 -0.34603367 -0.00184944
v -1.77069949 -0.37392872 -0.01732202
v -1.77134824 -0.33991102 -0.00184944
v -1.74005532 -0.32488165 -0.00184944
v -1.72665792 -0.3527763 -0.01732202
v -1.72730728 -0.31875858 -0.00184944
v -1.69601476 -0.30372881 -0.00184944
v -1.68261706 -0.33162386 -0.01732202
v -1.68326582 -0.29760617 -0.00184944
v -1.65197339 -0.2825768 -0.00184944
v -1.63857569 -0.31047145 -0.01732202
v -1.63922485 -0.27645373 -0.00184944
v -1.60793203 -0.26142438 -0.00184944
v -1.59453433 -0.28931901 -0.01732202
v -1.59518349 -0.25530131 -0.00184944
v -1.56389117 -0.24027194 -0.00184944
v -1.55049337 -0.26816702 -0.01732202
v -1.55114212 -0.2341489 -0.00184944
v -1.5198498 -0.21911993 -0.00184944
v -1.506452 -0.24701458 -0.01732202
v -1.50710116 -0.21299688 -0.00184944
v -1.47580884 -0.19796752 -0.00184944
v -1.46241104 -0.22586216 -0.01732202
v -1.46305979 -0.19184446 -0.00184944
v -1.43176788 -0.17681509 -0.00184944
v -1.41836967 -0.20470974 -0.01732202
v -1.41901893 -0.17069203 -0.00184944
v -1.38772611 -0.15566266 -0.00184944
v -1.37432871 -0.18355731 -0.01732202
v -1.37497757 -0.1495396 -0.00184944
v -1.34368515 -0.13451023 -0.00184944
v -1.33028735 -0.16240488 -0.01732202
v -1.33093661 -0.12838717 -0.00184944
v -1.29964418 -0.1133578 -0.00184944
v -1.28624648 -0.14125287 -0.01732202
v -1.28689524 -0.10723517 -0.00184944
v -1.25560322 -0.0922058 -0.00184944
v -1.24220512 -0.12010044 -0.01732202
v -1.24285428 -0.08608232 -0.00184944
v -1.21156145 -0.07105338 -0.00184944
v -1.19816416 -0.09894802 -0.01732202
v -1.19881291 -0.0649299 -0.00184944
v -1.16752049 -0.04990095 -0.00184944
v -1.15412279 -0.07779559 -0.01732202
v -1.15477195 -0.04377789 -0.00184944
v -1.12347912 -0.02874852 -0.00184944
v -1.11008183 -0.05664316 -0.01732202
v -1.11073058 -0.02262546 -0.00184944
v -1.07943816 -0.0075961 -0.00184944
v -1.06604046 -0.03549116 -0.01732202
v -1.06668962 -0.00147304 -0.00184944
v -1.0353968 0.01355633 -0.00184944
v -1.0219995 -0.01433874 -0.01732202
v -1.02264826 0.01967897 -0.00184944
v -0.99135543 0.03470876 -0.00184944
v -0.97795814 0.00681369 -0.01732202
v -0.97860729 0.0408314 -0.00184944
v -0.94731447 0.05586076 -0.00184944
v -0.93391717 0.02796612 -0.01732202
v -0.93456593 0.06198382 -0.00184944
v -0.90327351 0.07701319 -0.00184944
v -0.88987581 0.04911854 -0.01732202
v -0.89052497 0.08313625 -0.00184944
v -0.85923214 0.09816562 -0.00184944
v -0.84583485 0.07027097 -0.01732202
v -0.8464836 0.10428868 -0.00184944
v -0.81519123 0.11931804 -0.00184944
v -0.80179348 0.09142297 -0.01732202
v -0.80244269 0.1254411 -0.00184944
v -0.77114986 0.14047004 -0.00184944
v -0.75775252 0.1125754 -0.01732202
v -0.75840132 0.14659353 -0.00184944
v -0.7271085 0.1616229 -0.00184944
v -0.71371115 0.13372782 -0.01732202
v -0.71436036 0.16774553 -0.00184944
v -0.68306754 0.1827749 -0.00184944
v -0.66967024 0.15488025 -0.01732202
v -0.670319 0.18889796 -0.00184944
v -0.63902617 0.20392733 -0.00184944
v -0.62562887 0.17603226 -0.01732202
v -0.62627803 0.21005039 -0.00184944
v -0.59498521 0.22507975 -0.00184944
v -0.58158791 0.19718469 -0.01732202
v -0.58223667 0.2312028 -0.00184944
v -0.55094384 0.24623217 -0.00184944
v -0.53754655 0.21833712 -0.01732202
v -0.53819571 0.25235481 -0.00184944
v -0.50690288 0.26738418 -0.00184944
v -0.49350558 0.23948953 -0.01732202
v -0.49415434 0.27350725 -0.00184944
v -0.46286151 0.28853662 -0.00184944
v -0.44946422 0.26064197 -0.01732202
v -0.45011343 0.29465967 -0.00184944
v -0.41882058 0.30968904 -0.00184944
v -0.40542328 0.28179396 -0.01732202
v -0.40607204 0.31581208 -0.00184944
v -0.37477921 0.33084145 -0.00184944
v -0.36138192 0.3029464 -0.01732202
v -0.3620311 0.33696452 -0.00184944
v -0.33073828 0.35199389 -0.00184944
v -0.31734095 0.32409882 -0.01732202
v -0.31798971 0.35811694 -0.00184944
v -0.28669691 0.37314631 -0.00184944
v -0.27329959 0.34525126 -0.01732202
v -0.27394877 0.37926895 -0.00184944
v -0.24265595 0.39429832 -0.00184944
v -0.22925822 0.36640367 -0.01732202
v -0.22990741 0.40042139 -0.00184944
v -0.19861458 0.41545073 -0.00184944
v -0.18521727 0.38755568 -0.01732202
v -0.18586603 0.42157381 -0.00184944
v -0.15457363 0.43660315 -0.00184944
v -0.14117591 0.4087081 -0.01732202
v -0.14182509 0.44272625 -0.00184944
v -0.11053227 0.45775562 -0.00184944
v -0.09713495 0.42986054 -0.01732202
v -0.09778371 0.46387866 -0.00184944
v -0.06649132 0.47890803 -0.00184944
v -0.05309359 0.45101295 -0.01732202
v -0.05374277 0.48503067 -0.00184944
v -0.02244995 0.50006004 -0.00184944
v -0.00905264 0.47216537 -0.01732202
v -0.0097014 0.50618309 -0.00184944
v 0.021591 0.52121246 -0.00184944
v 0.03498873 0.49331738 -0.01732202
v 0.03433955 0.5273355 -0.00184944
v 0.06563236 0.54236487 -0.00184944
v 0.07902968 0.51447025 -0.01732202
v 0.07838092 0.54848792 -0.00184944
v 0.10967331 0.56351729 -0.00184944
v 0.12307105 0.53562226 -0.01732202
v 0.12242187 0.56963993 -0.00184944
v 0.15371468 0.58466975 -0.00184944
v 0.167112 0.55677468 -0.01732202
v 0.16646323 0.5907924 -0.00184944
v 0.19775606 0.60582217 -0.00184944
v 0.21115337 0.57792709 -0.01732202
v 0.21050418 0.61194481 -0.00184944
v 0.24179701 0.62697418 -0.00184944
v 0.25519473 0.59907951 -0.01732202
v 0.25454555 0.63309723 -0.00184944
v 0.28583794 0.6481266 -0.00184944
v 0.29923569 0.62023197 -0.01732202
v 0.29858648 0.65424964 -0.00184944
v 0.32987931 0.66927901 -0.00184944
v 0.34327706 0.64138393 -0.01732202
v 0.34262787 0.67540206 -0.00184944
v 0.37392027 0.69043143 -0.00184944
v 0.387318 0.6625364 -0.01732202
v 0.38666881 0.69655407 -0.00184944
v 0.41796164 0.71158344 -0.00184944
v 0.43135936 0.68368881 -0.01732202
v 0.4307102 0.71770694 -0.00184944
v 0.46200257 0.7327359 -0.00184944
v 0.47540032 0.70484123 -0.01732202
v 0.47475111 0.73885895 -0.00184944
v 0.50604394 0.75388832 -0.00184944
v 0.51944169 0.72599324 -0.01732202
v 0.51879248 0.76001136 -0.00184944
v 0.5500849 0.77504073 -0.00184944
v 0.56348265 0.74714566 -0.01732202
v 0.56283344 0.78116378 -0.00184944
v 0.59412627 0.79619315 -0.00184944
v 0.60752402 0.76829807 -0.01732202
v 0.60687481 0.80231579 -0.00184944
v 0.63816763 0.81734556 -0.00184944
v 0.65156493 0.78945054 -0.01732202
v 0.65091577 0.82346821 -0.00184944
v 0.6822086 0.83849803 -0.00184944
v 0.69560629 0.81060295 -0.01732202
v 0.69495714 0.84462067 -0.00184944
v 0.72624996 0.85964999 -0.00184944
v 0.73964726 0.83175496 -0.01732202
v 0.7389981 0.86577304 -0.00184944
v 0.77029092 0.88080241 -0.00184944
v 0.78368862 0.85290733 -0.01732202
usemtl mat2
f 2648 2649 2650
f 2648 2650 2651
f 2649 2648 2652
f 2649 2652 2653
f 2649 2654 2655
f 2649 2655 2650
f 2654 2649 2653
f 2654 2653 2656
f 2654 2648 2651
f 2654 2651 2655
f 2648 2654 2656
f 2648 2656 2652
f 2657 2658 2659
f 2657 2659 2660
f 2658 2657 2661
f 2658 2661 2662
f 2658 2663 2664
f 2658 2664 2659
f 2663 2658 2662
f 2663 2662 2665
f 2663 2657 2660
f 2663 2660 2664
f 2657 2663 2665
f 2657 2665 2661
f 2666 2667 2668
f 2666 2668 2659
f 2667 2666 2662
f 2667 2662 2669
f 2667 2670 2671
f 2667 2671 2668
f 2670 2667 2669
f 2670 2669 2672
f 2670 2666 2659
f 2670 2659 2671
f 2666 2670 2672
f 2666 2672 2662
f 2673 2674 2651
f 2673 2651 2675
f 2674 2673 2676
f 2674 2676 2652
f 2674 2677 2678
f 2674 2678 2651
f 2677 2674 2652
f 2677 2652 2679
f 2677 2673 2675
f 2677 2675 2678
f 2673 2677 2679
f 2673 2679 2676
f 2680 2681 2682
f 2680 2682 2659
f 2681 2680 2662
f 2681 2662 2683
f 2681 2684 2664
f 2681 2664 2682
f 2684 2681 2683
f 2684 2683 2665
f 2684 2680 2659
f 2684 2659 2664
f 2680 2684 2665
f 2680 2665 2662
f 2685 2686 2678
f 2685 2678 2655
f 2686 2685 2656
f 2686 2656 2679
f 2686 2687 2651
f 2686 2651 2678
f 2687 2686 2679
f 2687 2679 2652
f 2687 2685 2655
f 2687 2655 2651
f 2685 2687 2652
f 2685 2652 2656
f 2688 2689 2690
f 2688 2690 2691
f 2689 2688 2692
f 2689 2692 2693
f 2689 2694 2678
f 2689 2678 2690
f 2694 2689 2693
f 2694 2693 2679
f 2694 2688 2691
f 2694 2691 2678
f 2688 2694 2679
f 2688 2679 2692
f 2695 2696 2697
f 2695 2697 2698
f 2696 2695 2699
f 2696 2699 2700
f 2696 2701 2690
f 2696 2690 2697
f 2701 2696 2700
f 2701 2700 2693
f 2701 2695 2698
f 2701 2698 2690
f 2695 2701 2693
f 2695 2693 2699
f 2702 2703 2697
f 2702 2697 2704
f 2703 2702 2705
f 2703 2705 2700
f 2703 2706 2707
f 2703 2707 2697
f 2706 2703 2700
f 2706 2700 2708
f 2706 2702 2704
f 2706 2704 2707
f 2702 2706 2708
f 2702 2708 2705
f 2709 2710 2711
f 2709 2711 2704
f 2710 2709 2705
f 2710 2705 2712
f 2710 2713 2714
f 2710 2714 2711
f 2713 2710 2712
f 2713 2712 2715
f 2713 2709 2704
f 2713 2704 2714
f 2709 2713 2715
f 2709 2715 2705
f 2716 2717 2718
f 2716 2718 2719
f 2717 2716 2720
f 2717 2720 2721
f 2717 2722 2711
f 2717 2711 2718
f 2722 2717 2721
f 2722 2721 2712
f 2722 2716 2719
f 2722 2719 2711
f 2716 2722 2712
f 2716 2712 2720
f 2723 2724 2725
f 2723 2725 2726
f 2724 2723 2727
f 2724 2727 2728
f 2724 2729 2718
f 2724 2718 2725
f 2729 2724 2728
f 2729 2728 2721
f 2729 2723 2726
f 2729 2726 2718
f 2723 2729 2721
f 2723 2721 2727
f 2730 2731 2732
f 2730 2732 2733
f 2731 2730 2734
f 2731 2734 2735
f 2731 2736 2725
f 2731 2725 2732
f 2736 2731 2735
f 2736 2735 2728
f 2736 2730 2733
f 2736 2733 2725
f 2730 2736 2728
f 2730 2728 2734
f 2737 2738 2739
f 2737 2739 2740
f 2738 2737 2741
f 2738 2741 2742
f 2738 2743 2732
f 2738 2732 2739
f 2743 2738 2742
f 2743 2742 2735
f 2743 2737 2740
f 2743 2740 2732
f 2737 2743 2735
f 2737 2735 2741
f 2744 2745 2746
f 2744 2746 2747
f 2745 2744 2748
f 2745 2748 2749
f 2745 2750 2739
f 2745 2739 2746
f 2750 2745 2749
f 2750 2749 2742
f 2750 2744 2747
f 2750 2747 2739
f 2744 2750 2742
f 2744 2742 2748
f 2751 2752 2753
f 2751 2753 2754
f 2752 2751 2755
f 2752 2755 2756
f 2752 2757 2746
f 2752 2746 2753
f 2757 2752 2756
f 2757 2756 2749
f 2757 2751 2754
f 2757 2754 2746
f 2751 2757 2749
f 2751 2749 2755
f 2758 2759 2753
f 2758 2753 2760
f 2759 2758 2761
f 2759 2761 2756
f 2759 2762 2763
f 2759 2763 2753
f 2762 2759 2756
f 2762 2756 2764
f 2762 2758 2760
f 2762 2760 2763
f 2758 2762 2764
f 2758 2764 2761
f 2765 2766 2767
f 2765 2767 2760
f 2766 2765 2761
f 2766 2761 2768
f 2766 2769 2770
f 2766 2770 2767
f 2769 2766 2768
f 2769 2768 2771
f 2769 2765 2760
f 2769 2760 2770
f 2765 2769 2771
f 2765 2771 2761
f 2772 2773 2774
f 2772 2774 2775
f 2773 2772 2776
f 2773 2776 2777
f 2773 2778 2767
f 2773 2767 2774
f 2778 2773 2777
f 2778 2777 2768
f 2778 2772 2775
f 2778 2775 2767
f 2772 2778 2768
f 2772 2768 2776
f 2779 2780 2781
f 2779 2781 2782
f 2780 2779 2783
f 2780 2783 2784
f 2780 2785 2774
f 2780 2774 2781
f 2785 2780 2784
f 2785 2784 2777
f 2785 2779 2782
f 2785 2782 2774
f 2779 2785 2777
f 2779 2777 2783
f 2786 2787 2781
f 2786 2781 2788
f 2787 2786 2789
f 2787 2789 2784
f 2787 2790 2791
f 2787 2791 2781
f 2790 2787 2784
f 2790 2784 2792
f 2790 2786 2788
f 2790 2788 2791
f 2786 2790 2792
f 2786 2792 2789
f 2793 2794 2795
f 2793 2795 2788
f 2794 2793 2789
f 2794 2789 2796
f 2794 2797 2798
f 2794 2798 2795
f 2797 2794 2796
f 2797 2796 2799
f 2797 2793 2788
f 2797 2788 2798
f 2793 2797 2799
f 2793 2799 2789
f 2800 2801 2802
f 2800 2802 2803
f 2801 2800 2804
f 2801 2804 2805
f 2801 2806 2795
f 2801 2795 2802
f 2806 2801 2805
f 2806 2805 2796
f 2806 2800 2803
f 2806 2803 2795
f 2800 2806 2796
f 2800 2796 2804
f 2807 2808 2809
f 2807 2809 2810
f 2808 2807 2811
f 2808 2811 2812
f 2808 2813 2802
f 2808 2802 2809
f 2813 2808 2812
f 2813 2812 2805
f 2813 2807 2810
f 2813 2810 2802
f 2807 2813 2805
f 2807 2805 2811
f 2814 2815 2809
f 2814 2809 2816
f 2815 2814 2817
f 2815 2817 2812
f 2815 2818 2819
f 2815 2819 2809
f 2818 2815 2812
f 2818 2812 2820
f 2818 2814 2816
f 2818 2816 2819
f 2814 2818 2820
f 2814 2820 2817
f 2821 2822 2823
f 2821 2823 2824
f 2822 2821 2825
f 2822 2825 2826
f 2822 2827 2816
f 2822 2816 2823
f 2827 2822 2826
f 2827 2826 2817
f 2827 2821 2824
f 2827 2824 2816
f 2821 2827 2817
f 2821 2817 2825
f 2828 2829 2830
f 2828 2830 2831
f 2829 2828 2832
f 2829 2832 2833
f 2829 2834 2824
f 2829 2824 2830
f 2834 2829 2833
f 2834 2833 2825
f 2834 2828 2831
f 2834 2831 2824
f 2828 2834 2825
f 2828 2825 2832
f 2835 2836 2837
f 2835 2837 2838
f 2836 2835 2839
f 2836 2839 2840
f 2836 2841 2831
f 2836 2831 2837
f 2841 2836 2840
f 2841 2840 2832
f 2841 2835 2838
f 2841 2838 2831
f 2835 2841 2832
f 2835 2832 2839
f 2842 2843 2844
f 2842 2844 2845
f 2843 2842 2846
f 2843 2846 2847
f 2843 2848 2838
f 2843 2838 2844
f 2848 2843 2847
f 2848 2847 2839
f 2848 2842 2845
f 2848 2845 2838
f 2842 2848 2839
f 2842 2839 2846
f 2849 2850 2851
f 2849 2851 2852
f 2850 2849 2853
f 2850 2853 2854
f 2850 2855 2845
f 2850 2845 2851
f 2855 2850 2854
f 2855 2854 2846
f 2855 2849 2852
f 2855 2852 2845
f 2849 2855 2846
f 2849 2846 2853
f 2856 2857 2858
f 2856 2858 2859
f 2857 2856 2860
f 2857 2860 2861
f 2857 2862 2852
f 2857 2852 2858
f 2862 2857 2861
f 2862 2861 2853
f 2862 2856 2859
f 2862 2859 2852
f 2856 2862 2853
f 2856 2853 2860
f 2863 2864 2865
f 2863 2865 2866
f 2864 2863 2867
f 2864 2867 2868
f 2864 2869 2859
f 2864 2859 2865
f 2869 2864 2868
f 2869 2868 2860
f 2869 2863 2866
f 2869 2866 2859
f 2863 2869 2860
f 2863 2860 2867
f 2870 2871 2872
f 2870 2872 2873
f 2871 2870 2874
f 2871 2874 2875
f 2871 2876 2866
f 2871 2866 2872
f 2876 2871 2875
f 2876 2875 2867
f 2876 2870 2873
f 2876 2873 2866
f 2870 2876 2867
f 2870 2867 2874
f 2877 2878 2879
f 2877 2879 2880
f 2878 2877 2881
f 2878 2881 2882
f 2878 2883 2873
f 2878 2873 2879
f 2883 2878 2882
f 2883 2882 2874
f 2883 2877 2880
f 2883 2880 2873
f 2877 2883 2874
f 2877 2874 2881
f 2884 2885 2886
f 2884 2886 2887
f 2885 2884 2888
f 2885 2888 2889
f 2885 2890 2880
f 2885 2880 2886
f 2890 2885 2889
f 2890 2889 2881
f 2890 2884 2887
f 2890 2887 2880
f 2884 2890 2881
f 2884 2881 2888
f 2891 2892 2893
f 2891 2893 2894
f 2892 2891 2895
f 2892 2895 2896
f 2892 2897 2887
f 2892 2887 2893
f 2897 2892 2896
f 2897 2896 2888
f 2897 2891 2894
f 2897 2894 2887
f 2891 2897 2888
f 2891 2888 2895
f 2898 2899 2900
f 2898 2900 2901
f 2899 2898 2902
f 2899 2902 2903
f 2899 2904 2894
f 2899 2894 2900
f 2904 2899 2903
f 2904 2903 2895
f 2904 2898 2901
f 2904 2901 2894
f 2898 2904 2895
f 2898 2895 2902
f 2905 2906 2907
f 2905 2907 2908
f 2906 2905 2909
f 2906 2909 2910
f 2906 2911 2901
f 2906 2901 2907
f 2911 2906 2910
f 2911 2910 2902
f 2911 2905 2908
f 2911 2908 2901
f 2905 2911 2902
f 2905 2902 2909
f 2912 2913 2914
f 2912 2914 2915
f 2913 2912 2916
f 2913 2916 2917
f 2913 2918 2908
f 2913 2908 2914
f 2918 2913 2917
f 2918 2917 2909
f 2918 2912 2915
f 2918 2915 2908
f 2912 2918 2909
f 2912 2909 2916
f 2919 2920 2921
f 2919 2921 2922
f 2920 2919 2923
f 2920 2923 2924
f 2920 2925 2915
f 2920 2915 2921
f 2925 2920 2924
f 2925 2924 2916
f 2925 2919 2922
f 2925 2922 2915
f 2919 2925 2916
f 2919 2916 2923
f 2926 2927 2928
f 2926 2928 2929
f 2927 2926 2930
f 2927 2930 2931
f 2927 2932 2922
f 2927 2922 2928
f 2932 2927 2931
f 2932 2931 2923
f 2932 2926 2929
f 2932 2929 2922
f 2926 2932 2923
f 2926 2923 2930
f 2933 2934 2935
f 2933 2935 2936
f 2934 2933 2937
f 2934 2937 2938
f 2934 2939 2929
f 2934 2929 2935
f 2939 2934 2938
f 2939 2938 2930
f 2939 2933 2936
f 2939 2936 2929
f 2933 2939 2930
f 2933 2930 2937
f 2940 2941 2942
f 2940 2942 2943
f 2941 2940 2944
f 2941 2944 2945
f 2941 2946 2936
f 2941 2936 2942
f 2946 2941 2945
f 2946 2945 2937
f 2946 2940 2943
f 2946 2943 2936
f 2940 2946 2937
f 2940 2937 2944
f 2947 2948 2949
f 2947 2949 2950
f 2948 2947 2951
f 2948 2951 2952
f 2948 2953 2943
f 2948 2943 2949
f 2953 2948 2952
f 2953 2952 2944
f 2953 2947 2950
f 2953 2950 2943
f 2947 2953 2944
f 2947 2944 2951
f 2954 2955 2956
f 2954 2956 2957
f 2955 2954 2958
f 2955 2958 2959
f 2955 2960 2950
f 2955 2950 2956
f 2960 2955 2959
f 2960 2959 2951
f 2960 2954 2957
f 2960 2957 2950
f 2954 2960 2951
f 2954 2951 2958
f 2961 2962 2963
f 2961 2963 2964
f 2962 2961 2965
f 2962 2965 2966
f 2962 2967 2957
f 2962 2957 2963
f 2967 2962 2966
f 2967 2966 2958
f 2967 2961 2964
f 2967 2964 2957
f 2961 2967 2958
f 2961 2958 2965
f 2968 2969 2970
f 2968 2970 2971
f 2969 2968 2972
f 2969 2972 2973
f 2969 2974 2964
f 2969 2964 2970
f 2974 2969 2973
f 2974 2973 2965
f 2974 2968 2971
f 2974 2971 2964
f 2968 2974 2965
f 2968 2965 2972
f 2975 2976 2977
f 2975 2977 2978
f 2976 2975 2979
f 2976 2979 2980
f 2976 2981 2971
f 2976 2971 2977
f 2981 2976 2980
f 2981 2980 2972
f 2981 2975 2978
f 2981 2978 2971
f 2975 2981 2972
f 2975 2972 2979
f 2982 2983 2984
f 2982 2984 2985
f 2983 2982 2986
f 2983 2986 2987
f 2983 2988 2978
f 2983 2978 2984
f 2988 2983 2987
f 2988 2987 2979
f 2988 2982 2985
f 2988 2985 2978
f 2982 2988 2979
f 2982 2979 2986
f 2989 2990 2991
f 2989 2991 2992
f 2990 2989 2993
f 2990 2993 2994
f 2990 2995 2985
f 2990 2985 2991
f 2995 2990 2994
f 2995 2994 2986
f 2995 2989 2992
f 2995 2992 2985
f 2989 2995 2986
f 2989 2986 2993
f 2996 2997 2998
f 2996 2998 2999
f 2997 2996 3000
f 2997 3000 3001
f 2997 3002 2992
f 2997 2992 2998
f 3002 2997 3001
f 3002 3001 2993
f 3002 2996 2999
f 3002 2999 2992
f 2996 3002 2993
f 2996 2993 3000
f 3003 3004 3005
f 3003 3005 3006
f 3004 3003 3007
f 3004 3007 3008
f 3004 3009 2999
f 3004 2999 3005
f 3009 3004 3008
f 3009 3008 3000
f 3009 3003 3006
f 3009 3006 2999
f 3003 3009 3000
f 3003 3000 3007
f 3010 3011 3012
f 3010 3012 3013
f 3011 3010 3014
f 3011 3014 3015
f 3011 3016 3006
f 3011 3006 3012
f 3016 3011 3015
f 3016 3015 3007
f 3016 3010 3013
f 3016 3013 3006
f 3010 3016 3007
f 3010 3007 3014
f 3017 3018 3019
f 3017 3019 3020
f 3018 3017 3021
f 3018 3021 3022
f 3018 3023 3013
f 3018 3013 3019
f 3023 3018 3022
f 3023 3022 3014
f 3023 3017 3020
f 3023 3020 3013
f 3017 3023 3014
f 3017 3014 3021
f 3024 3025 3026
f 3024 3026 3027
f 3025 3024 3028
f 3025 3028 3029
f 3025 3030 3020
f 3025 3020 3026
f 3030 3025 3029
f 3030 3029 3021
f 3030 3024 3027
f 3030 3027 3020
f 3024 3030 3021
f 3024 3021 3028
f 3031 3032 3033
f 3031 3033 3034
f 3032 3031 3035
f 3032 3035 3036
f 3032 3037 3027
f 3032 3027 3033
f 3037 3032 3036
f 3037 3036 3028
f 3037 3031 3034
f 3037 3034 3027
f 3031 3037 3028
f 3031 3028 3035
f 3038 3039 3040
f 3038 3040 3041
f 3039 3038 3042
f 3039 3042 3043
f 3039 3044 3034
f 3039 3034 3040
f 3044 3039 3043
f 3044 3043 3035
f 3044 3038 3041
f 3044 3041 3034
f 3038 3044 3035
f 3038 3035 3042
f 3045 3046 3047
f 3045 3047 3048
f 3046 3045 3049
f 3046 3049 3050
f 3046 3051 3041
f 3046 3041 3047
f 3051 3046 3050
f 3051 3050 3042
f 3051 3045 3048
f 3051 3048 3041
f 3045 3051 3042
f 3045 3042 3049
f 3052 3053 3054
f 3052 3054 3055
f 3053 3052 3056
f 3053 3056 3057
f 3053 3058 3048
f 3053 3048 3054
f 3058 3053 3057
f 3058 3057 3049
f 3058 3052 3055
f 3058 3055 3048
f 3052 3058 3049
f 3052 3049 3056
f 3059 3060 3061
f 3059 3061 3062
f 3060 3059 3063
f 3060 3063 3064
f 3060 3065 3055
f 3060 3055 3061
f 3065 3060 3064
f 3065 3064 3056
f 3065 3059 3062
f 3065 3062 3055
f 3059 3065 3056
f 3059 3056 3063
f 3066 3067 3068
f 3066 3068 3069
f 3067 3066 3070
f 3067 3070 3071
f 3067 3072 3062
f 3067 3062 3068
f 3072 3067 3071
f 3072 3071 3063
f 3072 3066 3069
f 3072 3069 3062
f 3066 3072 3063
f 3066 3063 3070
f 3073 3074 3075
f 3073 3075 3076
f 3074 3073 3077
f 3074 3077 3078
f 3074 3079 3069
f 3074 3069 3075
f 3079 3074 3078
f 3079 3078 3070
f 3079 3073 3076
f 3079 3076 3069
f 3073 3079 3070
f 3073 3070 3077
f 3080 3081 3082
f 3080 3082 3083
f 3081 3080 3084
f 3081 3084 3085
f 3081 3086 3076
f 3081 3076 3082
f 3086 3081 3085
f 3086 3085 3077
f 3086 3080 3083
f 3086 3083 3076
f 3080 3086 3077
f 3080 3077 3084
f 3087 3088 3089
f 3087 3089 3090
f 3088 3087 3091
f 3088 3091 3092
f 3088 3093 3083
f 3088 3083 3089
f 3093 3088 3092
f 3093 3092 3084
f 3093 3087 3090
f 3093 3090 3083
f 3087 3093 3084
f 3087 3084 3091
f 3094 3095 3096
f 3094 3096 3097
f 3095 3094 3098
f 3095 3098 3099
f 3095 3100 3090
f 3095 3090 3096
f 3100 3095 3099
f 3100 3099 3091
f 3100 3094 3097
f 3100 3097 3090
f 3094 3100 3091
f 3094 3091 3098
f 3101 3102 3103
f 3101 3103 3104
f 3102 3101 3105
f 3102 3105 3106
f 3102 3107 3097
f 3102 3097 3103
f 3107 3102 3106
f 3107 3106 3098
f 3107 3101 3104
f 3107 3104 3097
f 3101 3107 3098
f 3101 3098 3105
f 3108 3109 3110
f 3108 3110 3111
f 3109 3108 3112
f 3109 3112 3113
f 3109 3114 3104
f 3109 3104 3110
f 3114 3109 3113
f 3114 3113 3105
f 3114 3108 3111
f 3114 3111 3104
f 3108 3114 3105
f 3108 3105 3112
f 3115 3116 3117
f 3115 3117 3118
f 3116 3115 3119
f 3116 3119 3120
f 3116 3121 3111
f 3116 3111 3117
f 3121 3116 3120
f 3121 3120 3112
f 3121 3115 3118
f 3121 3118 3111
f 3115 3121 3112
f 3115 3112 3119
f 3122 3123 3124
f 3122 3124 3125
f 3123 3122 3126
f 3123 3126 3127
f 3123 3128 3118
f 3123 3118 3124
f 3128 3123 3127
f 3128 3127 3119
f 3128 3122 3125
f 3128 3125 3118
f 3122 3128 3119
f 3122 3119 3126
f 3129 3130 3131
f 3129 3131 3132
f 3130 3129 3133
f 3130 3133 3134
f 3130 3135 3125
f 3130 3125 3131
f 3135 3130 3134
f 3135 3134 3126
f 3135 3129 3132
f 3135 3132 3125
f 3129 3135 3126
f 3129 3126 3133
f 3136 3137 3138
f 3136 3138 3139
f 3137 3136 3140
f 3137 3140 3141
f 3137 3142 3132
f 3137 3132 3138
f 3142 3137 3141
f 3142 3141 3133
f 3142 3136 3139
f 3142 3139 3132
f 3136 3142 3133
f 3136 3133 3140
f 3143 3144 3145
f 3143 3145 3146
f 3144 3143 3147
f 3144 3147 3148
f 3144 3149 3139
f 3144 3139 3145
f 3149 3144 3148
f 3149 3148 3140
f 3149 3143 3146
f 3149 3146 3139
f 3143 3149 3140
f 3143 3140 3147
f 3150 3151 3152
f 3150 3152 3153
f 3151 3150 3154
f 3151 3154 3155
f 3151 3156 3146
f 3151 3146 3152
f 3156 3151 3155
f 3156 3155 3147
f 3156 3150 3153
f 3156 3153 3146
f 3150 3156 3147
f 3150 3147 3154
f 3157 3158 3159
f 3157 3159 3160
f 3158 3157 3161
f 3158 3161 3162
f 3158 3163 3153
f 3158 3153 3159
f 3163 3158 3162
f 3163 3162 3154
f 3163 3157 3160
f 3163 3160 3153
f 3157 3163 3154
f 3157 3154 3161
f 3164 3165 3166
f 3164 3166 3167
f 3165 3164 3168
f 3165 3168 3169
f 3165 3170 3160
f 3165 3160 3166
f 3170 3165 3169
f 3170 3169 3161
f 3170 3164 3167
f 3170 3167 3160
f 3164 3170 3161
f 3164 3161 3168
f 3171 3172 3173
f 3171 3173 3174
f 3172 3171 3175
f 3172 3175 3176
f 3172 3177 3167
f 3172 3167 3173
f 3177 3172 3176
f 3177 3176 3168
f 3177 3171 3174
f 3177 3174 3167
f 3171 3177 3168
f 3171 3168 3175
f 3178 3179 3180
f 3178 3180 3181
f 3179 3178 3182
f 3179 3182 3183
f 3179 3184 3174
f 3179 3174 3180
f 3184 3179 3183
f 3184 3183 3175
f 3184 3178 3181
f 3184 3181 3174
f 3178 3184 3175
f 3178 3175 3182
f 3185 3186 3187
f 3185 3187 3188
f 3186 3185 3189
f 3186 3189 3190
f 3186 3191 3181
f 3186 3181 3187
f 3191 3186 3190
f 3191 3190 3182
f 3191 3185 3188
f 3191 3188 3181
f 3185 3191 3182
f 3185 3182 3189
f 3192 3193 3194
f 3192 3194 3195
f 3193 3192 3196
f 3193 3196 3197
f 3193 3198 3188
f 3193 3188 3194
f 3198 3193 3197
f 3198 3197 3189
f 3198 3192 3195
f 3198 3195 3188
f 3192 3198 3189
f 3192 3189 3196
f 3199 3200 3201
f 3199 3201 3202
f 3200 3199 3203
f 3200 3203 3204
f 3200 3205 3195
f 3200 3195 3201
f 3205 3200 3204
f 3205 3204 3196
f 3205 3199 3202
f 3205 3202 3195
f 3199 3205 3196
f 3199 3196 3203
f 3206 3207 3208
f 3206 3208 3209
f 3207 3206 3210
f 3207 3210 3211
f 3207 3212 3202
f 3207 3202 3208
f 3212 3207 3211
f 3212 3211 3203
f 3212 3206 3209
f 3212 3209 3202
f 3206 3212 3203
f 3206 3203 3210
f 3213 3214 3215
f 3213 3215 3216
f 3214 3213 3217
f 3214 3217 3218
f 3214 3219 3209
f 3214 3209 3215
f 3219 3214 3218
f 3219 3218 3210
f 3219 3213 3216
f 3219 3216 3209
f 3213 3219 3210
f 3213 3210 3217
f 3220 3221 3222
f 3220 3222 3223
f 3221 3220 3224
f 3221 3224 3225
f 3221 3226 3216
f 3221 3216 3222
f 3226 3221 3225
f 3226 3225 3217
f 3226 3220 3223
f 3226 3223 3216
f 3220 3226 3217
f 3220 3217 3224
f 3227 3228 3229
f 3227 3229 2664
f 3228 3227 2665
f 3228 2665 3230
f 3228 3231 3223
f 3228 3223 3229
f 3231 3228 3230
f 3231 3230 3224
f 3231 3227 2664
f 3231 2664 3223
f 3227 3231 3224
f 3227 3224 2665
f 3232 3233 2682
f 3232 2682 2668
f 3233 3232 2669
f 3233 2669 2683
f 3233 3234 2671
f 3233 2671 2682
f 3234 3233 2683
f 3234 2683 2672
f 3234 3232 2668
f 3234 2668 2671
f 3232 3234 2672
f 3232 2672 2669
f 3235 3236 3237
f 3235 3237 2682
f 3236 3235 2683
f 3236 2683 3238
f 3236 3239 3229
f 3236 3229 3237
f 3239 3236 3238
f 3239 3238 3230
f 3239 3235 2682
f 3239 2682 3229
f 3235 3239 3230
f 3235 3230 2683
f 3240 3241 3242
f 3240 3242 3229
f 3241 3240 3230
f 3241 3230 3243
f 3241 3244 3222
f 3241 3222 3242
f 3244 3241 3243
f 3244 3243 3225
f 3244 3240 3229
f 3244 3229 3222
f 3240 3244 3225
f 3240 3225 3230
f 3245 3246 3215
f 3245 3215 3242
f 3246 3245 3243
f 3246 3243 3218
f 3246 3247 3222
f 3246 3222 3215
f 3247 3246 3218
f 3247 3218 3225
f 3247 3245 3242
f 3247 3242 3222
f 3245 3247 3225
f 3245 3225 3243
f 3248 3249 3208
f 3248 3208 3250
f 3249 3248 3251
f 3249 3251 3211
f 3249 3252 3215
f 3249 3215 3208
f 3252 3249 3211
f 3252 3211 3218
f 3252 3248 3250
f 3252 3250 3215
f 3248 3252 3218
f 3248 3218 3251
f 3253 3254 3201
f 3253 3201 3255
f 3254 3253 3256
f 3254 3256 3204
f 3254 3257 3208
f 3254 3208 3201
f 3257 3254 3204
f 3257 3204 3211
f 3257 3253 3255
f 3257 3255 3208
f 3253 3257 3211
f 3253 3211 3256
f 3258 3259 3194
f 3258 3194 3260
f 3259 3258 3261
f 3259 3261 3197
f 3259 3262 3201
f 3259 3201 3194
f 3262 3259 3197
f 3262 3197 3204
f 3262 3258 3260
f 3262 3260 3201
f 3258 3262 3204
f 3258 3204 3261
f 3263 3264 3187
f 3263 3187 3265
f 3264 3263 3266
f 3264 3266 3190
f 3264 3267 3194
f 3264 3194 3187
f 3267 3264 3190
f 3267 3190 3197
f 3267 3263 3265
f 3267 3265 3194
f 3263 3267 3197
f 3263 3197 3266
f 3268 3269 3180
f 3268 3180 3270
f 3269 3268 3271
f 3269 3271 3183
f 3269 3272 3187
f 3269 3187 3180
f 3272 3269 3183
f 3272 3183 3190
f 3272 3268 3270
f 3272 3270 3187
f 3268 3272 3190
f 3268 3190 3271
f 3273 3274 3173
f 3273 3173 3275
f 3274 3273 3276
f 3274 3276 3176
f 3274 3277 3180
f 3274 3180 3173
f 3277 3274 3176
f 3277 3176 3183
f 3277 3273 3275
f 3277 3275 3180
f 3273 3277 3183
f 3273 3183 3276
f 3278 3279 3280
f 3278 3280 3173
f 3279 3278 3176
f 3279 3176 3281
f 3279 3282 3166
f 3279 3166 3280
f 3282 3279 3281
f 3282 3281 3169
f 3282 3278 3173
f 3282 3173 3166
f 3278 3282 3169
f 3278 3169 3176
f 3283 3284 3159
f 3283 3159 3280
f 3284 3283 3281
f 3284 3281 3162
f 3284 3285 3166
f 3284 3166 3159
f 3285 3284 3162
f 3285 3162 3169
f 3285 3283 3280
f 3285 3280 3166
f 3283 3285 3169
f 3283 3169 3281
f 3286 3287 3152
f 3286 3152 3288
f 3287 3286 3289
f 3287 3289 3155
f 3287 3290 3159
f 3287 3159 3152
f 3290 3287 3155
f 3290 3155 3162
f 3290 3286 3288
f 3290 3288 3159
f 3286 3290 3162
f 3286 3162 3289
f 3291 3292 3293
f 3291 3293 3152
f 3292 3291 3155
f 3292 3155 3294
f 3292 3295 3145
f 3292 3145 3293
f 3295 3292 3294
f 3295 3294 3148
f 3295 3291 3152
f 3295 3152 3145
f 3291 3295 3148
f 3291 3148 3155
f 3296 3297 3138
f 3296 3138 3293
f 3297 3296 3294
f 3297 3294 3141
f 3297 3298 3145
f 3297 3145 3138
f 3298 3297 3141
f 3298 3141 3148
f 3298 3296 3293
f 3298 3293 3145
f 3296 3298 3148
f 3296 3148 3294
f 3299 3300 3131
f 3299 3131 3301
f 3300 3299 3302
f 3300 3302 3134
f 3300 3303 3138
f 3300 3138 3131
f 3303 3300 3134
f 3303 3134 3141
f 3303 3299 3301
f 3303 3301 3138
f 3299 3303 3141
f 3299 3141 3302
f 3304 3305 3124
f 3304 3124 3306
f 3305 3304 3307
f 3305 3307 3127
f 3305 3308 3131
f 3305 3131 3124
f 3308 3305 3127
f 3308 3127 3134
f 3308 3304 3306
f 3308 3306 3131
f 3304 3308 3134
f 3304 3134 3307
f 3309 3310 3311
f 3309 3311 3124
f 3310 3309 3127
f 3310 3127 3312
f 3310 3313 3117
f 3310 3117 3311
f 3313 3310 3312
f 3313 3312 3120
f 3313 3309 3124
f 3313 3124 3117
f 3309 3313 3120
f 3309 3120 3127
f 3314 3315 3316
f 3314 3316 3117
f 3315 3314 3120
f 3315 3120 3317
f 3315 3318 3110
f 3315 3110 3316
f 3318 3315 3317
f 3318 3317 3113
f 3318 3314 3117
f 3318 3117 3110
f 3314 3318 3113
f 3314 3113 3120
f 3319 3320 3103
f 3319 3103 3316
f 3320 3319 3317
f 3320 3317 3106
f 3320 3321 3110
f 3320 3110 3103
f 3321 3320 3106
f 3321 3106 3113
f 3321 3319 3316
f 3321 3316 3110
f 3319 3321 3113
f 3319 3113 3317
f 3322 3323 3096
f 3322 3096 3324
f 3323 3322 3325
f 3323 3325 3099
f 3323 3326 3103
f 3323 3103 3096
f 3326 3323 3099
f 3326 3099 3106
f 3326 3322 3324
f 3326 3324 3103
f 3322 3326 3106
f 3322 3106 3325
f 3327 3328 3329
f 3327 3329 3096
f 3328 3327 3099
f 3328 3099 3330
f 3328 3331 3089
f 3328 3089 3329
f 3331 3328 3330
f 3331 3330 3092
f 3331 3327 3096
f 3331 3096 3089
f 3327 3331 3092
f 3327 3092 3099
f 3332 3333 3334
f 3332 3334 3089
f 3333 3332 3092
f 3333 3092 3335
f 3333 3336 3082
f 3333 3082 3334
f 3336 3333 3335
f 3336 3335 3085
f 3336 3332 3089
f 3336 3089 3082
f 3332 3336 3085
f 3332 3085 3092
f 3337 3338 3075
f 3337 3075 3334
f 3338 3337 3335
f 3338 3335 3078
f 3338 3339 3082
f 3338 3082 3075
f 3339 3338 3078
f 3339 3078 3085
f 3339 3337 3334
f 3339 3334 3082
f 3337 3339 3085
f 3337 3085 3335
f 3340 3341 3068
f 3340 3068 3342
f 3341 3340 3343
f 3341 3343 3071
f 3341 3344 3075
f 3341 3075 3068
f 3344 3341 3071
f 3344 3071 3078
f 3344 3340 3342
f 3344 3342 3075
f 3340 3344 3078
f 3340 3078 3343
f 3345 3346 3061
f 3345 3061 3347
f 3346 3345 3348
f 3346 3348 3064
f 3346 3349 3068
f 3346 3068 3061
f 3349 3346 3064
f 3349 3064 3071
f 3349 3345 3347
f 3349 3347 3068
f 3345 3349 3071
f 3345 3071 3348
f 3350 3351 3054
f 3350 3054 3352
f 3351 3350 3353
f 3351 3353 3057
f 3351 3354 3061
f 3351 3061 3054
f 3354 3351 3057
f 3354 3057 3064
f 3354 3350 3352
f 3354 3352 3061
f 3350 3354 3064
f 3350 3064 3353
f 3355 3356 3047
f 3355 3047 3357
f 3356 3355 3358
f 3356 3358 3050
f 3356 3359 3054
f 3356 3054 3047
f 3359 3356 3050
f 3359 3050 3057
f 3359 3355 3357
f 3359 3357 3054
f 3355 3359 3057
f 3355 3057 3358
f 3360 3361 3040
f 3360 3040 3362
f 3361 3360 3363
f 3361 3363 3043
f 3361 3364 3047
f 3361 3047 3040
f 3364 3361 3043
f 3364 3043 3050
f 3364 3360 3362
f 3364 3362 3047
f 3360 3364 3050
f 3360 3050 3363
f 3365 3366 3367
f 3365 3367 3040
f 3366 3365 3043
f 3366 3043 3368
f 3366 3369 3033
f 3366 3033 3367
f 3369 3366 3368
f 3369 3368 3036
f 3369 3365 3040
f 3369 3040 3033
f 3365 3369 3036
f 3365 3036 3043
f 3370 3371 3026
f 3370 3026 3367
f 3371 3370 3368
f 3371 3368 3029
f 3371 3372 3033
f 3371 3033 3026
f 3372 3371 3029
f 3372 3029 3036
f 3372 3370 3367
f 3372 3367 3033
f 3370 3372 3036
f 3370 3036 3368
f 3373 3374 3019
f 3373 3019 3375
f 3374 3373 3376
f 3374 3376 3022
f 3374 3377 3026
f 3374 3026 3019
f 3377 3374 3022
f 3377 3022 3029
f 3377 3373 3375
f 3377 3375 3026
f 3373 3377 3029
f 3373 3029 3376
f 3378 3379 3012
f 3378 3012 3380
f 3379 3378 3381
f 3379 3381 3015
f 3379 3382 3019
f 3379 3019 3012
f 3382 3379 3015
f 3382 3015 3022
f 3382 3378 3380
f 3382 3380 3019
f 3378 3382 3022
f 3378 3022 3381
f 3383 3384 3385
f 3383 3385 3012
f 3384 3383 3015
f 3384 3015 3386
f 3384 3387 3005
f 3384 3005 3385
f 3387 3384 3386
f 3387 3386 3008
f 3387 3383 3012
f 3387 3012 3005
f 3383 3387 3008
f 3383 3008 3015
f 3388 3389 3390
f 3388 3390 3005
f 3389 3388 3008
f 3389 3008 3391
f 3389 3392 2998
f 3389 2998 3390
f 3392 3389 3391
f 3392 3391 3001
f 3392 3388 3005
f 3392 3005 2998
f 3388 3392 3001
f 3388 3001 3008
f 3393 3394 2991
f 3393 2991 3390
f 3394 3393 3391
f 3394 3391 2994
f 3394 3395 2998
f 3394 2998 2991
f 3395 3394 2994
f 3395 2994 3001
f 3395 3393 3390
f 3395 3390 2998
f 3393 3395 3001
f 3393 3001 3391
f 3396 3397 2984
f 3396 2984 3398
f 3397 3396 3399
f 3397 3399 2987
f 3397 3400 2991
f 3397 2991 2984
f 3400 3397 2987
f 3400 2987 2994
f 3400 3396 3398
f 3400 3398 2991
f 3396 3400 2994
f 3396 2994 3399
f 3401 3402 2977
f 3401 2977 3403
f 3402 3401 3404
f 3402 3404 2980
f 3402 3405 2984
f 3402 2984 2977
f 3405 3402 2980
f 3405 2980 2987
f 3405 3401 3403
f 3405 3403 2984
f 3401 3405 2987
f 3401 2987 3404
f 3406 3407 2970
f 3406 2970 3408
f 3407 3406 3409
f 3407 3409 2973
f 3407 3410 2977
f 3407 2977 2970
f 3410 3407 2973
f 3410 2973 2980
f 3410 3406 3408
f 3410 3408 2977
f 3406 3410 2980
f 3406 2980 3409
f 3411 3412 2963
f 3411 2963 3413
f 3412 3411 3414
f 3412 3414 2966
f 3412 3415 2970
f 3412 2970 2963
f 3415 3412 2966
f 3415 2966 2973
f 3415 3411 3413
f 3415 3413 2970
f 3411 3415 2973
f 3411 2973 3414
f 3416 3417 2956
f 3416 2956 3418
f 3417 3416 3419
f 3417 3419 2959
f 3417 3420 2963
f 3417 2963 2956
f 3420 3417 2959
f 3420 2959 2966
f 3420 3416 3418
f 3420 3418 2963
f 3416 3420 2966
f 3416 2966 3419
f 3421 3422 2949
f 3421 2949 3423
f 3422 3421 3424
f 3422 3424 2952
f 3422 3425 2956
f 3422 2956 2949
f 3425 3422 2952
f 3425 2952 2959
f 3425 3421 3423
f 3425 3423 2956
f 3421 3425 2959
f 3421 2959 3424
f 3426 3427 2942
f 3426 2942 3428
f 3427 3426 3429
f 3427 3429 2945
f 3427 3430 2949
f 3427 2949 2942
f 3430 3427 2945
f 3430 2945 2952
f 3430 3426 3428
f 3430 3428 2949
f 3426 3430 2952
f 3426 2952 3429
f 3431 3432 2935
f 3431 2935 3433
f 3432 3431 3434
f 3432 3434 2938
f 3432 3435 2942
f 3432 2942 2935
f 3435 3432 2938
f 3435 2938 2945
f 3435 3431 3433
f 3435 3433 2942
f 3431 3435 2945
f 3431 2945 3434
f 3436 3437 2928
f 3436 2928 3438
f 3437 3436 3439
f 3437 3439 2931
f 3437 3440 2935
f 3437 2935 2928
f 3440 3437 2931
f 3440 2931 2938
f 3440 3436 3438
f 3440 3438 2935
f 3436 3440 2938
f 3436 2938 3439
f 3441 3442 2921
f 3441 2921 3443
f 3442 3441 3444
f 3442 3444 2924
f 3442 3445 2928
f 3442 2928 2921
f 3445 3442 2924
f 3445 2924 2931
f 3445 3441 3443
f 3445 3443 2928
f 3441 3445 2931
f 3441 2931 3444
f 3446 3447 2914
f 3446 2914 3448
f 3447 3446 3449
f 3447 3449 2917
f 3447 3450 2921
f 3447 2921 2914
f 3450 3447 2917
f 3450 2917 2924
f 3450 3446 3448
f 3450 3448 2921
f 3446 3450 2924
f 3446 2924 3449
f 3451 3452 2907
f 3451 2907 3453
f 3452 3451 3454
f 3452 3454 2910
f 3452 3455 2914
f 3452 2914 2907
f 3455 3452 2910
f 3455 2910 2917
f 3455 3451 3453
f 3455 3453 2914
f 3451 3455 2917
f 3451 2917 3454
f 3456 3457 2900
f 3456 2900 3458
f 3457 3456 3459
f 3457 3459 2903
f 3457 3460 2907
f 3457 2907 2900
f 3460 3457 2903
f 3460 2903 2910
f 3460 3456 3458
f 3460 3458 2907
f 3456 3460 2910
f 3456 2910 3459
f 3461 3462 2893
f 3461 2893 3463
f 3462 3461 3464
f 3462 3464 2896
f 3462 3465 2900
f 3462 2900 2893
f 3465 3462 2896
f 3465 2896 2903
f 3465 3461 3463
f 3465 3463 2900
f 3461 3465 2903
f 3461 2903 3464
f 3466 3467 3468
f 3466 3468 2893
f 3467 3466 2896
f 3467 2896 3469
f 3467 3470 2886
f 3467 2886 3468
f 3470 3467 3469
f 3470 3469 2889
f 3470 3466 2893
f 3470 2893 2886
f 3466 3470 2889
f 3466 2889 2896
f 3471 3472 2879
f 3471 2879 3468
f 3472 3471 3469
f 3472 3469 2882
f 3472 3473 2886
f 3472 2886 2879
f 3473 3472 2882
f 3473 2882 2889
f 3473 3471 3468
f 3473 3468 2886
f 3471 3473 2889
f 3471 2889 3469
f 3474 3475 2872
f 3474 2872 3476
f 3475 3474 3477
f 3475 3477 2875
f 3475 3478 2879
f 3475 2879 2872
f 3478 3475 2875
f 3478 2875 2882
f 3478 3474 3476
f 3478 3476 2879
f 3474 3478 2882
f 3474 2882 3477
f 3479 3480 2865
f 3479 2865 3481
f 3480 3479 3482
f 3480 3482 2868
f 3480 3483 2872
f 3480 2872 2865
f 3483 3480 2868
f 3483 2868 2875
f 3483 3479 3481
f 3483 3481 2872
f 3479 3483 2875
f 3479 2875 3482
f 3484 3485 2858
f 3484 2858 3486
f 3485 3484 3487
f 3485 3487 2861
f 3485 3488 2865
f 3485 2865 2858
f 3488 3485 2861
f 3488 2861 2868
f 3488 3484 3486
f 3488 3486 2865
f 3484 3488 2868
f 3484 2868 3487
f 3489 3490 2851
f 3489 2851 3491
f 3490 3489 3492
f 3490 3492 2854
f 3490 3493 2858
f 3490 2858 2851
f 3493 3490 2854
f 3493 2854 2861
f 3493 3489 3491
f 3493 3491 2858
f 3489 3493 2861
f 3489 2861 3492
f 3494 3495 2844
f 3494 2844 3496
f 3495 3494 3497
f 3495 3497 2847
f 3495 3498 2851
f 3495 2851 2844
f 3498 3495 2847
f 3498 2847 2854
f 3498 3494 3496
f 3498 3496 2851
f 3494 3498 2854
f 3494 2854 3497
f 3499 3500 2837
f 3499 2837 3501
f 3500 3499 3502
f 3500 3502 2840
f 3500 3503 2844
f 3500 2844 2837
f 3503 3500 2840
f 3503 2840 2847
f 3503 3499 3501
f 3503 3501 2844
f 3499 3503 2847
f 3499 2847 3502
f 3504 3505 2830
f 3504 2830 3506
f 3505 3504 3507
f 3505 3507 2833
f 3505 3508 2837
f 3505 2837 2830
f 3508 3505 2833
f 3508 2833 2840
f 3508 3504 3506
f 3508 3506 2837
f 3504 3508 2840
f 3504 2840 3507
f 3509 3510 2823
f 3509 2823 3511
f 3510 3509 3512
f 3510 3512 2826
f 3510 3513 2830
f 3510 2830 2823
f 3513 3510 2826
f 3513 2826 2833
f 3513 3509 3511
f 3513 3511 2830
f 3509 3513 2833
f 3509 2833 3512
f 3514 3515 2809
f 3514 2809 3516
f 3515 3514 3517
f 3515 3517 2812
f 3515 3518 2823
f 3515 2823 2809
f 3518 3515 2812
f 3518 2812 2826
f 3518 3514 3516
f 3518 3516 2823
f 3514 3518 2826
f 3514 2826 3517
f 3519 3520 2802
f 3519 2802 3521
f 3520 3519 3522
f 3520 3522 2805
f 3520 3523 2809
f 3520 2809 2802
f 3523 3520 2805
f 3523 2805 2812
f 3523 3519 3521
f 3523 3521 2809
f 3519 3523 2812
f 3519 2812 3522
f 3524 3525 2795
f 3524 2795 3526
f 3525 3524 3527
f 3525 3527 2796
f 3525 3528 2802
f 3525 2802 2795
f 3528 3525 2796
f 3528 2796 2805
f 3528 3524 3526
f 3528 3526 2802
f 3524 3528 2805
f 3524 2805 3527
f 3529 3530 2798
f 3529 2798 3531
f 3530 3529 3532
f 3530 3532 2799
f 3530 3533 2795
f 3530 2795 2798
f 3533 3530 2799
f 3533 2799 2796
f 3533 3529 3531
f 3533 3531 2795
f 3529 3533 2796
f 3529 2796 3532
f 3534 3535 3536
f 3534 3536 2798
f 3535 3534 2799
f 3535 2799 3537
f 3535 3538 2781
f 3535 2781 3536
f 3538 3535 3537
f 3538 3537 2784
f 3538 3534 2798
f 3538 2798 2781
f 3534 3538 2784
f 3534 2784 2799
f 3539 3540 2774
f 3539 2774 3536
f 3540 3539 3537
f 3540 3537 2777
f 3540 3541 2781
f 3540 2781 2774
f 3541 3540 2777
f 3541 2777 2784
f 3541 3539 3536
f 3541 3536 2781
f 3539 3541 2784
f 3539 2784 3537
f 3542 3543 2767
f 3542 2767 3544
f 3543 3542 3545
f 3543 3545 2768
f 3543 3546 2774
f 3543 2774 2767
f 3546 3543 2768
f 3546 2768 2777
f 3546 3542 3544
f 3546 3544 2774
f 3542 3546 2777
f 3542 2777 3545
f 3547 3548 2770
f 3547 2770 3549
f 3548 3547 3550
f 3548 3550 2771
f 3548 3551 2767
f 3548 2767 2770
f 3551 3548 2771
f 3551 2771 2768
f 3551 3547 3549
f 3551 3549 2767
f 3547 3551 2768
f 3547 2768 3550
f 3552 3553 2753
f 3552 2753 3554
f 3553 3552 3555
f 3553 3555 2756
f 3553 3556 2770
f 3553 2770 2753
f 3556 3553 2756
f 3556 2756 2771
f 3556 3552 3554
f 3556 3554 2770
f 3552 3556 2771
f 3552 2771 3555
f 3557 3558 2746
f 3557 2746 3559
f 3558 3557 3560
f 3558 3560 2749
f 3558 3561 2753
f 3558 2753 2746
f 3561 3558 2749
f 3561 2749 2756
f 3561 3557 3559
f 3561 3559 2753
f 3557 3561 2756
f 3557 2756 3560
f 3562 3563 2739
f 3562 2739 3564
f 3563 3562 3565
f 3563 3565 2742
f 3563 3566 2746
f 3563 2746 2739
f 3566 3563 2742
f 3566 2742 2749
f 3566 3562 3564
f 3566 3564 2746
f 3562 3566 2749
f 3562 2749 3565
f 3567 3568 2732
f 3567 2732 3569
f 3568 3567 3570
f 3568 3570 2735
f 3568 3571 2739
f 3568 2739 2732
f 3571 3568 2735
f 3571 2735 2742
f 3571 3567 3569
f 3571 3569 2739
f 3567 3571 2742
f 3567 2742 3570
f 3572 3573 2725
f 3572 2725 3574
f 3573 3572 3575
f 3573 3575 2728
f 3573 3576 2732
f 3573 2732 2725
f 3576 3573 2728
f 3576 2728 2735
f 3576 3572 3574
f 3576 3574 2732
f 3572 3576 2735
f 3572 2735 3575
f 3577 3578 2718
f 3577 2718 3579
f 3578 3577 3580
f 3578 3580 2721
f 3578 3581 2725
f 3578 2725 2718
f 3581 3578 2721
f 3581 2721 2728
f 3581 3577 3579
f 3581 3579 2725
f 3577 3581 2728
f 3577 2728 3580
f 3582 3583 2711
f 3582 2711 3584
f 3583 3582 3585
f 3583 3585 2712
f 3583 3586 2718
f 3583 2718 2711
f 3586 3583 2712
f 3586 2712 2721
f 3586 3582 3584
f 3586 3584 2718
f 3582 3586 2721
f 3582 2721 3585
f 3587 3588 2714
f 3587 2714 3589
f 3588 3587 3590
f 3588 3590 2715
f 3588 3591 2711
f 3588 2711 2714
f 3591 3588 2715
f 3591 2715 2712
f 3591 3587 3589
f 3591 3589 2711
f 3587 3591 2712
f 3587 2712 3590
f 3592 3593 2697
f 3592 2697 3594
f 3593 3592 3595
f 3593 3595 2700
f 3593 3596 2714
f 3593 2714 2697
f 3596 3593 2700
f 3596 2700 2715
f 3596 3592 3594
f 3596 3594 2714
f 3592 3596 2715
f 3592 2715 3595
f 3597 3598 2690
f 3597 2690 3599
f 3598 3597 3600
f 3598 3600 2693
f 3598 3601 2697
f 3598 2697 2690
f 3601 3598 2693
f 3601 2693 2700
f 3601 3597 3599
f 3601 3599 2697
f 3597 3601 2700
f 3597 2700 3600
f 3602 3603 2678
f 3602 2678 3604
f 3603 3602 3605
f 3603 3605 2679
f 3603 3606 2690
f 3603 2690 2678
f 3606 3603 2679
f 3606 2679 2693
f 3606 3602 3604
f 3606 3604 2690
f 3602 3606 2693
f 3602 2693 3605
f 3607 3608 2675
f 3607 2675 2655
f 3608 3607 2656
f 3608 2656 2676
f 3608 3609 2691
f 3608 2691 2675
f 3609 3608 2676
f 3609 2676 2692
f 3609 3607 2655
f 3609 2655 2691
f 3607 3609 2692
f 3607 2692 2656
f 3610 3611 3604
f 3610 3604 2691
f 3611 3610 2692
f 3611 2692 3605
f 3611 3612 2698
f 3611 2698 3604
f 3612 3611 3605
f 3612 3605 2699
f 3612 3610 2691
f 3612 2691 2698
f 3610 3612 2699
f 3610 2699 2692
f 3613 3614 3599
f 3613 3599 2698
f 3614 3613 2699
f 3614 2699 3600
f 3614 3615 2707
f 3614 2707 3599
f 3615 3614 3600
f 3615 3600 2708
f 3615 3613 2698
f 3615 2698 2707
f 3613 3615 2708
f 3613 2708 2699
f 3616 3617 2704
f 3616 2704 3599
f 3617 3616 3600
f 3617 3600 2705
f 3617 3618 2707
f 3617 2707 2704
f 3618 3617 2705
f 3618 2705 2708
f 3618 3616 3599
f 3618 3599 2707
f 3616 3618 2708
f 3616 2708 3600
f 3619 3620 3589
f 3619 3589 2704
f 3620 3619 2705
f 3620 2705 3590
f 3620 3621 2719
f 3620 2719 3589
f 3621 3620 3590
f 3621 3590 2720
f 3621 3619 2704
f 3621 2704 2719
f 3619 3621 2720
f 3619 2720 2705
f 3622 3623 3584
f 3622 3584 2719
f 3623 3622 2720
f 3623 2720 3585
f 3623 3624 2726
f 3623 2726 3584
f 3624 3623 3585
f 3624 3585 2727
f 3624 3622 2719
f 3624 2719 2726
f 3622 3624 2727
f 3622 2727 2720
f 3625 3626 3579
f 3625 3579 2726
f 3626 3625 2727
f 3626 2727 3580
f 3626 3627 2733
f 3626 2733 3579
f 3627 3626 3580
f 3627 3580 2734
f 3627 3625 2726
f 3627 2726 2733
f 3625 3627 2734
f 3625 2734 2727
f 3628 3629 3574
f 3628 3574 2733
f 3629 3628 2734
f 3629 2734 3575
f 3629 3630 2740
f 3629 2740 3574
f 3630 3629 3575
f 3630 3575 2741
f 3630 3628 2733
f 3630 2733 2740
f 3628 3630 2741
f 3628 2741 2734
f 3631 3632 3569
f 3631 3569 2740
f 3632 3631 2741
f 3632 2741 3570
f 3632 3633 2747
f 3632 2747 3569
f 3633 3632 3570
f 3633 3570 2748
f 3633 3631 2740
f 3633 2740 2747
f 3631 3633 2748
f 3631 2748 2741
f 3634 3635 3564
f 3634 3564 2747
f 3635 3634 2748
f 3635 2748 3565
f 3635 3636 2754
f 3635 2754 3564
f 3636 3635 3565
f 3636 3565 2755
f 3636 3634 2747
f 3636 2747 2754
f 3634 3636 2755
f 3634 2755 2748
f 3637 3638 3559
f 3637 3559 2754
f 3638 3637 2755
f 3638 2755 3560
f 3638 3639 2763
f 3638 2763 3559
f 3639 3638 3560
f 3639 3560 2764
f 3639 3637 2754
f 3639 2754 2763
f 3637 3639 2764
f 3637 2764 2755
f 3640 3641 2760
f 3640 2760 3559
f 3641 3640 3560
f 3641 3560 2761
f 3641 3642 2763
f 3641 2763 2760
f 3642 3641 2761
f 3642 2761 2764
f 3642 3640 3559
f 3642 3559 2763
f 3640 3642 2764
f 3640 2764 3560
f 3643 3644 3549
f 3643 3549 2760
f 3644 3643 2761
f 3644 2761 3550
f 3644 3645 2775
f 3644 2775 3549
f 3645 3644 3550
f 3645 3550 2776
f 3645 3643 2760
f 3645 2760 2775
f 3643 3645 2776
f 3643 2776 2761
f 3646 3647 3544
f 3646 3544 2775
f 3647 3646 2776
f 3647 2776 3545
f 3647 3648 2782
f 3647 2782 3544
f 3648 3647 3545
f 3648 3545 2783
f 3648 3646 2775
f 3648 2775 2782
f 3646 3648 2783
f 3646 2783 2776
f 3649 3650 3536
f 3649 3536 2782
f 3650 3649 2783
f 3650 2783 3537
f 3650 3651 2791
f 3650 2791 3536
f 3651 3650 3537
f 3651 3537 2792
f 3651 3649 2782
f 3651 2782 2791
f 3649 3651 2792
f 3649 2792 2783
f 3652 3653 2788
f 3652 2788 3536
f 3653 3652 3537
f 3653 3537 2789
f 3653 3654 2791
f 3653 2791 2788
f 3654 3653 2789
f 3654 2789 2792
f 3654 3652 3536
f 3654 3536 2791
f 3652 3654 2792
f 3652 2792 3537
f 3655 3656 3531
f 3655 3531 2788
f 3656 3655 2789
f 3656 2789 3532
f 3656 3657 2803
f 3656 2803 3531
f 3657 3656 3532
f 3657 3532 2804
f 3657 3655 2788
f 3657 2788 2803
f 3655 3657 2804
f 3655 2804 2789
f 3658 3659 3526
f 3658 3526 2803
f 3659 3658 2804
f 3659 2804 3527
f 3659 3660 2810
f 3659 2810 3526
f 3660 3659 3527
f 3660 3527 2811
f 3660 3658 2803
f 3660 2803 2810
f 3658 3660 2811
f 3658 2811 2804
f 3661 3662 3521
f 3661 3521 2810
f 3662 3661 2811
f 3662 2811 3522
f 3662 3663 2819
f 3662 2819 3521
f 3663 3662 3522
f 3663 3522 2820
f 3663 3661 2810
f 3663 2810 2819
f 3661 3663 2820
f 3661 2820 2811
f 3664 3665 2816
f 3664 2816 3521
f 3665 3664 3522
f 3665 3522 2817
f 3665 3666 2819
f 3665 2819 2816
f 3666 3665 2817
f 3666 2817 2820
f 3666 3664 3521
f 3666 3521 2819
f 3664 3666 2820
f 3664 2820 3522
f 3667 3668 2824
f 3667 2824 3516
f 3668 3667 3517
f 3668 3517 2825
f 3668 3669 2816
f 3668 2816 2824
f 3669 3668 2825
f 3669 2825 2817
f 3669 3667 3516
f 3669 3516 2816
f 3667 3669 2817
f 3667 2817 3517
f 3670 3671 2831
f 3670 2831 3511
f 3671 3670 3512
f 3671 3512 2832
f 3671 3672 2824
f 3671 2824 2831
f 3672 3671 2832
f 3672 2832 2825
f 3672 3670 3511
f 3672 3511 2824
f 3670 3672 2825
f 3670 2825 3512
f 3673 3674 2838
f 3673 2838 3506
f 3674 3673 3507
f 3674 3507 2839
f 3674 3675 2831
f 3674 2831 2838
f 3675 3674 2839
f 3675 2839 2832
f 3675 3673 3506
f 3675 3506 2831
f 3673 3675 2832
f 3673 2832 3507
f 3676 3677 2845
f 3676 2845 3501
f 3677 3676 3502
f 3677 3502 2846
f 3677 3678 2838
f 3677 2838 2845
f 3678 3677 2846
f 3678 2846 2839
f 3678 3676 3501
f 3678 3501 2838
f 3676 3678 2839
f 3676 2839 3502
f 3679 3680 2852
f 3679 2852 3496
f 3680 3679 3497
f 3680 3497 2853
f 3680 3681 2845
f 3680 2845 2852
f 3681 3680 2853
f 3681 2853 2846
f 3681 3679 3496
f 3681 3496 2845
f 3679 3681 2846
f 3679 2846 3497
f 3682 3683 2859
f 3682 2859 3491
f 3683 3682 3492
f 3683 3492 2860
f 3683 3684 2852
f 3683 2852 2859
f 3684 3683 2860
f 3684 2860 2853
f 3684 3682 3491
f 3684 3491 2852
f 3682 3684 2853
f 3682 2853 3492
f 3685 3686 2866
f 3685 2866 3486
f 3686 3685 3487
f 3686 3487 2867
f 3686 3687 2859
f 3686 2859 2866
f 3687 3686 2867
f 3687 2867 2860
f 3687 3685 3486
f 3687 3486 2859
f 3685 3687 2860
f 3685 2860 3487
f 3688 3689 2873
f 3688 2873 3481
f 3689 3688 3482
f 3689 3482 2874
f 3689 3690 2866
f 3689 2866 2873
f 3690 3689 2874
f 3690 2874 2867
f 3690 3688 3481
f 3690 3481 2866
f 3688 3690 2867
f 3688 2867 3482
f 3691 3692 2880
f 3691 2880 3476
f 3692 3691 3477
f 3692 3477 2881
f 3692 3693 2873
f 3692 2873 2880
f 3693 3692 2881
f 3693 2881 2874
f 3693 3691 3476
f 3693 3476 2873
f 3691 3693 2874
f 3691 2874 3477
f 3694 3695 2887
f 3694 2887 3468
f 3695 3694 3469
f 3695 3469 2888
f 3695 3696 2880
f 3695 2880 2887
f 3696 3695 2888
f 3696 2888 2881
f 3696 3694 3468
f 3696 3468 2880
f 3694 3696 2881
f 3694 2881 3469
f 3697 3698 2894
f 3697 2894 3699
f 3698 3697 3700
f 3698 3700 2895
f 3698 3701 2887
f 3698 2887 2894
f 3701 3698 2895
f 3701 2895 2888
f 3701 3697 3699
f 3701 3699 2887
f 3697 3701 2888
f 3697 2888 3700
f 3702 3703 2901
f 3702 2901 3463
f 3703 3702 3464
f 3703 3464 2902
f 3703 3704 2894
f 3703 2894 2901
f 3704 3703 2902
f 3704 2902 2895
f 3704 3702 3463
f 3704 3463 2894
f 3702 3704 2895
f 3702 2895 3464
f 3705 3706 2908
f 3705 2908 3458
f 3706 3705 3459
f 3706 3459 2909
f 3706 3707 2901
f 3706 2901 2908
f 3707 3706 2909
f 3707 2909 2902
f 3707 3705 3458
f 3707 3458 2901
f 3705 3707 2902
f 3705 2902 3459
f 3708 3709 2915
f 3708 2915 3453
f 3709 3708 3454
f 3709 3454 2916
f 3709 3710 2908
f 3709 2908 2915
f 3710 3709 2916
f 3710 2916 2909
f 3710 3708 3453
f 3710 3453 2908
f 3708 3710 2909
f 3708 2909 3454
f 3711 3712 2922
f 3711 2922 3448
f 3712 3711 3449
f 3712 3449 2923
f 3712 3713 2915
f 3712 2915 2922
f 3713 3712 2923
f 3713 2923 2916
f 3713 3711 3448
f 3713 3448 2915
f 3711 3713 2916
f 3711 2916 3449
f 3714 3715 2929
f 3714 2929 3443
f 3715 3714 3444
f 3715 3444 2930
f 3715 3716 2922
f 3715 2922 2929
f 3716 3715 2930
f 3716 2930 2923
f 3716 3714 3443
f 3716 3443 2922
f 3714 3716 2923
f 3714 2923 3444
f 3717 3718 2936
f 3717 2936 3438
f 3718 3717 3439
f 3718 3439 2937
f 3718 3719 2929
f 3718 2929 2936
f 3719 3718 2937
f 3719 2937 2930
f 3719 3717 3438
f 3719 3438 2929
f 3717 3719 2930
f 3717 2930 3439
f 3720 3721 2943
f 3720 2943 3433
f 3721 3720 3434
f 3721 3434 2944
f 3721 3722 2936
f 3721 2936 2943
f 3722 3721 2944
f 3722 2944 2937
f 3722 3720 3433
f 3722 3433 2936
f 3720 3722 2937
f 3720 2937 3434
f 3723 3724 2950
f 3723 2950 3428
f 3724 3723 3429
f 3724 3429 2951
f 3724 3725 2943
f 3724 2943 2950
f 3725 3724 2951
f 3725 2951 2944
f 3725 3723 3428
f 3725 3428 2943
f 3723 3725 2944
f 3723 2944 3429
f 3726 3727 2957
f 3726 2957 3423
f 3727 3726 3424
f 3727 3424 2958
f 3727 3728 2950
f 3727 2950 2957
f 3728 3727 2958
f 3728 2958 2951
f 3728 3726 3423
f 3728 3423 2950
f 3726 3728 2951
f 3726 2951 3424
f 3729 3730 2964
f 3729 2964 3418
f 3730 3729 3419
f 3730 3419 2965
f 3730 3731 2957
f 3730 2957 2964
f 3731 3730 2965
f 3731 2965 2958
f 3731 3729 3418
f 3731 3418 2957
f 3729 3731 2958
f 3729 2958 3419
f 3732 3733 2971
f 3732 2971 3413
f 3733 3732 3414
f 3733 3414 2972
f 3733 3734 2964
f 3733 2964 2971
f 3734 3733 2972
f 3734 2972 2965
f 3734 3732 3413
f 3734 3413 2964
f 3732 3734 2965
f 3732 2965 3414
f 3735 3736 2978
f 3735 2978 3408
f 3736 3735 3409
f 3736 3409 2979
f 3736 3737 2971
f 3736 2971 2978
f 3737 3736 2979
f 3737 2979 2972
f 3737 3735 3408
f 3737 3408 2971
f 3735 3737 2972
f 3735 2972 3409
f 3738 3739 2985
f 3738 2985 3403
f 3739 3738 3404
f 3739 3404 2986
f 3739 3740 2978
f 3739 2978 2985
f 3740 3739 2986
f 3740 2986 2979
f 3740 3738 3403
f 3740 3403 2978
f 3738 3740 2979
f 3738 2979 3404
f 3741 3742 2992
f 3741 2992 3398
f 3742 3741 3399
f 3742 3399 2993
f 3742 3743 2985
f 3742 2985 2992
f 3743 3742 2993
f 3743 2993 2986
f 3743 3741 3398
f 3743 3398 2985
f 3741 3743 2986
f 3741 2986 3399
f 3744 3745 2999
f 3744 2999 3390
f 3745 3744 3391
f 3745 3391 3000
f 3745 3746 2992
f 3745 2992 2999
f 3746 3745 3000
f 3746 3000 2993
f 3746 3744 3390
f 3746 3390 2992
f 3744 3746 2993
f 3744 2993 3391
f 3747 3748 3006
f 3747 3006 3385
f 3748 3747 3386
f 3748 3386 3007
f 3748 3749 2999
f 3748 2999 3006
f 3749 3748 3007
f 3749 3007 3000
f 3749 3747 3385
f 3749 3385 2999
f 3747 3749 3000
f 3747 3000 3386
f 3750 3751 3013
f 3750 3013 3752
f 3751 3750 3753
f 3751 3753 3014
f 3751 3754 3006
f 3751 3006 3013
f 3754 3751 3014
f 3754 3014 3007
f 3754 3750 3752
f 3754 3752 3006
f 3750 3754 3007
f 3750 3007 3753
f 3755 3756 3020
f 3755 3020 3380
f 3756 3755 3381
f 3756 3381 3021
f 3756 3757 3013
f 3756 3013 3020
f 3757 3756 3021
f 3757 3021 3014
f 3757 3755 3380
f 3757 3380 3013
f 3755 3757 3014
f 3755 3014 3381
f 3758 3759 3027
f 3758 3027 3375
f 3759 3758 3376
f 3759 3376 3028
f 3759 3760 3020
f 3759 3020 3027
f 3760 3759 3028
f 3760 3028 3021
f 3760 3758 3375
f 3760 3375 3020
f 3758 3760 3021
f 3758 3021 3376
f 3761 3762 3034
f 3761 3034 3367
f 3762 3761 3368
f 3762 3368 3035
f 3762 3763 3027
f 3762 3027 3034
f 3763 3762 3035
f 3763 3035 3028
f 3763 3761 3367
f 3763 3367 3027
f 3761 3763 3028
f 3761 3028 3368
f 3764 3765 3041
f 3764 3041 3766
f 3765 3764 3767
f 3765 3767 3042
f 3765 3768 3034
f 3765 3034 3041
f 3768 3765 3042
f 3768 3042 3035
f 3768 3764 3766
f 3768 3766 3034
f 3764 3768 3035
f 3764 3035 3767
f 3769 3770 3048
f 3769 3048 3362
f 3770 3769 3363
f 3770 3363 3049
f 3770 3771 3041
f 3770 3041 3048
f 3771 3770 3049
f 3771 3049 3042
f 3771 3769 3362
f 3771 3362 3041
f 3769 3771 3042
f 3769 3042 3363
f 3772 3773 3055
f 3772 3055 3357
f 3773 3772 3358
f 3773 3358 3056
f 3773 3774 3048
f 3773 3048 3055
f 3774 3773 3056
f 3774 3056 3049
f 3774 3772 3357
f 3774 3357 3048
f 3772 3774 3049
f 3772 3049 3358
f 3775 3776 3062
f 3775 3062 3352
f 3776 3775 3353
f 3776 3353 3063
f 3776 3777 3055
f 3776 3055 3062
f 3777 3776 3063
f 3777 3063 3056
f 3777 3775 3352
f 3777 3352 3055
f 3775 3777 3056
f 3775 3056 3353
f 3778 3779 3069
f 3778 3069 3347
f 3779 3778 3348
f 3779 3348 3070
f 3779 3780 3062
f 3779 3062 3069
f 3780 3779 3070
f 3780 3070 3063
f 3780 3778 3347
f 3780 3347 3062
f 3778 3780 3063
f 3778 3063 3348
f 3781 3782 3076
f 3781 3076 3342
f 3782 3781 3343
f 3782 3343 3077
f 3782 3783 3069
f 3782 3069 3076
f 3783 3782 3077
f 3783 3077 3070
f 3783 3781 3342
f 3783 3342 3069
f 3781 3783 3070
f 3781 3070 3343
f 3784 3785 3083
f 3784 3083 3334
f 3785 3784 3335
f 3785 3335 3084
f 3785 3786 3076
f 3785 3076 3083
f 3786 3785 3084
f 3786 3084 3077
f 3786 3784 3334
f 3786 3334 3076
f 3784 3786 3077
f 3784 3077 3335
f 3787 3788 3090
f 3787 3090 3329
f 3788 3787 3330
f 3788 3330 3091
f 3788 3789 3083
f 3788 3083 3090
f 3789 3788 3091
f 3789 3091 3084
f 3789 3787 3329
f 3789 3329 3083
f 3787 3789 3084
f 3787 3084 3330
f 3790 3791 3097
f 3790 3097 3792
f 3791 3790 3793
f 3791 3793 3098
f 3791 3794 3090
f 3791 3090 3097
f 3794 3791 3098
f 3794 3098 3091
f 3794 3790 3792
f 3794 3792 3090
f 3790 3794 3091
f 3790 3091 3793
f 3795 3796 3104
f 3795 3104 3324
f 3796 3795 3325
f 3796 3325 3105
f 3796 3797 3097
f 3796 3097 3104
f 3797 3796 3105
f 3797 3105 3098
f 3797 3795 3324
f 3797 3324 3097
f 3795 3797 3098
f 3795 3098 3325
f 3798 3799 3111
f 3798 3111 3316
f 3799 3798 3317
f 3799 3317 3112
f 3799 3800 3104
f 3799 3104 3111
f 3800 3799 3112
f 3800 3112 3105
f 3800 3798 3316
f 3800 3316 3104
f 3798 3800 3105
f 3798 3105 3317
f 3801 3802 3118
f 3801 3118 3311
f 3802 3801 3312
f 3802 3312 3119
f 3802 3803 3111
f 3802 3111 3118
f 3803 3802 3119
f 3803 3119 3112
f 3803 3801 3311
f 3803 3311 3111
f 3801 3803 3112
f 3801 3112 3312
f 3804 3805 3125
f 3804 3125 3806
f 3805 3804 3807
f 3805 3807 3126
f 3805 3808 3118
f 3805 3118 3125
f 3808 3805 3126
f 3808 3126 3119
f 3808 3804 3806
f 3808 3806 3118
f 3804 3808 3119
f 3804 3119 3807
f 3809 3810 3132
f 3809 3132 3306
f 3810 3809 3307
f 3810 3307 3133
f 3810 3811 3125
f 3810 3125 3132
f 3811 3810 3133
f 3811 3133 3126
f 3811 3809 3306
f 3811 3306 3125
f 3809 3811 3126
f 3809 3126 3307
f 3812 3813 3139
f 3812 3139 3301
f 3813 3812 3302
f 3813 3302 3140
f 3813 3814 3132
f 3813 3132 3139
f 3814 3813 3140
f 3814 3140 3133
f 3814 3812 3301
f 3814 3301 3132
f 3812 3814 3133
f 3812 3133 3302
f 3815 3816 3146
f 3815 3146 3293
f 3816 3815 3294
f 3816 3294 3147
f 3816 3817 3139
f 3816 3139 3146
f 3817 3816 3147
f 3817 3147 3140
f 3817 3815 3293
f 3817 3293 3139
f 3815 3817 3140
f 3815 3140 3294
f 3818 3819 3153
f 3818 3153 3820
f 3819 3818 3821
f 3819 3821 3154
f 3819 3822 3146
f 3819 3146 3153
f 3822 3819 3154
f 3822 3154 3147
f 3822 3818 3820
f 3822 3820 3146
f 3818 3822 3147
f 3818 3147 3821
f 3823 3824 3160
f 3823 3160 3288
f 3824 3823 3289
f 3824 3289 3161
f 3824 3825 3153
f 3824 3153 3160
f 3825 3824 3161
f 3825 3161 3154
f 3825 3823 3288
f 3825 3288 3153
f 3823 3825 3154
f 3823 3154 3289
f 3826 3827 3167
f 3826 3167 3280
f 3827 3826 3281
f 3827 3281 3168
f 3827 3828 3160
f 3827 3160 3167
f 3828 3827 3168
f 3828 3168 3161
f 3828 3826 3280
f 3828 3280 3160
f 3826 3828 3161
f 3826 3161 3281
f 3829 3830 3174
f 3829 3174 3831
f 3830 3829 3832
f 3830 3832 3175
f 3830 3833 3167
f 3830 3167 3174
f 3833 3830 3175
f 3833 3175 3168
f 3833 3829 3831
f 3833 3831 3167
f 3829 3833 3168
f 3829 3168 3832
f 3834 3835 3181
f 3834 3181 3275
f 3835 3834 3276
f 3835 3276 3182
f 3835 3836 3174
f 3835 3174 3181
f 3836 3835 3182
f 3836 3182 3175
f 3836 3834 3275
f 3836 3275 3174
f 3834 3836 3175
f 3834 3175 3276
f 3837 3838 3188
f 3837 3188 3270
f 3838 3837 3271
f 3838 3271 3189
f 3838 3839 3181
f 3838 3181 3188
f 3839 3838 3189
f 3839 3189 3182
f 3839 3837 3270
f 3839 3270 3181
f 3837 3839 3182
f 3837 3182 3271
f 3840 3841 3195
f 3840 3195 3265
f 3841 3840 3266
f 3841 3266 3196
f 3841 3842 3188
f 3841 3188 3195
f 3842 3841 3196
f 3842 3196 3189
f 3842 3840 3265
f 3842 3265 3188
f 3840 3842 3189
f 3840 3189 3266
f 3843 3844 3202
f 3843 3202 3260
f 3844 3843 3261
f 3844 3261 3203
f 3844 3845 3195
f 3844 3195 3202
f 3845 3844 3203
f 3845 3203 3196
f 3845 3843 3260
f 3845 3260 3195
f 3843 3845 3196
f 3843 3196 3261
f 3846 3847 3209
f 3846 3209 3255
f 3847 3846 3256
f 3847 3256 3210
f 3847 3848 3202
f 3847 3202 3209
f 3848 3847 3210
f 3848 3210 3203
f 3848 3846 3255
f 3848 3255 3202
f 3846 3848 3203
f 3846 3203 3256
f 3849 3850 3216
f 3849 3216 3250
f 3850 3849 3251
f 3850 3251 3217
f 3850 3851 3209
f 3850 3209 3216
f 3851 3850 3217
f 3851 3217 3210
f 3851 3849 3250
f 3851 3250 3209
f 3849 3851 3210
f 3849 3210 3251
f 3852 3853 3223
f 3852 3223 3242
f 3853 3852 3243
f 3853 3243 3224
f 3853 3854 3216
f 3853 3216 3223
f 3854 3853 3224
f 3854 3224 3217
f 3854 3852 3242
f 3854 3242 3216
f 3852 3854 3217
f 3852 3217 3243
f 3855 3856 2664
f 3855 2664 3237
f 3856 3855 3238
f 3856 3238 2665
f 3856 3857 3223
f 3856 3223 2664
f 3857 3856 2665
f 3857 2665 3224
f 3857 3855 3237
f 3857 3237 3223
f 3855 3857 3224
f 3855 3224 3238
f 3858 3859 2668
f 3858 2668 2660
f 3859 3858 2661
f 3859 2661 2669
f 3859 3860 2659
f 3859 2659 2668
f 3860 3859 2669
f 3860 2669 2662
f 3860 3858 2660
f 3860 2660 2659
f 3858 3860 2662
f 3858 2662 2661
f 3861 3862 2650
f 3861 2650 2675
f 3862 3861 2676
f 3862 2676 2653
f 3862 3863 2651
f 3862 2651 2650
f 3863 3862 2653
f 3863 2653 2652
f 3863 3861 2675
f 3863 2675 2651
f 3861 3863 2652
f 3861 2652 2676
f 3864 3865 2671
f 3864 2671 2659
f 3865 3864 2662
f 3865 2662 2672
f 3865 3866 2682
f 3865 2682 2671
f 3866 3865 2672
f 3866 2672 2683
f 3866 3864 2659
f 3866 2659 2682
f 3864 3866 2683
f 3864 2683 2662
f 3867 3868 2691
f 3867 2691 2655
f 3868 3867 2656
f 3868 2656 2692
f 3868 3869 2678
f 3868 2678 2691
f 3869 3868 2692
f 3869 2692 2679
f 3869 3867 2655
f 3869 2655 2678
f 3867 3869 2679
f 3867 2679 2656
f 3870 3871 2698
f 3870 2698 2691
f 3871 3870 2692
f 3871 2692 2699
f 3871 3872 2690
f 3871 2690 2698
f 3872 3871 2699
f 3872 2699 2693
f 3872 3870 2691
f 3872 2691 2690
f 3870 3872 2693
f 3870 2693 2692
f 3873 3874 2707
f 3873 2707 2698
f 3874 3873 2699
f 3874 2699 2708
f 3874 3875 2697
f 3874 2697 2707
f 3875 3874 2708
f 3875 2708 2700
f 3875 3873 2698
f 3875 2698 2697
f 3873 3875 2700
f 3873 2700 2699
f 3876 3877 2714
f 3876 2714 2704
f 3877 3876 2705
f 3877 2705 2715
f 3877 3878 2697
f 3877 2697 2714
f 3878 3877 2715
f 3878 2715 2700
f 3878 3876 2704
f 3878 2704 2697
f 3876 3878 2700
f 3876 2700 2705
f 3879 3880 2719
f 3879 2719 2704
f 3880 3879 2705
f 3880 2705 2720
f 3880 3881 2711
f 3880 2711 2719
f 3881 3880 2720
f 3881 2720 2712
f 3881 3879 2704
f 3881 2704 2711
f 3879 3881 2712
f 3879 2712 2705
f 3882 3883 2726
f 3882 2726 2719
f 3883 3882 2720
f 3883 2720 2727
f 3883 3884 2718
f 3883 2718 2726
f 3884 3883 2727
f 3884 2727 2721
f 3884 3882 2719
f 3884 2719 2718
f 3882 3884 2721
f 3882 2721 2720
f 3885 3886 2733
f 3885 2733 2726
f 3886 3885 2727
f 3886 2727 2734
f 3886 3887 2725
f 3886 2725 2733
f 3887 3886 2734
f 3887 2734 2728
f 3887 3885 2726
f 3887 2726 2725
f 3885 3887 2728
f 3885 2728 2727
f 3888 3889 2740
f 3888 2740 2733
f 3889 3888 2734
f 3889 2734 2741
f 3889 3890 2732
f 3889 2732 2740
f 3890 3889 2741
f 3890 2741 2735
f 3890 3888 2733
f 3890 2733 2732
f 3888 3890 2735
f 3888 2735 2734
f 3891 3892 2747
f 3891 2747 2740
f 3892 3891 2741
f 3892 2741 2748
f 3892 3893 2739
f 3892 2739 2747
f 3893 3892 2748
f 3893 2748 2742
f 3893 3891 2740
f 3893 2740 2739
f 3891 3893 2742
f 3891 2742 2741
f 3894 3895 2754
f 3894 2754 2747
f 3895 3894 2748
f 3895 2748 2755
f 3895 3896 2746
f 3895 2746 2754
f 3896 3895 2755
f 3896 2755 2749
f 3896 3894 2747
f 3896 2747 2746
f 3894 3896 2749
f 3894 2749 2748
f 3897 3898 2763
f 3897 2763 2754
f 3898 3897 2755
f 3898 2755 2764
f 3898 3899 2753
f 3898 2753 2763
f 3899 3898 2764
f 3899 2764 2756
f 3899 3897 2754
f 3899 2754 2753
f 3897 3899 2756
f 3897 2756 2755
f 3900 3901 2770
f 3900 2770 2760
f 3901 3900 2761
f 3901 2761 2771
f 3901 3902 2753
f 3901 2753 2770
f 3902 3901 2771
f 3902 2771 2756
f 3902 3900 2760
f 3902 2760 2753
f 3900 3902 2756
f 3900 2756 2761
f 3903 3904 2775
f 3903 2775 2760
f 3904 3903 2761
f 3904 2761 2776
f 3904 3905 2767
f 3904 2767 2775
f 3905 3904 2776
f 3905 2776 2768
f 3905 3903 2760
f 3905 2760 2767
f 3903 3905 2768
f 3903 2768 2761
f 3906 3907 2782
f 3906 2782 2775
f 3907 3906 2776
f 3907 2776 2783
f 3907 3908 2774
f 3907 2774 2782
f 3908 3907 2783
f 3908 2783 2777
f 3908 3906 2775
f 3908 2775 2774
f 3906 3908 2777
f 3906 2777 2776
f 3909 3910 2791
f 3909 2791 2782
f 3910 3909 2783
f 3910 2783 2792
f 3910 3911 2781
f 3910 2781 2791
f 3911 3910 2792
f 3911 2792 2784
f 3911 3909 2782
f 3911 2782 2781
f 3909 3911 2784
f 3909 2784 2783
f 3912 3913 2798
f 3912 2798 2788
f 3913 3912 2789
f 3913 2789 2799
f 3913 3914 2781
f 3913 2781 2798
f 3914 3913 2799
f 3914 2799 2784
f 3914 3912 2788
f 3914 2788 2781
f 3912 3914 2784
f 3912 2784 2789
f 3915 3916 2803
f 3915 2803 2788
f 3916 3915 2789
f 3916 2789 2804
f 3916 3917 2795
f 3916 2795 2803
f 3917 3916 2804
f 3917 2804 2796
f 3917 3915 2788
f 3917 2788 2795
f 3915 3917 2796
f 3915 2796 2789
f 3918 3919 2810
f 3918 2810 2803
f 3919 3918 2804
f 3919 2804 2811
f 3919 3920 2802
f 3919 2802 2810
f 3920 3919 2811
f 3920 2811 2805
f 3920 3918 2803
f 3920 2803 2802
f 3918 3920 2805
f 3918 2805 2804
f 3921 3922 2819
f 3921 2819 2810
f 3922 3921 2811
f 3922 2811 2820
f 3922 3923 2809
f 3922 2809 2819
f 3923 3922 2820
f 3923 2820 2812
f 3923 3921 2810
f 3923 2810 2809
f 3921 3923 2812
f 3921 2812 2811
f 3924 3925 2823
f 3924 2823 2816
f 3925 3924 2817
f 3925 2817 2826
f 3925 3926 2809
f 3925 2809 2823
f 3926 3925 2826
f 3926 2826 2812
f 3926 3924 2816
f 3926 2816 2809
f 3924 3926 2812
f 3924 2812 2817
f 3927 3928 2830
f 3927 2830 2824
f 3928 3927 2825
f 3928 2825 2833
f 3928 3929 2823
f 3928 2823 2830
f 3929 3928 2833
f 3929 2833 2826
f 3929 3927 2824
f 3929 2824 2823
f 3927 3929 2826
f 3927 2826 2825
f 3930 3931 2837
f 3930 2837 2831
f 3931 3930 2832
f 3931 2832 2840
f 3931 3932 2830
f 3931 2830 2837
f 3932 3931 2840
f 3932 2840 2833
f 3932 3930 2831
f 3932 2831 2830
f 3930 3932 2833
f 3930 2833 2832
f 3933 3934 2844
f 3933 2844 2838
f 3934 3933 2839
f 3934 2839 2847
f 3934 3935 2837
f 3934 2837 2844
f 3935 3934 2847
f 3935 2847 2840
f 3935 3933 2838
f 3935 2838 2837
f 3933 3935 2840
f 3933 2840 2839
f 3936 3937 2851
f 3936 2851 2845
f 3937 3936 2846
f 3937 2846 2854
f 3937 3938 2844
f 3937 2844 2851
f 3938 3937 2854
f 3938 2854 2847
f 3938 3936 2845
f 3938 2845 2844
f 3936 3938 2847
f 3936 2847 2846
f 3939 3940 2858
f 3939 2858 2852
f 3940 3939 2853
f 3940 2853 2861
f 3940 3941 2851
f 3940 2851 2858
f 3941 3940 2861
f 3941 2861 2854
f 3941 3939 2852
f 3941 2852 2851
f 3939 3941 2854
f 3939 2854 2853
f 3942 3943 2865
f 3942 2865 2859
f 3943 3942 2860
f 3943 2860 2868
f 3943 3944 2858
f 3943 2858 2865
f 3944 3943 2868
f 3944 2868 2861
f 3944 3942 2859
f 3944 2859 2858
f 3942 3944 2861
f 3942 2861 2860
f 3945 3946 2872
f 3945 2872 2866
f 3946 3945 2867
f 3946 2867 2875
f 3946 3947 2865
f 3946 2865 2872
f 3947 3946 2875
f 3947 2875 2868
f 3947 3945 2866
f 3947 2866 2865
f 3945 3947 2868
f 3945 2868 2867
f 3948 3949 2879
f 3948 2879 2873
f 3949 3948 2874
f 3949 2874 2882
f 3949 3950 2872
f 3949 2872 2879
f 3950 3949 2882
f 3950 2882 2875
f 3950 3948 2873
f 3950 2873 2872
f 3948 3950 2875
f 3948 2875 2874
f 3951 3952 2886
f 3951 2886 2880
f 3952 3951 2881
f 3952 2881 2889
f 3952 3953 2879
f 3952 2879 2886
f 3953 3952 2889
f 3953 2889 2882
f 3953 3951 2880
f 3953 2880 2879
f 3951 3953 2882
f 3951 2882 2881
f 3954 3955 2893
f 3954 2893 2887
f 3955 3954 2888
f 3955 2888 2896
f 3955 3956 2886
f 3955 2886 2893
f 3956 3955 2896
f 3956 2896 2889
f 3956 3954 2887
f 3956 2887 2886
f 3954 3956 2889
f 3954 2889 2888
f 3957 3958 2900
f 3957 2900 2894
f 3958 3957 2895
f 3958 2895 2903
f 3958 3959 2893
f 3958 2893 2900
f 3959 3958 2903
f 3959 2903 2896
f 3959 3957 2894
f 3959 2894 2893
f 3957 3959 2896
f 3957 2896 2895
f 3960 3961 2907
f 3960 2907 2901
f 3961 3960 2902
f 3961 2902 2910
f 3961 3962 2900
f 3961 2900 2907
f 3962 3961 2910
f 3962 2910 2903
f 3962 3960 2901
f 3962 2901 2900
f 3960 3962 2903
f 3960 2903 2902
f 3963 3964 2914
f 3963 2914 2908
f 3964 3963 2909
f 3964 2909 2917
f 3964 3965 2907
f 3964 2907 2914
f 3965 3964 2917
f 3965 2917 2910
f 3965 3963 2908
f 3965 2908 2907
f 3963 3965 2910
f 3963 2910 2909
f 3966 3967 2921
f 3966 2921 2915
f 3967 3966 2916
f 3967 2916 2924
f 3967 3968 2914
f 3967 2914 2921
f 3968 3967 2924
f 3968 2924 2917
f 3968 3966 2915
f 3968 2915 2914
f 3966 3968 2917
f 3966 2917 2916
f 3969 3970 2928
f 3969 2928 2922
f 3970 3969 2923
f 3970 2923 2931
f 3970 3971 2921
f 3970 2921 2928
f 3971 3970 2931
f 3971 2931 2924
f 3971 3969 2922
f 3971 2922 2921
f 3969 3971 2924
f 3969 2924 2923
f 3972 3973 2935
f 3972 2935 2929
f 3973 3972 2930
f 3973 2930 2938
f 3973 3974 2928
f 3973 2928 2935
f 3974 3973 2938
f 3974 2938 2931
f 3974 3972 2929
f 3974 2929 2928
f 3972 3974 2931
f 3972 2931 2930
f 3975 3976 2942
f 3975 2942 2936
f 3976 3975 2937
f 3976 2937 2945
f 3976 3977 2935
f 3976 2935 2942
f 3977 3976 2945
f 3977 2945 2938
f 3977 3975 2936
f 3977 2936 2935
f 3975 3977 2938
f 3975 2938 2937
f 3978 3979 2949
f 3978 2949 2943
f 3979 3978 2944
f 3979 2944 2952
f 3979 3980 2942
f 3979 2942 2949
f 3980 3979 2952
f 3980 2952 2945
f 3980 3978 2943
f 3980 2943 2942
f 3978 3980 2945
f 3978 2945 2944
f 3981 3982 2956
f 3981 2956 2950
f 3982 3981 2951
f 3982 2951 2959
f 3982 3983 2949
f 3982 2949 2956
f 3983 3982 2959
f 3983 2959 2952
f 3983 3981 2950
f 3983 2950 2949
f 3981 3983 2952
f 3981 2952 2951
f 3984 3985 2963
f 3984 2963 2957
f 3985 3984 2958
f 3985 2958 2966
f 3985 3986 2956
f 3985 2956 2963
f 3986 3985 2966
f 3986 2966 2959
f 3986 3984 2957
f 3986 2957 2956
f 3984 3986 2959
f 3984 2959 2958
f 3987 3988 2970
f 3987 2970 2964
f 3988 3987 2965
f 3988 2965 2973
f 3988 3989 2963
f 3988 2963 2970
f 3989 3988 2973
f 3989 2973 2966
f 3989 3987 2964
f 3989 2964 2963
f 3987 3989 2966
f 3987 2966 2965
f 3990 3991 2977
f 3990 2977 2971
f 3991 3990 2972
f 3991 2972 2980
f 3991 3992 2970
f 3991 2970 2977
f 3992 3991 2980
f 3992 2980 2973
f 3992 3990 2971
f 3992 2971 2970
f 3990 3992 2973
f 3990 2973 2972
f 3993 3994 2984
f 3993 2984 2978
f 3994 3993 2979
f 3994 2979 2987
f 3994 3995 2977
f 3994 2977 2984
f 3995 3994 2987
f 3995 2987 2980
f 3995 3993 2978
f 3995 2978 2977
f 3993 3995 2980
f 3993 2980 2979
f 3996 3997 2991
f 3996 2991 2985
f 3997 3996 2986
f 3997 2986 2994
f 3997 3998 2984
f 3997 2984 2991
f 3998 3997 2994
f 3998 2994 2987
f 3998 3996 2985
f 3998 2985 2984
f 3996 3998 2987
f 3996 2987 2986
f 3999 4000 2998
f 3999 2998 2992
f 4000 3999 2993
f 4000 2993 3001
f 4000 4001 2991
f 4000 2991 2998
f 4001 4000 3001
f 4001 3001 2994
f 4001 3999 2992
f 4001 2992 2991
f 3999 4001 2994
f 3999 2994 2993
f 4002 4003 3005
f 4002 3005 2999
f 4003 4002 3000
f 4003 3000 3008
f 4003 4004 2998
f 4003 2998 3005
f 4004 4003 3008
f 4004 3008 3001
f 4004 4002 2999
f 4004 2999 2998
f 4002 4004 3001
f 4002 3001 3000
f 4005 4006 3012
f 4005 3012 3006
f 4006 4005 3007
f 4006 3007 3015
f 4006 4007 3005
f 4006 3005 3012
f 4007 4006 3015
f 4007 3015 3008
f 4007 4005 3006
f 4007 3006 3005
f 4005 4007 3008
f 4005 3008 3007
f 4008 4009 3019
f 4008 3019 3013
f 4009 4008 3014
f 4009 3014 3022
f 4009 4010 3012
f 4009 3012 3019
f 4010 4009 3022
f 4010 3022 3015
f 4010 4008 3013
f 4010 3013 3012
f 4008 4010 3015
f 4008 3015 3014
f 4011 4012 3026
f 4011 3026 3020
f 4012 4011 3021
f 4012 3021 3029
f 4012 4013 3019
f 4012 3019 3026
f 4013 4012 3029
f 4013 3029 3022
f 4013 4011 3020
f 4013 3020 3019
f 4011 4013 3022
f 4011 3022 3021
f 4014 4015 3033
f 4014 3033 3027
f 4015 4014 3028
f 4015 3028 3036
f 4015 4016 3026
f 4015 3026 3033
f 4016 4015 3036
f 4016 3036 3029
f 4016 4014 3027
f 4016 3027 3026
f 4014 4016 3029
f 4014 3029 3028
f 4017 4018 3040
f 4017 3040 3034
f 4018 4017 3035
f 4018 3035 3043
f 4018 4019 3033
f 4018 3033 3040
f 4019 4018 3043
f 4019 3043 3036
f 4019 4017 3034
f 4019 3034 3033
f 4017 4019 3036
f 4017 3036 3035
f 4020 4021 3047
f 4020 3047 3041
f 4021 4020 3042
f 4021 3042 3050
f 4021 4022 3040
f 4021 3040 3047
f 4022 4021 3050
f 4022 3050 3043
f 4022 4020 3041
f 4022 3041 3040
f 4020 4022 3043
f 4020 3043 3042
f 4023 4024 3054
f 4023 3054 3048
f 4024 4023 3049
f 4024 3049 3057
f 4024 4025 3047
f 4024 3047 3054
f 4025 4024 3057
f 4025 3057 3050
f 4025 4023 3048
f 4025 3048 3047
f 4023 4025 3050
f 4023 3050 3049
f 4026 4027 3061
f 4026 3061 3055
f 4027 4026 3056
f 4027 3056 3064
f 4027 4028 3054
f 4027 3054 3061
f 4028 4027 3064
f 4028 3064 3057
f 4028 4026 3055
f 4028 3055 3054
f 4026 4028 3057
f 4026 3057 3056
f 4029 4030 3068
f 4029 3068 3062
f 4030 4029 3063
f 4030 3063 3071
f 4030 4031 3061
f 4030 3061 3068
f 4031 4030 3071
f 4031 3071 3064
f 4031 4029 3062
f 4031 3062 3061
f 4029 4031 3064
f 4029 3064 3063
f 4032 4033 3075
f 4032 3075 3069
f 4033 4032 3070
f 4033 3070 3078
f 4033 4034 3068
f 4033 3068 3075
f 4034 4033 3078
f 4034 3078 3071
f 4034 4032 3069
f 4034 3069 3068
f 4032 4034 3071
f 4032 3071 3070
f 4035 4036 3082
f 4035 3082 3076
f 4036 4035 3077
f 4036 3077 3085
f 4036 4037 3075
f 4036 3075 3082
f 4037 4036 3085
f 4037 3085 3078
f 4037 4035 3076
f 4037 3076 3075
f 4035 4037 3078
f 4035 3078 3077
f 4038 4039 3089
f 4038 3089 3083
f 4039 4038 3084
f 4039 3084 3092
f 4039 4040 3082
f 4039 3082 3089
f 4040 4039 3092
f 4040 3092 3085
f 4040 4038 3083
f 4040 3083 3082
f 4038 4040 3085
f 4038 3085 3084
f 4041 4042 3096
f 4041 3096 3090
f 4042 4041 3091
f 4042 3091 3099
f 4042 4043 3089
f 4042 3089 3096
f 4043 4042 3099
f 4043 3099 3092
f 4043 4041 3090
f 4043 3090 3089
f 4041 4043 3092
f 4041 3092 3091
f 4044 4045 3103
f 4044 3103 3097
f 4045 4044 3098
f 4045 3098 3106
f 4045 4046 3096
f 4045 3096 3103
f 4046 4045 3106
f 4046 3106 3099
f 4046 4044 3097
f 4046 3097 3096
f 4044 4046 3099
f 4044 3099 3098
f 4047 4048 3110
f 4047 3110 3104
f 4048 4047 3105
f 4048 3105 3113
f 4048 4049 3103
f 4048 3103 3110
f 4049 4048 3113
f 4049 3113 3106
f 4049 4047 3104
f 4049 3104 3103
f 4047 4049 3106
f 4047 3106 3105
f 4050 4051 3117
f 4050 3117 3111
f 4051 4050 3112
f 4051 3112 3120
f 4051 4052 3110
f 4051 3110 3117
f 4052 4051 3120
f 4052 3120 3113
f 4052 4050 3111
f 4052 3111 3110
f 4050 4052 3113
f 4050 3113 3112
f 4053 4054 3124
f 4053 3124 3118
f 4054 4053 3119
f 4054 3119 3127
f 4054 4055 3117
f 4054 3117 3124
f 4055 4054 3127
f 4055 3127 3120
f 4055 4053 3118
f 4055 3118 3117
f 4053 4055 3120
f 4053 3120 3119
f 4056 4057 3131
f 4056 3131 3125
f 4057 4056 3126
f 4057 3126 3134
f 4057 4058 3124
f 4057 3124 3131
f 4058 4057 3134
f 4058 3134 3127
f 4058 4056 3125
f 4058 3125 3124
f 4056 4058 3127
f 4056 3127 3126
f 4059 4060 3138
f 4059 3138 3132
f 4060 4059 3133
f 4060 3133 3141
f 4060 4061 3131
f 4060 3131 3138
f 4061 4060 3141
f 4061 3141 3134
f 4061 4059 3132
f 4061 3132 3131
f 4059 4061 3134
f 4059 3134 3133
f 4062 4063 3145
f 4062 3145 3139
f 4063 4062 3140
f 4063 3140 3148
f 4063 4064 3138
f 4063 3138 3145
f 4064 4063 3148
f 4064 3148 3141
f 4064 4062 3139
f 4064 3139 3138
f 4062 4064 3141
f 4062 3141 3140
f 4065 4066 3152
f 4065 3152 3146
f 4066 4065 3147
f 4066 3147 3155
f 4066 4067 3145
f 4066 3145 3152
f 4067 4066 3155
f 4067 3155 3148
f 4067 4065 3146
f 4067 3146 3145
f 4065 4067 3148
f 4065 3148 3147
f 4068 4069 3159
f 4068 3159 3153
f 4069 4068 3154
f 4069 3154 3162
f 4069 4070 3152
f 4069 3152 3159
f 4070 4069 3162
f 4070 3162 3155
f 4070 4068 3153
f 4070 3153 3152
f 4068 4070 3155
f 4068 3155 3154
f 4071 4072 3166
f 4071 3166 3160
f 4072 4071 3161
f 4072 3161 3169
f 4072 4073 3159
f 4072 3159 3166
f 4073 4072 3169
f 4073 3169 3162
f 4073 4071 3160
f 4073 3160 3159
f 4071 4073 3162
f 4071 3162 3161
f 4074 4075 3173
f 4074 3173 3167
f 4075 4074 3168
f 4075 3168 3176
f 4075 4076 3166
f 4075 3166 3173
f 4076 4075 3176
f 4076 3176 3169
f 4076 4074 3167
f 4076 3167 3166
f 4074 4076 3169
f 4074 3169 3168
f 4077 4078 3180
f 4077 3180 3174
f 4078 4077 3175
f 4078 3175 3183
f 4078 4079 3173
f 4078 3173 3180
f 4079 4078 3183
f 4079 3183 3176
f 4079 4077 3174
f 4079 3174 3173
f 4077 4079 3176
f 4077 3176 3175
f 4080 4081 3187
f 4080 3187 3181
f 4081 4080 3182
f 4081 3182 3190
f 4081 4082 3180
f 4081 3180 3187
f 4082 4081 3190
f 4082 3190 3183
f 4082 4080 3181
f 4082 3181 3180
f 4080 4082 3183
f 4080 3183 3182
f 4083 4084 3194
f 4083 3194 3188
f 4084 4083 3189
f 4084 3189 3197
f 4084 4085 3187
f 4084 3187 3194
f 4085 4084 3197
f 4085 3197 3190
f 4085 4083 3188
f 4085 3188 3187
f 4083 4085 3190
f 4083 3190 3189
f 4086 4087 3201
f 4086 3201 3195
f 4087 4086 3196
f 4087 3196 3204
f 4087 4088 3194
f 4087 3194 3201
f 4088 4087 3204
f 4088 3204 3197
f 4088 4086 3195
f 4088 3195 3194
f 4086 4088 3197
f 4086 3197 3196
f 4089 4090 3208
f 4089 3208 3202
f 4090 4089 3203
f 4090 3203 3211
f 4090 4091 3201
f 4090 3201 3208
f 4091 4090 3211
f 4091 3211 3204
f 4091 4089 3202
f 4091 3202 3201
f 4089 4091 3204
f 4089 3204 3203
f 4092 4093 3215
f 4092 3215 3209
f 4093 4092 3210
f 4093 3210 3218
f 4093 4094 3208
f 4093 3208 3215
f 4094 4093 3218
f 4094 3218 3211
f 4094 4092 3209
f 4094 3209 3208
f 4092 4094 3211
f 4092 3211 3210
f 4095 4096 3222
f 4095 3222 3216
f 4096 4095 3217
f 4096 3217 3225
f 4096 4097 3215
f 4096 3215 3222
f 4097 4096 3225
f 4097 3225 3218
f 4097 4095 3216
f 4097 3216 3215
f 4095 4097 3218
f 4095 3218 3217
f 4098 4099 3229
f 4098 3229 3223
f 4099 4098 3224
f 4099 3224 3230
f 4099 4100 3222
f 4099 3222 3229
f 4100 4099 3230
f 4100 3230 3225
f 4100 4098 3223
f 4100 3223 3222
f 4098 4100 3225
f 4098 3225 3224
f 4101 4102 2682
f 4101 2682 2664
f 4102 4101 2665
f 4102 2665 2683
f 4102 4103 3229
f 4102 3229 2682
f 4103 4102 2683
f 4103 2683 3230
f 4103 4101 2664
f 4103 2664 3229
f 4101 4103 3230
f 4101 3230 2665
f 4104 4105 2660
f 4104 2660 2668
f 4105 4104 2669
f 4105 2669 2661
f 4105 4106 2682
f 4105 2682 2660
f 4106 4105 2661
f 4106 2661 2683
f 4106 4104 2668
f 4106 2668 2682
f 4104 4106 2683
f 4104 2683 2669
f 4107 4108 2660
f 4107 2660 2682
f 4108 4107 2683
f 4108 2683 2661
f 4108 4109 3237
f 4108 3237 2660
f 4109 4108 2661
f 4109 2661 3238
f 4109 4107 2682
f 4109 2682 3237
f 4107 4109 3238
f 4107 3238 2683
f 4110 4111 3237
f 4110 3237 3229
f 4111 4110 3230
f 4111 3230 3238
f 4111 4112 3242
f 4111 3242 3237
f 4112 4111 3238
f 4112 3238 3243
f 4112 4110 3229
f 4112 3229 3242
f 4110 4112 3243
f 4110 3243 3230
f 4113 4114 3250
f 4113 3250 3242
f 4114 4113 3243
f 4114 3243 3251
f 4114 4115 3215
f 4114 3215 3250
f 4115 4114 3251
f 4115 3251 3218
f 4115 4113 3242
f 4115 3242 3215
f 4113 4115 3218
f 4113 3218 3243
f 4116 4117 3255
f 4116 3255 3250
f 4117 4116 3251
f 4117 3251 3256
f 4117 4118 3208
f 4117 3208 3255
f 4118 4117 3256
f 4118 3256 3211
f 4118 4116 3250
f 4118 3250 3208
f 4116 4118 3211
f 4116 3211 3251
f 4119 4120 3260
f 4119 3260 3255
f 4120 4119 3256
f 4120 3256 3261
f 4120 4121 3201
f 4120 3201 3260
f 4121 4120 3261
f 4121 3261 3204
f 4121 4119 3255
f 4121 3255 3201
f 4119 4121 3204
f 4119 3204 3256
f 4122 4123 3265
f 4122 3265 3260
f 4123 4122 3261
f 4123 3261 3266
f 4123 4124 3194
f 4123 3194 3265
f 4124 4123 3266
f 4124 3266 3197
f 4124 4122 3260
f 4124 3260 3194
f 4122 4124 3197
f 4122 3197 3261
f 4125 4126 3270
f 4125 3270 3265
f 4126 4125 3266
f 4126 3266 3271
f 4126 4127 3187
f 4126 3187 3270
f 4127 4126 3271
f 4127 3271 3190
f 4127 4125 3265
f 4127 3265 3187
f 4125 4127 3190
f 4125 3190 3266
f 4128 4129 3275
f 4128 3275 3270
f 4129 4128 3271
f 4129 3271 3276
f 4129 4130 3180
f 4129 3180 3275
f 4130 4129 3276
f 4130 3276 3183
f 4130 4128 3270
f 4130 3270 3180
f 4128 4130 3183
f 4128 3183 3271
f 4131 4132 3831
f 4131 3831 3275
f 4132 4131 3276
f 4132 3276 3832
f 4132 4133 3173
f 4132 3173 3831
f 4133 4132 3832
f 4133 3832 3176
f 4133 4131 3275
f 4133 3275 3173
f 4131 4133 3176
f 4131 3176 3276
f 4134 4135 3831
f 4134 3831 3173
f 4135 4134 3176
f 4135 3176 3832
f 4135 4136 3280
f 4135 3280 3831
f 4136 4135 3832
f 4136 3832 3281
f 4136 4134 3173
f 4136 3173 3280
f 4134 4136 3281
f 4134 3281 3176
f 4137 4138 3288
f 4137 3288 3280
f 4138 4137 3281
f 4138 3281 3289
f 4138 4139 3159
f 4138 3159 3288
f 4139 4138 3289
f 4139 3289 3162
f 4139 4137 3280
f 4139 3280 3159
f 4137 4139 3162
f 4137 3162 3281
f 4140 4141 3820
f 4140 3820 3288
f 4141 4140 3289
f 4141 3289 3821
f 4141 4142 3152
f 4141 3152 3820
f 4142 4141 3821
f 4142 3821 3155
f 4142 4140 3288
f 4142 3288 3152
f 4140 4142 3155
f 4140 3155 3289
f 4143 4144 3820
f 4143 3820 3152
f 4144 4143 3155
f 4144 3155 3821
f 4144 4145 3293
f 4144 3293 3820
f 4145 4144 3821
f 4145 3821 3294
f 4145 4143 3152
f 4145 3152 3293
f 4143 4145 3294
f 4143 3294 3155
f 4146 4147 3301
f 4146 3301 3293
f 4147 4146 3294
f 4147 3294 3302
f 4147 4148 3138
f 4147 3138 3301
f 4148 4147 3302
f 4148 3302 3141
f 4148 4146 3293
f 4148 3293 3138
f 4146 4148 3141
f 4146 3141 3294
f 4149 4150 3306
f 4149 3306 3301
f 4150 4149 3302
f 4150 3302 3307
f 4150 4151 3131
f 4150 3131 3306
f 4151 4150 3307
f 4151 3307 3134
f 4151 4149 3301
f 4151 3301 3131
f 4149 4151 3134
f 4149 3134 3302
f 4152 4153 3806
f 4152 3806 3306
f 4153 4152 3307
f 4153 3307 3807
f 4153 4154 3124
f 4153 3124 3806
f 4154 4153 3807
f 4154 3807 3127
f 4154 4152 3306
f 4154 3306 3124
f 4152 4154 3127
f 4152 3127 3307
f 4155 4156 3806
f 4155 3806 3124
f 4156 4155 3127
f 4156 3127 3807
f 4156 4157 3311
f 4156 3311 3806
f 4157 4156 3807
f 4157 3807 3312
f 4157 4155 3124
f 4157 3124 3311
f 4155 4157 3312
f 4155 3312 3127
f 4158 4159 3311
f 4158 3311 3117
f 4159 4158 3120
f 4159 3120 3312
f 4159 4160 3316
f 4159 3316 3311
f 4160 4159 3312
f 4160 3312 3317
f 4160 4158 3117
f 4160 3117 3316
f 4158 4160 3317
f 4158 3317 3120
f 4161 4162 3324
f 4161 3324 3316
f 4162 4161 3317
f 4162 3317 3325
f 4162 4163 3103
f 4162 3103 3324
f 4163 4162 3325
f 4163 3325 3106
f 4163 4161 3316
f 4163 3316 3103
f 4161 4163 3106
f 4161 3106 3317
f 4164 4165 3792
f 4164 3792 3324
f 4165 4164 3325
f 4165 3325 3793
f 4165 4166 3096
f 4165 3096 3792
f 4166 4165 3793
f 4166 3793 3099
f 4166 4164 3324
f 4166 3324 3096
f 4164 4166 3099
f 4164 3099 3325
f 4167 4168 3792
f 4167 3792 3096
f 4168 4167 3099
f 4168 3099 3793
f 4168 4169 3329
f 4168 3329 3792
f 4169 4168 3793
f 4169 3793 3330
f 4169 4167 3096
f 4169 3096 3329
f 4167 4169 3330
f 4167 3330 3099
f 4170 4171 3329
f 4170 3329 3089
f 4171 4170 3092
f 4171 3092 3330
f 4171 4172 3334
f 4171 3334 3329
f 4172 4171 3330
f 4172 3330 3335
f 4172 4170 3089
f 4172 3089 3334
f 4170 4172 3335
f 4170 3335 3092
f 4173 4174 3342
f 4173 3342 3334
f 4174 4173 3335
f 4174 3335 3343
f 4174 4175 3075
f 4174 3075 3342
f 4175 4174 3343
f 4175 3343 3078
f 4175 4173 3334
f 4175 3334 3075
f 4173 4175 3078
f 4173 3078 3335
f 4176 4177 3347
f 4176 3347 3342
f 4177 4176 3343
f 4177 3343 3348
f 4177 4178 3068
f 4177 3068 3347
f 4178 4177 3348
f 4178 3348 3071
f 4178 4176 3342
f 4178 3342 3068
f 4176 4178 3071
f 4176 3071 3343
f 4179 4180 3352
f 4179 3352 3347
f 4180 4179 3348
f 4180 3348 3353
f 4180 4181 3061
f 4180 3061 3352
f 4181 4180 3353
f 4181 3353 3064
f 4181 4179 3347
f 4181 3347 3061
f 4179 4181 3064
f 4179 3064 3348
f 4182 4183 3357
f 4182 3357 3352
f 4183 4182 3353
f 4183 3353 3358
f 4183 4184 3054
f 4183 3054 3357
f 4184 4183 3358
f 4184 3358 3057
f 4184 4182 3352
f 4184 3352 3054
f 4182 4184 3057
f 4182 3057 3353
f 4185 4186 3362
f 4185 3362 3357
f 4186 4185 3358
f 4186 3358 3363
f 4186 4187 3047
f 4186 3047 3362
f 4187 4186 3363
f 4187 3363 3050
f 4187 4185 3357
f 4187 3357 3047
f 4185 4187 3050
f 4185 3050 3358
f 4188 4189 3766
f 4188 3766 3362
f 4189 4188 3363
f 4189 3363 3767
f 4189 4190 3040
f 4189 3040 3766
f 4190 4189 3767
f 4190 3767 3043
f 4190 4188 3362
f 4190 3362 3040
f 4188 4190 3043
f 4188 3043 3363
f 4191 4192 3766
f 4191 3766 3040
f 4192 4191 3043
f 4192 3043 3767
f 4192 4193 3367
f 4192 3367 3766
f 4193 4192 3767
f 4193 3767 3368
f 4193 4191 3040
f 4193 3040 3367
f 4191 4193 3368
f 4191 3368 3043
f 4194 4195 3375
f 4194 3375 3367
f 4195 4194 3368
f 4195 3368 3376
f 4195 4196 3026
f 4195 3026 3375
f 4196 4195 3376
f 4196 3376 3029
f 4196 4194 3367
f 4196 3367 3026
f 4194 4196 3029
f 4194 3029 3368
f 4197 4198 3380
f 4197 3380 3375
f 4198 4197 3376
f 4198 3376 3381
f 4198 4199 3019
f 4198 3019 3380
f 4199 4198 3381
f 4199 3381 3022
f 4199 4197 3375
f 4199 3375 3019
f 4197 4199 3022
f 4197 3022 3376
f 4200 4201 3752
f 4200 3752 3380
f 4201 4200 3381
f 4201 3381 3753
f 4201 4202 3012
f 4201 3012 3752
f 4202 4201 3753
f 4202 3753 3015
f 4202 4200 3380
f 4202 3380 3012
f 4200 4202 3015
f 4200 3015 3381
f 4203 4204 3752
f 4203 3752 3012
f 4204 4203 3015
f 4204 3015 3753
f 4204 4205 3385
f 4204 3385 3752
f 4205 4204 3753
f 4205 3753 3386
f 4205 4203 3012
f 4205 3012 3385
f 4203 4205 3386
f 4203 3386 3015
f 4206 4207 3385
f 4206 3385 3005
f 4207 4206 3008
f 4207 3008 3386
f 4207 4208 3390
f 4207 3390 3385
f 4208 4207 3386
f 4208 3386 3391
f 4208 4206 3005
f 4208 3005 3390
f 4206 4208 3391
f 4206 3391 3008
f 4209 4210 3398
f 4209 3398 3390
f 4210 4209 3391
f 4210 3391 3399
f 4210 4211 2991
f 4210 2991 3398
f 4211 4210 3399
f 4211 3399 2994
f 4211 4209 3390
f 4211 3390 2991
f 4209 4211 2994
f 4209 2994 3391
f 4212 4213 3403
f 4212 3403 3398
f 4213 4212 3399
f 4213 3399 3404
f 4213 4214 2984
f 4213 2984 3403
f 4214 4213 3404
f 4214 3404 2987
f 4214 4212 3398
f 4214 3398 2984
f 4212 4214 2987
f 4212 2987 3399
f 4215 4216 3408
f 4215 3408 3403
f 4216 4215 3404
f 4216 3404 3409
f 4216 4217 2977
f 4216 2977 3408
f 4217 4216 3409
f 4217 3409 2980
f 4217 4215 3403
f 4217 3403 2977
f 4215 4217 2980
f 4215 2980 3404
f 4218 4219 3413
f 4218 3413 3408
f 4219 4218 3409
f 4219 3409 3414
f 4219 4220 2970
f 4219 2970 3413
f 4220 4219 3414
f 4220 3414 2973
f 4220 4218 3408
f 4220 3408 2970
f 4218 4220 2973
f 4218 2973 3409
f 4221 4222 3418
f 4221 3418 3413
f 4222 4221 3414
f 4222 3414 3419
f 4222 4223 2963
f 4222 2963 3418
f 4223 4222 3419
f 4223 3419 2966
f 4223 4221 3413
f 4223 3413 2963
f 4221 4223 2966
f 4221 2966 3414
f 4224 4225 3423
f 4224 3423 3418
f 4225 4224 3419
f 4225 3419 3424
f 4225 4226 2956
f 4225 2956 3423
f 4226 4225 3424
f 4226 3424 2959
f 4226 4224 3418
f 4226 3418 2956
f 4224 4226 2959
f 4224 2959 3419
f 4227 4228 3428
f 4227 3428 3423
f 4228 4227 3424
f 4228 3424 3429
f 4228 4229 2949
f 4228 2949 3428
f 4229 4228 3429
f 4229 3429 2952
f 4229 4227 3423
f 4229 3423 2949
f 4227 4229 2952
f 4227 2952 3424
f 4230 4231 3433
f 4230 3433 3428
f 4231 4230 3429
f 4231 3429 3434
f 4231 4232 2942
f 4231 2942 3433
f 4232 4231 3434
f 4232 3434 2945
f 4232 4230 3428
f 4232 3428 2942
f 4230 4232 2945
f 4230 2945 3429
f 4233 4234 3438
f 4233 3438 3433
f 4234 4233 3434
f 4234 3434 3439
f 4234 4235 2935
f 4234 2935 3438
f 4235 4234 3439
f 4235 3439 2938
f 4235 4233 3433
f 4235 3433 2935
f 4233 4235 2938
f 4233 2938 3434
f 4236 4237 3443
f 4236 3443 3438
f 4237 4236 3439
f 4237 3439 3444
f 4237 4238 2928
f 4237 2928 3443
f 4238 4237 3444
f 4238 3444 2931
f 4238 4236 3438
f 4238 3438 2928
f 4236 4238 2931
f 4236 2931 3439
f 4239 4240 3448
f 4239 3448 3443
f 4240 4239 3444
f 4240 3444 3449
f 4240 4241 2921
f 4240 2921 3448
f 4241 4240 3449
f 4241 3449 2924
f 4241 4239 3443
f 4241 3443 2921
f 4239 4241 2924
f 4239 2924 3444
f 4242 4243 3453
f 4242 3453 3448
f 4243 4242 3449
f 4243 3449 3454
f 4243 4244 2914
f 4243 2914 3453
f 4244 4243 3454
f 4244 3454 2917
f 4244 4242 3448
f 4244 3448 2914
f 4242 4244 2917
f 4242 2917 3449
f 4245 4246 3458
f 4245 3458 3453
f 4246 4245 3454
f 4246 3454 3459
f 4246 4247 2907
f 4246 2907 3458
f 4247 4246 3459
f 4247 3459 2910
f 4247 4245 3453
f 4247 3453 2907
f 4245 4247 2910
f 4245 2910 3454
f 4248 4249 3463
f 4248 3463 3458
f 4249 4248 3459
f 4249 3459 3464
f 4249 4250 2900
f 4249 2900 3463
f 4250 4249 3464
f 4250 3464 2903
f 4250 4248 3458
f 4250 3458 2900
f 4248 4250 2903
f 4248 2903 3459
f 4251 4252 3699
f 4251 3699 3463
f 4252 4251 3464
f 4252 3464 3700
f 4252 4253 2893
f 4252 2893 3699
f 4253 4252 3700
f 4253 3700 2896
f 4253 4251 3463
f 4253 3463 2893
f 4251 4253 2896
f 4251 2896 3464
f 4254 4255 3699
f 4254 3699 2893
f 4255 4254 2896
f 4255 2896 3700
f 4255 4256 3468
f 4255 3468 3699
f 4256 4255 3700
f 4256 3700 3469
f 4256 4254 2893
f 4256 2893 3468
f 4254 4256 3469
f 4254 3469 2896
f 4257 4258 3476
f 4257 3476 3468
f 4258 4257 3469
f 4258 3469 3477
f 4258 4259 2879
f 4258 2879 3476
f 4259 4258 3477
f 4259 3477 2882
f 4259 4257 3468
f 4259 3468 2879
f 4257 4259 2882
f 4257 2882 3469
f 4260 4261 3481
f 4260 3481 3476
f 4261 4260 3477
f 4261 3477 3482
f 4261 4262 2872
f 4261 2872 3481
f 4262 4261 3482
f 4262 3482 2875
f 4262 4260 3476
f 4262 3476 2872
f 4260 4262 2875
f 4260 2875 3477
f 4263 4264 3486
f 4263 3486 3481
f 4264 4263 3482
f 4264 3482 3487
f 4264 4265 2865
f 4264 2865 3486
f 4265 4264 3487
f 4265 3487 2868
f 4265 4263 3481
f 4265 3481 2865
f 4263 4265 2868
f 4263 2868 3482
f 4266 4267 3491
f 4266 3491 3486
f 4267 4266 3487
f 4267 3487 3492
f 4267 4268 2858
f 4267 2858 3491
f 4268 4267 3492
f 4268 3492 2861
f 4268 4266 3486
f 4268 3486 2858
f 4266 4268 2861
f 4266 2861 3487
f 4269 4270 3496
f 4269 3496 3491
f 4270 4269 3492
f 4270 3492 3497
f 4270 4271 2851
f 4270 2851 3496
f 4271 4270 3497
f 4271 3497 2854
f 4271 4269 3491
f 4271 3491 2851
f 4269 4271 2854
f 4269 2854 3492
f 4272 4273 3501
f 4272 3501 3496
f 4273 4272 3497
f 4273 3497 3502
f 4273 4274 2844
f 4273 2844 3501
f 4274 4273 3502
f 4274 3502 2847
f 4274 4272 3496
f 4274 3496 2844
f 4272 4274 2847
f 4272 2847 3497
f 4275 4276 3506
f 4275 3506 3501
f 4276 4275 3502
f 4276 3502 3507
f 4276 4277 2837
f 4276 2837 3506
f 4277 4276 3507
f 4277 3507 2840
f 4277 4275 3501
f 4277 3501 2837
f 4275 4277 2840
f 4275 2840 3502
f 4278 4279 3511
f 4278 3511 3506
f 4279 4278 3507
f 4279 3507 3512
f 4279 4280 2830
f 4279 2830 3511
f 4280 4279 3512
f 4280 3512 2833
f 4280 4278 3506
f 4280 3506 2830
f 4278 4280 2833
f 4278 2833 3507
f 4281 4282 3516
f 4281 3516 3511
f 4282 4281 3512
f 4282 3512 3517
f 4282 4283 2823
f 4282 2823 3516
f 4283 4282 3517
f 4283 3517 2826
f 4283 4281 3511
f 4283 3511 2823
f 4281 4283 2826
f 4281 2826 3512
f 4284 4285 3521
f 4284 3521 3516
f 4285 4284 3517
f 4285 3517 3522
f 4285 4286 2809
f 4285 2809 3521
f 4286 4285 3522
f 4286 3522 2812
f 4286 4284 3516
f 4286 3516 2809
f 4284 4286 2812
f 4284 2812 3517
f 4287 4288 3526
f 4287 3526 3521
f 4288 4287 3522
f 4288 3522 3527
f 4288 4289 2802
f 4288 2802 3526
f 4289 4288 3527
f 4289 3527 2805
f 4289 4287 3521
f 4289 3521 2802
f 4287 4289 2805
f 4287 2805 3522
f 4290 4291 3531
f 4290 3531 3526
f 4291 4290 3527
f 4291 3527 3532
f 4291 4292 2795
f 4291 2795 3531
f 4292 4291 3532
f 4292 3532 2796
f 4292 4290 3526
f 4292 3526 2795
f 4290 4292 2796
f 4290 2796 3527
f 4293 4294 4295
f 4293 4295 3531
f 4294 4293 3532
f 4294 3532 4296
f 4294 4297 2798
f 4294 2798 4295
f 4297 4294 4296
f 4297 4296 2799
f 4297 4293 3531
f 4297 3531 2798
f 4293 4297 2799
f 4293 2799 3532
f 4298 4299 4295
f 4298 4295 2798
f 4299 4298 2799
f 4299 2799 4296
f 4299 4300 3536
f 4299 3536 4295
f 4300 4299 4296
f 4300 4296 3537
f 4300 4298 2798
f 4300 2798 3536
f 4298 4300 3537
f 4298 3537 2799
f 4301 4302 3544
f 4301 3544 3536
f 4302 4301 3537
f 4302 3537 3545
f 4302 4303 2774
f 4302 2774 3544
f 4303 4302 3545
f 4303 3545 2777
f 4303 4301 3536
f 4303 3536 2774
f 4301 4303 2777
f 4301 2777 3537
f 4304 4305 3549
f 4304 3549 3544
f 4305 4304 3545
f 4305 3545 3550
f 4305 4306 2767
f 4305 2767 3549
f 4306 4305 3550
f 4306 3550 2768
f 4306 4304 3544
f 4306 3544 2767
f 4304 4306 2768
f 4304 2768 3545
f 4307 4308 3554
f 4307 3554 3549
f 4308 4307 3550
f 4308 3550 3555
f 4308 4309 2770
f 4308 2770 3554
f 4309 4308 3555
f 4309 3555 2771
f 4309 4307 3549
f 4309 3549 2770
f 4307 4309 2771
f 4307 2771 3550
f 4310 4311 3559
f 4310 3559 3554
f 4311 4310 3555
f 4311 3555 3560
f 4311 4312 2753
f 4311 2753 3559
f 4312 4311 3560
f 4312 3560 2756
f 4312 4310 3554
f 4312 3554 2753
f 4310 4312 2756
f 4310 2756 3555
f 4313 4314 3564
f 4313 3564 3559
f 4314 4313 3560
f 4314 3560 3565
f 4314 4315 2746
f 4314 2746 3564
f 4315 4314 3565
f 4315 3565 2749
f 4315 4313 3559
f 4315 3559 2746
f 4313 4315 2749
f 4313 2749 3560
f 4316 4317 3569
f 4316 3569 3564
f 4317 4316 3565
f 4317 3565 3570
f 4317 4318 2739
f 4317 2739 3569
f 4318 4317 3570
f 4318 3570 2742
f 4318 4316 3564
f 4318 3564 2739
f 4316 4318 2742
f 4316 2742 3565
f 4319 4320 3574
f 4319 3574 3569
f 4320 4319 3570
f 4320 3570 3575
f 4320 4321 2732
f 4320 2732 3574
f 4321 4320 3575
f 4321 3575 2735
f 4321 4319 3569
f 4321 3569 2732
f 4319 4321 2735
f 4319 2735 3570
f 4322 4323 3579
f 4322 3579 3574
f 4323 4322 3575
f 4323 3575 3580
f 4323 4324 2725
f 4323 2725 3579
f 4324 4323 3580
f 4324 3580 2728
f 4324 4322 3574
f 4324 3574 2725
f 4322 4324 2728
f 4322 2728 3575
f 4325 4326 3584
f 4325 3584 3579
f 4326 4325 3580
f 4326 3580 3585
f 4326 4327 2718
f 4326 2718 3584
f 4327 4326 3585
f 4327 3585 2721
f 4327 4325 3579
f 4327 3579 2718
f 4325 4327 2721
f 4325 2721 3580
f 4328 4329 3589
f 4328 3589 3584
f 4329 4328 3585
f 4329 3585 3590
f 4329 4330 2711
f 4329 2711 3589
f 4330 4329 3590
f 4330 3590 2712
f 4330 4328 3584
f 4330 3584 2711
f 4328 4330 2712
f 4328 2712 3585
f 4331 4332 3594
f 4331 3594 3589
f 4332 4331 3590
f 4332 3590 3595
f 4332 4333 2714
f 4332 2714 3594
f 4333 4332 3595
f 4333 3595 2715
f 4333 4331 3589
f 4333 3589 2714
f 4331 4333 2715
f 4331 2715 3590
f 4334 4335 3599
f 4334 3599 3594
f 4335 4334 3595
f 4335 3595 3600
f 4335 4336 2697
f 4335 2697 3599
f 4336 4335 3600
f 4336 3600 2700
f 4336 4334 3594
f 4336 3594 2697
f 4334 4336 2700
f 4334 2700 3595
f 4337 4338 3604
f 4337 3604 3599
f 4338 4337 3600
f 4338 3600 3605
f 4338 4339 2690
f 4338 2690 3604
f 4339 4338 3605
f 4339 3605 2693
f 4339 4337 3599
f 4339 3599 2690
f 4337 4339 2693
f 4337 2693 3600
f 4340 4341 2675
f 4340 2675 3604
f 4341 4340 3605
f 4341 3605 2676
f 4341 4342 2678
f 4341 2678 2675
f 4342 4341 2676
f 4342 2676 2679
f 4342 4340 3604
f 4342 3604 2678
f 4340 4342 2679
f 4340 2679 3605
f 4343 4344 2650
f 4343 2650 2655
f 4344 4343 2656
f 4344 2656 2653
f 4344 4345 2675
f 4344 2675 2650
f 4345 4344 2653
f 4345 2653 2676
f 4345 4343 2655
f 4345 2655 2675
f 4343 4345 2676
f 4343 2676 2656
f 4346 4347 2675
f 4346 2675 2691
f 4347 4346 2692
f 4347 2692 2676
f 4347 4348 3604
f 4347 3604 2675
f 4348 4347 2676
f 4348 2676 3605
f 4348 4346 2691
f 4348 2691 3604
f 4346 4348 3605
f 4346 3605 2692
f 4349 4350 3604
f 4349 3604 2698
f 4350 4349 2699
f 4350 2699 3605
f 4350 4351 3599
f 4350 3599 3604
f 4351 4350 3605
f 4351 3605 3600
f 4351 4349 2698
f 4351 2698 3599
f 4349 4351 3600
f 4349 3600 2699
f 4352 4353 3594
f 4352 3594 3599
f 4353 4352 3600
f 4353 3600 3595
f 4353 4354 2704
f 4353 2704 3594
f 4354 4353 3595
f 4354 3595 2705
f 4354 4352 3599
f 4354 3599 2704
f 4352 4354 2705
f 4352 2705 3600
f 4355 4356 3594
f 4355 3594 2704
f 4356 4355 2705
f 4356 2705 3595
f 4356 4357 3589
f 4356 3589 3594
f 4357 4356 3595
f 4357 3595 3590
f 4357 4355 2704
f 4357 2704 3589
f 4355 4357 3590
f 4355 3590 2705
f 4358 4359 3589
f 4358 3589 2719
f 4359 4358 2720
f 4359 2720 3590
f 4359 4360 3584
f 4359 3584 3589
f 4360 4359 3590
f 4360 3590 3585
f 4360 4358 2719
f 4360 2719 3584
f 4358 4360 3585
f 4358 3585 2720
f 4361 4362 3584
f 4361 3584 2726
f 4362 4361 2727
f 4362 2727 3585
f 4362 4363 3579
f 4362 3579 3584
f 4363 4362 3585
f 4363 3585 3580
f 4363 4361 2726
f 4363 2726 3579
f 4361 4363 3580
f 4361 3580 2727
f 4364 4365 3579
f 4364 3579 2733
f 4365 4364 2734
f 4365 2734 3580
f 4365 4366 3574
f 4365 3574 3579
f 4366 4365 3580
f 4366 3580 3575
f 4366 4364 2733
f 4366 2733 3574
f 4364 4366 3575
f 4364 3575 2734
f 4367 4368 3574
f 4367 3574 2740
f 4368 4367 2741
f 4368 2741 3575
f 4368 4369 3569
f 4368 3569 3574
f 4369 4368 3575
f 4369 3575 3570
f 4369 4367 2740
f 4369 2740 3569
f 4367 4369 3570
f 4367 3570 2741
f 4370 4371 3569
f 4370 3569 2747
f 4371 4370 2748
f 4371 2748 3570
f 4371 4372 3564
f 4371 3564 3569
f 4372 4371 3570
f 4372 3570 3565
f 4372 4370 2747
f 4372 2747 3564
f 4370 4372 3565
f 4370 3565 2748
f 4373 4374 3564
f 4373 3564 2754
f 4374 4373 2755
f 4374 2755 3565
f 4374 4375 3559
f 4374 3559 3564
f 4375 4374 3565
f 4375 3565 3560
f 4375 4373 2754
f 4375 2754 3559
f 4373 4375 3560
f 4373 3560 2755
f 4376 4377 3554
f 4376 3554 3559
f 4377 4376 3560
f 4377 3560 3555
f 4377 4378 2760
f 4377 2760 3554
f 4378 4377 3555
f 4378 3555 2761
f 4378 4376 3559
f 4378 3559 2760
f 4376 4378 2761
f 4376 2761 3560
f 4379 4380 3554
f 4379 3554 2760
f 4380 4379 2761
f 4380 2761 3555
f 4380 4381 3549
f 4380 3549 3554
f 4381 4380 3555
f 4381 3555 3550
f 4381 4379 2760
f 4381 2760 3549
f 4379 4381 3550
f 4379 3550 2761
f 4382 4383 3549
f 4382 3549 2775
f 4383 4382 2776
f 4383 2776 3550
f 4383 4384 3544
f 4383 3544 3549
f 4384 4383 3550
f 4384 3550 3545
f 4384 4382 2775
f 4384 2775 3544
f 4382 4384 3545
f 4382 3545 2776
f 4385 4386 3544
f 4385 3544 2782
f 4386 4385 2783
f 4386 2783 3545
f 4386 4387 3536
f 4386 3536 3544
f 4387 4386 3545
f 4387 3545 3537
f 4387 4385 2782
f 4387 2782 3536
f 4385 4387 3537
f 4385 3537 2783
f 4388 4389 4295
f 4388 4295 3536
f 4389 4388 3537
f 4389 3537 4296
f 4389 4390 2788
f 4389 2788 4295
f 4390 4389 4296
f 4390 4296 2789
f 4390 4388 3536
f 4390 3536 2788
f 4388 4390 2789
f 4388 2789 3537
f 4391 4392 4295
f 4391 4295 2788
f 4392 4391 2789
f 4392 2789 4296
f 4392 4393 3531
f 4392 3531 4295
f 4393 4392 4296
f 4393 4296 3532
f 4393 4391 2788
f 4393 2788 3531
f 4391 4393 3532
f 4391 3532 2789
f 4394 4395 3531
f 4394 3531 2803
f 4395 4394 2804
f 4395 2804 3532
f 4395 4396 3526
f 4395 3526 3531
f 4396 4395 3532
f 4396 3532 3527
f 4396 4394 2803
f 4396 2803 3526
f 4394 4396 3527
f 4394 3527 2804
f 4397 4398 3526
f 4397 3526 2810
f 4398 4397 2811
f 4398 2811 3527
f 4398 4399 3521
f 4398 3521 3526
f 4399 4398 3527
f 4399 3527 3522
f 4399 4397 2810
f 4399 2810 3521
f 4397 4399 3522
f 4397 3522 2811
f 4400 4401 3516
f 4400 3516 3521
f 4401 4400 3522
f 4401 3522 3517
f 4401 4402 2816
f 4401 2816 3516
f 4402 4401 3517
f 4402 3517 2817
f 4402 4400 3521
f 4402 3521 2816
f 4400 4402 2817
f 4400 2817 3522
f 4403 4404 3511
f 4403 3511 3516
f 4404 4403 3517
f 4404 3517 3512
f 4404 4405 2824
f 4404 2824 3511
f 4405 4404 3512
f 4405 3512 2825
f 4405 4403 3516
f 4405 3516 2824
f 4403 4405 2825
f 4403 2825 3517
f 4406 4407 3506
f 4406 3506 3511
f 4407 4406 3512
f 4407 3512 3507
f 4407 4408 2831
f 4407 2831 3506
f 4408 4407 3507
f 4408 3507 2832
f 4408 4406 3511
f 4408 3511 2831
f 4406 4408 2832
f 4406 2832 3512
f 4409 4410 3501
f 4409 3501 3506
f 4410 4409 3507
f 4410 3507 3502
f 4410 4411 2838
f 4410 2838 3501
f 4411 4410 3502
f 4411 3502 2839
f 4411 4409 3506
f 4411 3506 2838
f 4409 4411 2839
f 4409 2839 3507
f 4412 4413 3496
f 4412 3496 3501
f 4413 4412 3502
f 4413 3502 3497
f 4413 4414 2845
f 4413 2845 3496
f 4414 4413 3497
f 4414 3497 2846
f 4414 4412 3501
f 4414 3501 2845
f 4412 4414 2846
f 4412 2846 3502
f 4415 4416 3491
f 4415 3491 3496
f 4416 4415 3497
f 4416 3497 3492
f 4416 4417 2852
f 4416 2852 3491
f 4417 4416 3492
f 4417 3492 2853
f 4417 4415 3496
f 4417 3496 2852
f 4415 4417 2853
f 4415 2853 3497
f 4418 4419 3486
f 4418 3486 3491
f 4419 4418 3492
f 4419 3492 3487
f 4419 4420 2859
f 4419 2859 3486
f 4420 4419 3487
f 4420 3487 2860
f 4420 4418 3491
f 4420 3491 2859
f 4418 4420 2860
f 4418 2860 3492
f 4421 4422 3481
f 4421 3481 3486
f 4422 4421 3487
f 4422 3487 3482
f 4422 4423 2866
f 4422 2866 3481
f 4423 4422 3482
f 4423 3482 2867
f 4423 4421 3486
f 4423 3486 2866
f 4421 4423 2867
f 4421 2867 3487
f 4424 4425 3476
f 4424 3476 3481
f 4425 4424 3482
f 4425 3482 3477
f 4425 4426 2873
f 4425 2873 3476
f 4426 4425 3477
f 4426 3477 2874
f 4426 4424 3481
f 4426 3481 2873
f 4424 4426 2874
f 4424 2874 3482
f 4427 4428 3468
f 4427 3468 3476
f 4428 4427 3477
f 4428 3477 3469
f 4428 4429 2880
f 4428 2880 3468
f 4429 4428 3469
f 4429 3469 2881
f 4429 4427 3476
f 4429 3476 2880
f 4427 4429 2881
f 4427 2881 3477
f 4430 4431 3699
f 4430 3699 3468
f 4431 4430 3469
f 4431 3469 3700
f 4431 4432 2887
f 4431 2887 3699
f 4432 4431 3700
f 4432 3700 2888
f 4432 4430 3468
f 4432 3468 2887
f 4430 4432 2888
f 4430 2888 3469
f 4433 4434 3463
f 4433 3463 3699
f 4434 4433 3700
f 4434 3700 3464
f 4434 4435 2894
f 4434 2894 3463
f 4435 4434 3464
f 4435 3464 2895
f 4435 4433 3699
f 4435 3699 2894
f 4433 4435 2895
f 4433 2895 3700
f 4436 4437 3458
f 4436 3458 3463
f 4437 4436 3464
f 4437 3464 3459
f 4437 4438 2901
f 4437 2901 3458
f 4438 4437 3459
f 4438 3459 2902
f 4438 4436 3463
f 4438 3463 2901
f 4436 4438 2902
f 4436 2902 3464
f 4439 4440 3453
f 4439 3453 3458
f 4440 4439 3459
f 4440 3459 3454
f 4440 4441 2908
f 4440 2908 3453
f 4441 4440 3454
f 4441 3454 2909
f 4441 4439 3458
f 4441 3458 2908
f 4439 4441 2909
f 4439 2909 3459
f 4442 4443 3448
f 4442 3448 3453
f 4443 4442 3454
f 4443 3454 3449
f 4443 4444 2915
f 4443 2915 3448
f 4444 4443 3449
f 4444 3449 2916
f 4444 4442 3453
f 4444 3453 2915
f 4442 4444 2916
f 4442 2916 3454
f 4445 4446 3443
f 4445 3443 3448
f 4446 4445 3449
f 4446 3449 3444
f 4446 4447 2922
f 4446 2922 3443
f 4447 4446 3444
f 4447 3444 2923
f 4447 4445 3448
f 4447 3448 2922
f 4445 4447 2923
f 4445 2923 3449
f 4448 4449 3438
f 4448 3438 3443
f 4449 4448 3444
f 4449 3444 3439
f 4449 4450 2929
f 4449 2929 3438
f 4450 4449 3439
f 4450 3439 2930
f 4450 4448 3443
f 4450 3443 2929
f 4448 4450 2930
f 4448 2930 3444
f 4451 4452 3433
f 4451 3433 3438
f 4452 4451 3439
f 4452 3439 3434
f 4452 4453 2936
f 4452 2936 3433
f 4453 4452 3434
f 4453 3434 2937
f 4453 4451 3438
f 4453 3438 2936
f 4451 4453 2937
f 4451 2937 3439
f 4454 4455 3428
f 4454 3428 3433
f 4455 4454 3434
f 4455 3434 3429
f 4455 4456 2943
f 4455 2943 3428
f 4456 4455 3429
f 4456 3429 2944
f 4456 4454 3433
f 4456 3433 2943
f 4454 4456 2944
f 4454 2944 3434
f 4457 4458 3423
f 4457 3423 3428
f 4458 4457 3429
f 4458 3429 3424
f 4458 4459 2950
f 4458 2950 3423
f 4459 4458 3424
f 4459 3424 2951
f 4459 4457 3428
f 4459 3428 2950
f 4457 4459 2951
f 4457 2951 3429
f 4460 4461 3418
f 4460 3418 3423
f 4461 4460 3424
f 4461 3424 3419
f 4461 4462 2957
f 4461 2957 3418
f 4462 4461 3419
f 4462 3419 2958
f 4462 4460 3423
f 4462 3423 2957
f 4460 4462 2958
f 4460 2958 3424
f 4463 4464 3413
f 4463 3413 3418
f 4464 4463 3419
f 4464 3419 3414
f 4464 4465 2964
f 4464 2964 3413
f 4465 4464 3414
f 4465 3414 2965
f 4465 4463 3418
f 4465 3418 2964
f 4463 4465 2965
f 4463 2965 3419
f 4466 4467 3408
f 4466 3408 3413
f 4467 4466 3414
f 4467 3414 3409
f 4467 4468 2971
f 4467 2971 3408
f 4468 4467 3409
f 4468 3409 2972
f 4468 4466 3413
f 4468 3413 2971
f 4466 4468 2972
f 4466 2972 3414
f 4469 4470 3403
f 4469 3403 3408
f 4470 4469 3409
f 4470 3409 3404
f 4470 4471 2978
f 4470 2978 3403
f 4471 4470 3404
f 4471 3404 2979
f 4471 4469 3408
f 4471 3408 2978
f 4469 4471 2979
f 4469 2979 3409
f 4472 4473 3398
f 4472 3398 3403
f 4473 4472 3404
f 4473 3404 3399
f 4473 4474 2985
f 4473 2985 3398
f 4474 4473 3399
f 4474 3399 2986
f 4474 4472 3403
f 4474 3403 2985
f 4472 4474 2986
f 4472 2986 3404
f 4475 4476 3390
f 4475 3390 3398
f 4476 4475 3399
f 4476 3399 3391
f 4476 4477 2992
f 4476 2992 3390
f 4477 4476 3391
f 4477 3391 2993
f 4477 4475 3398
f 4477 3398 2992
f 4475 4477 2993
f 4475 2993 3399
f 4478 4479 3385
f 4478 3385 3390
f 4479 4478 3391
f 4479 3391 3386
f 4479 4480 2999
f 4479 2999 3385
f 4480 4479 3386
f 4480 3386 3000
f 4480 4478 3390
f 4480 3390 2999
f 4478 4480 3000
f 4478 3000 3391
f 4481 4482 3752
f 4481 3752 3385
f 4482 4481 3386
f 4482 3386 3753
f 4482 4483 3006
f 4482 3006 3752
f 4483 4482 3753
f 4483 3753 3007
f 4483 4481 3385
f 4483 3385 3006
f 4481 4483 3007
f 4481 3007 3386
f 4484 4485 3380
f 4484 3380 3752
f 4485 4484 3753
f 4485 3753 3381
f 4485 4486 3013
f 4485 3013 3380
f 4486 4485 3381
f 4486 3381 3014
f 4486 4484 3752
f 4486 3752 3013
f 4484 4486 3014
f 4484 3014 3753
f 4487 4488 3375
f 4487 3375 3380
f 4488 4487 3381
f 4488 3381 3376
f 4488 4489 3020
f 4488 3020 3375
f 4489 4488 3376
f 4489 3376 3021
f 4489 4487 3380
f 4489 3380 3020
f 4487 4489 3021
f 4487 3021 3381
f 4490 4491 3367
f 4490 3367 3375
f 4491 4490 3376
f 4491 3376 3368
f 4491 4492 3027
f 4491 3027 3367
f 4492 4491 3368
f 4492 3368 3028
f 4492 4490 3375
f 4492 3375 3027
f 4490 4492 3028
f 4490 3028 3376
f 4493 4494 3766
f 4493 3766 3367
f 4494 4493 3368
f 4494 3368 3767
f 4494 4495 3034
f 4494 3034 3766
f 4495 4494 3767
f 4495 3767 3035
f 4495 4493 3367
f 4495 3367 3034
f 4493 4495 3035
f 4493 3035 3368
f 4496 4497 3362
f 4496 3362 3766
f 4497 4496 3767
f 4497 3767 3363
f 4497 4498 3041
f 4497 3041 3362
f 4498 4497 3363
f 4498 3363 3042
f 4498 4496 3766
f 4498 3766 3041
f 4496 4498 3042
f 4496 3042 3767
f 4499 4500 3357
f 4499 3357 3362
f 4500 4499 3363
f 4500 3363 3358
f 4500 4501 3048
f 4500 3048 3357
f 4501 4500 3358
f 4501 3358 3049
f 4501 4499 3362
f 4501 3362 3048
f 4499 4501 3049
f 4499 3049 3363
f 4502 4503 3352
f 4502 3352 3357
f 4503 4502 3358
f 4503 3358 3353
f 4503 4504 3055
f 4503 3055 3352
f 4504 4503 3353
f 4504 3353 3056
f 4504 4502 3357
f 4504 3357 3055
f 4502 4504 3056
f 4502 3056 3358
f 4505 4506 3347
f 4505 3347 3352
f 4506 4505 3353
f 4506 3353 3348
f 4506 4507 3062
f 4506 3062 3347
f 4507 4506 3348
f 4507 3348 3063
f 4507 4505 3352
f 4507 3352 3062
f 4505 4507 3063
f 4505 3063 3353
f 4508 4509 3342
f 4508 3342 3347
f 4509 4508 3348
f 4509 3348 3343
f 4509 4510 3069
f 4509 3069 3342
f 4510 4509 3343
f 4510 3343 3070
f 4510 4508 3347
f 4510 3347 3069
f 4508 4510 3070
f 4508 3070 3348
f 4511 4512 3334
f 4511 3334 3342
f 4512 4511 3343
f 4512 3343 3335
f 4512 4513 3076
f 4512 3076 3334
f 4513 4512 3335
f 4513 3335 3077
f 4513 4511 3342
f 4513 3342 3076
f 4511 4513 3077
f 4511 3077 3343
f 4514 4515 3329
f 4514 3329 3334
f 4515 4514 3335
f 4515 3335 3330
f 4515 4516 3083
f 4515 3083 3329
f 4516 4515 3330
f 4516 3330 3084
f 4516 4514 3334
f 4516 3334 3083
f 4514 4516 3084
f 4514 3084 3335
f 4517 4518 3792
f 4517 3792 3329
f 4518 4517 3330
f 4518 3330 3793
f 4518 4519 3090
f 4518 3090 3792
f 4519 4518 3793
f 4519 3793 3091
f 4519 4517 3329
f 4519 3329 3090
f 4517 4519 3091
f 4517 3091 3330
f 4520 4521 3324
f 4520 3324 3792
f 4521 4520 3793
f 4521 3793 3325
f 4521 4522 3097
f 4521 3097 3324
f 4522 4521 3325
f 4522 3325 3098
f 4522 4520 3792
f 4522 3792 3097
f 4520 4522 3098
f 4520 3098 3793
f 4523 4524 3316
f 4523 3316 3324
f 4524 4523 3325
f 4524 3325 3317
f 4524 4525 3104
f 4524 3104 3316
f 4525 4524 3317
f 4525 3317 3105
f 4525 4523 3324
f 4525 3324 3104
f 4523 4525 3105
f 4523 3105 3325
f 4526 4527 3311
f 4526 3311 3316
f 4527 4526 3317
f 4527 3317 3312
f 4527 4528 3111
f 4527 3111 3311
f 4528 4527 3312
f 4528 3312 3112
f 4528 4526 3316
f 4528 3316 3111
f 4526 4528 3112
f 4526 3112 3317
f 4529 4530 3806
f 4529 3806 3311
f 4530 4529 3312
f 4530 3312 3807
f 4530 4531 3118
f 4530 3118 3806
f 4531 4530 3807
f 4531 3807 3119
f 4531 4529 3311
f 4531 3311 3118
f 4529 4531 3119
f 4529 3119 3312
f 4532 4533 3306
f 4532 3306 3806
f 4533 4532 3807
f 4533 3807 3307
f 4533 4534 3125
f 4533 3125 3306
f 4534 4533 3307
f 4534 3307 3126
f 4534 4532 3806
f 4534 3806 3125
f 4532 4534 3126
f 4532 3126 3807
f 4535 4536 3301
f 4535 3301 3306
f 4536 4535 3307
f 4536 3307 3302
f 4536 4537 3132
f 4536 3132 3301
f 4537 4536 3302
f 4537 3302 3133
f 4537 4535 3306
f 4537 3306 3132
f 4535 4537 3133
f 4535 3133 3307
f 4538 4539 3293
f 4538 3293 3301
f 4539 4538 3302
f 4539 3302 3294
f 4539 4540 3139
f 4539 3139 3293
f 4540 4539 3294
f 4540 3294 3140
f 4540 4538 3301
f 4540 3301 3139
f 4538 4540 3140
f 4538 3140 3302
f 4541 4542 3820
f 4541 3820 3293
f 4542 4541 3294
f 4542 3294 3821
f 4542 4543 3146
f 4542 3146 3820
f 4543 4542 3821
f 4543 3821 3147
f 4543 4541 3293
f 4543 3293 3146
f 4541 4543 3147
f 4541 3147 3294
f 4544 4545 3288
f 4544 3288 3820
f 4545 4544 3821
f 4545 3821 3289
f 4545 4546 3153
f 4545 3153 3288
f 4546 4545 3289
f 4546 3289 3154
f 4546 4544 3820
f 4546 3820 3153
f 4544 4546 3154
f 4544 3154 3821
f 4547 4548 3280
f 4547 3280 3288
f 4548 4547 3289
f 4548 3289 3281
f 4548 4549 3160
f 4548 3160 3280
f 4549 4548 3281
f 4549 3281 3161
f 4549 4547 3288
f 4549 3288 3160
f 4547 4549 3161
f 4547 3161 3289
f 4550 4551 3831
f 4550 3831 3280
f 4551 4550 3281
f 4551 3281 3832
f 4551 4552 3167
f 4551 3167 3831
f 4552 4551 3832
f 4552 3832 3168
f 4552 4550 3280
f 4552 3280 3167
f 4550 4552 3168
f 4550 3168 3281
f 4553 4554 3275
f 4553 3275 3831
f 4554 4553 3832
f 4554 3832 3276
f 4554 4555 3174
f 4554 3174 3275
f 4555 4554 3276
f 4555 3276 3175
f 4555 4553 3831
f 4555 3831 3174
f 4553 4555 3175
f 4553 3175 3832
f 4556 4557 3270
f 4556 3270 3275
f 4557 4556 3276
f 4557 3276 3271
f 4557 4558 3181
f 4557 3181 3270
f 4558 4557 3271
f 4558 3271 3182
f 4558 4556 3275
f 4558 3275 3181
f 4556 4558 3182
f 4556 3182 3276
f 4559 4560 3265
f 4559 3265 3270
f 4560 4559 3271
f 4560 3271 3266
f 4560 4561 3188
f 4560 3188 3265
f 4561 4560 3266
f 4561 3266 3189
f 4561 4559 3270
f 4561 3270 3188
f 4559 4561 3189
f 4559 3189 3271
f 4562 4563 3260
f 4562 3260 3265
f 4563 4562 3266
f 4563 3266 3261
f 4563 4564 3195
f 4563 3195 3260
f 4564 4563 3261
f 4564 3261 3196
f 4564 4562 3265
f 4564 3265 3195
f 4562 4564 3196
f 4562 3196 3266
f 4565 4566 3255
f 4565 3255 3260
f 4566 4565 3261
f 4566 3261 3256
f 4566 4567 3202
f 4566 3202 3255
f 4567 4566 3256
f 4567 3256 3203
f 4567 4565 3260
f 4567 3260 3202
f 4565 4567 3203
f 4565 3203 3261
f 4568 4569 3250
f 4568 3250 3255
f 4569 4568 3256
f 4569 3256 3251
f 4569 4570 3209
f 4569 3209 3250
f 4570 4569 3251
f 4570 3251 3210
f 4570 4568 3255
f 4570 3255 3209
f 4568 4570 3210
f 4568 3210 3256
f 4571 4572 3242
f 4571 3242 3250
f 4572 4571 3251
f 4572 3251 3243
f 4572 4573 3216
f 4572 3216 3242
f 4573 4572 3243
f 4573 3243 3217
f 4573 4571 3250
f 4573 3250 3216
f 4571 4573 3217
f 4571 3217 3251
f 4574 4575 3237
f 4574 3237 3242
f 4575 4574 3243
f 4575 3243 3238
f 4575 4576 3223
f 4575 3223 3237
f 4576 4575 3238
f 4576 3238 3224
f 4576 4574 3242
f 4576 3242 3223
f 4574 4576 3224
f 4574 3224 3243
f 4577 4578 2660
f 4577 2660 3237
f 4578 4577 3238
f 4578 3238 2661
f 4578 4579 2664
f 4578 2664 2660
f 4579 4578 2661
f 4579 2661 2665
f 4579 4577 3237
f 4579 3237 2664
f 4577 4579 2665
f 4577 2665 3238
# Vertices: 1932, normals: 0, texture coordinates: 0, faces: 5784

o obj8
v 1.26359691 1.3888883 0.27804857
v 1.28019311 1.41812737 0.37042015
v 1.29593133 1.40484251 0.3717972
v 1.27933503 1.37560384 0.27942561
v 1.30553804 1.3869986 0.3757198
v 1.28894173 1.35775993 0.28334822
v 1.30754985 1.36731209 0.38158953
v 1.29095354 1.33807342 0.28921795
v 1.30166113 1.3487792 0.38851402
v 1.28506483 1.31954053 0.296142
v 1.2887679 1.33422263 0.3954381
v 1.27217159 1.30498396 0.30306652
v 1.27083345 1.32585768 0.40130783
v 1.25423714 1.29661901 0.30893625
v 1.25058822 1.32495815 0.40523041
v 1.23399192 1.29571948 0.31285883
v 1.23111356 1.33166058 0.40660746
v 1.21451766 1.30242191 0.31423587
v 1.21537534 1.34494545 0.40523041
v 1.19877903 1.31570678 0.31285883
v 1.20576863 1.36278935 0.40130783
v 1.18917243 1.33355068 0.30893625
v 1.20375682 1.38247597 0.3954381
v 1.18716052 1.3532372 0.30306652
v 1.20964564 1.40100835 0.38851402
v 1.19304933 1.37176969 0.296142
v 1.22253877 1.41556532 0.38158953
v 1.20594247 1.38632666 0.28921795
v 1.24047322 1.42393028 0.3757198
v 1.22387692 1.39469161 0.28334822
v 1.26071845 1.4248298 0.3717972
v 1.24412255 1.39559113 0.27942561
usemtl mat2
f 4580 4581 4582
f 4580 4582 4583
f 4583 4582 4584
f 4583 4584 4585
f 4585 4584 4586
f 4585 4586 4587
f 4587 4586 4588
f 4587 4588 4589
f 4589 4588 4590
f 4589 4590 4591
f 4591 4590 4592
f 4591 4592 4593
f 4593 4592 4594
f 4593 4594 4595
f 4595 4594 4596
f 4595 4596 4597
f 4597 4596 4598
f 4597 4598 4599
f 4599 4598 4600
f 4599 4600 4601
f 4601 4600 4602
f 4601 4602 4603
f 4603 4602 4604
f 4603 4604 4605
f 4605 4604 4606
f 4605 4606 4607
f 4607 4606 4608
f 4607 4608 4609
f 4609 4608 4610
f 4609 4610 4611
f 4611 4610 4581
f 4611 4581 4580
f 4592 4596 4594
f 4596 4592 4590
f 4596 4590 4598
f 4598 4590 4588
f 4598 4588 4600
f 4600 4588 4586
f 4600 4586 4602
f 4602 4586 4584
f 4602 4584 4604
f 4604 4584 4582
f 4604 4582 4606
f 4606 4582 4581
f 4606 4581 4608
f 4608 4581 4610
f 4597 4593 4595
f 4593 4597 4591
f 4591 4597 4599
f 4591 4599 4589
f 4589 4599 4601
f 4589 4601 4587
f 4587 4601 4603
f 4587 4603 4585
f 4585 4603 4605
f 4585 4605 4583
f 4583 4605 4607
f 4583 4607 4580
f 4580 4607 4609
f 4580 4609 4611
# Vertices: 32, normals: 0, texture coordinates: 0, faces: 60

o obj9
v 1.33258431 1.47922726 0.32621977
v 1.31963783 1.48657592 0.32621977
v 1.38088151 1.59447302 0.14903379
v 1.39382798 1.58712476 0.14903379
v 1.38348752 1.59906422 0.15273013
v 1.39643399 1.59171556 0.15273013
v 1.32224385 1.49116722 0.32991611
v 1.33519032 1.48381856 0.32991611
v 1.07186706 1.0199039 0.32621977
v 1.01062329 0.91200731 0.14903379
v 0.99767681 0.91935557 0.14903379
v 1.05892059 1.02725257 0.32621977
v 1.00801728 0.9074161 0.15273013
v 0.9950708 0.91476477 0.15273013
v 1.06926095 1.0153131 0.32991611
v 1.05631447 1.02266177 0.32991611
v 0.78336424 0.68782456 0.05733211
v 0.80532362 0.75797924 0.05987386
v 0.80532317 0.75797924 -0.06450528
v 0.78336424 0.68782456 -0.06001808
v 1.67158005 1.38808598 0.1320649
v 1.6710045 1.38963214 0.1320649
v 1.65196664 1.38254443 0.1320649
v 1.65254229 1.38099827 0.1320649
v 1.63137001 1.37964238 0.12545971
v 1.65040817 1.38673009 0.12545971
v 1.65040817 1.38673009 -0.14347576
v 1.63137001 1.37964238 -0.14347576
v 1.69061791 1.39517369 0.1320649
v 1.69004236 1.39671995 0.1320649
v 1.61233215 1.37255457 0.12545971
v 1.61233215 1.37255457 -0.14347576
v 1.68848389 1.40090601 0.12545971
v 1.70752215 1.40799372 0.12545971
v 1.70752215 1.40799372 -0.14347576
v 1.68848389 1.40090601 -0.14347576
v 1.59329389 1.36546686 0.12545971
v 1.59329389 1.36546686 -0.14347576
v 1.72655991 1.41508153 0.12545971
v 1.72655991 1.41508153 -0.14347576
v 1.57425613 1.35837915 0.12545971
v 1.57425613 1.35837915 -0.14347576
v 1.74559807 1.42216924 0.12545971
v 1.74559807 1.42216924 -0.14347576
v 1.55521827 1.35129134 0.12545971
v 1.55521827 1.35129134 -0.14347576
v 1.76463603 1.42925735 0.12545971
v 1.76463603 1.42925735 -0.14347576
v 1.55735229 1.34555912 0.1320649
v 1.55677674 1.34710528 0.1320649
v 1.53773847 1.34001757 0.1320649
v 1.53831413 1.3384709 0.1320649
v 1.77140733 1.43177846 0.12545971
v 1.77140733 1.43177846 -0.14347576
v 1.53618001 1.34420363 0.12545971
v 1.53618001 1.34420322 -0.14347576
v 1.77772751 1.42760421 0.1320649
v 1.77715195 1.42915077 0.1320649
v 1.7661945 1.4250713 0.1320649
v 1.76677005 1.42352513 0.1320649
v 1.52735657 1.33439183 -0.15008136
v 1.52678102 1.33593799 -0.15008136
v 1.53773847 1.34001757 -0.15008136
v 1.53831413 1.3384709 -0.15008136
v 1.52678102 1.33593799 0.1320649
v 1.52735657 1.33439183 0.1320649
v 1.55735229 1.34555912 -0.15008136
v 1.55677674 1.34710528 -0.15008136
v 1.5758146 1.35419299 -0.15008136
v 1.57639015 1.35264683 -0.15008136
v 1.59485235 1.3612808 -0.15008136
v 1.59542841 1.35973453 -0.15008136
v 1.61389062 1.36836851 -0.15008136
v 1.61446617 1.36682235 -0.15008136
v 1.63292848 1.37545672 -0.15008136
v 1.63350403 1.37391006 -0.15008136
v 1.65196623 1.38254443 -0.15008136
v 1.65254229 1.38099827 -0.15008136
v 1.6710045 1.38963214 -0.15008136
v 1.67158005 1.38808598 -0.15008136
v 1.69004236 1.39671995 -0.15008136
v 1.69061791 1.39517369 -0.15008136
v 1.70965617 1.4022615 0.1320649
v 1.70908062 1.40380766 0.1320649
v 1.72869393 1.40934921 0.1320649
v 1.72811838 1.41089537 0.1320649
v 1.74773229 1.41643742 0.1320649
v 1.74715654 1.41798359 0.1320649
v 1.66944603 1.3938183 0.12545971
v 1.66944603 1.3938183 -0.14347576
v 1.63292848 1.37545672 0.1320649
v 1.63350403 1.37391006 0.1320649
v 1.61389062 1.36836851 0.1320649
v 1.61446617 1.36682235 0.1320649
v 1.70908062 1.40380766 -0.15008136
v 1.70965617 1.4022615 -0.15008136
v 1.59485235 1.3612808 0.1320649
v 1.59542841 1.35973453 0.1320649
v 1.72811838 1.41089537 -0.15008136
v 1.72869393 1.40934921 -0.15008136
v 1.77772751 1.42760421 -0.15008136
v 1.77715195 1.42915077 -0.15008136
v 1.5758146 1.35419299 0.1320649
v 1.57639015 1.35264683 0.1320649
v 1.74715654 1.41798359 -0.15008136
v 1.74773229 1.41643742 -0.15008136
v 1.7661945 1.4250713 -0.15008136
v 1.76677005 1.42352513 -0.15008136
v 1.52940861 1.34168221 0.12545971
v 1.52940861 1.34168261 -0.14347576
v 1.52792547 1.34076736 -0.14600355
v 1.52792547 1.34076736 0.1279871
v 1.52690494 1.33935439 -0.1481465
v 1.52690494 1.33935439 0.13013004
v 1.52650313 1.3376585 -0.14957851
v 1.52650313 1.3376585 0.13156204
v 1.76475481 1.42893852 0.1279871
v 1.77312773 1.43205585 0.1279871
v 1.7650922 1.42803093 0.13013004
v 1.77482373 1.43165414 0.13013004
v 1.76559818 1.42667292 0.13156204
v 1.7762368 1.43063402 0.13156204
v 1.77312773 1.43205585 -0.14600355
v 1.77482373 1.43165414 -0.1481465
v 1.7762368 1.43063402 -0.14957851
v 1.53629889 1.34388469 -0.14600355
v 1.53663678 1.3429771 -0.1481465
v 1.53714215 1.34161919 -0.14957851
v 1.53629889 1.34388469 0.1279871
v 1.53663678 1.3429771 0.13013004
v 1.53714215 1.34161919 0.13156204
v 1.55533665 1.3509725 0.1279871
v 1.55567464 1.35006531 0.13013004
v 1.55618041 1.3487069 0.13156204
v 1.57437451 1.35806021 0.1279871
v 1.5747124 1.35715302 0.13013004
v 1.57521827 1.35579501 0.13156204
v 1.59341277 1.36514843 0.1279871
v 1.59375066 1.36424083 0.13013004
v 1.59425603 1.36288282 0.13156204
v 1.61245053 1.37223614 0.1279871
v 1.61278852 1.37132854 0.13013004
v 1.61329429 1.36997053 0.13156204
v 1.63148879 1.37932385 0.1279871
v 1.63182628 1.37841625 0.13013004
v 1.63233215 1.37705824 0.13156204
v 1.65052665 1.38641166 0.1279871
v 1.65086454 1.38550447 0.13013004
v 1.65136991 1.38414646 0.13156204
v 1.66956441 1.39349937 0.1279871
v 1.6699024 1.39259218 0.13013004
v 1.67040817 1.39123417 0.13156204
v 1.68860267 1.40058758 0.1279871
v 1.68894056 1.39967999 0.13013004
v 1.68944603 1.39832198 0.13156204
v 1.70764093 1.40767529 0.1279871
v 1.70797832 1.4067677 0.13013004
v 1.7084843 1.40540969 0.13156204
v 1.72667869 1.414763 0.1279871
v 1.72701668 1.41385541 0.13013004
v 1.72752206 1.4124974 0.13156204
v 1.74571665 1.42185081 0.1279871
v 1.74605444 1.42094322 0.13013004
v 1.74655981 1.41958521 0.13156204
v 1.76475481 1.42893852 -0.14600355
v 1.7650922 1.42803093 -0.1481465
v 1.76559818 1.42667292 -0.14957851
v 1.74571665 1.42185081 -0.14600355
v 1.74605444 1.42094362 -0.1481465
v 1.74655981 1.41958521 -0.14957851
v 1.72667869 1.414763 -0.14600355
v 1.72701668 1.41385541 -0.1481465
v 1.72752206 1.4124974 -0.14957851
v 1.70764053 1.40767529 -0.14600355
v 1.70797832 1.4067677 -0.1481465
v 1.7084843 1.40540969 -0.14957851
v 1.68860267 1.40058708 -0.14600355
v 1.68894056 1.39967999 -0.1481465
v 1.68944603 1.39832198 -0.14957851
v 1.66956441 1.39349937 -0.14600355
v 1.6699024 1.39259218 -0.1481465
v 1.67040817 1.39123417 -0.14957851
v 1.65052665 1.38641166 -0.14600355
v 1.65086454 1.38550447 -0.1481465
v 1.65136991 1.38414605 -0.14957851
v 1.63148879 1.37932385 -0.14600355
v 1.63182628 1.37841625 -0.1481465
v 1.63233215 1.37705824 -0.14957851
v 1.61245053 1.37223614 -0.14600355
v 1.61278852 1.37132854 -0.1481465
v 1.61329429 1.36997053 -0.14957851
v 1.59341277 1.36514843 -0.14600355
v 1.59375066 1.36424083 -0.1481465
v 1.59425603 1.36288282 -0.14957851
v 1.57437451 1.35806021 -0.14600355
v 1.5747124 1.35715302 -0.1481465
v 1.57521827 1.35579501 -0.14957851
v 1.55533665 1.3509725 -0.14600355
v 1.55567464 1.35006531 -0.1481465
v 1.55618041 1.3487069 -0.14957851
usemtl mat3
f 4612 4613 4614
f 4612 4614 4615
f 4615 4614 4616
f 4615 4616 4617
f 4617 4616 4618
f 4617 4618 4619
f 4619 4618 4613
f 4619 4613 4612
f 4615 4617 4619
f 4615 4619 4612
f 4616 4614 4613
f 4616 4613 4618
f 4620 4621 4622
f 4620 4622 4623
f 4621 4624 4625
f 4621 4625 4622
f 4624 4626 4627
f 4624 4627 4625
f 4626 4620 4623
f 4626 4623 4627
f 4621 4620 4626
f 4621 4626 4624
f 4625 4627 4623
f 4625 4623 4622
f 4628 4629 4630
f 4628 4630 4631
f 4632 4633 4634
f 4632 4634 4635
f 4636 4637 4638
f 4636 4638 4639
f 4640 4641 4633
f 4640 4633 4632
f 4642 4636 4639
f 4642 4639 4643
f 4644 4645 4646
f 4644 4646 4647
f 4648 4642 4643
f 4648 4643 4649
f 4645 4650 4651
f 4645 4651 4646
f 4652 4648 4649
f 4652 4649 4653
f 4650 4654 4655
f 4650 4655 4651
f 4656 4652 4653
f 4656 4653 4657
f 4654 4658 4659
f 4654 4659 4655
f 4660 4661 4662
f 4660 4662 4663
f 4658 4664 4665
f 4658 4665 4659
f 4666 4656 4657
f 4666 4657 4667
f 4668 4669 4670
f 4668 4670 4671
f 4672 4673 4674
f 4672 4674 4675
f 4663 4662 4676
f 4663 4676 4677
f 4678 4679 4680
f 4678 4680 4681
f 4681 4680 4682
f 4681 4682 4683
f 4683 4682 4684
f 4683 4684 4685
f 4685 4684 4686
f 4685 4686 4687
f 4687 4686 4688
f 4687 4688 4689
f 4689 4688 4690
f 4689 4690 4691
f 4691 4690 4692
f 4691 4692 4693
f 4694 4695 4641
f 4694 4641 4640
f 4696 4697 4695
f 4696 4695 4694
f 4698 4699 4697
f 4698 4697 4696
f 4671 4670 4699
f 4671 4699 4698
f 4637 4700 4701
f 4637 4701 4638
f 4635 4634 4702
f 4635 4702 4703
f 4700 4644 4647
f 4700 4647 4701
f 4703 4702 4704
f 4703 4704 4705
f 4693 4692 4706
f 4693 4706 4707
f 4705 4704 4708
f 4705 4708 4709
f 4707 4706 4710
f 4707 4710 4711
f 4712 4713 4669
f 4712 4669 4668
f 4709 4708 4714
f 4709 4714 4715
f 4711 4710 4716
f 4711 4716 4717
f 4677 4676 4673
f 4677 4673 4672
f 4715 4714 4661
f 4715 4661 4660
f 4717 4716 4718
f 4717 4718 4719
f 4720 4666 4667
f 4720 4667 4721
f 4719 4718 4713
f 4719 4713 4712
f 4721 4722 4723
f 4721 4723 4720
f 4722 4724 4725
f 4722 4725 4723
f 4724 4726 4727
f 4724 4727 4725
f 4726 4673 4676
f 4726 4676 4727
f 4658 4728 4729
f 4658 4729 4664
f 4728 4730 4731
f 4728 4731 4729
f 4730 4732 4733
f 4730 4733 4731
f 4732 4670 4669
f 4732 4669 4733
f 4664 4729 4734
f 4664 4734 4665
f 4729 4731 4735
f 4729 4735 4734
f 4731 4733 4736
f 4731 4736 4735
f 4733 4669 4713
f 4733 4713 4736
f 4667 4737 4722
f 4667 4722 4721
f 4737 4738 4724
f 4737 4724 4722
f 4738 4739 4726
f 4738 4726 4724
f 4739 4674 4673
f 4739 4673 4726
f 4720 4723 4740
f 4720 4740 4666
f 4723 4725 4741
f 4723 4741 4740
f 4725 4727 4742
f 4725 4742 4741
f 4727 4676 4662
f 4727 4662 4742
f 4666 4740 4743
f 4666 4743 4656
f 4740 4741 4744
f 4740 4744 4743
f 4741 4742 4745
f 4741 4745 4744
f 4742 4662 4661
f 4742 4661 4745
f 4656 4743 4746
f 4656 4746 4652
f 4743 4744 4747
f 4743 4747 4746
f 4744 4745 4748
f 4744 4748 4747
f 4745 4661 4714
f 4745 4714 4748
f 4652 4746 4749
f 4652 4749 4648
f 4746 4747 4750
f 4746 4750 4749
f 4747 4748 4751
f 4747 4751 4750
f 4748 4714 4708
f 4748 4708 4751
f 4648 4749 4752
f 4648 4752 4642
f 4749 4750 4753
f 4749 4753 4752
f 4750 4751 4754
f 4750 4754 4753
f 4751 4708 4704
f 4751 4704 4754
f 4642 4752 4755
f 4642 4755 4636
f 4752 4753 4756
f 4752 4756 4755
f 4753 4754 4757
f 4753 4757 4756
f 4754 4704 4702
f 4754 4702 4757
f 4636 4755 4758
f 4636 4758 4637
f 4755 4756 4759
f 4755 4759 4758
f 4756 4757 4760
f 4756 4760 4759
f 4757 4702 4634
f 4757 4634 4760
f 4637 4758 4761
f 4637 4761 4700
f 4758 4759 4762
f 4758 4762 4761
f 4759 4760 4763
f 4759 4763 4762
f 4760 4634 4633
f 4760 4633 4763
f 4700 4761 4764
f 4700 4764 4644
f 4761 4762 4765
f 4761 4765 4764
f 4762 4763 4766
f 4762 4766 4765
f 4763 4633 4641
f 4763 4641 4766
f 4644 4764 4767
f 4644 4767 4645
f 4764 4765 4768
f 4764 4768 4767
f 4765 4766 4769
f 4765 4769 4768
f 4766 4641 4695
f 4766 4695 4769
f 4645 4767 4770
f 4645 4770 4650
f 4767 4768 4771
f 4767 4771 4770
f 4768 4769 4772
f 4768 4772 4771
f 4769 4695 4697
f 4769 4697 4772
f 4650 4770 4773
f 4650 4773 4654
f 4770 4771 4774
f 4770 4774 4773
f 4771 4772 4775
f 4771 4775 4774
f 4772 4697 4699
f 4772 4699 4775
f 4654 4773 4728
f 4654 4728 4658
f 4773 4774 4730
f 4773 4730 4728
f 4774 4775 4732
f 4774 4732 4730
f 4775 4699 4670
f 4775 4670 4732
f 4665 4734 4776
f 4665 4776 4659
f 4734 4735 4777
f 4734 4777 4776
f 4735 4736 4778
f 4735 4778 4777
f 4736 4713 4718
f 4736 4718 4778
f 4659 4776 4779
f 4659 4779 4655
f 4776 4777 4780
f 4776 4780 4779
f 4777 4778 4781
f 4777 4781 4780
f 4778 4718 4716
f 4778 4716 4781
f 4655 4779 4782
f 4655 4782 4651
f 4779 4780 4783
f 4779 4783 4782
f 4780 4781 4784
f 4780 4784 4783
f 4781 4716 4710
f 4781 4710 4784
f 4651 4782 4785
f 4651 4785 4646
f 4782 4783 4786
f 4782 4786 4785
f 4783 4784 4787
f 4783 4787 4786
f 4784 4710 4706
f 4784 4706 4787
f 4646 4785 4788
f 4646 4788 4647
f 4785 4786 4789
f 4785 4789 4788
f 4786 4787 4790
f 4786 4790 4789
f 4787 4706 4692
f 4787 4692 4790
f 4647 4788 4791
f 4647 4791 4701
f 4788 4789 4792
f 4788 4792 4791
f 4789 4790 4793
f 4789 4793 4792
f 4790 4692 4690
f 4790 4690 4793
f 4701 4791 4794
f 4701 4794 4638
f 4791 4792 4795
f 4791 4795 4794
f 4792 4793 4796
f 4792 4796 4795
f 4793 4690 4688
f 4793 4688 4796
f 4638 4794 4797
f 4638 4797 4639
f 4794 4795 4798
f 4794 4798 4797
f 4795 4796 4799
f 4795 4799 4798
f 4796 4688 4686
f 4796 4686 4799
f 4639 4797 4800
f 4639 4800 4643
f 4797 4798 4801
f 4797 4801 4800
f 4798 4799 4802
f 4798 4802 4801
f 4799 4686 4684
f 4799 4684 4802
f 4643 4800 4803
f 4643 4803 4649
f 4800 4801 4804
f 4800 4804 4803
f 4801 4802 4805
f 4801 4805 4804
f 4802 4684 4682
f 4802 4682 4805
f 4649 4803 4806
f 4649 4806 4653
f 4803 4804 4807
f 4803 4807 4806
f 4804 4805 4808
f 4804 4808 4807
f 4805 4682 4680
f 4805 4680 4808
f 4653 4806 4809
f 4653 4809 4657
f 4806 4807 4810
f 4806 4810 4809
f 4807 4808 4811
f 4807 4811 4810
f 4808 4680 4679
f 4808 4679 4811
f 4657 4809 4737
f 4657 4737 4667
f 4809 4810 4738
f 4809 4738 4737
f 4810 4811 4739
f 4810 4739 4738
f 4811 4679 4674
f 4811 4674 4739
f 4675 4674 4679
f 4675 4679 4678
# Vertices: 200, normals: 0, texture coordinates: 0, faces: 354

o obj10
v 0.88972567 0.74976523 0.00262254
v 0.88972567 0.74976523 0.00564981
v 0.88388132 0.75229431 0.00262254
v 0.76014416 0.63389612 -0.0575571
v 0.77286734 0.62998877 -0.06980238
v 0.77286734 0.62998877 -0.0575571
v 0.76014416 0.63389612 -0.06980238
v 0.77438351 0.64599127 -0.06980238
v 0.77438351 0.64599127 -0.0575571
v 0.80905548 0.63197098 0.00640853
v 0.78618639 0.63411306 0.00640853
v 0.80860592 0.62138736 0.00640853
v 0.79252093 0.64135646 0.00640853
v 0.80860592 0.62138736 -0.01002578
v 0.78618639 0.63411306 -0.01002578
v 0.79252093 0.64135646 -0.01002578
v 0.80905548 0.63197098 -0.01002578
v 0.81655136 0.80341668 0.04775801
v 0.81932823 0.80269432 0.07742004
v 0.81932823 0.80269432 0.04775801
v 0.81655136 0.80341668 0.07742004
v 0.81378588 0.80265373 0.04775801
v 0.81378588 0.80265373 0.07742004
v 0.8117719 0.80061016 0.04775801
v 0.8117719 0.80061016 0.07742004
v 0.81104999 0.79783369 0.04775801
v 0.81104999 0.79783369 0.07742004
v 0.81181249 0.79506776 0.04775801
v 0.81181249 0.79506776 0.07742004
v 0.81385606 0.79305424 0.04775801
v 0.81385606 0.79305424 0.07742004
v 0.81663253 0.79233187 0.04775801
v 0.81663253 0.79233187 0.07742004
v 0.81939846 0.79309482 0.04775801
v 0.81939846 0.79309482 0.07742004
v 0.82141198 0.79513839 0.04775801
v 0.82141198 0.79513839 0.07742004
v 0.82213435 0.79791486 0.04775801
v 0.82213435 0.79791486 0.07742004
v 0.8213718 0.80068079 0.04775801
v 0.8213718 0.80068079 0.07742004
v 0.81655136 0.80341668 -0.08030098
v 0.81932823 0.80269432 -0.05063895
v 0.81932823 0.80269432 -0.08030098
v 0.81655136 0.80341668 -0.05063895
v 0.81378588 0.80265373 -0.08030098
v 0.81378588 0.80265373 -0.05063895
v 0.8117719 0.80061016 -0.08030098
v 0.8117719 0.80061016 -0.05063895
v 0.81104999 0.79783369 -0.08030098
v 0.81104999 0.79783369 -0.05063895
v 0.81181249 0.79506776 -0.08030098
v 0.81181249 0.79506776 -0.05063895
v 0.81385606 0.79305424 -0.08030098
v 0.81385606 0.79305424 -0.05063895
v 0.81663253 0.79233187 -0.08030098
v 0.81663253 0.79233187 -0.05063895
v 0.81939846 0.79309482 -0.08030098
v 0.81939846 0.79309482 -0.05063895
v 0.82141239 0.79513839 -0.08030098
v 0.82141239 0.79513839 -0.05063895
v 0.82213435 0.79791486 -0.08030098
v 0.82213435 0.79791486 -0.05063895
v 0.8213718 0.80068079 -0.08030098
v 0.8213718 0.80068079 -0.05063895
v 0.80840334 0.6291869 -0.00185451
v 0.79346533 0.43031983 -0.05006166
v 0.79620626 0.43028852 -0.05181805
v 0.80469851 0.62885788 -0.00011038
v 0.79635428 0.43191722 -0.05463344
v 0.80882457 0.6306413 -0.00553985
v 0.79376178 0.43357803 -0.05569202
v 0.80554182 0.63176841 -0.00766503
v 0.7910204 0.43360974 -0.0539352
v 0.80182015 0.63107186 -0.00617677
v 0.8016383 0.62957177 -0.00232565
v 0.7909113 0.43205168 -0.0514425
v 0.79346533 0.43031983 0.04725008
v 0.79620626 0.43028852 0.04900647
v 0.80469851 0.62885788 -0.00350644
v 0.79619486 0.4316368 0.05141881
v 0.80882457 0.6306413 0.00192302
v 0.79376178 0.43357803 0.05288043
v 0.80554182 0.63176841 0.00404778
v 0.7910204 0.43360974 0.05112361
v 0.80182015 0.63107186 0.00255952
v 0.8016383 0.62957177 -0.00129118
v 0.79119171 0.43189266 0.04863049
v 0.71303789 0.47309368 -0.00350687
v 0.76999654 0.64153281 0.0596937
v 0.71634469 0.47139103 -0.00185451
v 0.76757364 0.64248734 0.05802485
v 0.7695436 0.64004584 0.06236783
v 0.71618613 0.46988459 0.0019226
v 0.71272113 0.47007995 0.00404778
v 0.76666731 0.63951339 0.06337354
v 0.70953735 0.47212902 0.00255952
v 0.76424395 0.64046792 0.06170469
v 0.70993448 0.473586 -0.00135927
v 0.76501028 0.64191769 0.05933676
v 0.76999654 0.64153281 -0.06234415
v 0.71303789 0.47309368 0.00085599
v 0.71634469 0.47139103 -0.00079594
v 0.76757364 0.64248734 -0.0606753
v 0.7695436 0.64004584 -0.06501828
v 0.71618613 0.46988459 -0.00457347
v 0.71272113 0.47007995 -0.00669823
v 0.76666731 0.63951339 -0.06602399
v 0.70953735 0.47212902 -0.00520997
v 0.76424395 0.64046792 -0.06435515
v 0.76501028 0.64191809 -0.0619872
v 0.81818676 0.80123225 -0.06954143
v 0.80478271 0.63114123 -0.00011038
v 0.80841731 0.63035247 -0.00185451
v 0.81546317 0.80154226 -0.06778504
v 0.8181318 0.79959811 -0.07235682
v 0.80865457 0.62885617 -0.00553985
v 0.80525637 0.62814691 -0.00766503
v 0.81535196 0.79827266 -0.07341539
v 0.80165095 0.62930321 -0.00617677
v 0.81262832 0.79858267 -0.07165858
v 0.80165731 0.63081216 -0.00232565
v 0.81271504 0.80014366 -0.06916588
v 0.80478271 0.63114123 -0.00350644
v 0.81818676 0.80123225 0.06672985
v 0.81546317 0.80154226 0.06497346
v 0.8181318 0.79959811 0.06954524
v 0.80865457 0.62885617 0.00192302
v 0.80525637 0.62814691 0.00404778
v 0.81535196 0.79827266 0.07060381
v 0.80165095 0.62930321 0.00255952
v 0.81262832 0.79858267 0.06884742
v 0.80165731 0.63081216 -0.00129118
v 0.81301275 0.80026632 0.06635429
v 0.79710835 0.41926464 -0.05607814
v 0.77087958 0.63725666 -0.06475353
v 0.79889858 0.41869794 -0.05246682
v 0.7691858 0.63822304 -0.0684173
v 0.77087958 0.63725666 0.06242535
v 0.79710835 0.41926464 0.05342769
v 0.79889858 0.41869794 0.05013863
v 0.7691854 0.63822304 0.06608193
v 0.7969075 0.41962837 -0.04904115
v 0.76875399 0.63846963 -0.06138877
v 0.7969075 0.41962837 0.04671297
v 0.76875399 0.63846963 0.05906017
v 0.79332916 0.42076095 -0.05626423
v 0.76533637 0.64041967 -0.06871673
v 0.79332916 0.42076095 0.05393605
v 0.76533637 0.64041967 0.06638855
v 0.79312739 0.42112677 -0.04922723
v 0.76493461 0.64064977 -0.06168862
v 0.79312739 0.42112677 0.04689905
v 0.76493461 0.64064932 0.05936044
v 0.79133888 0.42169264 -0.05283899
v 0.76324123 0.6416157 -0.06535324
v 0.79133888 0.42169264 0.0505108
v 0.76324123 0.6416157 0.06302505
v 0.82048241 0.7969506 0.07138664
v 0.76895701 0.63814479 0.06555878
v 0.77042664 0.63800524 0.06249682
v 0.81910877 0.79773049 0.07417962
v 0.76851249 0.63808051 0.05968862
v 0.81889435 0.79785184 0.0685518
v 0.76563413 0.63850003 0.06581295
v 0.81614788 0.79941116 0.07461818
v 0.76512957 0.63829619 0.05994238
v 0.815933 0.79953297 0.06874972
v 0.76366119 0.63843746 0.06300433
v 0.81455856 0.80031326 0.07178249
v 0.76895701 0.63814479 -0.0684025
v 0.82048241 0.7969506 -0.07423037
v 0.77042664 0.63800524 -0.06534055
v 0.81910877 0.79773049 -0.07702334
v 0.76851249 0.63808051 -0.06253235
v 0.81889435 0.79785229 -0.0713951
v 0.76563413 0.63850003 -0.06865668
v 0.81614788 0.79941116 -0.07746191
v 0.76512997 0.63829619 -0.06278611
v 0.815933 0.79953297 -0.07159303
v 0.76366119 0.63843746 -0.06584806
v 0.81455856 0.80031326 -0.07462622
v 0.81815212 0.79448328 0.06734055
v 1.05947204 0.88859735 0.00493507
v 1.06108001 0.88556452 0.00712285
v 0.81667145 0.79732615 0.06505381
v 1.06113456 0.88579381 0.01118628
v 0.81828109 0.79469856 0.0713934
v 1.05958114 0.88905533 0.01306151
v 0.81679749 0.79805149 0.07315995
v 1.05797276 0.89208646 0.01087374
v 0.81544961 0.80060083 0.07087364
v 1.05791821 0.89185716 0.00681073
v 0.8151874 0.80067908 0.06682035
v 0.81910958 0.79500645 0.06764674
v 1.08615158 0.93392181 0.16145795
v 1.0869658 0.93052789 0.16355564
v 0.81826626 0.79867146 0.06609208
v 1.08556333 0.93009653 0.16735052
v 0.81739336 0.79383579 0.07114684
v 1.08334804 0.93305738 0.16905109
v 0.81483514 0.7963323 0.07309271
v 1.08253483 0.93644917 0.16695551
v 0.81429972 0.80013816 0.07175796
v 0.81615504 0.8011058 0.0681902
v 1.08393549 0.93688185 0.16315894
v 1.05947204 0.88859735 -0.00758552
v 0.81815212 0.79448328 -0.06999057
v 1.06108001 0.88556452 -0.0097733
v 0.81667145 0.79732615 -0.06770384
v 1.06113456 0.88579381 -0.0138363
v 0.81828109 0.79469856 -0.07404386
v 1.05958114 0.88905533 -0.01571154
v 0.81679749 0.79805149 -0.0758104
v 1.05797276 0.89208646 -0.01352377
v 0.81544961 0.80060083 -0.07352366
v 1.05791821 0.89185716 -0.00946076
v 0.8151874 0.80067908 -0.0694708
v 1.08615158 0.93392181 -0.16410841
v 0.81910958 0.79500645 -0.07029719
v 1.0869658 0.9305283 -0.16620441
v 0.81826626 0.79867146 -0.06874253
v 1.08556333 0.93009653 -0.17000097
v 0.81739336 0.79383579 -0.07379729
v 1.08334854 0.93305738 -0.17170154
v 0.81483514 0.7963323 -0.07574315
v 1.08253483 0.93644917 -0.16960596
v 0.81429972 0.80013816 -0.07440841
v 0.81615504 0.8011058 -0.07084022
v 1.08393549 0.93688185 -0.1658094
v 0.8199842 0.79624094 0.06764674
v 0.96977246 1.00117398 0.16171636
v 0.97199158 0.99848206 0.16381236
v 0.81761963 0.79916629 0.06609208
v 0.97092114 0.99747979 0.16760893
v 0.81895439 0.79443675 0.07114684
v 0.96763209 0.99916893 0.16930949
v 0.81556128 0.79555962 0.07309271
v 0.96541297 1.00186085 0.1672135
v 0.81341199 0.79874506 0.07175796
v 0.81465495 0.80042786 0.0681902
v 0.96648341 1.00286313 0.16341693
v 0.96977246 1.00117398 -0.16462479
v 0.8199842 0.79624094 -0.07055475
v 0.97199158 0.99848206 -0.1667208
v 0.81761963 0.79916629 -0.06900051
v 0.97092114 0.99747979 -0.17051736
v 0.81895439 0.79443675 -0.07405485
v 0.96763209 0.99916893 -0.17221792
v 0.81556128 0.79555962 -0.07600113
v 0.96541297 1.00186085 -0.17012066
v 0.81341199 0.79874506 -0.07466597
v 0.81465495 0.80042786 -0.0710982
v 0.96648341 1.00286313 -0.16632536
v 0.96324125 0.99818945 0.16564699
v 0.78108342 0.95711991 0.00171579
v 0.96246141 0.99458862 0.16505913
v 0.77964338 0.96068303 0.00038063
v 0.78120905 0.96207018 -0.00318714
v 0.96723451 0.99971323 0.16460703
v 0.78416949 0.95531663 -0.00023049
v 0.96377929 0.99215513 0.16273138
v 0.78384637 0.9602191 -0.00528525
v 0.96927173 0.99722176 0.16215536
v 0.7855516 0.95686703 -0.00373059
v 0.96755002 0.99345607 0.16138225
v 0.78108342 0.95711991 -0.00460435
v 0.96324125 0.99818945 -0.16853681
v 0.96246141 0.99458862 -0.16794896
v 0.77964338 0.96068303 -0.00326961
v 0.78120905 0.96207018 0.00029858
v 0.96723451 0.99971323 -0.16749516
v 0.78416949 0.95531663 -0.00265849
v 0.96377929 0.99215513 -0.1656195
v 0.78384637 0.9602191 0.00239627
v 0.96927213 0.99722176 -0.16504518
v 0.7855516 0.95686703 0.00084204
v 0.96755002 0.99345607 -0.16427208
v 0.80439233 0.62875806 -0.00395728
v 1.00731306 0.91946255 -0.00583463
v 1.01048585 0.91742029 -0.00394924
v 0.80119292 0.63078554 -0.00580418
v 1.01048333 0.917422 0.00021146
v 0.80436062 0.62872085 0.00020681
v 1.00754357 0.91931372 0.00229604
v 0.80139171 0.63054365 0.00229816
v 1.00463183 0.9211893 0.00046733
v 0.79866304 0.63274663 0.00049947
v 0.79871335 0.63276821 -0.0036367
v 1.00463687 0.92118638 -0.00363755
v 0.78569962 0.96195644 -0.00345019
v 0.83464477 0.90597773 -0.04061782
v 0.83579935 0.90555181 -0.042957
v 0.78677722 0.96006684 -0.00240346
v 0.8323534 0.90479265 -0.04004053
v 0.78570134 0.95759695 -0.00205202
v 0.83121657 0.90318215 -0.04180242
v 0.78322217 0.95735042 -0.00337449
v 0.78214453 0.95923961 -0.0044208
v 0.83237201 0.90275755 -0.0441416
v 0.78332956 0.96159949 -0.00456332
v 0.83466337 0.90394263 -0.04471889
v 0.83464477 0.90597773 0.03893417
v 0.78569962 0.96195644 0.00176654
v 0.83579935 0.90555181 0.04127377
v 0.78677722 0.96006684 0.00071981
v 0.8323534 0.90479265 0.03835688
v 0.78570134 0.95759695 0.00036879
v 0.83121657 0.90318215 0.04011919
v 0.78322217 0.95735042 0.00169084
v 0.78214453 0.95923961 0.00273757
v 0.83237201 0.90275755 0.04245795
v 0.78332956 0.96159949 0.00287967
v 0.83466337 0.90394263 0.04303524
v 0.75989379 0.87194438 0.04130507
v 0.78244652 0.95865257 0.00071981
v 0.76025326 0.87279359 0.03882801
v 0.78220079 0.96081461 0.00176654
v 0.78477171 0.95729415 0.00036879
v 0.7623053 0.87191222 0.03741376
v 0.78691975 0.95855698 0.00169084
v 0.76399656 0.87018072 0.03847614
v 0.76363578 0.86933071 0.04095277
v 0.78667447 0.96071902 0.00273757
v 0.76158465 0.87021289 0.04236745
v 0.78432598 0.96192427 0.00287967
v 0.81944242 0.79979518 -0.07234455
v 0.83712691 0.90050294 -0.04317396
v 0.81959468 0.79735917 -0.07132997
v 0.83702542 0.90276481 -0.04401346
v 0.81738832 0.79597495 -0.07087955
v 0.83500807 0.89894366 -0.04250109
v 0.81502965 0.79702673 -0.07144373
v 0.83256233 0.90015406 -0.04321456
v 0.81487784 0.79946279 -0.07245832
v 0.83246039 0.90241583 -0.04405364
v 0.8346549 0.90380641 -0.04454465
v 0.81708421 0.80084697 -0.07290916
v 0.78244652 0.95865257 -0.00240346
v 0.75989379 0.87194438 -0.04298872
v 0.76025326 0.87279359 -0.04051167
v 0.78220079 0.96081461 -0.00345019
v 0.78477171 0.95729415 -0.00205202
v 0.7623053 0.87191222 -0.03909742
v 0.78691975 0.95855698 -0.00337449
v 0.76399656 0.87018072 -0.04015979
v 0.76363578 0.86933071 -0.04263642
v 0.78667447 0.96071902 -0.0044208
v 0.76158465 0.87021289 -0.0440511
v 0.78432598 0.96192427 -0.00456332
v 0.83712691 0.90050294 0.04149073
v 0.81944242 0.79979518 0.07066133
v 0.81959468 0.79735917 0.06964632
v 0.83702542 0.90276481 0.04232981
v 0.81738832 0.79597495 0.06919591
v 0.83500807 0.89894366 0.04081744
v 0.81502965 0.79702673 0.06976008
v 0.83256233 0.90015406 0.04153091
v 0.81487784 0.79946279 0.07077509
v 0.83246039 0.90241583 0.04236998
v 0.8346549 0.90380641 0.042861
v 0.81708421 0.80084697 0.0712255
v 0.81824685 0.79917053 -0.0747975
v 0.76426977 0.87157513 -0.04250828
v 0.81974608 0.79919674 -0.07262114
v 0.76244107 0.8726134 -0.04369542
v 0.76413274 0.86931669 -0.04100648
v 0.81918233 0.79757783 -0.07060888
v 0.81711935 0.79593305 -0.0707734
v 0.76161465 0.86806617 -0.0412429
v 0.81562047 0.79590855 -0.07295018
v 0.75978636 0.86910403 -0.04242962
v 0.81618382 0.7975258 -0.07496244
v 0.76010781 0.87137337 -0.04374828
v 0.76426977 0.87157513 0.04082463
v 0.81824685 0.79917053 0.07311427
v 0.81974608 0.79919674 0.0709375
v 0.76244107 0.8726134 0.04201219
v 0.76413274 0.86931669 0.03932325
v 0.81918233 0.79757783 0.06892523
v 0.81711935 0.79593305 0.06908975
v 0.76161465 0.86806617 0.03955925
v 0.81562047 0.7959081 0.07126653
v 0.75978636 0.86910403 0.04074639
v 0.81618382 0.7975258 0.07327879
v 0.76010781 0.87137337 0.04206463
v 0.86692424 0.83549867 -0.0012823
v 0.81994361 0.79798252 -0.07234455
v 0.86833176 0.83727281 -0.00212138
v 0.81845996 0.79604427 -0.07132997
v 0.86430219 0.83571223 -0.00060901
v 0.81588738 0.79644775 -0.07087955
v 0.86325122 0.83823113 -0.00132248
v 0.81479748 0.79878903 -0.07144373
v 0.81628067 0.80072602 -0.07245832
v 0.86465783 0.84000361 -0.00216155
v 0.81885417 0.80032385 -0.07290916
v 0.86722543 0.83961283 -0.00265256
v 0.81994361 0.79798252 0.07066133
v 0.86692424 0.83549867 -0.00040135
v 0.86833176 0.83727281 0.00043815
v 0.81845996 0.79604427 0.06964632
v 0.86430219 0.83571223 -0.00107422
v 0.81588738 0.79644775 0.06919591
v 0.86325122 0.83823113 -0.00036118
v 0.81479748 0.79878903 0.06976008
v 0.81628067 0.80072602 0.07077509
v 0.86465783 0.84000361 0.0004779
v 0.81885417 0.80032339 0.0712255
v 0.86722543 0.83961283 0.00096891
v 0.79074679 0.80764544 -0.00040135
v 0.81592922 0.80054502 0.07066133
v 0.81836735 0.80044056 0.06964632
v 0.78848668 0.80778121 0.00043815
v 0.79207641 0.80537646 -0.00107464
v 0.81951346 0.79810266 0.06919591
v 0.81822059 0.79586665 0.06976008
v 0.79061651 0.80307072 -0.00036118
v 0.81578246 0.79597071 0.07077509
v 0.78835686 0.80320604 0.0004779
v 0.81463635 0.79830861 0.0712255
v 0.78720354 0.80553295 0.00096891
v 0.81592922 0.80054502 -0.07234455
v 0.79074679 0.80764544 -0.0012823
v 0.81836735 0.80044056 -0.07132997
v 0.78848668 0.80778121 -0.0021218
v 0.79207641 0.80537646 -0.00060901
v 0.81951346 0.79810266 -0.07087955
v 0.81822059 0.79586665 -0.07144373
v 0.79061651 0.80307072 -0.00132248
v 0.81578246 0.79597071 -0.07245832
v 0.78835686 0.80320604 -0.00216155
v 0.81463635 0.79830861 -0.07290916
v 0.78720354 0.80553295 -0.00265256
v 0.8044917 0.62978196 -0.00178135
v 0.76588999 0.63700796 -0.06287619
v 0.80386836 0.62721436 -0.00173144
v 0.76637001 0.63937339 -0.06296585
v 0.76706948 0.63507394 -0.0643729
v 0.80525047 0.62549058 -0.00318249
v 0.7692285 0.63609573 -0.06587301
v 0.80725592 0.6263347 -0.00468301
v 0.80787932 0.62890225 -0.00473249
v 0.76970811 0.6384599 -0.06596267
v 0.80649681 0.63062608 -0.00328187
v 0.76836235 0.64019809 -0.06449428
v 0.76588999 0.63700796 0.0595812
v 0.8044917 0.62978196 -0.00151321
v 0.80386836 0.62721436 -0.00156312
v 0.76637001 0.63937339 0.05967086
v 0.76706948 0.63507354 0.06107834
v 0.80525047 0.62549058 -0.0001125
v 0.7692285 0.63609573 0.06257802
v 0.80725592 0.6263347 0.00138803
v 0.80787932 0.62890225 0.00143751
v 0.76970811 0.6384599 0.06266811
v 0.80649681 0.63062608 -1.311E-05
v 0.76836235 0.64019809 0.06119972
v 0.7655398 0.64273605 -0.062655
v 0.76799991 0.64278384 0.06040759
v 0.76818222 0.64274532 -0.06262412
v 0.76558674 0.64281853 0.06047103
v 0.76957995 0.64058378 0.06060932
v 0.7695123 0.64046283 -0.0625573
v 0.7681983 0.63816804 -0.06252136
v 0.76805829 0.63820867 0.06057253
v 0.76555588 0.63815876 -0.06255223
v 0.76564552 0.63824336 0.06063639
v 0.76429427 0.64051315 0.06053489
v 0.76422661 0.64044251 -0.06261905
v 0.50489319 0.20959871 -0.00363163
v 0.69745531 0.52285169 0.00074688
v 0.69745531 0.52285169 -0.00363163
v 0.50489319 0.20959871 0.00074688
v 0.7085934 0.51600462 0.00074688
v 0.79942175 0.63379504 -0.00363163
v 0.79942175 0.63379504 0.00074688
v 0.7085934 0.51600462 -0.00363163
v 0.89120246 0.76252819 -0.00607823
v 0.89120246 0.76252819 0.00262254
v 0.88388132 0.75229431 -0.00607823
v 0.88081259 0.75361849 0.00568364
v 0.88081259 0.75361849 -0.00930089
v 0.88892173 0.76495321 -0.00930089
v 0.88892173 0.76495321 0.00568364
v 0.88972567 0.74976523 -0.00607823
v 0.8942598 0.75261531 -0.00926664
v 0.8942598 0.75261531 -0.00607823
v 0.88972567 0.74976523 -0.00926664
v 0.89549348 0.75782698 -0.00926664
v 0.89549348 0.75782698 -0.00607823
v 0.8942598 0.75261531 0.00262254
v 0.8942598 0.75261531 0.00564981
v 0.89549348 0.75782698 0.00262254
v 0.89549348 0.75782698 0.00564981
v 0.76014416 0.63389612 0.06650739
v 0.77286734 0.62998877 0.05426212
v 0.77286734 0.62998877 0.06650739
v 0.76014416 0.63389612 0.05426212
v 0.77438351 0.64599127 0.05426212
v 0.764861 0.64901009 0.05426212
v 0.764861 0.64901009 0.06650739
v 0.77438351 0.64599127 0.06650739
v 0.764861 0.64901009 -0.0575571
v 0.764861 0.64901009 -0.06980238
v 0.51603124 0.20275161 0.00074688
v 0.51603124 0.20275161 -0.00363163
v 0.79226084 0.63819682 -0.00363163
v 0.79226084 0.63819682 0.00074688
v 1.22842204 1.71995862 0.02644952
v 1.27130544 1.69561728 -0.02286061
v 1.27313757 1.69667239 -0.02752163
v 1.2252679 1.72384389 0.02752205
v 1.22092071 1.72212087 0.03045205
v 1.27388655 1.69205669 -0.03045163
v 1.27130544 1.69561728 0.02644952
v 1.27313757 1.69667239 0.02752205
v 1.27388655 1.69205669 0.03045205
v 1.49885337 2.19586668 -0.02898663
v 1.56992074 2.22170821 -0.02898663
v 1.57356583 2.22595728 -0.02752163
v 1.49330084 2.19538934 -0.02719217
v 1.49018007 2.19716056 -0.03078066
v 1.57791312 2.22768011 -0.03045163
v 1.54150971 2.17165441 -0.02898663
v 1.54059828 2.16854272 -0.02719217
v 1.54371904 2.1667715 -0.03078066
v 1.53064905 2.25241227 -0.0264491
v 1.57353246 2.22807134 0.02286103
v 1.57356583 2.22595728 0.02752205
v 1.52569576 2.25312859 -0.02752163
v 1.52494678 2.25774449 -0.03045163
v 1.57791312 2.22768011 0.03045205
v 1.57353246 2.22807134 -0.0264491
v 1.30127454 1.74841573 0.02898705
v 1.23020677 1.72257421 0.02898705
v 1.30553249 1.75441183 0.02719259
v 1.30865325 1.75264061 0.03078151
v 1.2728631 1.69836194 0.02898705
v 1.57212756 2.22045587 -0.0264491
v 1.54371652 2.17040187 0.02259966
v 1.54059828 2.16854272 0.02719302
v 1.54371904 2.1667715 0.03078151
v 1.54371652 2.17040187 -0.0264491
v 1.25511731 1.77939931 -0.02259924
v 1.22670587 1.72934571 0.02644952
v 1.25823545 1.78125805 -0.02719259
v 1.25511479 1.78302968 -0.03078109
v 1.25511731 1.77939931 0.02644952
v 1.25823545 1.78125845 0.02719259
v 1.25511479 1.78302968 0.03078109
v 1.49535247 2.20263778 -0.0264491
v 1.52376351 2.25269178 0.02259966
v 1.52569576 2.25312859 0.02752205
v 1.52494678 2.25774449 0.03045205
v 1.52376351 2.25269178 -0.0264491
v 1.4901826 2.1935302 -0.02259924
v 1.46177166 2.1434764 0.02644952
v 1.45972002 2.13622756 0.02719302
v 1.45659926 2.13799878 0.03078151
v 1.4901826 2.1935302 0.02644952
v 1.49330084 2.19538934 0.02719302
v 1.49018007 2.19716056 0.03078151
v 1.45660178 2.13436841 -0.02259924
v 1.42819075 2.08431481 0.02644952
v 1.42613961 2.07706638 0.02719302
v 1.45972002 2.13622756 -0.02719217
v 1.45659926 2.13799878 -0.03078066
v 1.42301845 2.0788376 0.03078151
v 1.45660178 2.13436841 0.02644952
v 1.42302097 2.07520723 -0.02259924
v 1.39460993 2.02515363 0.02644952
v 1.3925588 2.01790479 0.02719302
v 1.42613921 2.07706597 -0.02719217
v 1.42301845 2.0788376 -0.03078066
v 1.38943764 2.01967581 0.03078151
v 1.42302097 2.07520723 0.02644952
v 1.38944016 2.01604564 -0.02259924
v 1.36102912 1.96599144 0.02644952
v 1.35897799 1.95874301 0.02719302
v 1.3925588 2.01790479 -0.02719217
v 1.38943764 2.01967581 -0.03078066
v 1.35585723 1.96051423 0.03078151
v 1.38944016 2.01604564 0.02644952
v 1.35585934 1.95688386 -0.02259924
v 1.32744831 1.90683026 0.02644952
v 1.32539718 1.89958142 0.02719302
v 1.35897799 1.95874301 -0.02719217
v 1.35585723 1.96051423 -0.03078066
v 1.32227641 1.90135305 0.03078151
v 1.35585934 1.95688386 0.02644952
v 1.32227894 1.89772268 -0.02259924
v 1.2938675 1.84766868 0.02644952
v 1.29181636 1.84041964 0.02719302
v 1.32539718 1.89958142 -0.02719217
v 1.32227641 1.90135305 -0.03078109
v 1.2886956 1.84219126 0.03078151
v 1.32227894 1.89772268 0.02644952
v 1.28869812 1.83856089 -0.02259924
v 1.26028668 1.78850689 0.02644952
v 1.29181636 1.84041964 -0.02719259
v 1.2886956 1.84219126 -0.03078109
v 1.28869812 1.83856089 0.02644952
v 1.27506992 1.6971094 -0.02259924
v 1.30348136 1.7471634 0.02644952
v 1.27506992 1.6971094 0.02644952
v 1.30865114 1.75627098 -0.02259924
v 1.33706217 1.80632458 0.02644952
v 1.3391133 1.81357342 0.02719302
v 1.30553249 1.75441183 -0.02719259
v 1.30865325 1.75264061 -0.03078109
v 1.34223407 1.81180179 0.03078151
v 1.30865073 1.75627098 0.02644952
v 1.34223155 1.81543256 -0.02259924
v 1.37064299 1.86548636 0.02644952
v 1.37269412 1.8727352 0.02719302
v 1.3391133 1.81357342 -0.02719259
v 1.34223407 1.8118024 -0.03078109
v 1.37581488 1.87096358 0.03078151
v 1.34223155 1.81543256 0.02644952
v 1.37581236 1.87459435 -0.02259924
v 1.40422339 1.92464795 0.02644952
v 1.40627503 1.93189638 0.02719302
v 1.37269412 1.8727352 -0.02719217
v 1.37581488 1.87096398 -0.03078066
v 1.40939569 1.93012516 0.03078151
v 1.37581236 1.87459435 0.02644952
v 1.40939317 1.93375553 -0.02259924
v 1.43780421 1.98380913 0.02644952
v 1.43985584 1.99105817 0.02719302
v 1.40627503 1.93189638 -0.02719217
v 1.40939569 1.93012516 -0.03078066
v 1.44297651 1.98928695 0.03078151
v 1.40939317 1.93375553 0.02644952
v 1.44297398 1.99291732 -0.02259924
v 1.47138502 2.04297091 0.02644952
v 1.47343666 2.05021975 0.02719302
v 1.43985584 1.99105817 -0.02719217
v 1.44297651 1.98928695 -0.03078066
v 1.47655742 2.04844813 0.03078151
v 1.44297398 1.99291732 0.02644952
v 1.4765548 2.0520789 -0.02259924
v 1.50496583 2.1021325 0.02644952
v 1.50701747 2.10938094 0.02719302
v 1.47343666 2.05021975 -0.02719217
v 1.47655742 2.04844853 -0.03078066
v 1.51013823 2.10760971 0.03078151
v 1.4765548 2.0520789 0.02644952
v 1.51013571 2.11124008 -0.02259924
v 1.53854675 2.16129429 0.02644952
v 1.50701747 2.10938094 -0.02719217
v 1.51013823 2.10760971 -0.03078066
v 1.51013571 2.11124008 0.02644952
v 1.52931857 2.24953895 0.02898705
v 1.54356336 2.17527268 0.02898705
v 1.57197439 2.22532668 0.02898705
v 1.53633993 2.16254682 0.02898705
v 1.46527256 2.1367051 0.02898705
v 1.50792889 2.11249282 0.02898705
v 1.50275912 2.10338524 0.02898705
v 1.43169175 2.07754351 0.02898705
v 1.47434808 2.05333124 0.02898705
v 1.4691782 2.04422345 0.02898705
v 1.39811094 2.01838173 0.02898705
v 1.44076717 1.99416945 0.02898705
v 1.43559739 1.98506187 0.02898705
v 1.36453012 1.95922055 0.02898705
v 1.40718635 1.93500827 0.02898705
v 1.40201658 1.92590069 0.02898705
v 1.33094921 1.90005876 0.02898705
v 1.37360554 1.87584669 0.02898705
v 1.36843576 1.8667389 0.02898705
v 1.2973684 1.84089718 0.02898705
v 1.34002473 1.8166849 0.02898705
v 1.33485535 1.80757732 0.02898705
v 1.26378799 1.781736 0.02898705
v 1.30644392 1.75752372 0.02898705
v 1.27491726 1.7019802 -0.02898663
v 1.26067196 1.77624648 -0.02898663
v 1.3033282 1.75203421 -0.02898663
v 1.30849807 1.76114179 -0.02898663
v 1.29425278 1.83540766 -0.02898663
v 1.33690911 1.81119539 -0.02898663
v 1.34207889 1.82030337 -0.02898663
v 1.32783359 1.89456925 -0.02898663
v 1.37048992 1.87035717 -0.02898663
v 1.3756593 1.87946516 -0.02898663
v 1.3614144 1.95373103 -0.02898663
v 1.40407073 1.92951876 -0.02898663
v 1.40924011 1.93862634 -0.02898663
v 1.39499522 2.01289221 -0.02898663
v 1.43765155 1.98868034 -0.02898663
v 1.44282092 1.99778792 -0.02898663
v 1.42857603 2.0720544 -0.02898663
v 1.47123196 2.04784213 -0.02898663
v 1.47640173 2.05694971 -0.02898663
v 1.46215694 2.13121558 -0.02898663
v 1.50481277 2.10700331 -0.02898663
v 1.50998255 2.11611089 -0.02898663
v 1.49573775 2.19037717 -0.02898663
v 1.53839358 2.16616489 -0.02898663
v 1.22530087 1.72172964 0.02286103
v 1.22530087 1.72172964 -0.0264491
v 1.2252679 1.72384389 -0.02752163
v 1.22092071 1.72212087 -0.03045163
v 1.26818428 1.6973889 -0.0264491
v 1.49755929 2.20138544 -0.02898663
v 1.52597033 2.25143904 -0.02898663
v 1.56862656 2.22722676 -0.02898663
v 1.52752829 2.2541839 -0.02286061
v 1.52752829 2.2541839 0.02644952
v 1.57041169 2.22984256 0.02644952
v 1.29997996 1.75393429 0.02898705
v 1.25732413 1.77814657 0.02898705
v 1.22891269 1.72809256 0.02898705
v 1.57418121 2.22407394 -0.02259924
v 1.57418121 2.22407394 0.02644952
v 1.54577018 2.17402034 0.02644952
v 1.25306315 1.77578124 -0.0264491
v 1.22465212 1.72572724 -0.0264491
v 1.22465212 1.72572724 0.02259966
v 1.49329872 2.19901971 -0.02259924
v 1.49329872 2.19901971 0.02644952
v 1.52170976 2.24907371 0.02644952
v 1.48812894 2.18991193 -0.0264491
v 1.45971791 2.13985793 -0.0264491
v 1.45971791 2.13985793 0.02259966
v 1.45454813 2.13075034 -0.0264491
v 1.42613709 2.08069634 -0.0264491
v 1.42613709 2.08069674 0.02259966
v 1.42096732 2.07158876 -0.0264491
v 1.39255628 2.02153516 -0.0264491
v 1.39255628 2.02153516 0.02259966
v 1.3873865 2.01242697 -0.0264491
v 1.35897547 1.96237337 -0.0264491
v 1.35897547 1.96237337 0.02259966
v 1.35380559 1.95326579 -0.0264491
v 1.32539456 1.90321219 -0.0264491
v 1.32539456 1.90321219 0.02259966
v 1.32022478 1.89410421 -0.0264491
v 1.29181374 1.84405041 -0.0264491
v 1.29181374 1.84405041 0.02259966
v 1.28664397 1.83494242 -0.0264491
v 1.25823293 1.78488882 -0.0264491
v 1.25823293 1.78488882 0.02259966
v 1.27712398 1.70072787 -0.0264491
v 1.30553501 1.75078146 -0.0264491
v 1.30553501 1.75078146 0.02259966
v 1.31070489 1.75988905 -0.0264491
v 1.33911583 1.80994305 -0.0264491
v 1.33911583 1.80994305 0.02259966
v 1.3442857 1.81905083 -0.0264491
v 1.37269674 1.86910483 -0.0264491
v 1.37269674 1.86910483 0.02259966
v 1.37786611 1.87821242 -0.0264491
v 1.40627755 1.92826602 -0.0264491
v 1.40627755 1.92826602 0.02259966
v 1.41144693 1.9373736 -0.0264491
v 1.43985836 1.9874278 -0.0264491
v 1.43985836 1.9874278 0.02259966
v 1.44502774 1.99653579 -0.0264491
v 1.47343918 2.04658939 -0.0264491
v 1.47343918 2.04658939 0.02259966
v 1.47860855 2.05569697 -0.0264491
v 1.50701959 2.10575057 -0.0264491
v 1.50701959 2.10575057 0.02259966
v 1.51218936 2.11485876 -0.0264491
v 1.5406004 2.16491235 -0.0264491
v 1.5406004 2.16491235 0.02259966
v 1.52391657 2.24782057 0.02898705
v 1.49550554 2.19776737 0.02898705
v 1.53816187 2.1735551 0.02898705
v 1.53504575 2.16806558 0.02898705
v 1.49238941 2.19227786 0.02898705
v 1.46397838 2.14222386 0.02898705
v 1.50146493 2.108904 0.02898705
v 1.4588086 2.13311627 0.02898705
v 1.43039756 2.08306207 0.02898705
v 1.46788412 2.04974221 0.02898705
v 1.42522779 2.07395449 0.02898705
v 1.39681675 2.02390089 0.02898705
v 1.43430331 1.99058063 0.02898705
v 1.39164698 2.0147929 0.02898705
v 1.36323594 1.96473931 0.02898705
v 1.40072249 1.93141945 0.02898705
v 1.35806616 1.95563152 0.02898705
v 1.32965513 1.90557752 0.02898705
v 1.36714158 1.87225766 0.02898705
v 1.32448575 1.89646994 0.02898705
v 1.29607431 1.84641594 0.02898705
v 1.33356077 1.81309608 0.02898705
v 1.29090494 1.83730835 0.02898705
v 1.2624935 1.78725415 0.02898705
v 1.26951527 1.70026222 -0.02898663
v 1.22685893 1.7244745 -0.02898663
v 1.25526997 1.7745285 -0.02898663
v 1.30309608 1.75942381 -0.02898663
v 1.26043975 1.78363608 -0.02898663
v 1.28885078 1.83369028 -0.02898663
v 1.33667689 1.81858559 -0.02898663
v 1.29402056 1.84279787 -0.02898663
v 1.3224316 1.89285187 -0.02898663
v 1.3702577 1.87774677 -0.02898663
v 1.32760137 1.90195905 -0.02898663
v 1.35601241 1.95201305 -0.02898663
v 1.40383852 1.93690836 -0.02898663
v 1.36118229 1.96112063 -0.02898663
v 1.38959322 2.01117484 -0.02898663
v 1.43741933 1.99607014 -0.02898663
v 1.3947631 2.02028242 -0.02898663
v 1.42317413 2.07033642 -0.02898663
v 1.47100014 2.05523173 -0.02898663
v 1.42834391 2.079444 -0.02898663
v 1.45675495 2.1294976 -0.02898663
v 1.50458106 2.11439351 -0.02898663
v 1.46192472 2.13860539 -0.02898663
v 1.49033576 2.18865939 -0.02898663
v 1.37589776 2.10652456 0.03423678
v 1.38628178 2.1006307 0.03423678
v 1.38628178 2.1006307 0.03501368
v 1.37589776 2.10652456 0.03501368
v 1.38576875 2.09972745 0.03501368
v 1.37538523 2.1056217 0.03501368
v 1.38576875 2.09972745 0.03423678
v 1.37538523 2.1056217 0.03423678
v 1.37431943 2.1062265 0.03501368
v 1.37483247 2.10712935 0.03501368
v 1.37431943 2.1062265 0.03423678
v 1.37483247 2.10712935 0.03423678
v 1.37483247 2.10712975 4.2E-07
v 1.37589776 2.10652456 4.2E-07
v 1.37538483 2.1056217 4.2E-07
v 1.37431943 2.1062265 4.2E-07
v 1.37589776 2.10652456 -0.03423636
v 1.37589776 2.10652456 -0.03501326
v 1.38628178 2.1006307 -0.03501326
v 1.38628178 2.1006307 -0.03423636
v 1.37538523 2.1056217 -0.03501326
v 1.38576875 2.09972745 -0.03501326
v 1.37538523 2.1056217 -0.03423636
v 1.38576875 2.09972745 -0.03423636
v 1.37483247 2.10712935 -0.03501326
v 1.37431943 2.1062265 -0.03501326
v 1.37483247 2.10712935 -0.03423636
v 1.37431943 2.1062265 -0.03423636
v 1.42068095 1.42857351 -0.26622327
v 1.43526626 1.42029487 -0.2550759
v 1.43718207 1.42019252 -0.25777244
v 1.42264245 1.42844495 -0.26888512
v 1.41839932 1.42717789 -0.26427444
v 1.4330184 1.41888019 -0.25310211
v 1.41640899 1.42463237 -0.26356097
v 1.43104047 1.41632741 -0.25237934
v 1.41524347 1.42161859 -0.26427444
v 1.42986265 1.41332039 -0.25310211
v 1.41521473 1.41894401 -0.26622327
v 1.42980044 1.41066487 -0.2550759
v 1.41633084 1.41732555 -0.26888512
v 1.43087047 1.40907263 -0.25777244
v 1.41829274 1.41719689 -0.27154742
v 1.43278588 1.40897028 -0.260469
v 1.42057397 1.41859261 -0.27349624
v 1.43503404 1.41038496 -0.26244319
v 1.4225642 1.42113813 -0.2742093
v 1.43701166 1.41293773 -0.26316553
v 1.42372982 1.42415231 -0.27349624
v 1.43818949 1.41594465 -0.26244319
v 1.42375856 1.42682689 -0.27154742
v 1.4382521 1.41860018 -0.260469
v 1.45953691 1.40651864 -0.23807528
v 1.46138799 1.4064526 -0.24081752
v 1.45733604 1.40507684 -0.23606811
v 1.45537536 1.40251439 -0.23533307
v 1.45418019 1.39951714 -0.23606811
v 1.45407109 1.39688865 -0.23807528
v 1.45507679 1.39533321 -0.24081752
v 1.45692787 1.39526716 -0.24355973
v 1.45912874 1.39670846 -0.24556736
v 1.46108943 1.39927101 -0.24630197
v 1.4622846 1.40226825 -0.24556736
v 1.4623937 1.40489665 -0.24355973
v 1.491503 1.38837396 -0.21642846
v 1.49332796 1.38832324 -0.21918887
v 1.48932159 1.38692167 -0.21440776
v 1.48736806 1.38435498 -0.21366848
v 1.48616574 1.38136197 -0.21440776
v 1.48603717 1.37874406 -0.21642846
v 1.48701626 1.37720374 -0.21918887
v 1.48884112 1.37715262 -0.22194886
v 1.49102253 1.37860531 -0.22396959
v 1.49297606 1.3811716 -0.22470927
v 1.49417838 1.38416511 -0.22396959
v 1.49430694 1.38678252 -0.22194886
v 1.52925595 1.36694496 -0.19128577
v 1.53106771 1.3669018 -0.19405464
v 1.52708422 1.36548712 -0.18925871
v 1.52513412 1.36291832 -0.18851648
v 1.52392837 1.35992743 -0.18925871
v 1.52379013 1.35731547 -0.19128577
v 1.5247561 1.35578191 -0.19405464
v 1.52656746 1.35573885 -0.19682351
v 1.52873959 1.35719658 -0.19885058
v 1.53068928 1.35976549 -0.19959281
v 1.53189504 1.36275638 -0.19885058
v 1.53203368 1.36536834 -0.19682351
v 1.57086887 1.34332517 -0.16381024
v 1.57267437 1.34328545 -0.16658376
v 1.56870188 1.34186442 -0.16178022
v 1.5667539 1.3392948 -0.16103715
v 1.56554643 1.33630472 -0.16178022
v 1.56540305 1.33369528 -0.16381024
v 1.56636267 1.33216555 -0.16658376
v 1.56816767 1.33212582 -0.16935687
v 1.57033476 1.33358658 -0.17138731
v 1.57228274 1.33615629 -0.17213038
v 1.57349061 1.33914628 -0.17138731
v 1.57363359 1.34175572 -0.16935687
v 1.61441081 1.31861005 -0.13516956
v 1.6162141 1.31857163 -0.13794436
v 1.61224503 1.31714889 -0.13313828
v 1.61029746 1.31457877 -0.1323952
v 1.60908958 1.31158919 -0.13313828
v 1.60894499 1.30898015 -0.13516956
v 1.60990249 1.30745174 -0.13794436
v 1.61170538 1.30741322 -0.14071872
v 1.61387116 1.30887488 -0.14275001
v 1.61581914 1.311445 -0.14349351
v 1.61702701 1.31443458 -0.14275001
v 1.6171716 1.31704321 -0.14071872
v 1.65794892 1.29389754 -0.10653143
v 1.65975392 1.29385772 -0.10930495
v 1.65578183 1.29243719 -0.10450141
v 1.65383345 1.28986707 -0.10375833
v 1.65262598 1.28687699 -0.10450141
v 1.6524826 1.28426755 -0.10653143
v 1.65344222 1.28273832 -0.10930495
v 1.65524732 1.2826986 -0.11207804
v 1.65741431 1.28415935 -0.11410807
v 1.65936269 1.28672897 -0.11485156
v 1.66057016 1.28971905 -0.11410807
v 1.66071354 1.29232849 -0.11207804
v 1.69954873 1.27028492 -0.07906478
v 1.70136049 1.27024136 -0.08183365
v 1.697377 1.26882719 -0.07703772
v 1.69542691 1.26625828 -0.07629591
v 1.69422115 1.26326699 -0.07703772
v 1.69408281 1.26065502 -0.07906478
v 1.69504879 1.25912197 -0.08183365
v 1.69686014 1.25907841 -0.08460294
v 1.69903187 1.26053665 -0.08663
v 1.70098196 1.26310505 -0.08737181
v 1.70218772 1.26609634 -0.08663
v 1.70232646 1.2687083 -0.08460294
v 1.73727537 1.24887074 -0.05393943
v 1.73910044 1.24882003 -0.05669984
v 1.73509396 1.24741846 -0.05191871
v 1.73314064 1.24485167 -0.05117944
v 1.73193811 1.24185866 -0.05191871
v 1.73180965 1.23924125 -0.05393943
v 1.73278873 1.23770053 -0.05669984
v 1.7346136 1.23764931 -0.05945983
v 1.7367946 1.2391021 -0.06148055
v 1.73874853 1.24166839 -0.06222023
v 1.73995045 1.2446618 -0.06148055
v 1.74007952 1.24727931 -0.05945983
v 1.76918862 1.23075661 -0.03232898
v 1.7710403 1.23069056 -0.0350712
v 1.76698785 1.22931481 -0.03032137
v 1.76502726 1.22675235 -0.02958675
v 1.763832 1.22375511 -0.03032137
v 1.7637229 1.22112661 -0.03232898
v 1.7647286 1.21957117 -0.0350712
v 1.76657968 1.21950513 -0.03781343
v 1.76878065 1.22094653 -0.03982061
v 1.77074123 1.22350898 -0.04055523
v 1.7719365 1.22650622 -0.03982061
v 1.7720456 1.22913472 -0.03781343
v 1.76918862 1.23075661 0.01797206
v 1.73727537 1.24887074 0.03958251
v 1.73910044 1.24882003 0.04234292
v 1.7710403 1.23069056 0.02071428
v 1.76698825 1.22931481 0.01596445
v 1.73509396 1.24741846 0.03756221
v 1.76502726 1.22675235 0.01522983
v 1.73314064 1.24485167 0.03682252
v 1.763832 1.22375511 0.01596445
v 1.73193811 1.24185866 0.03756221
v 1.7637229 1.22112661 0.01797206
v 1.73180965 1.23924125 0.03958251
v 1.7647286 1.21957117 0.02071428
v 1.73278873 1.23770053 0.04234292
v 1.76657968 1.21950513 0.0234565
v 1.7346136 1.23764931 0.04510333
v 1.76878065 1.22094653 0.02546369
v 1.7367946 1.2391021 0.04712362
v 1.77074123 1.22350898 0.02619873
v 1.73874853 1.24166879 0.04786331
v 1.7719365 1.22650622 0.02546369
v 1.73995045 1.2446618 0.04712362
v 1.7720456 1.22913512 0.0234565
v 1.74007952 1.24727931 0.04510333
v 1.69954873 1.27028492 0.06470786
v 1.70136049 1.27024136 0.06747715
v 1.697377 1.26882719 0.0626808
v 1.69542691 1.26625828 0.06193899
v 1.69422115 1.26326699 0.0626808
v 1.69408281 1.26065502 0.06470786
v 1.69504879 1.25912197 0.06747715
v 1.69686014 1.25907881 0.07024602
v 1.69903187 1.26053665 0.07227308
v 1.70098196 1.26310545 0.07301489
v 1.70218772 1.26609634 0.07227308
v 1.70232646 1.2687083 0.07024602
v 1.65794892 1.29389754 0.09217451
v 1.65975392 1.29385772 0.09494803
v 1.65578183 1.29243719 0.09014448
v 1.65383345 1.28986748 0.08940141
v 1.65262598 1.28687699 0.09014448
v 1.6524826 1.28426805 0.09217451
v 1.65344222 1.28273832 0.09494803
v 1.65524732 1.2826986 0.09772112
v 1.65741431 1.28415935 0.09975157
v 1.65936269 1.28672897 0.10049464
v 1.66057016 1.28971905 0.09975157
v 1.66071354 1.29232849 0.09772112
v 1.61441081 1.31861005 0.12081264
v 1.6162141 1.31857163 0.12358744
v 1.61224503 1.31714889 0.11878178
v 1.61029746 1.31457877 0.11803828
v 1.60908958 1.31158919 0.11878178
v 1.60894499 1.30898056 0.12081264
v 1.60990249 1.30745214 0.12358744
v 1.61170538 1.30741322 0.1263618
v 1.61387116 1.30887488 0.1283931
v 1.61581914 1.311445 0.12913658
v 1.61702701 1.31443458 0.1283931
v 1.6171716 1.31704321 0.1263618
v 1.57086887 1.34332517 0.14945333
v 1.57267437 1.34328545 0.15222685
v 1.56870188 1.34186442 0.14742331
v 1.5667539 1.3392948 0.14668022
v 1.56554643 1.33630472 0.14742331
v 1.56540305 1.33369528 0.14945333
v 1.56636267 1.33216605 0.15222685
v 1.56816767 1.33212623 0.15499994
v 1.57033476 1.33358658 0.15703039
v 1.57228274 1.33615629 0.15777346
v 1.57349061 1.33914628 0.15703039
v 1.57363359 1.34175572 0.15499994
v 1.52925595 1.36694496 0.17692885
v 1.53106771 1.3669018 0.17969772
v 1.52708422 1.36548712 0.17490179
v 1.52513412 1.36291832 0.17415998
v 1.52392837 1.35992743 0.17490179
v 1.52379013 1.35731547 0.17692885
v 1.5247561 1.35578191 0.17969772
v 1.52656746 1.35573885 0.18246701
v 1.52873918 1.35719658 0.18449408
v 1.53068928 1.35976549 0.18523588
v 1.53189504 1.36275638 0.18449408
v 1.53203368 1.36536875 0.18246701
v 1.491503 1.38837396 0.20207154
v 1.49332796 1.38832324 0.20483196
v 1.48932159 1.38692167 0.20005125
v 1.48736806 1.38435498 0.19931156
v 1.48616574 1.38136197 0.20005125
v 1.48603717 1.37874406 0.20207154
v 1.48701626 1.37720374 0.20483196
v 1.48884112 1.37715262 0.20759194
v 1.49102253 1.37860531 0.20961266
v 1.49297606 1.3811716 0.21035235
v 1.49417838 1.38416511 0.20961266
v 1.49430694 1.38678252 0.20759194
v 1.45953691 1.40651864 0.22371837
v 1.46138799 1.4064526 0.2264606
v 1.45733604 1.40507684 0.22171117
v 1.45537536 1.40251439 0.22097615
v 1.45418019 1.39951755 0.22171117
v 1.45407109 1.39688865 0.22371837
v 1.45507679 1.39533321 0.2264606
v 1.45692787 1.39526716 0.22920282
v 1.45912874 1.39670846 0.23121041
v 1.46108943 1.39927142 0.23194503
v 1.4622846 1.40226825 0.23121041
v 1.4623937 1.40489665 0.22920282
v 1.43526626 1.42029487 0.24071898
v 1.43718207 1.42019252 0.24341552
v 1.4330184 1.41888019 0.23874519
v 1.43104047 1.41632741 0.23802285
v 1.42986265 1.41332039 0.23874519
v 1.42980044 1.41066487 0.24071898
v 1.43087047 1.40907263 0.24341552
v 1.43278588 1.40897028 0.24611208
v 1.43503404 1.41038496 0.24808628
v 1.43701166 1.41293814 0.24880861
v 1.43818949 1.41594465 0.24808628
v 1.4382521 1.41860018 0.24611208
v 1.42068055 1.42857351 0.25186633
v 1.42264245 1.42844495 0.2545282
v 1.41839932 1.42717789 0.24991752
v 1.41640899 1.42463237 0.24920448
v 1.41524347 1.42161859 0.24991752
v 1.41521473 1.41894401 0.25186633
v 1.41633084 1.41732555 0.2545282
v 1.41829274 1.41719689 0.25719051
v 1.42057397 1.41859261 0.25913932
v 1.4225642 1.42113853 0.25985238
v 1.42372982 1.42415231 0.25913932
v 1.42375856 1.42682689 0.25719051
v 1.16612991 0.98011464 -0.26622327
v 1.18071562 0.97183549 -0.25507633
v 1.18263103 0.97173315 -0.25777244
v 1.16809181 0.97998608 -0.26888512
v 1.16384868 0.97871892 -0.26427444
v 1.17846786 0.97042081 -0.25310211
v 1.16185845 0.976173 -0.26356097
v 1.17648983 0.96786804 -0.25237977
v 1.16069242 0.97315922 -0.26427444
v 1.17531201 0.96486112 -0.25310211
v 1.16066409 0.97048464 -0.26622327
v 1.1752498 0.962206 -0.2550759
v 1.1617802 0.96886618 -0.26888512
v 1.17631983 0.96061365 -0.25777244
v 1.1637417 0.96873762 -0.27154742
v 1.17823524 0.96051091 -0.260469
v 1.16602333 0.97013324 -0.27349624
v 1.180483 0.96192559 -0.26244319
v 1.16801366 0.97267926 -0.2742093
v 1.18246103 0.96447876 -0.26316553
v 1.16917918 0.97569294 -0.27349624
v 1.18363885 0.96748568 -0.26244319
v 1.16920792 0.97836751 -0.27154742
v 1.18370147 0.9701408 -0.260469
v 1.20498627 0.95805927 -0.23807528
v 1.20683735 0.95799322 -0.24081752
v 1.20278541 0.95661787 -0.23606811
v 1.20082472 0.95405501 -0.23533307
v 1.19962955 0.95105817 -0.23606811
v 1.19952005 0.94842927 -0.23807528
v 1.20052575 0.94687383 -0.24081752
v 1.20237724 0.94680779 -0.24355973
v 1.2045781 0.94824919 -0.24556736
v 1.20653839 0.95081204 -0.24630197
v 1.20773355 0.95380928 -0.24556736
v 1.20784316 0.95643778 -0.24355973
v 1.23695236 0.93991509 -0.21642846
v 1.23877732 0.93986386 -0.21918887
v 1.23477095 0.93846229 -0.21440816
v 1.23281752 0.93589561 -0.21366848
v 1.2316151 0.9329026 -0.21440816
v 1.23148654 0.93028509 -0.21642846
v 1.23246562 0.92874437 -0.21918887
v 1.23429048 0.92869365 -0.22194929
v 1.23647199 0.93014594 -0.22396959
v 1.23842542 0.93271273 -0.22470927
v 1.23962734 0.93570574 -0.22396959
v 1.2397563 0.93832314 -0.22194929
v 1.27470531 0.91848599 -0.19128577
v 1.27651717 0.91844243 -0.19405464
v 1.27253358 0.91702775 -0.18925871
v 1.27058359 0.91445935 -0.18851648
v 1.26937783 0.91146805 -0.18925871
v 1.26923949 0.90885609 -0.19128577
v 1.27020546 0.90732304 -0.19405464
v 1.27201682 0.90727948 -0.19682394
v 1.27418854 0.90873771 -0.198851
v 1.27613864 0.91130612 -0.19959281
v 1.2773444 0.91429741 -0.198851
v 1.27748304 0.91690937 -0.19682394
v 1.31631833 0.8948659 -0.16381024
v 1.31812333 0.89482607 -0.16658376
v 1.31415124 0.89340504 -0.16178022
v 1.31220286 0.89083543 -0.16103715
v 1.31099539 0.88784535 -0.16178022
v 1.31085241 0.8852359 -0.16381024
v 1.31181163 0.88370668 -0.16658376
v 1.31361713 0.88366685 -0.16935687
v 1.31578372 0.88512771 -0.17138731
v 1.3177321 0.88769692 -0.17213038
v 1.31893997 0.89068741 -0.17138731
v 1.31908295 0.89329685 -0.16935687
v 1.35986017 0.87015118 -0.13516956
v 1.36166305 0.87011226 -0.13794436
v 1.35769439 0.86868951 -0.1331387
v 1.35574682 0.8661195 -0.1323952
v 1.35453854 0.86312982 -0.1331387
v 1.35439435 0.86052128 -0.13516956
v 1.35535186 0.85899277 -0.13794436
v 1.35715474 0.85895435 -0.14071872
v 1.35932052 0.86041551 -0.14275001
v 1.36126809 0.86298563 -0.14349351
v 1.36247637 0.86597561 -0.14275001
v 1.36262056 0.86858424 -0.14071872
v 1.40339788 0.84543857 -0.10653143
v 1.40520288 0.84539885 -0.10930495
v 1.40123079 0.84397782 -0.10450141
v 1.39928281 0.84140815 -0.10375833
v 1.39807534 0.83841807 -0.10450141
v 1.39793206 0.83580863 -0.10653143
v 1.39889158 0.83427895 -0.10930495
v 1.40069668 0.83423917 -0.11207804
v 1.40286367 0.83569998 -0.11410849
v 1.40481165 0.83826964 -0.11485156
v 1.40601952 0.84125968 -0.11410849
v 1.4061625 0.84386912 -0.11207804
v 1.44499809 0.8218256 -0.07906478
v 1.44680945 0.82178244 -0.08183365
v 1.44282647 0.82036776 -0.07703772
v 1.44087637 0.81779896 -0.07629591
v 1.43967061 0.81480807 -0.07703772
v 1.43953227 0.8121961 -0.07906478
v 1.44049825 0.8106626 -0.08183365
v 1.4423096 0.81061944 -0.08460294
v 1.44448133 0.81207727 -0.08663
v 1.44643143 0.81464608 -0.08737181
v 1.44763718 0.81763697 -0.08663
v 1.44777542 0.82024893 -0.08460294
v 1.48272483 0.80041137 -0.05393943
v 1.48454929 0.80036065 -0.05669984
v 1.48054342 0.79895908 -0.05191913
v 1.47858949 0.79639234 -0.05117944
v 1.47738757 0.79339934 -0.05191913
v 1.47725861 0.79078188 -0.05393943
v 1.47823809 0.78924116 -0.05669984
v 1.48006255 0.78918999 -0.05945983
v 1.48224396 0.79064273 -0.06148055
v 1.48419749 0.79320947 -0.06222023
v 1.48539981 0.79620248 -0.06148055
v 1.48552837 0.79881993 -0.05945983
v 1.51463808 0.78229724 -0.03232898
v 1.51648926 0.78223124 -0.0350712
v 1.51243721 0.78085589 -0.03032137
v 1.51047652 0.77829298 -0.02958675
v 1.50928136 0.77529574 -0.03032137
v 1.50917185 0.77266729 -0.03232898
v 1.51017756 0.7711118 -0.0350712
v 1.51202904 0.7710458 -0.03781343
v 1.51422951 0.77248715 -0.03982061
v 1.51619019 0.77505006 -0.04055565
v 1.51738536 0.77804685 -0.03982061
v 1.51749496 0.78067575 -0.03781343
v 1.51463808 0.78229724 0.01797206
v 1.48272483 0.80041137 0.03958251
v 1.48454929 0.80036065 0.04234292
v 1.51648926 0.78223124 0.02071428
v 1.51243721 0.78085589 0.01596445
v 1.48054342 0.79895908 0.03756221
v 1.51047652 0.77829298 0.01522983
v 1.47858949 0.79639234 0.03682252
v 1.50928136 0.77529574 0.01596445
v 1.47738757 0.79339934 0.03756221
v 1.50917185 0.77266729 0.01797206
v 1.47725861 0.79078188 0.03958251
v 1.51017756 0.7711118 0.02071428
v 1.47823809 0.78924116 0.04234292
v 1.51202904 0.7710458 0.0234565
v 1.48006255 0.78918999 0.0451029
v 1.51422951 0.77248715 0.02546369
v 1.48224396 0.79064273 0.04712362
v 1.51619019 0.77505006 0.02619873
v 1.48419749 0.79320947 0.04786331
v 1.51738536 0.77804685 0.02546369
v 1.48539981 0.79620248 0.04712362
v 1.51749496 0.78067575 0.0234565
v 1.48552837 0.79881993 0.0451029
v 1.44499809 0.8218256 0.06470786
v 1.44680945 0.82178204 0.06747673
v 1.44282647 0.82036776 0.0626808
v 1.44087637 0.81779896 0.06193899
v 1.43967061 0.81480807 0.0626808
v 1.43953227 0.81219565 0.06470786
v 1.44049825 0.8106626 0.06747673
v 1.4423096 0.81061944 0.07024602
v 1.44448133 0.81207727 0.07227308
v 1.44643143 0.81464608 0.07301489
v 1.44763718 0.81763697 0.07227308
v 1.44777542 0.82024893 0.07024602
v 1.40339788 0.84543857 0.09217451
v 1.40520288 0.84539885 0.09494803
v 1.40123079 0.84397782 0.09014448
v 1.39928281 0.84140815 0.08940141
v 1.39807494 0.83841807 0.09014448
v 1.39793206 0.83580863 0.09217451
v 1.39889158 0.83427895 0.09494803
v 1.40069668 0.83423917 0.09772112
v 1.40286367 0.83569998 0.09975157
v 1.40481165 0.83826964 0.10049464
v 1.40601952 0.84125968 0.09975157
v 1.4061625 0.84386912 0.09772112
v 1.35986017 0.87015118 0.12081264
v 1.36166305 0.87011226 0.12358744
v 1.35769439 0.86868951 0.11878178
v 1.35574682 0.8661195 0.11803828
v 1.35453854 0.86312982 0.11878178
v 1.35439395 0.86052128 0.12081264
v 1.35535145 0.85899277 0.12358744
v 1.35715474 0.85895435 0.1263618
v 1.35932011 0.86041551 0.1283931
v 1.36126809 0.86298563 0.12913658
v 1.36247637 0.86597521 0.1283931
v 1.36262056 0.86858424 0.1263618
v 1.31631833 0.8948659 0.14945333
v 1.31812333 0.89482607 0.15222685
v 1.31415124 0.89340504 0.14742331
v 1.31220286 0.89083543 0.14668022
v 1.31099539 0.88784535 0.14742331
v 1.31085201 0.8852359 0.14945333
v 1.31181163 0.88370668 0.15222685
v 1.31361663 0.88366685 0.15499994
v 1.31578372 0.88512721 0.15703039
v 1.3177321 0.88769692 0.15777346
v 1.31893957 0.89068741 0.15703039
v 1.31908295 0.89329685 0.15499994
v 1.27470531 0.91848558 0.17692885
v 1.27651666 0.91844243 0.17969772
v 1.27253358 0.91702775 0.17490179
v 1.27058359 0.91445894 0.17415957
v 1.26937783 0.91146805 0.17490179
v 1.26923949 0.90885609 0.17692885
v 1.27020546 0.90732304 0.17969772
v 1.27201682 0.90727948 0.18246701
v 1.27418854 0.90873731 0.18449408
v 1.27613864 0.91130612 0.18523588
v 1.2773444 0.91429741 0.18449408
v 1.27748264 0.91690937 0.18246701
v 1.23695236 0.93991509 0.20207154
v 1.23877732 0.93986386 0.20483196
v 1.23477095 0.93846229 0.20005125
v 1.23281752 0.93589561 0.19931156
v 1.2316151 0.9329026 0.20005125
v 1.23148654 0.93028509 0.20207154
v 1.23246562 0.92874437 0.20483196
v 1.23429008 0.92869365 0.20759194
v 1.23647149 0.93014594 0.20961266
v 1.23842542 0.93271273 0.21035235
v 1.23962734 0.93570574 0.20961266
v 1.2397563 0.93832314 0.20759194
v 1.20498627 0.95805927 0.22371837
v 1.20683735 0.95799322 0.2264606
v 1.20278541 0.95661787 0.22171117
v 1.20082472 0.95405501 0.22097615
v 1.19962955 0.95105817 0.22171117
v 1.19952005 0.94842927 0.22371837
v 1.20052575 0.94687383 0.2264606
v 1.20237724 0.94680779 0.22920282
v 1.2045777 0.94824919 0.23121041
v 1.20653839 0.95081204 0.23194503
v 1.20773355 0.95380928 0.23121041
v 1.20784316 0.95643778 0.22920282
v 1.18071562 0.97183549 0.24071898
v 1.18263103 0.97173315 0.24341552
v 1.17846786 0.97042081 0.23874519
v 1.17648983 0.96786804 0.23802242
v 1.17531201 0.96486112 0.23874519
v 1.1752498 0.9622056 0.24071898
v 1.17631933 0.96061325 0.24341552
v 1.17823524 0.96051091 0.24611208
v 1.180483 0.96192559 0.24808628
v 1.18246103 0.96447876 0.24880861
v 1.18363885 0.96748528 0.24808628
v 1.18370106 0.9701408 0.24611208
v 1.16612991 0.98011464 0.25186633
v 1.16809181 0.97998608 0.2545282
v 1.16384828 0.97871892 0.24991752
v 1.16185795 0.976173 0.24920405
v 1.16069242 0.97315922 0.24991752
v 1.16066409 0.97048464 0.25186633
v 1.1617802 0.96886618 0.2545282
v 1.1637417 0.96873762 0.25719051
v 1.16602333 0.97013324 0.25913932
v 1.16801366 0.97267926 0.25985238
v 1.16917918 0.97569294 0.25913932
v 1.16920752 0.97836751 0.25719051
v 1.16279901 0.97424569 -0.27054467
v 1.18288734 0.97566127 -0.27054467
v 1.18304888 0.97246902 -0.27140109
v 1.16302357 0.97105727 -0.27140109
v 1.16263446 0.97658026 -0.26820465
v 1.18276897 0.97799827 -0.26820465
v 1.16257446 0.97743451 -0.26500779
v 1.18272541 0.97885383 -0.26500779
v 1.16263446 0.97658026 -0.26181135
v 1.18276897 0.97799827 -0.26181135
v 1.16279901 0.97424569 -0.25947131
v 1.18288734 0.97566127 -0.25947131
v 1.16302357 0.97105727 -0.25861489
v 1.18304888 0.97246902 -0.25861489
v 1.16324852 0.96786895 -0.25947131
v 1.18321041 0.96927637 -0.25947131
v 1.16341308 0.96553438 -0.26181135
v 1.18332889 0.96693978 -0.26181135
v 1.16347308 0.96468002 -0.26500779
v 1.18337245 0.96608421 -0.26500779
v 1.16341308 0.96553438 -0.26820465
v 1.18332889 0.96693978 -0.26820465
v 1.16324852 0.96786895 -0.27054467
v 1.18321041 0.96927637 -0.27054467
v 1.21554998 0.9766699 -0.27054467
v 1.2156249 0.97347432 -0.27140109
v 1.21549502 0.97900951 -0.26820465
v 1.21547516 0.97986548 -0.26500779
v 1.21549502 0.97900951 -0.26181135
v 1.21554998 0.9766699 -0.25947131
v 1.2156249 0.97347432 -0.25861489
v 1.21569971 0.97027874 -0.25947131
v 1.21575426 0.96793953 -0.26181135
v 1.21577413 0.96708316 -0.26500779
v 1.21575426 0.96793953 -0.26820465
v 1.21569971 0.97027874 -0.27054467
v 1.25820167 0.97735123 -0.27054467
v 1.258241 0.97415474 -0.27140109
v 1.25817293 0.97969084 -0.26820465
v 1.25816235 0.98054721 -0.26500779
v 1.25817293 0.97969084 -0.26181135
v 1.25820167 0.97735123 -0.25947131
v 1.258241 0.97415474 -0.25861489
v 1.25828032 0.97095875 -0.25947131
v 1.25830946 0.96861874 -0.26181135
v 1.25832005 0.96776237 -0.26500779
v 1.25830946 0.96861874 -0.26820465
v 1.25828032 0.97095875 -0.27054467
v 1.30836608 0.97778813 -0.27054467
v 1.30838766 0.97459164 -0.27140109
v 1.30835005 0.98012815 -0.26820465
v 1.3083441 0.98098452 -0.26500779
v 1.30835005 0.98012815 -0.26181135
v 1.30836608 0.97778813 -0.25947131
v 1.30838766 0.97459164 -0.25861489
v 1.30840964 0.97139526 -0.25947131
v 1.30842568 0.96905524 -0.26181135
v 1.30843162 0.96819877 -0.26500779
v 1.30842568 0.96905524 -0.26820465
v 1.30840964 0.97139526 -0.27054467
v 1.36354176 0.9780626 -0.27054467
v 1.36355528 0.97486611 -0.27140109
v 1.36353198 0.98040261 -0.26820465
v 1.36352866 0.98125898 -0.26500779
v 1.36353198 0.98040261 -0.26181135
v 1.36354176 0.9780626 -0.25947131
v 1.36355528 0.97486611 -0.25861489
v 1.36356838 0.97166972 -0.25947131
v 1.36357806 0.96932971 -0.26181135
v 1.36358149 0.96847324 -0.26500779
v 1.36357806 0.96932971 -0.26820465
v 1.36356838 0.97166972 -0.27054467
v 1.42122141 0.97825589 -0.27054424
v 1.42123251 0.97505941 -0.27140109
v 1.42121385 0.98059591 -0.26820465
v 1.42121093 0.98145228 -0.26500779
v 1.42121385 0.98059591 -0.26181135
v 1.42122141 0.97825589 -0.25947131
v 1.42123251 0.97505941 -0.25861489
v 1.42124299 0.97186252 -0.25947131
v 1.42125106 0.9695225 -0.26181135
v 1.42125358 0.96866613 -0.26500779
v 1.42125106 0.9695225 -0.26820423
v 1.42124299 0.97186252 -0.27054424
v 1.47889612 0.97844868 -0.27054424
v 1.47890964 0.9752523 -0.27140109
v 1.47888644 0.9807887 -0.26820423
v 1.47888302 0.98164517 -0.26500779
v 1.47888644 0.9807887 -0.26181135
v 1.47889612 0.97844868 -0.25947131
v 1.47890964 0.9752523 -0.25861489
v 1.47892274 0.97205581 -0.25947131
v 1.47893253 0.96971579 -0.26181135
v 1.47893636 0.96885942 -0.26500779
v 1.47893253 0.96971579 -0.26820423
v 1.47892274 0.97205581 -0.27054424
v 1.53405487 0.97872315 -0.27054424
v 1.53407685 0.97552676 -0.27140109
v 1.53403873 0.98106276 -0.26820423
v 1.53403288 0.98191964 -0.26500779
v 1.53403873 0.98106276 -0.26181135
v 1.53405487 0.97872315 -0.25947131
v 1.53407685 0.97552676 -0.25861489
v 1.53409883 0.97233028 -0.25947131
v 1.53411446 0.96999026 -0.26181135
v 1.53412041 0.96913389 -0.26500779
v 1.53411446 0.96999026 -0.26820423
v 1.53409883 0.97233028 -0.27054424
v 1.58418419 0.97915965 -0.27054424
v 1.58422351 0.97596317 -0.27140109
v 1.58415545 0.98149967 -0.26820423
v 1.58414486 0.98235564 -0.26500779
v 1.58415545 0.98149967 -0.26181135
v 1.58418419 0.97915965 -0.25947131
v 1.58422351 0.97596317 -0.25861489
v 1.58426284 0.97276718 -0.25947131
v 1.58429198 0.97042717 -0.26181135
v 1.58430256 0.9695707 -0.26500779
v 1.58429198 0.97042717 -0.26820423
v 1.58426284 0.97276718 -0.27054424
v 1.6267652 0.97983926 -0.27054424
v 1.62684002 0.97664368 -0.27140109
v 1.62671065 0.98217888 -0.26820423
v 1.62669038 0.98303484 -0.26500779
v 1.62671065 0.98217888 -0.26181135
v 1.6267652 0.97983926 -0.25947131
v 1.62684002 0.97664368 -0.25861489
v 1.62691493 0.9734481 -0.25947131
v 1.62696989 0.97110889 -0.26181135
v 1.62698975 0.97025252 -0.26500779
v 1.62696989 0.97110889 -0.26820423
v 1.62691493 0.9734481 -0.27054424
v 1.62684002 0.97663905 -0.25464197
v 1.6267043 0.98182153 -0.25602874
v 1.65159537 1.02358459 -0.25947131
v 1.64955896 1.02243217 -0.26181135
v 1.64655285 1.02076078 -0.25982319
v 1.64986267 1.02262073 -0.25602874
v 1.76112606 1.218642 0.01627868
v 1.76276963 1.21611464 0.02071851
v 1.65994167 1.02830657 -0.26500779
v 1.65919652 1.02788489 -0.26181135
v 1.66220475 1.02955709 -0.25982742
v 1.66341434 1.0302367 -0.26500779
v 1.62660447 0.98561635 -0.27019282
v 1.6267043 0.98182153 -0.27398727
v 1.76641351 1.23192768 -0.02738418
v 1.76999104 1.23425963 -0.03063518
v 1.62660447 0.98561635 -0.25982319
v 1.76129445 1.22290923 0.01302726
v 1.65715971 1.02673237 -0.25947131
v 1.65889917 1.02769966 -0.25603298
v 1.62656807 0.98700613 -0.26500779
v 1.65437774 1.02515868 -0.25861489
v 1.65438198 1.0251608 -0.25464197
v 1.76323023 1.22777248 0.01183673
v 1.77300351 1.23414417 -0.03507501
v 1.76641351 1.23192768 0.01302726
v 1.76999104 1.23425963 0.01627868
v 1.65159537 1.02358459 -0.27054424
v 1.63034989 1.06049297 -0.27054424
v 1.63311451 1.06209751 -0.27140109
v 1.65437774 1.02515828 -0.27140109
v 1.64955896 1.02243217 -0.26820423
v 1.62832618 1.05931807 -0.26820423
v 1.64881341 1.02201049 -0.26500779
v 1.62758567 1.05888842 -0.26500779
v 1.62832618 1.05931807 -0.26181135
v 1.63034989 1.06049297 -0.25947131
v 1.63311451 1.06209751 -0.25861489
v 1.63587913 1.06370256 -0.25947131
v 1.63790284 1.06487696 -0.26181135
v 1.63864335 1.06530711 -0.26500779
v 1.65919652 1.02788489 -0.26820465
v 1.63790284 1.06487696 -0.26820465
v 1.65715971 1.02673237 -0.27054467
v 1.63587913 1.06370256 -0.27054424
v 1.60502614 1.10375782 -0.27054424
v 1.60778149 1.1053777 -0.27140109
v 1.60300889 1.10257203 -0.26820423
v 1.60227039 1.10213765 -0.26500779
v 1.60300889 1.10257203 -0.26181135
v 1.60502614 1.10375782 -0.25947131
v 1.60778149 1.1053777 -0.25861489
v 1.61053723 1.10699747 -0.25947131
v 1.61255459 1.10818336 -0.26181135
v 1.61329298 1.10861724 -0.26500779
v 1.61255459 1.10818336 -0.26820423
v 1.61053723 1.10699747 -0.27054424
v 1.57698435 1.15125744 -0.27054424
v 1.57973587 1.15288487 -0.27140109
v 1.57497043 1.1500661 -0.26820423
v 1.57423324 1.1496301 -0.26500779
v 1.57497043 1.1500661 -0.26181135
v 1.57698435 1.15125744 -0.25947131
v 1.57973587 1.15288487 -0.25861489
v 1.58248698 1.1545118 -0.25947131
v 1.58450141 1.15570324 -0.26181135
v 1.58523849 1.15613924 -0.26500779
v 1.58450141 1.15570324 -0.26820423
v 1.58248698 1.1545118 -0.27054424
v 1.54758324 1.20087594 -0.27054424
v 1.55033355 1.20250499 -0.27140109
v 1.54557012 1.19968279 -0.26820423
v 1.54483344 1.19924639 -0.26500779
v 1.54557012 1.19968279 -0.26181135
v 1.54758324 1.20087594 -0.25947131
v 1.55033355 1.20250499 -0.25861489
v 1.55308335 1.20413495 -0.25947131
v 1.55509647 1.20532759 -0.26181135
v 1.55583325 1.20576399 -0.26500779
v 1.55509647 1.20532759 -0.26820423
v 1.55308335 1.20413495 -0.27054424
v 1.51817961 1.25049858 -0.27054424
v 1.52093113 1.25212592 -0.27140109
v 1.51616569 1.24930715 -0.26820423
v 1.5154285 1.24887115 -0.26500779
v 1.51616569 1.24930715 -0.26181135
v 1.51817961 1.25049858 -0.25947131
v 1.52093113 1.25212592 -0.25861489
v 1.52368224 1.25375295 -0.25947131
v 1.52569626 1.25494428 -0.26181135
v 1.52643335 1.25538038 -0.26500779
v 1.52569626 1.25494428 -0.26820423
v 1.52368224 1.25375295 -0.27054424
v 1.49012936 1.29801292 -0.27054424
v 1.49288511 1.29963279 -0.27140109
v 1.488112 1.29682713 -0.26820423
v 1.48737361 1.29639315 -0.26500779
v 1.488112 1.29682713 -0.26181135
v 1.49012936 1.29801292 -0.25947131
v 1.49288511 1.29963279 -0.25861489
v 1.49564085 1.30125296 -0.25947131
v 1.49765821 1.30243845 -0.26181135
v 1.4983962 1.30287274 -0.26500779
v 1.49765821 1.30243845 -0.26820423
v 1.49564085 1.30125296 -0.27054424
v 1.46478786 1.34130792 -0.27054424
v 1.46755248 1.34291287 -0.27140109
v 1.46276425 1.34013343 -0.26820423
v 1.46202324 1.33970327 -0.26500779
v 1.46276425 1.34013343 -0.26181135
v 1.46478786 1.34130792 -0.25947131
v 1.46755248 1.34291287 -0.25861489
v 1.4703167 1.34451742 -0.25947131
v 1.47234081 1.34569232 -0.26181135
v 1.47308142 1.34612196 -0.26500779
v 1.47234081 1.34569232 -0.26820423
v 1.4703167 1.34451742 -0.27054424
v 1.44350729 1.37827801 -0.27054424
v 1.44628925 1.37985211 -0.27140109
v 1.44147057 1.377126 -0.26820423
v 1.44072532 1.37670392 -0.26500779
v 1.44147057 1.377126 -0.26181135
v 1.44350729 1.37827801 -0.25947131
v 1.44628925 1.37985211 -0.25861489
v 1.44907172 1.3814258 -0.25947131
v 1.45110803 1.38257831 -0.26181135
v 1.45185369 1.38299989 -0.26500779
v 1.45110803 1.38257831 -0.26820423
v 1.44907172 1.3814258 -0.27054424
v 1.42762871 1.40683919 -0.27054424
v 1.43045262 1.40833715 -0.27140109
v 1.42556144 1.40574294 -0.26820423
v 1.4248049 1.40534163 -0.26500779
v 1.42556144 1.40574294 -0.26181135
v 1.42762871 1.40683919 -0.25947131
v 1.43045262 1.40833715 -0.25861489
v 1.43327643 1.40983472 -0.25947131
v 1.4353441 1.41093137 -0.26181135
v 1.43610064 1.41133228 -0.26500779
v 1.4353441 1.41093137 -0.26820423
v 1.43327643 1.40983472 -0.27054424
v 1.41854603 1.42481246 -0.27054424
v 1.42139908 1.42625426 -0.27140109
v 1.41645729 1.42375735 -0.26820423
v 1.41569308 1.42337076 -0.26500779
v 1.41645769 1.42375735 -0.26181135
v 1.41854603 1.42481246 -0.25947131
v 1.42139908 1.42625426 -0.25861489
v 1.42425173 1.42769596 -0.25947131
v 1.42634047 1.42875117 -0.26181135
v 1.42710468 1.42913726 -0.26500779
v 1.42634047 1.42875117 -0.26820423
v 1.42425173 1.42769596 -0.27054424
v 1.52093072 1.25212592 -0.27140109
v 1.63587913 1.06370256 -0.27054467
v 1.65907179 1.03010098 0.26006551
v 1.65628983 1.02852729 0.26092193
v 1.65629396 1.02852941 0.26489486
v 1.66081125 1.03106816 0.26350387
v 1.64534114 1.02007985 -0.26500779
v 1.62684002 0.97663905 -0.27537401
v 1.6611085 1.03125339 0.2577255
v 1.66411684 1.0329257 0.25970943
v 1.51845247 0.78568525 -0.03507543
v 1.5200925 0.78315492 -0.03951315
v 1.77300351 1.23414417 0.02071851
v 1.5199221 0.7788889 -0.04276034
v 1.64655285 1.02076078 -0.27019282
v 1.66185376 1.03167507 0.25452906
v 1.66532632 1.03360571 0.25452906
v 1.51798763 0.77402954 -0.04394833
v 1.64986267 1.02262073 -0.27398727
v 1.6611085 1.03125339 0.25133262
v 1.66411684 1.0329257 0.24934827
v 1.51480768 0.76987771 -0.04276034
v 1.6287521 0.98001229 0.26092193
v 1.62882692 0.97681661 0.26006551
v 1.62888822 0.97482769 0.26350387
v 1.6287525 0.98000755 0.26489486
v 1.65907179 1.03010098 0.24899258
v 1.66081125 1.03106816 0.24555382
v 1.65438198 1.0251608 -0.27537401
v 1.62888147 0.9744775 0.2577255
v 1.62898805 0.971037 0.25970985
v 1.5200925 0.78315492 0.02515623
v 1.51845247 0.78568525 0.02071851
v 1.51123186 0.76754445 -0.03951315
v 1.65628983 1.02852729 0.24813576
v 1.65629396 1.02852941 0.24416324
v 1.5199221 0.7788889 0.02840342
v 1.62890184 0.97362103 0.25452906
v 1.62902445 0.96965025 0.25452906
v 1.50821858 0.76765527 -0.03507543
v 1.65350736 1.02695319 0.24899258
v 1.65177425 1.02598974 0.24554958
v 1.51798763 0.77402954 0.0295914
v 1.62888147 0.9744775 0.25133262
v 1.62898805 0.971037 0.24934827
v 1.50657552 0.77018263 -0.0306356
v 1.65147105 1.02580068 0.25133262
v 1.64846493 1.02412928 0.24934403
v 1.51480768 0.76987771 0.02840342
v 1.62882692 0.97681661 0.24899258
v 1.62888822 0.97482769 0.24555382
v 1.50674381 0.77444991 -0.02738418
v 1.65072539 1.0253791 0.25452906
v 1.64725323 1.02344846 0.25452906
v 1.51123186 0.76754445 0.02515623
v 1.6287521 0.98001229 0.24813576
v 1.6287525 0.98000755 0.24416324
v 1.50867909 0.77931351 -0.02619365
v 1.65147105 1.02580068 0.2577255
v 1.64846493 1.02412928 0.25971366
v 1.50821858 0.76765527 0.02071851
v 1.62867718 0.98320787 0.24899258
v 1.62861628 0.98519004 0.24554958
v 1.51186247 0.7834683 -0.02738418
v 1.65350736 1.02695319 0.26006551
v 1.65177425 1.02598974 0.26350811
v 1.50657552 0.77018263 0.01627868
v 1.62862263 0.98554749 0.25133262
v 1.62851656 0.98898496 0.24934403
v 1.5154404 0.7858003 -0.0306356
v 1.50674381 0.77444991 0.01302726
v 1.62860236 0.98640345 0.25452906
v 1.62848015 0.99037463 0.25452906
v 1.50867909 0.77931351 0.01183673
v 1.58415545 0.98149927 -0.26181135
v 1.58415545 0.98149927 -0.26820423
v 1.62691493 0.9734481 -0.27054467
v 1.58426284 0.97276718 -0.27054467
v 1.62696989 0.97110889 -0.26820465
v 1.58429198 0.97042717 -0.26820465
v 1.53411446 0.96999026 -0.26820465
v 1.42121385 0.98059591 -0.26820423
v 1.42124299 0.97186252 -0.27054467
v 1.42125106 0.9695225 -0.26820465
v 1.3635819 0.96847324 -0.26500779
v 1.21554957 0.9766699 -0.25947131
v 1.16257396 0.97743451 -0.26500779
v 1.42045811 1.42818107 0.26006551
v 1.42954079 1.4102077 0.26006551
v 1.4323646 1.41170576 0.26092193
v 1.42331066 1.42962277 0.26092193
v 1.41836927 1.42712586 0.2577255
v 1.42747353 1.40911155 0.2577255
v 1.41760506 1.42673937 0.25452906
v 1.42671688 1.40871013 0.25452906
v 1.41836927 1.42712586 0.2513322
v 1.42747353 1.40911155 0.2513322
v 1.42045811 1.42818107 0.24899258
v 1.42954079 1.4102077 0.24899258
v 1.42331066 1.42962277 0.24813576
v 1.4323646 1.41170576 0.24813576
v 1.42616371 1.43106457 0.24899215
v 1.43518841 1.41320332 0.24899215
v 1.42825256 1.43211978 0.2513322
v 1.43725568 1.41429947 0.2513322
v 1.42901677 1.43250627 0.25452906
v 1.43801273 1.41470089 0.25452906
v 1.42825256 1.43211978 0.2577255
v 1.43725568 1.41429947 0.2577255
v 1.42616371 1.43106457 0.26006551
v 1.43518892 1.41320332 0.26006551
v 1.44541937 1.38164652 0.26006551
v 1.44820134 1.38322072 0.26092193
v 1.44338256 1.38049451 0.2577255
v 1.44263741 1.38007243 0.25452906
v 1.44338256 1.38049451 0.2513322
v 1.44541937 1.38164652 0.24899258
v 1.44820134 1.38322072 0.24813576
v 1.45098371 1.38479481 0.24899215
v 1.45302012 1.38594682 0.2513322
v 1.45376567 1.3863685 0.25452906
v 1.45302012 1.38594682 0.2577255
v 1.45098371 1.38479481 0.26006551
v 1.46669994 1.34467683 0.26006551
v 1.46946457 1.34628148 0.26092193
v 1.46467624 1.34350203 0.2577255
v 1.46393532 1.34307188 0.25452906
v 1.46467624 1.34350203 0.2513322
v 1.46669994 1.34467683 0.24899258
v 1.46946457 1.34628148 0.24813576
v 1.47222879 1.34788602 0.24899215
v 1.47425289 1.34906092 0.2513322
v 1.47499341 1.34949057 0.25452906
v 1.47425289 1.34906092 0.2577255
v 1.47222879 1.34788602 0.26006551
v 1.49204134 1.30138153 0.26006551
v 1.49479719 1.3030013 0.26092193
v 1.49002409 1.30019564 0.2577255
v 1.48928559 1.29976175 0.25452906
v 1.49002409 1.30019564 0.2513322
v 1.49204134 1.30138153 0.24899258
v 1.49479719 1.3030013 0.24813576
v 1.49755294 1.30462157 0.24899215
v 1.49957019 1.30580696 0.2513322
v 1.50030828 1.30624134 0.25452906
v 1.49957019 1.30580696 0.2577255
v 1.49755294 1.30462157 0.26006551
v 1.5200917 1.25386709 0.26006551
v 1.52284321 1.25549452 0.26092193
v 1.51807767 1.25267575 0.2577255
v 1.51734059 1.25224016 0.25452906
v 1.51807767 1.25267575 0.2513322
v 1.5200917 1.25386709 0.24899258
v 1.52284321 1.25549452 0.24813576
v 1.52559432 1.25712156 0.24899215
v 1.52760825 1.25831289 0.2513322
v 1.52834543 1.25874889 0.25452906
v 1.52760825 1.25831289 0.2577255
v 1.52559432 1.25712156 0.26006551
v 1.54949533 1.20424445 0.26006551
v 1.55224513 1.205874 0.26092193
v 1.54748221 1.2030514 0.2577255
v 1.54674543 1.202615 0.25452906
v 1.54748221 1.2030514 0.2513322
v 1.54949533 1.20424445 0.24899258
v 1.55224513 1.205874 0.24813576
v 1.55499543 1.20750345 0.24899258
v 1.55700845 1.2086961 0.2513322
v 1.55774523 1.2091326 0.25452906
v 1.55700845 1.2086961 0.2577255
v 1.55499543 1.20750345 0.26006551
v 1.57889634 1.15462605 0.26006551
v 1.58164795 1.15625348 0.26092193
v 1.57688241 1.15343461 0.2577255
v 1.57614533 1.15299861 0.25452906
v 1.57688241 1.15343461 0.25133262
v 1.57889634 1.15462605 0.24899258
v 1.58164795 1.15625348 0.24813576
v 1.58439906 1.15788041 0.24899258
v 1.58641339 1.15907174 0.25133262
v 1.58715058 1.15950784 0.25452906
v 1.58641339 1.15907174 0.2577255
v 1.58439906 1.15788041 0.26006551
v 1.60693822 1.10712643 0.26006551
v 1.60969397 1.1087462 0.26092193
v 1.60492087 1.10594054 0.2577255
v 1.60418248 1.10550666 0.25452906
v 1.60492087 1.10594054 0.25133262
v 1.60693822 1.10712643 0.24899258
v 1.60969397 1.1087462 0.24813576
v 1.61244932 1.11036597 0.24899258
v 1.61446667 1.11155186 0.2513322
v 1.61520507 1.11198585 0.25452906
v 1.61446667 1.11155186 0.2577255
v 1.61244932 1.11036597 0.26006551
v 1.63226187 1.06386158 0.26006551
v 1.6350266 1.06546653 0.26092193
v 1.63023827 1.06268668 0.2577255
v 1.62949725 1.06225693 0.25452906
v 1.63023827 1.06268708 0.25133262
v 1.63226187 1.06386158 0.24899258
v 1.6350266 1.06546653 0.24813576
v 1.63779122 1.06707107 0.24899258
v 1.63981482 1.06824597 0.25133262
v 1.64055544 1.06867562 0.25452906
v 1.63981482 1.06824597 0.2577255
v 1.63779122 1.06707107 0.26006551
v 1.62862263 0.98554749 0.2577255
v 1.62851656 0.98898496 0.25971366
v 1.77464365 1.23161429 -0.03951272
v 1.77447304 1.22734787 -0.04275992
v 1.51186247 0.7834683 0.01302726
v 1.62867718 0.98320787 0.26006551
v 1.62861628 0.98519004 0.26350811
v 1.77253867 1.22248886 -0.04394833
v 1.5154404 0.7858003 0.01627868
v 1.66220475 1.02955709 -0.27018858
v 1.76935822 1.21833709 -0.04275992
v 1.62697624 0.97145908 -0.25603298
v 1.65889917 1.02769966 -0.27398303
v 1.62707606 0.96766839 -0.25982742
v 1.62697624 0.97145908 -0.27398303
v 1.77464365 1.23161429 0.02515623
v 1.7657825 1.21600382 -0.03951272
v 1.62707606 0.96766839 -0.27018858
v 1.77447304 1.22734827 0.02840342
v 1.62711236 0.96628164 -0.26500779
v 1.76276963 1.21611464 -0.03507501
v 1.77253867 1.22248886 0.0295914
v 1.76112606 1.218642 -0.03063518
v 1.62707606 0.96766839 -0.259827
v 1.76935822 1.21833709 0.02840342
v 1.76129445 1.22290923 -0.02738418
v 1.7657825 1.21600382 0.02515623
v 1.62684052 0.97663905 -0.27537401
v 1.76323023 1.22777248 -0.02619365
v 1.58609617 0.98252816 0.26006551
v 1.5861355 0.97933177 0.26092193
v 1.58606743 0.98486828 0.2577255
v 1.58605685 0.98572465 0.25452906
v 1.58606743 0.98486828 0.25133262
v 1.58609617 0.98252816 0.24899258
v 1.5861355 0.97933177 0.24813576
v 1.58617532 0.97613579 0.24899258
v 1.58620406 0.97379618 0.25133262
v 1.58621465 0.9729393 0.25452906
v 1.58620406 0.97379577 0.2577255
v 1.58617532 0.97613579 0.26006551
v 1.53596685 0.98209176 0.26006551
v 1.53598883 0.97889527 0.26092193
v 1.53595082 0.98443178 0.2577255
v 1.53594487 0.98528825 0.25452906
v 1.53595082 0.98443178 0.25133262
v 1.53596685 0.98209176 0.24899258
v 1.53598883 0.97889527 0.24813576
v 1.53601041 0.97569888 0.24899258
v 1.53602654 0.97335887 0.25133262
v 1.53603239 0.9725024 0.25452906
v 1.53602654 0.97335887 0.2577255
v 1.53601041 0.97569888 0.26006551
v 1.48080821 0.98181729 0.26006551
v 1.48082172 0.97862081 0.26092193
v 1.48079843 0.98415731 0.2577255
v 1.4807951 0.98501368 0.25452906
v 1.48079843 0.98415731 0.25133262
v 1.48080821 0.98181729 0.24899258
v 1.48082172 0.97862081 0.24813576
v 1.48083483 0.97542442 0.24899258
v 1.48084451 0.9730844 0.25133262
v 1.48084834 0.97222793 0.25452906
v 1.48084451 0.9730844 0.2577255
v 1.48083483 0.97542442 0.26006551
v 1.4231335 0.9816244 0.26006551
v 1.42314449 0.97842801 0.26092193
v 1.42312584 0.98396442 0.2577255
v 1.42312291 0.98482089 0.25452906
v 1.42312584 0.98396442 0.25133262
v 1.4231335 0.9816244 0.24899258
v 1.42314449 0.97842801 0.24813576
v 1.42315508 0.97523153 0.24899258
v 1.42316314 0.97289151 0.25133262
v 1.42316566 0.97203464 0.25452906
v 1.42316314 0.97289151 0.2577255
v 1.42315508 0.97523153 0.26006551
v 1.36545375 0.9814311 0.26006551
v 1.36546686 0.97823472 0.26092193
v 1.36544407 0.98377122 0.2577255
v 1.36544064 0.98462759 0.25452906
v 1.36544407 0.98377122 0.2513322
v 1.36545375 0.9814311 0.24899258
v 1.36546686 0.97823472 0.24813576
v 1.36548037 0.97503823 0.24899258
v 1.36549015 0.97269821 0.2513322
v 1.36549348 0.97184184 0.25452906
v 1.36549015 0.97269821 0.2577255
v 1.36548037 0.97503823 0.26006551
v 1.31027807 0.98115664 0.26006551
v 1.31030015 0.97796025 0.26092193
v 1.31026203 0.98349666 0.2577255
v 1.31025609 0.98435313 0.25452906
v 1.31026203 0.98349666 0.2513322
v 1.31027807 0.98115664 0.24899258
v 1.31030015 0.97796025 0.24813576
v 1.31032173 0.97476377 0.24899215
v 1.31033776 0.97242415 0.2513322
v 1.31034371 0.97156778 0.25452906
v 1.31033776 0.97242415 0.2577255
v 1.31032173 0.97476377 0.26006551
v 1.26011366 0.98071983 0.26006551
v 1.26015298 0.97752335 0.26092193
v 1.26008492 0.98305945 0.2577255
v 1.26007433 0.98391582 0.25452906
v 1.26008492 0.98305945 0.2513322
v 1.26011366 0.98071983 0.24899258
v 1.26015298 0.97752335 0.24813576
v 1.26019281 0.97432736 0.24899215
v 1.26022155 0.97198735 0.2513322
v 1.26023213 0.97113088 0.25452906
v 1.26022155 0.97198735 0.2577255
v 1.2601923 0.97432736 0.26006551
v 1.21746206 0.98003891 0.26006551
v 1.21753688 0.97684283 0.26092193
v 1.21740701 0.98237812 0.2577255
v 1.21738714 0.98323449 0.25452906
v 1.21740701 0.98237812 0.2513322
v 1.21746206 0.98003891 0.24899258
v 1.21753688 0.97684283 0.24813576
v 1.2176118 0.97364725 0.24899258
v 1.21766635 0.97130814 0.2513322
v 1.21768662 0.97045167 0.25452906
v 1.21766635 0.97130814 0.2577255
v 1.2176118 0.97364725 0.26006551
v 1.18479933 0.97902978 0.26006551
v 1.18496096 0.97583763 0.26092193
v 1.18468095 0.98136687 0.2577255
v 1.18463739 0.98222244 0.25452906
v 1.18468095 0.98136687 0.2513322
v 1.18479933 0.97902978 0.24899258
v 1.18496096 0.97583763 0.24813576
v 1.1851225 0.97264538 0.24899258
v 1.18524087 0.97030829 0.2513322
v 1.18528443 0.96945272 0.25452906
v 1.18524087 0.97030829 0.2577255
v 1.1851225 0.97264497 0.26006551
v 1.164711 0.9776147 0.26006551
v 1.16493606 0.97442588 0.26092193
v 1.16454654 0.97994877 0.2577255
v 1.16448644 0.98080312 0.25452906
v 1.16454654 0.97994877 0.2513322
v 1.164711 0.9776147 0.24899258
v 1.16493606 0.97442588 0.24813576
v 1.16516061 0.97123746 0.24899258
v 1.16532507 0.96890339 0.2513322
v 1.16538516 0.96804863 0.25452906
v 1.16532507 0.96890339 0.2577255
v 1.16516061 0.97123746 0.26006551
v 1.77173887 1.23325604 -0.02938925
v 1.79403533 1.22045588 -0.01349332
v 1.79722546 1.22039538 -0.01810316
v 1.77476404 1.23314483 -0.03384134
v 1.76816618 1.23091391 -0.02614121
v 1.79052596 1.21798226 -0.01028461
v 1.76499762 1.22676929 -0.02495661
v 1.78754475 1.21397125 -0.00917613
v 1.76306345 1.2219239 -0.02614121
v 1.78562934 1.20935504 -0.01028461
v 1.76288377 1.21765576 -0.02938925
v 1.78530405 1.2050738 -0.01349332
v 1.76453016 1.21511529 -0.03384134
v 1.78699158 1.20236584 -0.01810316
v 1.76756179 1.21500236 -0.03828329
v 1.79025573 1.20222921 -0.02259628
v 1.77114517 1.21733511 -0.04151864
v 1.79393853 1.2045532 -0.02567853
v 1.77432078 1.22147721 -0.04269902
v 1.79705707 1.20857177 -0.02676291
v 1.7762493 1.22632775 -0.04151864
v 1.79890876 1.21330978 -0.02567853
v 1.77641527 1.23060012 -0.03828329
v 1.79901604 1.21766332 -0.02259628
v 1.80761584 1.21336736 -0.00717825
v 1.81214624 1.2118939 -0.00717825
v 1.80265831 1.21255526 -0.00717825
v 1.79761548 1.20825506 -0.00717825
v 1.79650814 1.20172092 -0.00717825
v 1.79835297 1.19704804 -0.00717825
v 1.80194018 1.19391377 -0.00717825
v 1.8067154 1.19277275 -0.00717825
v 1.81173383 1.19411806 -0.00717825
v 1.81564492 1.19802118 -0.00717825
v 1.81699103 1.20338042 -0.00717825
v 1.81557393 1.20837898 -0.00717825
v 1.79403533 1.22045588 -0.00086318
v 1.79722546 1.22039538 0.00374624
v 1.79052596 1.21798226 -0.00407231
v 1.78754475 1.21397125 -0.00518079
v 1.78562934 1.20935504 -0.00407231
v 1.78530405 1.2050738 -0.00086318
v 1.78699158 1.20236584 0.00374624
v 1.79025573 1.20222921 0.00823936
v 1.79393853 1.2045532 0.01132161
v 1.79705707 1.20857177 0.01240598
v 1.79890876 1.21330978 0.01132161
v 1.79901604 1.21766332 0.00823936
v 1.77166788 1.23329708 0.01508308
v 1.77469265 1.23318546 0.01953475
v 1.76809499 1.23095495 0.01183462
v 1.76492562 1.22681033 0.01065001
v 1.76299166 1.22196403 0.01183462
v 1.76281238 1.21769549 0.01508308
v 1.76445877 1.21515582 0.01953475
v 1.76748939 1.21504289 0.02397627
v 1.77107237 1.21737575 0.02721205
v 1.77424859 1.22151825 0.02839284
v 1.77617711 1.22636919 0.02721205
v 1.77634328 1.23064116 0.02397627
v 1.53948469 0.77199696 -0.01349374
v 1.54267482 0.77193605 -0.01810316
v 1.53597532 0.76952288 -0.01028461
v 1.53299371 0.76551187 -0.00917613
v 1.53107829 0.76089612 -0.01028461
v 1.53075351 0.75661447 -0.01349374
v 1.53244094 0.75390647 -0.01810316
v 1.53570468 0.75376989 -0.02259628
v 1.53938749 0.75609382 -0.02567853
v 1.54250613 0.76011285 -0.02676291
v 1.54435762 0.76485041 -0.02567853
v 1.54446551 0.769204 -0.02259628
v 1.55306479 0.76490794 -0.00717867
v 1.55759509 0.76343447 -0.00717825
v 1.54810727 0.76409593 -0.00717825
v 1.54306434 0.75979568 -0.00717867
v 1.5419576 0.75326154 -0.00717867
v 1.54380193 0.74858867 -0.00717867
v 1.54738954 0.7454544 -0.00717867
v 1.55216436 0.74431338 -0.00717867
v 1.55718279 0.74565868 -0.00717867
v 1.56109438 0.7495618 -0.00717867
v 1.56244009 0.75492109 -0.00717867
v 1.56102289 0.75991961 -0.00717867
v 1.53948469 0.77199696 -0.00086318
v 1.54267482 0.77193605 0.00374624
v 1.53597532 0.76952288 -0.00407231
v 1.53299371 0.76551187 -0.00518079
v 1.53107829 0.76089612 -0.00407231
v 1.53075351 0.75661447 -0.00086318
v 1.53244094 0.75390647 0.00374624
v 1.53570468 0.75376989 0.00823936
v 1.53938749 0.75609382 0.01132161
v 1.54250653 0.76011245 0.01240598
v 1.54435762 0.76485041 0.01132161
v 1.54446551 0.769204 0.00823936
v 1.65927729 0.98304331 -0.27385192
v 1.65944054 0.97765019 -0.27537358
v 1.65926882 0.98673751 -0.26996781
v 1.65928324 0.98800417 -0.26500779
v 1.65926882 0.98673751 -0.26004817
v 1.65927729 0.98304331 -0.25616408
v 1.65944054 0.97765019 -0.25464197
v 1.65974969 0.9723083 -0.25613404
v 1.66001568 0.96861279 -0.25997376
v 1.66011379 0.96731024 -0.26500779
v 1.66001568 0.96861279 -0.27004225
v 1.65974969 0.9723083 -0.27388152
v 1.67570863 0.98097817 -0.27439029
v 1.67976784 0.97867415 -0.27534525
v 1.67230796 0.9829084 -0.27123699
v 1.67034011 0.98402532 -0.26500779
v 1.67230796 0.9829084 -0.25877899
v 1.67570863 0.98097776 -0.25562526
v 1.67976784 0.97867415 -0.25467073
v 1.68386889 0.97634593 -0.2560355
v 1.68708696 0.97451935 -0.25968278
v 1.68836965 0.97379154 -0.26500779
v 1.68708696 0.97451935 -0.27033323
v 1.68386889 0.97634593 -0.27398048
v 1.66551206 0.99402749 -0.27385192
v 1.67022587 0.99665165 -0.27537358
v 1.66233543 0.99214041 -0.26996781
v 1.66125532 0.99147895 -0.26500779
v 1.66233543 0.99214041 -0.26004817
v 1.66551206 0.99402749 -0.25616408
v 1.67022587 0.99665165 -0.25464197
v 1.67497104 0.99912497 -0.25613446
v 1.67828046 1.00079082 -0.25997376
v 1.67944941 1.00137444 -0.26500779
v 1.67828046 1.00079082 -0.27004225
v 1.67497104 0.99912497 -0.27388152
v 1.67497104 0.99912497 -0.25613404
v 1.6601143 0.96731024 -0.26500779
v 1.66742404 0.997396 0.26337277
v 1.67213836 1.00002026 0.26489486
v 1.66424792 0.99550892 0.25948865
v 1.6631673 0.99484746 0.25452906
v 1.66424792 0.99550892 0.24956904
v 1.66742404 0.997396 0.24568493
v 1.67213795 1.00002026 0.24416324
v 1.67688313 1.00249348 0.24565531
v 1.68019244 1.00415943 0.2494946
v 1.68136139 1.00474305 0.25452906
v 1.68019244 1.00415943 0.25956309
v 1.67688313 1.00249348 0.26340279
v 1.67762071 0.98434677 0.26391156
v 1.68167992 0.98204265 0.26486612
v 1.67421994 0.98627701 0.26075786
v 1.6722521 0.98739393 0.25452906
v 1.67421994 0.98627701 0.24829984
v 1.67762071 0.98434677 0.24514653
v 1.68167992 0.98204265 0.24419157
v 1.68578098 0.97971494 0.24555634
v 1.68899894 0.97788836 0.24920362
v 1.69028173 0.97716005 0.25452906
v 1.68899894 0.97788836 0.25985407
v 1.68578098 0.97971494 0.26350133
v 1.66118937 0.98641192 0.26337277
v 1.66135262 0.9810188 0.26489486
v 1.6611809 0.99010612 0.25948865
v 1.66119522 0.99137277 0.25452906
v 1.6611809 0.99010652 0.24956904
v 1.66118937 0.98641192 0.24568493
v 1.66135262 0.9810188 0.24416324
v 1.66166177 0.9756769 0.24565531
v 1.66192777 0.9719814 0.2494946
v 1.66202628 0.97067874 0.25452906
v 1.66192777 0.9719814 0.25956309
v 1.66166177 0.9756769 0.26340279
v 0.39614819 1.71345271 0.03927927
v 0.40379882 1.72693158 0.03363834
v 0.3401449 1.75322766 0.01995091
v 0.33560737 1.74523367 0.02329664
v 0.33821003 1.74981851 0.01367686
v 0.34059109 1.75401395 0.00901838
v 0.31408276 1.76906056 0.00901838
v 0.31170173 1.76486513 0.01367686
v 0.39478892 1.71105814 -0.03956855
v 0.38672634 1.69685348 -0.03727293
v 0.33001932 1.73538839 -0.02210654
v 0.33480127 1.74381294 -0.02346792
v 0.38802597 1.69914359 0.03812892
v 0.33079028 1.7367464 0.02261404
v 0.4026155 1.72484617 -0.03502214
v 0.33944283 1.75199105 -0.02077137
v 0.38083715 1.68647834 0.03038565
v 0.32652638 1.72923479 0.01802154
v 0.40885231 1.73583468 -0.02442034
v 0.34314215 1.75850825 -0.01448338
v 0.37582467 1.67764733 0.01738842
v 0.32355326 1.72399736 0.01031294
v 0.41242178 1.74212258 -0.00959567
v 0.34525927 1.76223764 -0.00569126
v 0.37385471 1.67417729 0.00138465
v 0.32238514 1.72193897 0.00082131
v 0.41270598 1.74262332 0.00688813
v 0.34542761 1.76253449 0.00408542
v 0.37526896 1.67666785 -0.01485893
v 0.32322379 1.72341677 -0.00881242
v 0.40965587 1.73725016 0.02218055
v 0.34361878 1.75934778 0.0131554
v 0.37982171 1.68468896 -0.02853283
v 0.32592416 1.72817384 -0.01692279
v 0.3312682 1.73758876 -0.01515455
v 0.33454669 1.74336423 -0.01608794
v 0.33772873 1.74897051 -0.01423977
v 0.34026459 1.7534382 -0.00992893
v 0.34171562 1.7559953 -0.00390145
v 0.34183107 1.75619858 0.00280059
v 0.33509902 1.74433827 0.01597079
v 0.33179684 1.73852004 0.01550304
v 0.32887361 1.73337053 0.01235439
v 0.32683556 1.7297801 0.00706998
v 0.32603495 1.72836925 0.00056291
v 0.32660972 1.72938161 -0.00604144
v 0.32846082 1.73264313 -0.01160116
v 0.2960329 1.74726403 0.00706998
v 0.2952323 1.74585318 0.00056291
v 0.27535117 1.71082764 0.00196955
v 0.27815303 1.71576399 0.02473584
v 0.30195252 1.74768994 -0.01160116
v 0.3047599 1.75263557 -0.01515497
v 0.30859072 1.75938448 0.01597079
v 0.30803796 1.75841105 -0.01608794
v 0.30528854 1.75356686 0.01550304
v 0.31122043 1.76401733 -0.01423977
v 0.3023653 1.74841735 0.01235439
v 0.31375626 1.76848501 -0.00992893
v 0.30032725 1.7448263 0.00706998
v 0.31520732 1.77104151 -0.00390145
v 0.29952665 1.74341546 0.00056291
v 0.31532277 1.7712454 0.00280059
v 0.30010139 1.74442842 -0.00604144
v 0.28813357 1.72334396 -0.0405899
v 0.29795593 1.74064862 -0.0530238
v 0.30942599 1.76085583 -0.05628918
v 0.29807095 1.75085467 0.01235439
v 0.28528392 1.7283269 0.04322555
v 0.28165653 1.71193317 -0.02113762
v 0.30099418 1.75600418 0.01550304
v 0.29551059 1.74634383 0.05424097
v 0.27964552 1.70838992 0.00196955
v 0.30429637 1.76182221 0.01597079
v 0.3070648 1.76669987 0.0558781
v 0.28244738 1.71332627 0.02473584
v 0.30740738 1.76730245 0.01367686
v 0.3179487 1.78587476 0.04785274
v 0.28957827 1.72588958 0.04322555
v 0.30978843 1.77149788 0.00901838
v 0.32628068 1.80055334 0.03155376
v 0.29980494 1.74390651 0.05424097
v 0.31102842 1.77368272 0.00280059
v 0.33061942 1.80819724 0.00979867
v 0.31135915 1.76426255 0.05587768
v 0.30692608 1.76645505 -0.01423977
v 0.30374361 1.76084877 -0.01608794
v 0.300817 1.76250988 -0.01608794
v 0.30399904 1.76811616 -0.01423977
v 0.30448034 1.76896416 0.01367686
v 0.30136974 1.76348352 0.01597079
v 0.30946194 1.77092273 -0.00992893
v 0.30653487 1.77258384 -0.00992893
v 0.29806715 1.75766529 0.01550304
v 0.29514434 1.75251578 0.01235439
v 0.30046555 1.75507329 -0.01515497
v 0.2976582 1.75012726 -0.01160116
v 0.29473113 1.75178838 -0.01160116
v 0.29753891 1.75673461 -0.01515497
v 0.29310627 1.74892534 0.00706998
v 0.31091297 1.77347924 -0.00390145
v 0.30798636 1.77514055 -0.00390145
v 0.29230526 1.74751449 0.00056291
v 0.30810181 1.77534383 0.00280059
v 0.29580706 1.74686614 -0.00604144
v 0.29288003 1.74852725 -0.00604144
v 0.30686137 1.77315919 0.00901838
v 0.27736218 1.71437089 -0.02113762
v 0.28383922 1.72578128 -0.0405899
v 0.32224305 1.78343744 0.04785274
v 0.33057503 1.79811561 0.03155376
v 0.29366158 1.74308634 -0.0530238
v 0.30513164 1.76329315 -0.05628918
v 0.3205594 1.78047095 -0.04982186
v 0.31626505 1.78290827 -0.04982186
v 0.32943229 1.79610259 -0.03473963
v 0.32513794 1.79854032 -0.03473963
v 0.33450989 1.80504784 -0.01365064
v 0.33021553 1.80748556 -0.01365064
v 0.33491377 1.80576012 0.00979867
v 0.29576857 1.75799098 -0.01455316
v 0.29891638 1.76353716 -0.01544975
v 0.29448374 1.75943692 -0.01284032
v 0.29726147 1.76433071 -0.01363119
v 0.29388064 1.7608526 -0.010277
v 0.29610351 1.76476873 -0.01090969
v 0.29405024 1.76202145 -0.00725311
v 0.29561929 1.76478567 -0.00769971
v 0.30197241 1.76892101 -0.01367433
v 0.2999576 1.76908052 -0.01206511
v 0.2982617 1.76857031 -0.00965615
v 0.29714221 1.76746862 -0.00681496
v 0.30440759 1.77321163 -0.00953477
v 0.30210647 1.77286597 -0.00841276
v 0.2999813 1.77160012 -0.00673291
v 0.29835601 1.76960707 -0.00475195
v 0.30580112 1.77566669 -0.00374666
v 0.30333592 1.77503226 -0.00330556
v 0.30096542 1.77333424 -0.0026458
v 0.29905044 1.77083057 -0.0018672
v 0.30591233 1.7758619 0.00268936
v 0.3034336 1.77520468 0.00237301
v 0.30104367 1.77347198 0.00189934
v 0.29910585 1.77092777 0.00134024
v 0.3047214 1.77376378 0.00866059
v 0.30238308 1.7733536 0.00764135
v 0.3002029 1.77199055 0.00611587
v 0.29851207 1.76988275 0.00431634
v 0.30243465 1.76973513 0.01313425
v 0.30036529 1.76979906 0.01158848
v 0.29858777 1.76914566 0.00927467
v 0.29737271 1.76787477 0.00654556
v 0.29944714 1.76447228 0.01533683
v 0.29772966 1.76515532 0.0135318
v 0.29647823 1.76542938 0.01083018
v 0.2958836 1.76525172 0.00764346
v 0.29627609 1.75888516 0.01488769
v 0.29493161 1.76022623 0.01313552
v 0.29423887 1.76148401 0.01051299
v 0.29430315 1.76246713 0.00741974
v 0.29346914 1.75394034 0.01186422
v 0.29245497 1.75586281 0.01046773
v 0.29225706 1.75799179 0.00837808
v 0.29290455 1.76000279 0.00591287
v 0.29151186 1.75049167 0.00678916
v 0.29072819 1.75282029 0.00599026
v 0.29087495 1.75555668 0.00479424
v 0.29192887 1.7582846 0.0033838
v 0.29074299 1.74913669 0.00054049
v 0.29004981 1.75162523 0.00047706
v 0.29033192 1.75459999 0.0003819
v 0.29154569 1.75760903 0.0002694
v 0.29129492 1.75010952 -0.00580164
v 0.29053661 1.75248331 -0.00511862
v 0.29072143 1.75528686 -0.00409684
v 0.29182101 1.75809383 -0.00289152
v 0.29307244 1.75324117 -0.0111406
v 0.29210523 1.75524672 -0.00982955
v 0.29197707 1.75749831 -0.00786677
v 0.29270662 1.75965431 -0.00555212
v 1.66672194 2.19129252 0.03520019
v 1.66672194 2.19129252 -0.03519935
v 1.66077102 2.17544349 -0.03519935
v 1.66077102 2.17544349 0.03520019
v 1.68293761 2.21986076 -0.03519935
v 1.68293761 2.21986076 0.03520019
v 1.75856451 2.17693419 -0.03519935
v 1.75856451 2.17693419 0.03520019
v 1.67383466 2.12808091 0.03520019
v 1.67383466 2.12808091 -0.03519935
v 1.68706962 2.11752355 -0.03519935
v 1.68706962 2.11752355 0.03520019
v 1.66000893 2.15853128 0.03520019
v 1.66000893 2.15853128 -0.03519935
v 1.66451049 2.14221115 -0.03519935
v 1.66451049 2.14221115 0.03520019
v 1.71563795 2.10130789 0.03520019
v 1.71563795 2.10130789 -0.03519935
v 1.71548569 2.10186065 -0.03775845
v 1.75801175 2.17678194 -0.03775845
v 1.71504284 2.10346389 -0.04006675
v 1.75640852 2.17633969 -0.04006675
v 1.71435435 2.10596131 -0.04189843
v 1.7539111 2.1756506 -0.04189843
v 1.71348619 2.10910828 -0.04307457
v 1.75076372 2.17478283 -0.04307457
v 1.71252405 2.11259648 -0.04347973
v 1.74727593 2.17382069 -0.04347973
v 1.68309037 2.21930799 -0.03775845
v 1.68353232 2.21770516 -0.04006675
v 1.6842212 2.21520734 -0.04189843
v 1.68508947 2.21206036 -0.04307457
v 1.68605161 2.20857217 -0.04347973
v 1.68605161 2.20857217 0.04348015
v 1.74727593 2.17382069 0.04348015
v 1.75076372 2.17478283 0.04307499
v 1.68508947 2.21206036 0.04307499
v 1.7539111 2.1756506 0.04189885
v 1.6842212 2.21520734 0.04189885
v 1.75640852 2.17633969 0.04006717
v 1.68353232 2.21770516 0.04006717
v 1.75801175 2.17678194 0.03775887
v 1.68309037 2.21930799 0.03775887
v 1.71548569 2.10186065 0.03775887
v 1.71504284 2.10346389 0.04006717
v 1.71435435 2.10596131 0.04189885
v 1.71348619 2.10910828 0.04307499
v 1.71252405 2.11259648 0.04348015
v 1.66898422 2.1737606 0.04348015
v 1.67424495 2.18777206 0.04348015
v 1.67192016 2.18885984 0.04307499
v 1.66644627 2.17428049 0.04307499
v 1.66982284 2.18984134 0.04189885
v 1.66415657 2.17474936 0.04189885
v 1.6681586 2.19061997 0.04006717
v 1.66233967 2.17512203 0.04006717
v 1.66709039 2.1911203 0.03775887
v 1.66117284 2.17536101 0.03775887
v 1.67424495 2.18777206 -0.04347973
v 1.66898422 2.1737606 -0.04347973
v 1.66644627 2.17428049 -0.04307457
v 1.67192016 2.18885984 -0.04307457
v 1.66415657 2.17474936 -0.04189843
v 1.66982284 2.18984134 -0.04189843
v 1.66233967 2.17512203 -0.04006675
v 1.6681586 2.19061997 -0.04006675
v 1.66117284 2.17536101 -0.03775845
v 1.66709039 2.1911203 -0.03775845
v 1.6683401 2.15946801 0.04348015
v 1.66576575 2.15917882 0.04307499
v 1.66344308 2.15891746 0.04189885
v 1.66159996 2.15871015 0.04006717
v 1.6604171 2.15857685 0.03775887
v 1.6683401 2.15946801 -0.04347973
v 1.66576575 2.15917882 -0.04307457
v 1.66344308 2.15891746 -0.04189843
v 1.66159996 2.15871015 -0.04006675
v 1.6604171 2.15857685 -0.03775845
v 1.67214431 2.14567696 0.04348015
v 1.66978523 2.14460612 0.04307499
v 1.66765706 2.14363975 0.04189885
v 1.66596832 2.14287302 0.04006717
v 1.66488397 2.14238075 0.03775887
v 1.67214431 2.14567696 -0.04347973
v 1.66978523 2.14460612 -0.04307457
v 1.66765706 2.14363975 -0.04189843
v 1.66596832 2.14287302 -0.04006675
v 1.66488397 2.14238075 -0.03775845
v 1.68002375 2.13373619 0.04348015
v 1.67811126 2.13198877 0.04307499
v 1.67638612 2.13041195 0.04189885
v 1.67501672 2.12916102 0.04006717
v 1.67413796 2.12835799 0.03775887
v 1.68002375 2.13373619 -0.04347973
v 1.67811126 2.13198877 -0.04307457
v 1.67638612 2.13041195 -0.04189843
v 1.67501672 2.12916102 -0.04006675
v 1.67413796 2.12835799 -0.03775845
v 1.69172434 2.12440274 0.04348015
v 1.69028546 2.1222772 0.04307499
v 1.68898795 2.12035916 0.04189885
v 1.68795815 2.1188376 0.04006717
v 1.68729709 2.11786013 0.03775887
v 1.69172434 2.12440274 -0.04347973
v 1.69028546 2.1222772 -0.04307457
v 1.68898795 2.12035916 -0.04189843
v 1.68795815 2.1188376 -0.04006675
v 1.68729709 2.11786013 -0.03775845
v 1.75703912 2.17424701 -0.03210948
v 1.75703912 2.17424701 0.0321099
v 1.7522401 2.1769711 0.0321099
v 1.7522401 2.1769711 -0.03210948
v 1.71716294 2.10399507 -0.03210948
v 1.71716294 2.10399507 0.0321099
v 1.71236412 2.10671916 -0.03210948
v 1.71236412 2.10671916 0.0321099
v 0.69784442 0.79248796 0.01782065
v 0.69935933 0.78926571 0.00922477
v 0.70055237 0.78672902 0.00997588
v 0.698914 0.79021349 0.01927169
v 0.69604068 0.81555453 0.03442667
v 0.69211507 0.82390214 0.03564088
v 0.69211507 0.82390214 0.03854297
v 0.69636037 0.81487487 0.03722979
v 0.67005844 0.85157261 0.00922477
v 0.6715738 0.84835081 0.01782065
v 0.67050382 0.85062529 0.01927169
v 0.6688654 0.85410935 0.00997588
v 0.69969893 0.80777571 0.03086609
v 0.70031638 0.80646252 0.03337951
v 0.69784442 0.79248796 -0.01782023
v 0.69543377 0.79761332 -0.0252019
v 0.69630708 0.79575629 -0.02725392
v 0.698914 0.79021349 -0.01927127
v 0.68818952 0.83224975 -0.03442624
v 0.69211507 0.82390214 -0.03564088
v 0.69211507 0.82390214 -0.03854297
v 0.68786983 0.83292941 -0.03722979
v 0.68078333 0.828767 0.03442667
v 0.68470889 0.82041939 0.03564088
v 0.68470889 0.82041939 0.03854297
v 0.68046359 0.82944666 0.03722979
v 0.67712508 0.83654536 -0.03086567
v 0.673984 0.843225 -0.0252019
v 0.67311069 0.84508208 -0.02725392
v 0.67650758 0.83785855 -0.03337909
v 0.70283996 0.80109607 0.0252019
v 0.70371332 0.79923904 0.02725434
v 0.68453127 0.84002856 -0.03086567
v 0.68391382 0.8413413 -0.03337909
v 0.69543377 0.79761332 0.0252019
v 0.69630708 0.79575629 0.02725434
v 0.70525021 0.79597071 0.01782065
v 0.70632019 0.79369624 0.01927169
v 0.66954168 0.85267178 0
v 0.66830673 0.85529817 0
v 0.68139024 0.84670815 -0.0252019
v 0.68051688 0.84856529 -0.02725392
v 0.70676551 0.79274846 0.00922477
v 0.70795861 0.79021177 0.00997588
v 0.69935933 0.78926571 -0.00922434
v 0.70055237 0.78672902 -0.00997545
v 0.67897999 0.85183357 -0.01782023
v 0.67791001 0.85410804 -0.01927127
v 0.67712508 0.83654536 0.03086609
v 0.67650758 0.83785855 0.03337951
v 0.68078333 0.828767 -0.03442624
v 0.68046359 0.82944666 -0.03722979
v 0.70728233 0.79164969 0
v 0.70851728 0.78902336 0
v 0.67746468 0.85505536 -0.00922434
v 0.67627158 0.85759251 -0.00997545
v 0.68863444 0.81207173 -0.03442624
v 0.68470889 0.82041939 -0.03564088
v 0.68470889 0.82041939 -0.03854297
v 0.68895418 0.81139212 -0.03722937
v 0.69715926 0.79394449 -0.01689107
v 0.69859552 0.79089058 -0.00874348
v 0.88602764 0.8825466 -0.00789172
v 0.88473134 0.88530276 -0.01524548
v 0.69229274 0.80429296 0.03086609
v 0.69291019 0.80297977 0.03337951
v 0.70676551 0.79274846 -0.00922434
v 0.70795861 0.79021177 -0.00997545
v 0.87462733 0.93418619 -0.01277604
v 0.8763554 0.93051136 -0.01806806
v 0.87451228 0.93443101 -0.02240005
v 0.87236979 0.93898713 -0.01583926
v 0.81083048 0.89942282 -0.03086567
v 0.807689 0.90610246 -0.0252019
v 0.80511807 0.91156999 -0.03124376
v 0.80901232 0.90328924 -0.03826553
v 0.83154942 0.85536542 0.01782065
v 0.83306473 0.85214312 0.00922477
v 0.83657712 0.84467437 0.01143622
v 0.83469846 0.84866884 0.022093
v 0.89454828 0.8918255 0.00661365
v 0.89346221 0.89413547 0.01277646
v 0.89571975 0.88933444 0.01583926
v 0.89706677 0.8864709 0.00819918
v 0.8052788 0.91122827 -0.01782023
v 0.80212971 0.91792435 -0.02209258
v 0.87462733 0.93418619 0.01277646
v 0.87354126 0.93649616 0.00661365
v 0.87102277 0.94185077 0.00819918
v 0.87236979 0.93898713 0.01583926
v 0.83358154 0.85104445 0
v 0.83721781 0.84331172 0
v 0.80376344 0.91445007 -0.00922434
v 0.8002511 0.92191933 -0.0114358
v 0.89173415 0.89781021 -0.01806806
v 0.89346221 0.89413547 -0.01277604
v 0.89571975 0.88933444 -0.01583926
v 0.89357726 0.89389015 -0.02240005
v 0.88404497 0.91416078 0.0255525
v 0.88123044 0.92014559 0.02468171
v 0.88055587 0.92158013 0.03059923
v 0.88404497 0.91416078 0.03167852
v 0.83306473 0.85214312 -0.00922434
v 0.83657712 0.84467437 -0.0114358
v 0.87860789 0.92572222 -0.02212895
v 0.87730403 0.928494 -0.02743408
v 0.80324663 0.91554924 0
v 0.79961036 0.92328158 0
v 0.83154942 0.85536502 -0.01782023
v 0.83469846 0.84866884 -0.02209258
v 0.89173415 0.89781021 0.01806848
v 0.89357726 0.89389015 0.02240005
v 0.80376344 0.91445007 0.00922477
v 0.8002511 0.92191933 0.01143622
v 0.87317081 0.93728407 0
v 0.87056348 0.94282773 0
v 0.82913917 0.86049083 -0.0252019
v 0.83171009 0.8550233 -0.03124376
v 0.8052788 0.91122827 0.01782065
v 0.80212971 0.91792435 0.022093
v 0.89454828 0.8918255 -0.00661323
v 0.89706677 0.8864709 -0.00819876
v 0.82599774 0.86717037 -0.03086567
v 0.82781585 0.86330406 -0.03826553
v 0.87860789 0.92572222 0.02212938
v 0.87730403 0.928494 0.02743451
v 0.88123044 0.92014559 -0.02468171
v 0.88055587 0.92158013 -0.03059881
v 0.807689 0.90610246 0.0252019
v 0.80511807 0.91156999 0.03124418
v 0.88753408 0.90674103 -0.03059881
v 0.82328086 0.87294797 -0.04267998
v 0.81841388 0.8832968 -0.04418559
v 0.88404497 0.91416078 -0.03167852
v 0.89078552 0.89982716 -0.02743408
v 0.89752606 0.88549393 0
v 0.83171009 0.8550233 0.03124418
v 0.89078552 0.89982716 0.02743451
v 0.82781585 0.86330406 0.03826595
v 0.88753408 0.90674103 0.03059923
v 0.82328086 0.87294797 0.04267998
v 0.81841388 0.8832968 0.04418559
v 0.81354731 0.89364573 0.04267998
v 0.80901232 0.90328924 0.03826595
v 0.87451228 0.93443101 0.02240005
v 0.87102318 0.94185077 -0.00819876
v 0.81354731 0.89364573 -0.04267998
v 0.82913917 0.86049083 0.0252019
v 0.8868591 0.90817608 0.02468171
v 0.88948206 0.90259894 -0.02212895
v 0.81448833 0.891644 -0.03442624
v 0.82599774 0.86717037 0.03086609
v 0.8763554 0.93051136 0.01806848
v 0.81841388 0.8832968 -0.03564088
v 0.89491874 0.8910376 0
v 0.82233944 0.87494919 0.03442667
v 0.87354126 0.93649616 -0.00661323
v 0.81841388 0.8832968 0.03564088
v 0.88948206 0.90259944 0.02212938
v 0.8868591 0.90817608 -0.02468171
v 0.88404497 0.91416078 -0.02555208
v 0.81448833 0.891644 0.03442667
v 0.81083048 0.89942282 0.03086609
v 0.82233944 0.87494919 -0.03442624
v 0.74592679 0.84920809 -0.04021139
v 0.74149753 0.85862614 -0.03884155
v 0.7444377 0.86000865 -0.03884155
v 0.74886697 0.8505906 -0.04021139
v 0.75279252 0.84224299 -0.03442624
v 0.74886697 0.8505906 -0.03564088
v 0.75645037 0.83446463 -0.03086567
v 0.75959185 0.82778499 -0.0252019
v 0.76200205 0.82265918 -0.01782023
v 0.76351741 0.81943733 -0.00922434
v 0.76403417 0.81833816 0
v 0.76351741 0.81943733 0.00922477
v 0.76200205 0.82265918 0.01782065
v 0.75959185 0.82778499 0.0252019
v 0.75645037 0.83446463 0.03086609
v 0.75279252 0.84224299 0.03442667
v 0.74886697 0.8505906 0.03564088
v 0.74494141 0.85893821 0.03442667
v 0.74128311 0.86671703 0.03086609
v 0.73814208 0.87339667 0.0252019
v 0.73573143 0.87852208 0.01782065
v 0.73421653 0.88174428 0.00922477
v 0.73369931 0.88284305 0
v 0.73421653 0.88174428 -0.00922434
v 0.73573143 0.87852208 -0.01782023
v 0.73814208 0.87339667 -0.0252019
v 0.74592679 0.84920809 -0.03564088
v 0.74200124 0.8575557 -0.03442624
v 0.74128311 0.86671703 -0.03086567
v 0.67050382 0.85062529 -0.01927127
v 0.6688654 0.85410935 -0.00997545
v 0.67571292 0.85878092 0
v 0.67627158 0.85759251 0.00997588
v 0.67791001 0.85410804 0.01927169
v 0.67311069 0.84508208 0.02725434
v 0.68051688 0.84856529 0.02725434
v 0.68391382 0.8413413 0.03337951
v 0.68786983 0.83292941 0.03722979
v 0.68895418 0.81139212 0.03722979
v 0.70111149 0.78554061 0
v 0.70632019 0.79369624 -0.01927127
v 0.70371332 0.79923904 -0.02725392
v 0.69291019 0.80297977 -0.03337909
v 0.70031638 0.80646252 -0.03337909
v 0.69636037 0.81487487 -0.03722937
v 0.68818952 0.83224975 0.03442667
v 0.6715738 0.84835081 -0.01782023
v 0.68863444 0.81207173 0.03442667
v 0.69229274 0.80429296 -0.03086567
v 0.68453127 0.84002856 0.03086609
v 0.69604068 0.81555453 -0.03442624
v 0.673984 0.843225 0.0252019
v 0.68139024 0.84670815 0.0252019
v 0.69987614 0.78816694 0
v 0.69969893 0.80777571 -0.03086567
v 0.67897999 0.85183357 0.01782065
v 0.67005844 0.85157261 -0.00922434
v 0.70283996 0.80109607 -0.0252019
v 0.67746468 0.85505536 0.00922477
v 0.70525021 0.79597071 -0.01782023
v 0.67694787 0.85615454 0
v 0.68470889 0.82041939 -0.03378214
v 0.68098802 0.8283314 -0.03263094
v 0.6775209 0.83570462 -0.02925603
v 0.67454312 0.84203573 -0.02388746
v 0.67225851 0.84689389 -0.01689107
v 0.67082225 0.8499482 -0.00874348
v 0.67033251 0.8509898 0
v 0.67082225 0.8499482 0.00874348
v 0.67225851 0.84689389 0.01689107
v 0.67454312 0.84203573 0.02388788
v 0.6775209 0.83570462 0.02925645
v 0.68098802 0.8283314 0.03263137
v 0.68470889 0.82041939 0.03378214
v 0.68842975 0.81250692 0.03263137
v 0.69189687 0.80513416 0.02925645
v 0.69487465 0.79880259 0.02388788
v 0.69715926 0.79394449 0.01689107
v 0.69859552 0.79089058 0.00874348
v 0.69908526 0.78984847 0
v 0.69487465 0.79880259 -0.02388746
v 0.69189728 0.80513416 -0.02925603
v 0.68842975 0.81250692 -0.03263094
v 0.87349397 0.90919912 0.03049181
v 0.8768524 0.90205767 0.02945269
v 0.8609598 0.93585164 -0.00789172
v 0.86051785 0.9367918 0
v 0.88266922 0.88968806 -0.02156055
v 0.87998153 0.89540253 0.0264068
v 0.8609598 0.93585164 0.00789214
v 0.87998193 0.89540253 -0.02640638
v 0.88266922 0.88968806 0.02156097
v 0.86225651 0.93309499 0.0152459
v 0.8768524 0.90205717 -0.02945227
v 0.87349397 0.90919912 -0.03049138
v 0.87013555 0.91634058 -0.02945227
v 0.88473134 0.88530276 0.0152459
v 0.86431823 0.92871019 0.02156097
v 0.86700591 0.92299521 -0.02640638
v 0.88602764 0.8825466 0.00789214
v 0.86700591 0.92299521 0.0264068
v 0.86431823 0.92871019 -0.02156055
v 0.88646959 0.88160644 0
v 0.87013555 0.91634058 0.02945269
v 0.86225651 0.93309499 -0.01524548
v 0.73834299 0.86533411 -0.03086567
v 0.74494141 0.85893821 -0.03442624
v 0.73520191 0.87201416 -0.0252019
v 0.73279126 0.87713947 -0.01782023
v 0.73127595 0.88036136 -0.00922434
v 0.73075959 0.88146054 0
v 0.73127595 0.88036136 0.00922477
v 0.73279126 0.87713947 0.01782065
v 0.73520191 0.87201416 0.0252019
v 0.73834299 0.86533411 0.03086609
v 0.74200124 0.8575557 0.03442667
v 0.74592679 0.84920809 0.03564088
v 0.74985235 0.84086043 0.03442667
v 0.7535102 0.83308167 0.03086609
v 0.75665168 0.82640203 0.0252019
v 0.75906193 0.82127667 0.01782065
v 0.76057724 0.81805442 0.00922477
v 0.76109405 0.81695564 0
v 0.76057724 0.81805442 -0.00922434
v 0.75906193 0.82127667 -0.01782023
v 0.75665168 0.82640203 -0.0252019
v 0.7535102 0.83308167 -0.03086567
v 0.74985235 0.84086043 -0.03442624
v 0.7574231 0.83239611 -0.03482421
v 0.75329578 0.84117256 -0.03884155
v 0.75329578 0.84117256 0.03884155
v 0.7574231 0.83239611 0.03482464
v 0.73404693 0.88210415 -0.0201057
v 0.73233746 0.88573966 -0.01040726
v 0.7624563 0.81405908 -0.01040726
v 0.76303906 0.81281905 0
v 0.73737026 0.86740259 0.03482464
v 0.73382615 0.8749386 0.02843387
v 0.76539642 0.815442 0.01040768
v 0.76597923 0.81420201 0
v 0.73404693 0.88210415 0.02010612
v 0.73676632 0.87632162 0.02843387
v 0.75035566 0.83979004 -0.03884155
v 0.75448293 0.83101354 -0.03482421
v 0.75448293 0.83101354 0.03482464
v 0.75035566 0.83979004 0.03884155
v 0.72939734 0.88435665 -0.01040726
v 0.7311068 0.88072164 -0.0201057
v 0.76096715 0.82486005 -0.02843387
v 0.74886697 0.8505906 0.04021181
v 0.73676632 0.87632162 -0.02843387
v 0.7624563 0.81405908 0.01040768
v 0.7311068 0.88072164 0.02010612
v 0.76368655 0.81907701 0.02010612
v 0.73233746 0.88573966 0.01040768
v 0.75802703 0.82347753 -0.02843387
v 0.74592679 0.84920809 0.04021181
v 0.73382615 0.8749386 -0.02843387
v 0.76368655 0.81907701 -0.0201057
v 0.7444377 0.86000865 0.03884155
v 0.74031038 0.8687851 -0.03482421
v 0.73737026 0.86740259 -0.03482421
v 0.72881413 0.88559668 0
v 0.7317543 0.8869796 0
v 0.72939734 0.88435665 0.01040768
v 0.74031038 0.8687851 0.03482464
v 0.74149753 0.85862614 0.03884155
v 0.75802703 0.82347753 0.02843429
v 0.76096715 0.82486005 0.02843429
v 0.76074638 0.81769449 0.02010612
v 0.76539642 0.815442 -0.01040726
v 0.76074684 0.81769449 -0.0201057
v 1.81697248 2.19846897 -0.02778849
v 1.54463551 2.35305065 -0.02778849
v 1.55058724 2.36353661 -0.02503654
v 1.82292421 2.20895452 -0.02503654
v 1.83034608 2.22203006 -0.00618311
v 1.55800911 2.37661155 -0.00618354
v 1.55800911 2.37661155 0.00618396
v 1.83034608 2.22203006 0.00618396
v 1.55536034 2.37194503 0.01732625
v 1.82769741 2.21736354 0.01732625
v 1.55058724 2.36353661 0.02503696
v 1.82292421 2.20895452 0.02503696
v 1.54463551 2.35305065 0.02778891
v 1.81697248 2.19846897 0.02778891
v 1.53868368 2.34256469 0.02503696
v 1.81102074 2.187983 0.02503696
v 1.53391068 2.33415628 0.01732625
v 1.80624774 2.17957419 0.01732625
v 1.53126191 2.32948935 0.00618396
v 1.80359888 2.17490766 0.00618396
v 1.53126191 2.32948935 -0.00618354
v 1.80359888 2.17490766 -0.00618354
v 1.53391068 2.33415628 -0.01732583
v 1.80624774 2.17957419 -0.01732583
v 1.53868368 2.34256469 -0.02503654
v 1.81102074 2.187983 -0.02503654
v 1.55536034 2.37194503 -0.01732583
v 1.82769741 2.21736354 -0.01732583
v 1.53744757 2.35713053 -0.02236114
v 1.54223671 2.36556839 -0.02014672
v 1.54607761 2.37233505 -0.01394203
v 1.54820921 2.37609025 -0.00497567
v 1.54820921 2.37609025 0.0049761
v 1.54607761 2.37233505 0.01394246
v 1.54223671 2.36556839 0.02014714
v 1.53744757 2.35713053 0.02236198
v 1.53265793 2.34869288 0.02014714
v 1.52881693 2.34192662 0.01394246
v 1.52668543 2.33817102 0.0049761
v 1.52668543 2.33817102 -0.00497567
v 1.52881693 2.34192662 -0.01394203
v 1.53265793 2.34869288 -0.02014672
v 1.5320244 2.34757646 0.00876125
v 1.53443763 2.35182836 0.01266058
v 1.48793141 2.37822588 0.01266058
v 1.48551779 2.37397398 0.00876125
v 1.53744757 2.35713053 -0.01405157
v 1.54045702 2.3624327 -0.01266016
v 1.54287064 2.3666848 -0.00876082
v 1.54421 2.36904468 -0.00312666
v 1.54421 2.36904468 0.00312708
v 1.54287064 2.3666848 0.00876125
v 1.54045702 2.3624327 0.01266058
v 1.53744757 2.35713053 0.01405199
v 1.53068454 2.34521698 0.00312708
v 1.53068454 2.34521698 -0.00312666
v 1.5320244 2.34757646 -0.00876082
v 1.53443763 2.35182836 -0.01266016
v 1.49283943 2.38687266 0.00798561
v 1.49436149 2.38955439 0.00552632
v 1.48337066 2.3957933 0.00552632
v 1.48184809 2.39311156 0.00798561
v 1.4939509 2.38883022 -0.01266016
v 1.49636402 2.39308272 -0.00876082
v 1.48417843 2.3716143 0.00312708
v 1.49770348 2.3954422 -0.00312666
v 1.48417843 2.3716143 -0.00312666
v 1.49770348 2.3954422 0.00312708
v 1.48551779 2.37397398 -0.00876082
v 1.49636402 2.39308272 0.00876125
v 1.48793141 2.37822588 -0.01266016
v 1.4939509 2.38883022 0.01266058
v 1.49094096 2.38352805 -0.01405157
v 1.49094096 2.38352805 0.01405199
v 1.49094096 2.38352805 -0.00886275
v 1.49283943 2.38687266 -0.00798476
v 1.49436149 2.38955439 -0.00552589
v 1.49520657 2.39104248 -0.00197208
v 1.49520657 2.39104248 0.00197251
v 1.49094096 2.38352805 0.00886317
v 1.48904289 2.38018364 0.00798561
v 1.48752032 2.3775023 0.00552632
v 1.48667575 2.37601361 0.00197251
v 1.48667575 2.37601361 -0.00197208
v 1.48752032 2.3775023 -0.00552589
v 1.48904289 2.38018364 -0.00798518
v 1.47805155 2.38642254 -0.00798518
v 1.47995002 2.38976695 -0.00886275
v 1.47995002 2.38976695 0.00886317
v 1.48184809 2.39311156 -0.00798476
v 1.48337066 2.3957933 -0.00552589
v 1.47805155 2.38642254 0.00798561
v 1.47652949 2.3837408 0.00552632
v 1.47568451 2.38225252 0.00197251
v 1.48421523 2.39728158 -0.00197208
v 1.47568451 2.38225252 -0.00197208
v 1.48421523 2.39728158 0.00197251
v 1.47652949 2.3837408 -0.00552589
v 1.47647917 2.39173701 -0.00624232
v 1.47781641 2.39409225 -0.00562401
v 1.47888856 2.39598145 -0.00389172
v 1.47948357 2.3970299 -0.00138887
v 1.47948357 2.3970299 0.0013893
v 1.47888856 2.39598145 0.00389215
v 1.47781641 2.39409225 0.00562444
v 1.47647917 2.39173701 0.00624275
v 1.47514224 2.38938137 0.00562444
v 1.47407019 2.38749257 0.00389215
v 1.47347517 2.38644412 0.0013893
v 1.47347517 2.38644412 -0.00138887
v 1.47407019 2.38749257 -0.00389172
v 1.47514224 2.38938137 -0.00562401
v 1.82946783 2.20230019 -0.01972676
v 1.82477831 2.19403839 -0.02189508
v 1.83322827 2.20892569 -0.01365107
v 1.8353155 2.21260264 -0.00487206
v 1.8353155 2.21260264 0.00487248
v 1.83322827 2.20892569 0.01365191
v 1.82946783 2.20230019 0.01972718
v 1.82477831 2.19403839 0.0218955
v 1.8200886 2.18577619 0.01972718
v 1.81632796 2.17915069 0.01365191
v 1.81424093 2.17547394 0.00487248
v 1.81424093 2.17547394 -0.00487206
v 1.81632796 2.17915069 -0.01365107
v 1.8200886 2.18577619 -0.01972676
v 1.82105115 2.18747219 0.01567771
v 1.81806288 2.18220732 0.01084921
v 1.83020693 2.17531362 0.01084921
v 1.8331958 2.18057908 0.01567771
v 1.82850508 2.20060439 -0.01567686
v 1.82477831 2.19403839 -0.01740027
v 1.83149395 2.20586966 -0.01084879
v 1.83315224 2.20879158 -0.00387185
v 1.83315224 2.20879158 0.00387227
v 1.83149395 2.20586966 0.01084921
v 1.82850508 2.20060439 0.01567771
v 1.82477831 2.19403839 0.01740069
v 1.81640419 2.1792848 0.00387227
v 1.81640419 2.1792848 -0.00387185
v 1.81806288 2.18220732 -0.01084879
v 1.82105115 2.18747219 -0.01567728
v 1.8436382 2.19897656 -0.01084879
v 1.84064933 2.19371069 -0.01567686
v 1.82854824 2.1723917 0.00387227
v 1.83692257 2.18714529 -0.01740027
v 1.8331958 2.18057908 -0.01567728
v 1.82854824 2.1723917 -0.00387185
v 1.8452969 2.20189848 0.00387227
v 1.8452969 2.20189848 -0.00387185
v 1.83020693 2.17531362 -0.01084879
v 1.8436382 2.19897656 0.01084921
v 1.84064933 2.19371069 0.01567771
v 1.83692257 2.18714529 0.01740069
v 1.850542 2.18365064 -0.00764938
v 1.84872338 2.18044659 -0.00849015
v 1.84782517 2.1809566 -0.01190017
v 1.85037361 2.18544727 -0.01072149
v 1.84526725 2.18240859 -0.01479042
v 1.848435 2.18798986 -0.01332584
v 1.84143845 2.18458152 -0.0167219
v 1.84501981 2.19089161 -0.01506616
v 1.85200023 2.18621985 -0.00529371
v 1.85241808 2.18904799 -0.00741931
v 1.85097537 2.1924652 -0.00922181
v 1.84789232 2.19595179 -0.01042586
v 1.85280972 2.18764562 -0.00188919
v 1.85355184 2.19104629 -0.00264791
v 1.85238501 2.19494911 -0.00329118
v 1.84948628 2.19875997 -0.00372086
v 1.85280972 2.18764562 0.00188961
v 1.85355184 2.19104629 0.00264834
v 1.85238501 2.19494911 0.0032916
v 1.84948628 2.19875997 0.00372129
v 1.85200023 2.18621985 0.00529413
v 1.85241808 2.18904799 0.00742016
v 1.85097537 2.1924652 0.00922223
v 1.84789232 2.19595179 0.01042629
v 1.850542 2.18365064 0.00764981
v 1.85037361 2.18544727 0.01072191
v 1.848435 2.18798986 0.01332626
v 1.84501981 2.19089161 0.01506658
v 1.84872338 2.18044659 0.008491
v 1.84782517 2.1809566 0.01190059
v 1.84526725 2.18240859 0.01479126
v 1.84143845 2.18458152 0.01672274
v 1.84690477 2.17724294 0.00764981
v 1.84527613 2.17646613 0.01072191
v 1.8420991 2.17682771 0.01332626
v 1.83785688 2.17827204 0.01506658
v 1.84544653 2.17467373 0.00529413
v 1.84323205 2.17286541 0.00742016
v 1.83955873 2.17235197 0.00922223
v 1.83498477 2.17321166 0.01042629
v 1.84463705 2.17324817 0.00188961
v 1.84209789 2.1708665 0.00264834
v 1.83814869 2.16986766 0.0032916
v 1.83339081 2.17040308 0.00372129
v 1.84463705 2.17324817 -0.00188919
v 1.84209789 2.1708665 -0.00264791
v 1.83814869 2.16986766 -0.00329118
v 1.83339081 2.17040308 -0.00372086
v 1.84544653 2.17467373 -0.00529371
v 1.84323205 2.17286541 -0.00741931
v 1.83955873 2.17235197 -0.00922181
v 1.83498477 2.17321166 -0.01042586
v 1.84690477 2.17724294 -0.00764938
v 1.84527613 2.17646613 -0.01072149
v 1.8420991 2.17682771 -0.01332584
v 1.83785688 2.17827204 -0.01506616
v 0.67500624 0.25531991 -0.06826886
v 0.72215183 0.3338996 -0.06831411
v 0.73977456 0.32333037 -0.06157232
v 0.69262897 0.24475069 -0.06152665
v 0.75474978 0.31435301 -0.04881023
v 0.70760419 0.23577333 -0.04876498
v 0.7656121 0.30784638 -0.03127759
v 0.71846651 0.22926667 -0.03123192
v 0.77129743 0.30444691 -0.01069019
v 0.72415184 0.22586723 -0.01064452
v 0.77125009 0.30448795 0.01093675
v 0.72410445 0.22590824 0.01098201
v 0.76547381 0.30796521 0.03148567
v 0.71832862 0.22938552 0.03153135
v 0.75453496 0.31453827 0.04894599
v 0.70738931 0.23595856 0.04899125
v 0.73950387 0.32356425 0.06160784
v 0.69235828 0.24498457 0.0616531
v 0.72185155 0.33415843 0.06823207
v 0.67470596 0.25557875 0.06827732
v 0.70330646 0.34528509 0.0681699
v 0.65616082 0.2667054 0.06821557
v 0.68568373 0.35585431 0.0614281
v 0.63853809 0.27727463 0.06147378
v 0.67070851 0.36483167 0.04866602
v 0.62356287 0.28625199 0.04871169
v 0.65984659 0.37133833 0.03113338
v 0.612701 0.29275862 0.03117863
v 0.65416086 0.37473734 0.01054597
v 0.60701522 0.29615766 0.01059123
v 0.65420865 0.37469676 -0.01108097
v 0.60706301 0.29611705 -0.0110353
v 0.65998448 0.37121907 -0.03162989
v 0.61283884 0.29263937 -0.03158463
v 0.67092333 0.36464601 -0.04909021
v 0.62377815 0.28606633 -0.04904453
v 0.81130923 0.40916699 0.04889143
v 0.82224808 0.4025935 0.03143111
v 0.84978919 0.44849784 0.03140447
v 0.83885029 0.4550709 0.04886479
v 0.68595482 0.35562045 -0.06175206
v 0.63880923 0.27704075 -0.06170639
v 0.72619793 0.34064395 -0.06831792
v 0.77536683 0.42259559 -0.06836529
v 0.7929895 0.41202634 -0.06162349
v 0.74382106 0.3300747 -0.06157612
v 0.55407771 0.09579852 -0.06823207
v 0.6012229 0.17437821 -0.06827732
v 0.61976799 0.16325157 -0.06821557
v 0.5726224 0.08467187 -0.0681699
v 0.60526941 0.18112212 -0.06828112
v 0.652415 0.25970181 -0.0683268
v 0.67096014 0.24857559 -0.06826463
v 0.6238145 0.16999589 -0.06821938
v 0.6564611 0.26644614 -0.06833061
v 0.70360674 0.34502582 -0.06837586
v 0.70765324 0.35177017 -0.06838009
v 0.75682168 0.43372222 -0.06842746
v 0.46817936 0.0267223 -0.04889482
v 0.5173478 0.10867395 -0.04894218
v 0.53237929 0.09964838 -0.06160403
v 0.4832104 0.01769673 -0.06155667
v 0.52139431 0.11541828 -0.04894599
v 0.56853995 0.19399797 -0.04899125
v 0.58357098 0.1849724 -0.0616531
v 0.53642539 0.10639271 -0.06160784
v 0.572586 0.2007423 -0.04899547
v 0.61973164 0.279322 -0.04904073
v 0.63476267 0.27029642 -0.06170258
v 0.58761708 0.19171673 -0.06165732
v 0.69000092 0.36236478 -0.06175587
v 0.73916977 0.44431642 -0.06180324
v 0.45724006 0.03329535 -0.0314345
v 0.50640895 0.11524742 -0.03148186
v 0.51045546 0.12199175 -0.0314861
v 0.55760065 0.20057144 -0.03153135
v 0.56164715 0.20731577 -0.03153515
v 0.60879274 0.28589547 -0.03158083
v 0.67496984 0.37139034 -0.04909402
v 0.72413828 0.45334243 -0.04914138
v 0.45146423 0.03677261 -0.01088558
v 0.50063267 0.11872468 -0.01093295
v 0.50467917 0.12546901 -0.01093675
v 0.55182482 0.2040487 -0.01098201
v 0.55587132 0.21079261 -0.01098624
v 0.60301651 0.28937272 -0.01103149
v 0.66403058 0.3779634 -0.0316337
v 0.71319943 0.45991544 -0.03168106
v 0.45141643 0.03681364 0.01074136
v 0.50058528 0.11876571 0.010694
v 0.50463183 0.12551003 0.01069019
v 0.55177702 0.20408973 0.01064452
v 0.55582352 0.21083405 0.01064071
v 0.60296912 0.28941374 0.01059546
v 0.6582547 0.38144065 -0.01108478
v 0.7074236 0.4633927 -0.01113214
v 0.45710217 0.03341462 0.03132877
v 0.50627061 0.11536626 0.0312814
v 0.51031717 0.1221106 0.03127759
v 0.55746276 0.20069028 0.03123192
v 0.56150926 0.20743462 0.03122811
v 0.60865445 0.2860143 0.03118286
v 0.65820736 0.38148167 0.01054217
v 0.7073758 0.46343374 0.0104948
v 0.46796409 0.02690755 0.04886141
v 0.51713293 0.10885961 0.04881404
v 0.52117903 0.11560395 0.04881023
v 0.56832467 0.19418363 0.04876498
v 0.57237118 0.20092797 0.04876075
v 0.61951637 0.27950766 0.0487155
v 0.6638927 0.37808266 0.03112957
v 0.71306154 0.46003433 0.03108221
v 0.48293931 0.01793019 0.06162349
v 0.5321082 0.09988226 0.06157612
v 0.53615471 0.10662659 0.06157232
v 0.58329989 0.18520627 0.06152665
v 0.5873464 0.19195061 0.06152284
v 0.63449204 0.2705303 0.06147758
v 0.67475502 0.37157559 0.04866221
v 0.72392346 0.45352766 0.04861485
v 0.50056244 0.00736137 0.06836529
v 0.54973093 0.08931302 0.06831792
v 0.55377743 0.09605735 0.06831411
v 0.60092262 0.17463705 0.06826886
v 0.60496913 0.18138137 0.06826463
v 0.65211477 0.25996105 0.06821938
v 0.68973024 0.36259866 0.06142429
v 0.73889868 0.4445503 0.06137693
v 0.51910758 -0.00376527 0.06842746
v 0.56827602 0.0781868 0.06838009
v 0.57232253 0.0849307 0.06837586
v 0.61946771 0.16351082 0.06833061
v 0.62351427 0.17025515 0.0683268
v 0.67065986 0.24883443 0.06828112
v 0.70735296 0.35202941 0.06816609
v 0.7565214 0.43398105 0.06811872
v 0.5367595 -0.01435988 0.06180324
v 0.58592834 0.06759219 0.06175587
v 0.58997444 0.07433652 0.06175163
v 0.63712004 0.15291621 0.06170639
v 0.64116659 0.15966012 0.06170258
v 0.68831178 0.23824022 0.0616569
v 0.72589806 0.34090276 0.06822826
v 0.77506655 0.42285483 0.06818089
v 0.55179099 -0.02338545 0.04914138
v 0.60095943 0.05856662 0.04909402
v 0.60500593 0.06531095 0.04909021
v 0.65215112 0.14389063 0.04904453
v 0.65619762 0.15063454 0.04904073
v 0.70334326 0.22921466 0.04899547
v 0.74354997 0.33030815 0.06160403
v 0.79271887 0.41226022 0.06155667
v 0.56272984 -0.0299585 0.03168106
v 0.61189828 0.05199314 0.0316337
v 0.61594478 0.05873748 0.03162989
v 0.66309042 0.13731717 0.03158463
v 0.66713652 0.14406149 0.03158083
v 0.71428212 0.22264117 0.03153515
v 0.75858146 0.32128259 0.04894218
v 0.8077499 0.40323466 0.04889482
v 0.56850567 -0.03343576 0.01113214
v 0.61767456 0.04851588 0.01108478
v 0.62172061 0.05526021 0.01108097
v 0.66886625 0.1338399 0.0110353
v 0.67291276 0.14058424 0.01103149
v 0.72005795 0.21916392 0.01098624
v 0.76952031 0.31470953 0.03148186
v 0.8186888 0.3966616 0.0314345
v 0.56855306 -0.03347679 -0.0104948
v 0.6177219 0.04847486 -0.01054217
v 0.62176841 0.05521919 -0.01054597
v 0.66891359 0.13379888 -0.01059123
v 0.67296015 0.14054321 -0.01059546
v 0.72010574 0.2191229 -0.01064071
v 0.77529619 0.31123228 0.01093295
v 0.82446504 0.39318435 0.01088558
v 0.56286773 -0.03007777 -0.03108221
v 0.61203657 0.0518743 -0.03112957
v 0.61608267 0.05861863 -0.03113338
v 0.66322826 0.13719832 -0.03117863
v 0.66727482 0.14394266 -0.03118286
v 0.71442 0.22252234 -0.03122811
v 0.77534399 0.31119126 -0.010694
v 0.82451243 0.39314291 -0.01074136
v 0.55200581 -0.02357069 -0.04861485
v 0.60117425 0.05838095 -0.04866221
v 0.60522075 0.06512528 -0.04866602
v 0.6523664 0.14370497 -0.04871169
v 0.6564125 0.15044931 -0.0487155
v 0.70355809 0.22902901 -0.04876075
v 0.7696582 0.31459027 -0.0312814
v 0.81882709 0.39654234 -0.03132877
v 0.53703013 -0.01459376 -0.06137693
v 0.58619903 0.06735831 -0.06142429
v 0.59024553 0.07410264 -0.0614281
v 0.63739072 0.15268233 -0.06147378
v 0.64143722 0.15942666 -0.06147758
v 0.68858287 0.23800636 -0.06152284
v 0.75879633 0.32109734 -0.04881404
v 0.80796477 0.40304898 -0.04886141
v 0.51940741 -0.00402452 -0.06811872
v 0.5685763 0.07792754 -0.06816609
v 0.55003121 0.08905419 -0.06822783
v 0.50086231 0.00710212 -0.06818047
v 0.47701248 0.07947544 0.01071683
v 0.47705987 0.07943441 -0.01091011
v 0.57734983 0.13534678 0.0682917
v 0.5597271 0.14591601 0.06154948
v 0.69070932 0.18335092 0.03155799
v 0.67977001 0.18992396 0.04901789
v 0.52825157 0.16475843 -0.01095959
v 0.52820417 0.16479946 0.01066735
v 0.73117739 0.2750636 -0.0487874
v 0.7420389 0.26855611 -0.03125476
v 0.61091879 0.23124003 0.06150042
v 0.62854152 0.22067078 0.06824221
v 0.73096216 0.275248 0.04896883
v 0.74190101 0.26867494 0.03150851
v 0.79323145 0.35388097 -0.03130424
v 0.78236913 0.36038761 -0.04883688
v 0.52615808 0.05002275 0.06834076
v 0.50853536 0.06059199 0.06159896
v 0.63951717 0.0980269 0.03160705
v 0.62857832 0.10460037 0.04906737
v 0.67998484 0.18973872 -0.04873834
v 0.69084716 0.18323207 -0.03120527
v 0.66211094 0.31656404 0.06145094
v 0.67973366 0.30599482 0.06819273
v 0.57944371 0.25008245 -0.01100865
v 0.57939592 0.25012306 0.01061787
v 0.71330303 0.40188891 0.06140146
v 0.73092576 0.39131968 0.06814325
v 0.63063581 0.33540732 -0.01105813
v 0.63058761 0.3354475 0.01056881
v 0.68182795 0.42073135 -0.01110761
v 0.68178016 0.42077236 0.01051933
v 0.63965506 0.09790805 -0.03115622
v 0.6287936 0.10441555 -0.04868886
v 0.57760145 0.01909068 -0.0486398
v 0.58846332 0.01258403 -0.03110673
v 0.58832548 0.01270288 0.03165653
v 0.57738618 0.01927592 0.04911643
v 0.55988778 -0.02985446 -0.00904925
v 0.55984679 -0.02981936 0.00963458
v 0.54711473 -0.0510403 0.00964684
v 0.54715572 -0.05107583 -0.00903699
v 0.51742943 -0.0044098 -0.05883221
v 0.50140787 0.00520278 -0.05888592
v 0.50079128 0.00556988 -0.06350253
v 0.51806634 -0.00479466 -0.06344501
v 0.53265416 -0.01354068 -0.05300773
v 0.53448205 -0.01463986 -0.05716463
v 0.54559176 -0.02129664 -0.04198259
v 0.54843211 -0.02300271 -0.04527672
v 0.55497598 -0.02691812 -0.02683522
v 0.55855054 -0.02906402 -0.02894476
v 0.56384676 -0.03223044 -0.00976695
v 0.56380234 -0.03219195 0.01037892
v 0.55485674 -0.02681535 0.02738798
v 0.55842198 -0.02895279 0.02952078
v 0.54540613 -0.02113636 0.04247191
v 0.54823206 -0.02282973 0.0457855
v 0.53242028 -0.01333895 0.05341077
v 0.53422997 -0.01442247 0.05757994
v 0.51717019 -0.00418608 0.05913375
v 0.51778678 -0.00455317 0.06375079
v 0.50114863 0.00542651 0.05908046
v 0.50051172 0.00581137 0.06369285
v 0.48592344 0.01455739 0.05325599
v 0.4840956 0.01565656 0.05741289
v 0.47298584 0.02231335 0.04223042
v 0.47014549 0.02401941 0.04552456
v 0.46360208 0.0279344 0.02708306
v 0.46002752 0.03008073 0.02919259
v 0.45869028 0.03087159 0.00929709
v 0.4547313 0.03324714 0.01001478
v 0.45873127 0.03083606 -0.00938675
v 0.45477572 0.03320865 -0.01013109
v 0.46372131 0.02783163 -0.02713973
v 0.46015608 0.0299695 -0.02927294
v 0.47317152 0.02215306 -0.04222408
v 0.470346 0.02384644 -0.04553724
v 0.48615773 0.01435565 -0.05316295
v 0.48434763 0.01543875 -0.05733211
v 0.48867581 -0.01601816 -0.05887366
v 0.47342567 -0.00686529 -0.05315068
v 0.51992211 -0.03476205 -0.05299547
v 0.50469737 -0.02563074 -0.05881995
v 0.45087002 0.00671388 0.02709574
v 0.46025424 0.00109241 0.04224268
v 0.54212464 -0.04803587 0.02740025
v 0.44595818 0.00965065 0.00930935
v 0.53267448 -0.04235729 0.04248417
v 0.44599921 0.00961512 -0.00937448
v 0.51968822 -0.03455989 0.05342304
v 0.52094939 -0.04746154 0.03501876
v 0.51025455 -0.04103989 0.04402784
v 0.50836918 -0.0441822 0.04402995
v 0.51906402 -0.05060385 0.03502045
v 0.45098926 0.00661069 -0.02712746
v 0.50443813 -0.02540702 0.05914602
v 0.53285971 -0.04251758 -0.0419699
v 0.46043987 0.00093212 -0.04221181
v 0.48841657 -0.01579443 0.05909273
v 0.54224392 -0.04813906 -0.02682296
v 0.47319184 -0.00666313 0.05326825
v 0.49790823 -0.03368571 -0.04841438
v 0.48471305 -0.02576904 -0.04845836
v 0.51044699 -0.04120568 -0.04361718
v 0.5211021 -0.04759349 -0.03453705
v 0.52883095 -0.05222321 -0.02206171
v 0.53287619 -0.0546419 -0.00741339
v 0.53284236 -0.05461272 0.00797419
v 0.52873284 -0.05213863 0.02259544
v 0.49769462 -0.03350132 0.0487413
v 0.48449903 -0.02558465 0.04869731
v 0.47196028 -0.01806425 0.04390012
v 0.46130517 -0.01167687 0.03481956
v 0.45357626 -0.00704714 0.02234464
v 0.44953102 -0.00462845 0.00769633
v 0.4495649 -0.00465764 -0.00769168
v 0.45367483 -0.00713215 -0.02231292
v 0.46145788 -0.01180882 -0.03473583
v 0.47215312 -0.01823088 -0.0437449
v 0.42219508 -0.12282702 -0.06194576
v 0.40612702 -0.11318314 -0.05591574
v 0.4114736 -0.10427133 -0.05592082
v 0.4275421 -0.11391563 -0.06195083
v 0.39224842 -0.10479829 0.04459667
v 0.40588046 -0.11296999 0.0562139
v 0.41122661 -0.10405861 0.05620883
v 0.39759498 -0.09588649 0.04459159
v 0.48377037 -0.15972821 0.01025204
v 0.48381348 -0.15976584 -0.00943454
v 0.48916006 -0.15085447 -0.00944003
v 0.48911696 -0.15081725 0.01024697
v 0.4551187 -0.14257619 -0.05575249
v 0.43907642 -0.13295557 -0.06188951
v 0.44442341 -0.1240442 -0.06189458
v 0.46046528 -0.13366482 -0.05575757
v 0.38236052 -0.09887527 0.02863687
v 0.38770708 -0.08996347 0.0286318
v 0.47851262 -0.15656306 0.02895787
v 0.48385915 -0.14765168 0.02895237
v 0.37718522 -0.09578076 0.00989637
v 0.38253179 -0.08686938 0.00989129
v 0.46855491 -0.15057956 0.04485126
v 0.4739015 -0.14166818 0.04484619
v 0.37722836 -0.09581797 -0.00979064
v 0.38257494 -0.0869066 -0.00979571
v 0.45487211 -0.14236389 0.05637757
v 0.4602187 -0.13345208 0.05637208
v 0.38248611 -0.09898354 -0.02849604
v 0.38783269 -0.09007216 -0.02850111
v 0.43880361 -0.13271959 0.06240716
v 0.4441502 -0.1238082 0.06240209
v 0.46875028 -0.15074873 -0.04413526
v 0.47409686 -0.14183693 -0.04414033
v 0.39244381 -0.10496704 -0.04438986
v 0.3977908 -0.09605566 -0.04439493
v 0.42192188 -0.12259145 0.06235092
v 0.42726844 -0.11367965 0.06234584
v 0.4786382 -0.15667132 -0.02817546
v 0.48398479 -0.14775995 -0.02818054
v 0.81152406 0.4089813 -0.04886479
v 0.79654883 0.41795866 -0.06162687
v 0.82408994 0.46386303 -0.06165352
v 0.83906516 0.45488567 -0.04889143
v 0.76038102 0.43965454 -0.06843084
v 0.7427291 0.45024875 -0.06180662
v 0.77026975 0.49615309 -0.06183326
v 0.78792207 0.48555848 -0.06845706
v 0.71093514 0.46936606 0.01049142
v 0.71662047 0.46596705 0.03107882
v 0.74416152 0.51187094 0.03105218
v 0.73847619 0.51527 0.01046477
v 0.77862583 0.42878718 0.06817708
v 0.79627775 0.41819254 0.06155328
v 0.8238188 0.46409646 0.06152665
v 0.80616693 0.47469107 0.06815087
v 0.82807171 0.39907523 -0.01074475
v 0.82238597 0.40247467 -0.03133215
v 0.84992703 0.44837856 -0.03135879
v 0.85561236 0.44497955 -0.01077139
v 0.71675876 0.46584777 -0.03168487
v 0.71098248 0.46932502 -0.01113553
v 0.73852358 0.51522896 -0.01116217
v 0.74429941 0.51175171 -0.03171109
v 0.74245801 0.45048263 0.06137354
v 0.76008074 0.43991338 0.06811534
v 0.78762179 0.48581772 0.0680887
v 0.76999906 0.49638652 0.0613469
v 0.82802391 0.39911667 0.0108822
v 0.85556497 0.44502059 0.01085555
v 0.77892611 0.42852789 -0.06836867
v 0.80646676 0.47443183 -0.06839532
v 0.72769761 0.4592743 -0.04914477
v 0.75523872 0.50517865 -0.04917141
v 0.72748279 0.45945998 0.04861146
v 0.75502384 0.50536388 0.04858482
v 0.77204773 0.4950886 -0.05773726
v 0.78852772 0.4851977 -0.06392165
v 0.75801473 0.50351486 -0.04591618
v 0.74780203 0.50965147 -0.02961551
v 0.74240981 0.51289782 -0.01043094
v 0.7423654 0.51293629 0.00975976
v 0.74767306 0.50976269 0.02897986
v 0.75781387 0.50368784 0.04534862
v 0.77179479 0.4953068 0.05726317
v 0.7882473 0.48543965 0.06355751
v 0.80556088 0.47505185 0.06361503
v 0.82204087 0.46516054 0.05743065
v 0.83607427 0.45673469 0.04560956
v 0.84628657 0.45059808 0.02930889
v 0.85167919 0.44735173 0.01012432
v 0.85172366 0.44731326 -0.01006638
v 0.84641554 0.45048686 -0.02928648
v 0.83627473 0.45656126 -0.04565524
v 0.82229376 0.46494275 -0.05756979
v 0.80584129 0.4748099 -0.06386371
v 0.43544902 -0.13725923 -0.05632936
v 0.4200775 -0.12803742 -0.05638053
v 0.45005545 -0.14602005 -0.0507413
v 0.46246781 -0.15346051 -0.04016318
v 0.47147094 -0.15885403 -0.02563117
v 0.47618314 -0.16167153 -0.00856712
v 0.47614381 -0.16163727 0.00935799
v 0.47135634 -0.15875506 0.02639031
v 0.46228974 -0.15330699 0.04086227
v 0.4498309 -0.14582592 0.05135707
v 0.43519992 -0.13704481 0.05684744
v 0.41982883 -0.12782257 0.05679626
v 0.40522197 -0.1190626 0.0512082
v 0.39281006 -0.11162129 0.04063051
v 0.38380691 -0.1062282 0.02609807
v 0.37909428 -0.10341069 0.00903445
v 0.37913361 -0.10344495 -0.00889108
v 0.38392108 -0.10632674 -0.02592341
v 0.3929881 -0.11177523 -0.04039536
v 0.40544652 -0.1192563 -0.05089016
v 0.4516913 -0.01018945 0.02234676
v 0.44764566 -0.00777076 0.00769802
v 0.40247593 -0.00960963 0.0136536
v 0.40970959 -0.013934 0.03984599
v 0.4594198 -0.01481917 0.03482168
v 0.47026775 -0.02137319 -0.04374321
v 0.45957292 -0.01495113 -0.03473413
v 0.50856203 -0.04434799 -0.04361549
v 0.49602281 -0.03682802 -0.04841227
v 0.52684747 -0.05528094 0.02259755
v 0.530957 -0.05775503 0.0079763
v 0.47007532 -0.02120656 0.0439018
v 0.48261407 -0.02872695 0.04869901
v 0.45178946 -0.01027446 -0.02231081
v 0.44767949 -0.00779994 -0.00768956
v 0.48282769 -0.02891135 -0.04845667
v 0.53099083 -0.05778421 -0.0074117
v 0.52694558 -0.05536552 -0.02206002
v 0.49580925 -0.03664362 0.04874299
v 0.51921714 -0.05073622 -0.03453494
v 0.46500108 -0.04708049 0.08696538
v 0.44258075 -0.03363327 0.07838811
v 0.43631855 -0.0440714 0.07839402
v 0.45873848 -0.05751862 0.0869713
v 0.5301763 -0.08619735 0.06250782
v 0.54409294 -0.09455979 0.04029428
v 0.48897695 -0.06156513 -0.08667526
v 0.46538298 -0.04740994 -0.08675392
v 0.4025364 -0.00966165 -0.01386083
v 0.51105259 -0.07471461 0.07861649
v 0.51139728 -0.07501192 -0.07809798
v 0.40988509 -0.01408583 -0.04000416
v 0.48859505 -0.06123567 0.08704404
v 0.53044951 -0.08643335 -0.0618616
v 0.42380218 -0.02244826 -0.06221769
v 0.54426889 -0.09471119 -0.03955586
v 0.44292544 -0.033931 -0.07832636
v 0.5515021 -0.09903599 -0.01336348
v 0.42352857 -0.02221227 0.06215172
v 0.55144165 -0.09898397 0.01415096
v 0.48043902 -0.07054587 0.07287321
v 0.46069407 -0.05870026 0.07280723
v 0.46405713 -0.05309528 0.07280427
v 0.48380208 -0.06494089 0.07287024
v 0.5452395 -0.10947412 -0.01335756
v 0.53800584 -0.10514975 -0.03954994
v 0.45912038 -0.05784807 -0.086748
v 0.43666279 -0.04436913 -0.07832044
v 0.41726592 -0.0326504 0.06215806
v 0.545179 -0.1094221 0.01415688
v 0.40344697 -0.02437255 0.03985191
v 0.53783074 -0.10499834 0.0403002
v 0.3962133 -0.02004776 0.01365952
v 0.52391366 -0.09663548 0.06251374
v 0.4827143 -0.07200368 -0.08666933
v 0.39627378 -0.02009977 -0.01385491
v 0.50478999 -0.08515274 0.07862283
v 0.50513468 -0.08545005 -0.07809206
v 0.40362247 -0.02452396 -0.03999824
v 0.4823324 -0.07167381 0.08705039
v 0.52418686 -0.09687148 -0.06185567
v 0.41753955 -0.03288639 -0.06221178
v 0.48075871 -0.07082204 -0.07250527
v 0.46101381 -0.058976 -0.07257124
v 0.49952124 -0.08207472 -0.06532702
v 0.51546496 -0.09163274 -0.05173981
v 0.52702973 -0.09856062 -0.0330729
v 0.533083 -0.10217956 -0.01115371
v 0.53303268 -0.102136 0.01187183
v 0.52688297 -0.09843375 0.03375042
v 0.51523658 -0.09143524 0.05233994
v 0.49923281 -0.08182604 0.06582057
v 0.44193199 -0.04744673 0.06562941
v 0.42598742 -0.03788913 0.05204178
v 0.41442305 -0.03096167 0.03337486
v 0.40836978 -0.02734231 0.01145568
v 0.40842052 -0.02738587 -0.01156987
v 0.41456981 -0.03108813 -0.03344803
v 0.42621666 -0.03808663 -0.05203755
v 0.44222002 -0.04769584 -0.0655186
v 0.51347004 -0.08279664 -0.02309025
v 0.51770389 -0.08532783 -0.00775934
v 0.52147845 -0.07903645 -0.00776273
v 0.5172446 -0.07650484 -0.02309364
v 0.53039284 -0.09295522 -0.03307628
v 0.51882802 -0.08602776 -0.05174277
v 0.44558308 -0.04209085 -0.06552156
v 0.42957927 -0.03248123 -0.05204093
v 0.44529465 -0.04184175 0.06562602
v 0.53644611 -0.09657458 -0.0111571
v 0.46437687 -0.0533706 -0.0725742
v 0.42935048 -0.03228415 0.05203882
v 0.53639534 -0.0965306 0.01186887
v 0.41778568 -0.02535627 0.0333719
v 0.53024608 -0.09282834 0.03374703
v 0.41173241 -0.02173733 0.01145272
v 0.51859923 -0.08583026 0.05233656
v 0.48412137 -0.06521705 -0.07250822
v 0.41178316 -0.02178089 -0.01157283
v 0.50259588 -0.07622106 0.06581718
v 0.50288431 -0.07646973 -0.0653304
v 0.41793287 -0.02548314 -0.03345141
v 0.48110638 -0.06339511 -0.05067067
v 0.46729587 -0.05510965 -0.05071677
v 0.49422961 -0.07126568 -0.04565017
v 0.50538122 -0.07795123 -0.03614627
v 0.51766835 -0.08529738 0.00834594
v 0.51336724 -0.08270783 0.02364851
v 0.50522135 -0.07781293 0.03665039
v 0.4940279 -0.07109186 0.04607943
v 0.48088263 -0.06320184 0.05101239
v 0.46707258 -0.0549168 0.05096629
v 0.45394929 -0.0470458 0.04594579
v 0.44279728 -0.04036068 0.03644231
v 0.43470851 -0.03551527 0.02338588
v 0.43047461 -0.03298408 0.00805497
v 0.43051015 -0.03301453 -0.00805031
v 0.43481126 -0.03560408 -0.02335247
v 0.44295756 -0.04049898 -0.03635477
v 0.45415106 -0.04722005 -0.04578381
v 0.47107088 -0.04881827 -0.05072015
v 0.45792562 -0.04092867 -0.04578761
v 0.44657184 -0.0340693 0.03643851
v 0.45772431 -0.040754 0.04594198
v 0.52144336 -0.079006 0.00834213
v 0.43848347 -0.02922389 0.02338207
v 0.51714185 -0.07641602 0.0236447
v 0.43424962 -0.02669228 0.00805116
v 0.50899596 -0.07152155 0.03664701
v 0.48488094 -0.05710373 -0.05067405
v 0.43428516 -0.02672273 -0.0080537
v 0.49780246 -0.06480006 0.04607605
v 0.49800422 -0.0649743 -0.04565355
v 0.43858627 -0.02931228 -0.02335627
v 0.48465764 -0.05691045 0.05100858
v 0.50915583 -0.07165985 -0.03615008
v 0.44673217 -0.03420717 -0.03635857
v 0.47084714 -0.04862542 0.05096248
v 1.80134084 2.33148765 -0.04482335
v 1.78080773 2.29531262 -0.04482335
v 1.78080773 2.29531262 0.0448242
v 1.80134084 2.33148765 0.0448242
v 1.87930484 2.28723433 0.03963833
v 1.85202726 2.23917742 0.03963833
v 1.85452125 2.23776173 0.03963833
v 1.88179882 2.28581885 0.03963833
v 1.84946732 2.23466779 0.0448242
v 1.78789544 2.2696167 0.0448242
v 1.78789544 2.2696167 -0.04482335
v 1.84946732 2.23466779 -0.04482335
v 1.90752479 2.33695095 -0.03963791
v 1.90752479 2.33695095 0.03963833
v 1.91001858 2.33553546 0.03963833
v 1.91001858 2.33553546 -0.03963791
v 1.9056846 2.34395819 0.03976479
v 1.9056846 2.34395819 -0.03976436
v 1.90815197 2.34830548 -0.03976436
v 1.90815197 2.34830548 0.03976479
v 1.81329935 2.35255536 0.0448242
v 1.81329935 2.35255536 -0.04482335
v 1.91008412 2.34146098 0.0448242
v 1.91008412 2.34146098 -0.04482335
v 1.81817662 2.35390067 -0.03976436
v 1.86527905 2.36689292 -0.03976436
v 1.86527905 2.36689292 -0.04482335
v 1.81817662 2.35390067 0.03976479
v 1.86527905 2.36689292 0.03976479
v 1.86527905 2.36689292 0.0448242
v 1.86582758 2.37131079 0.03976479
v 1.81684684 2.35872207 0.03976479
v 1.81684684 2.35872207 -0.03976436
v 1.86582758 2.37131079 -0.03976436
v 1.90531657 2.35823283 -0.03239664
v 1.86680323 2.37916644 -0.03239664
v 1.86680323 2.37916644 0.03239707
v 1.90531657 2.35823283 0.03239707
v 1.82202398 2.36765804 -0.03239664
v 1.82202398 2.36765804 0.03239707
v 1.85202726 2.23917742 -0.03963791
v 1.87930484 2.28723433 -0.03963791
v 1.87930484 2.28723433 -0.04482335
v 1.87930484 2.28723433 0.0448242
v 1.88179882 2.28581885 -0.03963791
v 1.85452125 2.23776173 -0.03963791
v 1.89042302 2.28092303 0.02972124
v 1.89042302 2.28092303 -0.02972082
v 1.91374756 2.32201545 -0.02972082
v 1.91374756 2.32201545 0.02972124
v 1.86804125 2.24149071 -0.02972082
v 1.86804125 2.24149071 0.02972124
v 1.86610628 2.2390657 0.03278573
v 1.86610628 2.2390657 -0.03278531
v 1.8635163 2.23735618 0.03555037
v 1.8635163 2.23735618 -0.03554995
v 1.86052541 2.23653158 0.03774449
v 1.86052541 2.23653158 -0.03774407
v 1.85742582 2.23667113 0.03915324
v 1.85742582 2.23667113 -0.03915239
v 1.89000093 2.28116281 -0.03278531
v 1.88877622 2.28185815 -0.03554995
v 1.88686787 2.28294129 -0.03774407
v 1.88446362 2.28430596 -0.03915239
v 1.89000093 2.28116281 0.03278616
v 1.88877622 2.28185815 0.03555037
v 1.88686787 2.28294129 0.03774449
v 1.88446362 2.28430596 0.03915324
v 1.91483837 2.32492003 -0.03278531
v 1.91483837 2.32492003 0.03278573
v 1.91497792 2.32801962 -0.03554995
v 1.91497792 2.32801962 0.03555037
v 1.91415271 2.33101051 -0.03774407
v 1.91415271 2.33101051 0.03774449
v 1.9124442 2.33360049 -0.03915239
v 1.9124442 2.33360049 0.03915324
v 1.03956299 0.89792445 -0.11713449
v 0.85616048 1.00692617 -0.04557023
v 0.85520429 1.00554618 -0.0459183
v 1.0386072 0.89654446 -0.11748257
v 0.85424124 1.00464494 -0.04701366
v 1.03764375 0.89564322 -0.11857793
v 0.85352906 1.00446384 -0.0485624
v 1.03693197 0.89546172 -0.12012709
v 0.85325883 1.00505129 -0.05015047
v 1.03666134 0.89604957 -0.12171474
v 0.85350285 1.00625029 -0.05135115
v 1.03690535 0.89724857 -0.12291583
v 0.85419556 1.00773898 -0.05184385
v 1.03759807 0.89873726 -0.12340812
v 0.85515135 1.00911897 -0.05149579
v 1.03855436 0.90011725 -0.12306048
v 0.85611481 1.01002061 -0.05040042
v 1.03951731 0.90101849 -0.12196511
v 0.85682658 1.01020171 -0.04885168
v 1.04022909 0.90119999 -0.12041594
v 0.85709681 1.00961386 -0.04726361
v 1.04049982 0.90061214 -0.1188283
v 0.8568528 1.00841486 -0.04606251
v 1.04025571 0.89941314 -0.1176272
v 1.04042369 0.89943169 0.11994777
v 0.85587715 1.00643683 0.04831076
v 0.85656603 1.00793651 0.04877513
v 1.04111298 0.90093137 0.12041214
v 0.85681388 1.00915446 0.04995593
v 1.04136083 0.90214943 0.12159294
v 0.85655423 1.0097644 0.05153723
v 1.04110078 0.90275926 0.12317382
v 0.85585597 1.00960327 0.05309443
v 1.04040252 0.90259813 0.12473144
v 0.85490653 1.00871342 0.05421137
v 1.03945349 0.90170869 0.12584795
v 0.85396042 1.00733424 0.05458776
v 1.03850737 0.9003292 0.12622477
v 0.85327154 1.00583456 0.05412382
v 1.03781798 0.89882952 0.1257604
v 0.85302369 1.0046166 0.0529426
v 1.03757024 0.89761147 0.1245796
v 0.85328333 1.00400667 0.05136172
v 1.03783029 0.89700163 0.12299873
v 0.8539816 1.0041678 0.0498041
v 1.03852855 0.89716317 0.12144111
v 0.85493104 1.00505724 0.04868759
v 1.03947758 0.89805261 0.12032417
v 1.34979801 1.60276568 0.02570941
v 1.27406291 1.69382408 0.02570941
v 1.27478144 1.69442161 0.02592256
v 1.35051704 1.60336321 0.02592256
v 1.2753579 1.69490117 0.02652057
v 1.351093 1.60384247 0.02652057
v 1.27567764 1.69516736 0.02738418
v 1.35141274 1.60410846 0.02738418
v 1.27567764 1.69516736 0.02834294
v 1.35141274 1.60410846 0.02834294
v 1.2753579 1.69490117 0.02920655
v 1.351093 1.60384247 0.02920655
v 1.27478144 1.69442161 0.02980456
v 1.35051704 1.60336321 0.02980456
v 1.27406291 1.69382408 0.03001771
v 1.34979801 1.60276568 0.03001771
v 1.27334438 1.69322654 0.02980456
v 1.34907948 1.60216764 0.02980456
v 1.27276792 1.69274739 0.02920655
v 1.34850342 1.60168849 0.02920655
v 1.27244818 1.69248139 0.02834294
v 1.34818328 1.60142249 0.02834294
v 1.27244818 1.69248139 0.02738418
v 1.34818328 1.60142249 0.02738418
v 1.27276792 1.69274739 0.02652057
v 1.34850342 1.60168849 0.02652057
v 1.27334438 1.69322654 0.02592256
v 1.34907948 1.60216764 0.02592256
v 1.34979801 1.60276568 -0.02570898
v 1.35051704 1.60336321 -0.02592214
v 1.27478144 1.69442161 -0.02592214
v 1.27406291 1.69382408 -0.02570898
v 1.351093 1.60384247 -0.02652015
v 1.2753579 1.69490117 -0.02652015
v 1.35141274 1.60410846 -0.02738376
v 1.27567764 1.69516736 -0.02738376
v 1.35141274 1.60410846 -0.02834252
v 1.27567764 1.69516736 -0.02834252
v 1.351093 1.60384247 -0.02920612
v 1.2753579 1.69490117 -0.02920612
v 1.35051704 1.60336321 -0.02980414
v 1.27478144 1.69442161 -0.02980414
v 1.34979801 1.60276568 -0.03001729
v 1.27406291 1.69382408 -0.03001729
v 1.34907948 1.60216764 -0.02980414
v 1.27334438 1.69322654 -0.02980414
v 1.34850342 1.60168849 -0.02920612
v 1.27276792 1.69274739 -0.02920612
v 1.34818328 1.60142249 -0.02834252
v 1.27244818 1.69248139 -0.02834252
v 1.34818328 1.60142249 -0.02738376
v 1.27244818 1.69248139 -0.02738376
v 1.34850342 1.60168849 -0.02652015
v 1.27276792 1.69274739 -0.02652015
v 1.34907948 1.60216764 -0.02592214
v 1.27334438 1.69322654 -0.02592214
v 1.35889258 1.61802595 0.02570941
v 1.28871718 1.72205654 0.02570941
v 1.28949198 1.72257945 0.02592256
v 1.35966738 1.61854867 0.02592256
v 1.29011361 1.72299851 0.02652057
v 1.36028861 1.61896783 0.02652057
v 1.29045835 1.72323103 0.02738418
v 1.36063366 1.61920035 0.02738418
v 1.29045835 1.72323103 0.02834294
v 1.36063366 1.61920035 0.02834294
v 1.29011361 1.72299851 0.02920655
v 1.36028861 1.61896783 0.02920655
v 1.28949198 1.72257945 0.02980456
v 1.35966738 1.61854867 0.02980456
v 1.28871718 1.72205654 0.03001771
v 1.35889258 1.61802595 0.03001771
v 1.28794238 1.72153382 0.02980456
v 1.35811779 1.61750324 0.02980456
v 1.28732105 1.72111476 0.02920655
v 1.35749606 1.61708408 0.02920655
v 1.28697641 1.72088224 0.02834294
v 1.35715141 1.61685146 0.02834294
v 1.28697641 1.72088224 0.02738418
v 1.35715141 1.61685146 0.02738418
v 1.28732105 1.72111476 0.02652057
v 1.35749606 1.61708408 0.02652057
v 1.28794238 1.72153382 0.02592256
v 1.35811779 1.61750324 0.02592256
v 1.35889258 1.61802595 -0.02570898
v 1.35966738 1.61854867 -0.02592214
v 1.28949198 1.72257945 -0.02592214
v 1.28871718 1.72205654 -0.02570898
v 1.36028861 1.61896783 -0.02652015
v 1.29011361 1.72299851 -0.02652015
v 1.36063366 1.61920035 -0.02738376
v 1.29045835 1.72323103 -0.02738376
v 1.36063366 1.61920035 -0.02834252
v 1.29045835 1.72323103 -0.02834252
v 1.36028861 1.61896783 -0.02920612
v 1.29011361 1.72299851 -0.02920612
v 1.35966738 1.61854867 -0.02980414
v 1.28949198 1.72257945 -0.02980414
v 1.35889258 1.61802595 -0.03001729
v 1.28871718 1.72205654 -0.03001729
v 1.35811779 1.61750324 -0.02980414
v 1.28794238 1.72153382 -0.02980414
v 1.35749606 1.61708408 -0.02920612
v 1.28732105 1.72111476 -0.02920612
v 1.35715141 1.61685146 -0.02834252
v 1.28697641 1.72088224 -0.02834252
v 1.35715141 1.61685146 -0.02738376
v 1.28697641 1.72088224 -0.02738376
v 1.35749606 1.61708408 -0.02652015
v 1.28732105 1.72111476 -0.02652015
v 1.35811779 1.61750324 -0.02592214
v 1.28794238 1.72153382 -0.02592214
v 1.42558181 2.07772663 0.02570941
v 1.39069371 2.0975295 0.02570941
v 1.39115511 2.09834221 0.02592298
v 1.42604322 2.07853934 0.02592298
v 1.39152517 2.09899399 0.02652057
v 1.42641327 2.07919112 0.02652057
v 1.39173026 2.09935598 0.02738418
v 1.42661837 2.0795527 0.02738418
v 1.39173026 2.09935598 0.02834294
v 1.42661837 2.0795527 0.02834294
v 1.39152517 2.09899399 0.02920697
v 1.42641327 2.07919112 0.02920697
v 1.39115511 2.09834221 0.02980456
v 1.42604322 2.07853934 0.02980456
v 1.39069371 2.0975295 0.03001771
v 1.42558181 2.07772663 0.03001771
v 1.3902323 2.09671659 0.02980456
v 1.4251204 2.07691372 0.02980456
v 1.38986224 2.09606481 0.02920697
v 1.42475035 2.07626153 0.02920697
v 1.38965675 2.09570282 0.02834294
v 1.42454475 2.07589995 0.02834294
v 1.38965675 2.09570282 0.02738418
v 1.42454475 2.07589995 0.02738418
v 1.38986224 2.09606481 0.02652057
v 1.42475035 2.07626153 0.02652057
v 1.3902323 2.09671659 0.02592298
v 1.4251204 2.07691372 0.02592298
v 1.42558181 2.07772663 -0.02570898
v 1.42604322 2.07853934 -0.02592214
v 1.39115511 2.09834221 -0.02592214
v 1.39069371 2.0975295 -0.02570898
v 1.42641327 2.07919112 -0.02652015
v 1.39152517 2.09899399 -0.02652015
v 1.42661837 2.0795527 -0.02738376
v 1.39173026 2.09935598 -0.02738376
v 1.42661837 2.0795527 -0.02834252
v 1.39173026 2.09935598 -0.02834252
v 1.42641327 2.07919112 -0.02920612
v 1.39152517 2.09899399 -0.02920612
v 1.42604322 2.07853934 -0.02980414
v 1.39115511 2.09834221 -0.02980414
v 1.42558181 2.07772663 -0.03001729
v 1.39069371 2.0975295 -0.03001729
v 1.4251204 2.07691372 -0.02980414
v 1.3902323 2.09671659 -0.02980414
v 1.42475035 2.07626153 -0.02920612
v 1.38986224 2.09606481 -0.02920612
v 1.42454475 2.07589995 -0.02834252
v 1.38965675 2.09570282 -0.02834252
v 1.42454475 2.07589995 -0.02738376
v 1.38965675 2.09570282 -0.02738376
v 1.42475035 2.07626153 -0.02652015
v 1.38986224 2.09606481 -0.02652015
v 1.4251204 2.07691372 -0.02592214
v 1.3902323 2.09671659 -0.02592214
v 1.56661858 2.19400935 0.03563749
v 1.56077928 2.19732371 0.03563749
v 1.56077928 2.19732371 -0.03563707
v 1.56661858 2.19400935 -0.03563707
v 1.6303516 2.31989454 -0.03563707
v 1.63619131 2.31657998 -0.03563707
v 1.57700885 2.37453178 0.02024611
v 1.5823682 2.37148967 0.02024611
v 1.58290614 2.3724379 0.01336306
v 1.5775468 2.3754794 0.01336306
v 1.56994948 2.36209451 -0.03454678
v 1.57530832 2.3590524 -0.03454678
v 1.57191057 2.35306638 -0.03563707
v 1.56655133 2.35610789 -0.03563707
v 1.6303516 2.31989454 0.03563749
v 1.63619131 2.31657998 0.03563749
v 1.63958906 2.322566 0.0345472
v 1.63374976 2.32588056 0.0345472
v 1.56994948 2.36209451 0.0345472
v 1.57530832 2.3590524 0.0345472
v 1.57837362 2.36445217 0.03138333
v 1.57301438 2.36749429 0.03138333
v 1.57301438 2.36749429 -0.0313829
v 1.57837362 2.36445217 -0.0313829
v 1.63924734 2.33556632 0.02645544
v 1.64508654 2.33225175 0.02645544
v 1.64664844 2.33500327 0.02024611
v 1.64080913 2.33831783 0.02024611
v 1.57544706 2.37178027 0.02645544
v 1.5808063 2.36873815 0.02645544
v 1.5775468 2.3754794 -0.01336263
v 1.58290614 2.3724379 -0.01336263
v 1.5823682 2.37148967 -0.02024568
v 1.57700885 2.37453178 -0.02024568
v 1.6372312 2.3320146 0.01789128
v 1.63759702 2.33265871 0.01276504
v 1.57915608 2.36583055 0.01276504
v 1.57879026 2.36518643 0.01789128
v 1.64718638 2.3359515 -0.01336263
v 1.64134707 2.33926606 -0.01336263
v 1.64134707 2.33926606 0.01336306
v 1.64718638 2.3359515 0.01336306
v 1.63681466 2.33128034 0.03138333
v 1.64265396 2.32796598 0.03138333
v 1.63374976 2.32588056 -0.03454678
v 1.63958906 2.322566 -0.03454678
v 1.64664844 2.33500327 -0.02024568
v 1.64080913 2.33831783 -0.02024568
v 1.63924734 2.33556632 -0.02645502
v 1.64508654 2.33225175 -0.02645502
v 1.64265396 2.32796598 -0.0313829
v 1.63681466 2.33128034 -0.0313829
v 1.57544706 2.37178027 -0.02645502
v 1.5808063 2.36873815 -0.02645502
v 1.56655133 2.35610789 0.03563749
v 1.57191057 2.35306638 0.03563749
v 1.63258716 2.32383225 0.02729959
v 1.62976325 2.31885738 0.02811076
v 1.63759702 2.33265871 -0.01276462
v 1.63258716 2.32383225 -0.02729917
v 1.6346036 2.32738518 -0.02521755
v 1.57776298 2.36337629 0.02197628
v 1.57879026 2.36518643 -0.01789085
v 1.57776298 2.36337629 -0.02197585
v 1.57132231 2.35202922 0.02811076
v 1.57915608 2.36583055 -0.01276462
v 1.63620392 2.33020445 0.02197628
v 1.63620392 2.33020445 -0.02197585
v 1.6372312 2.3320146 -0.01789085
v 1.57414612 2.35700409 0.02729959
v 1.57616267 2.36055702 0.0252184
v 1.50233824 2.23049555 -0.03563707
v 1.57414612 2.35700409 -0.02729917
v 1.57132231 2.35202922 -0.02811033
v 1.50233824 2.23049555 0.03563749
v 1.6346036 2.32738518 0.0252184
v 1.62976325 2.31885738 -0.02811033
v 1.57616267 2.36055702 -0.02521755
v 1.50052649 2.23152404 0.03563749
v 1.50052649 2.23152404 -0.03563707
v 1.57110915 2.37302353 -0.0188733
v 1.57156713 2.37382999 -0.01301753
v 1.56985893 2.37082054 -0.02384475
v 1.56791145 2.36738942 -0.02779018
v 1.56545719 2.36306593 -0.03032306
v 1.56256653 2.35797349 -0.03125053
v 1.56545719 2.36306593 0.0303239
v 1.56256653 2.35797349 0.03125137
v 1.56791145 2.36738942 0.0277906
v 1.56985893 2.37082054 0.02384517
v 1.57110915 2.37302353 0.01887372
v 1.57156713 2.37382999 0.01301795
v 1.49899252 2.23708515 -0.03563707
v 1.49734311 2.24306491 -0.03125053
v 1.49899252 2.23708515 0.03563749
v 1.49734311 2.24306491 0.03125137
v 1.57184583 2.19545146 -0.03180286
v 1.57184583 2.19545146 0.03180329
v 1.64862858 2.33072414 -0.01306067
v 1.64816042 2.32989994 -0.01904585
v 1.64687087 2.32762758 -0.02417336
v 1.64486199 2.32408897 -0.02824229
v 1.6423313 2.31963016 -0.03085467
v 1.63937671 2.31442479 -0.03180286
v 1.63937671 2.31442479 0.03180329
v 1.6423313 2.31963016 0.03085552
v 1.64486199 2.32408897 0.02824271
v 1.64687087 2.32762758 0.02417378
v 1.64816042 2.32989994 0.0190467
v 1.64862858 2.33072414 0.01306151
v 0.89701514 1.54998416 -0.22575178
v 0.38163266 1.66032695 -0.13427128
v 0.38100886 1.65672199 -0.13343855
v 0.89639129 1.5463792 -0.22491905
v 0.38005812 1.65321303 -0.13456183
v 0.89544065 1.54287064 -0.22604233
v 0.3790355 1.65074062 -0.13734
v 0.89441841 1.54039783 -0.22882048
v 0.37821503 1.64996622 -0.14102873
v 0.89359793 1.53962343 -0.23250921
v 0.37781664 1.65109837 -0.14463921
v 0.89319914 1.54075558 -0.23611969
v 0.37794648 1.65383305 -0.14720465
v 0.89332942 1.54349026 -0.23868514
v 0.37857071 1.657438 -0.14803739
v 0.89395317 1.54709521 -0.23951787
v 0.37952143 1.66094697 -0.1469141
v 0.89490391 1.55060378 -0.23839459
v 0.38054405 1.66341978 -0.14413593
v 0.89592656 1.55307659 -0.23561641
v 0.38136452 1.66419377 -0.14044763
v 0.89674703 1.55385098 -0.23192811
v 0.38176291 1.66306203 -0.13683672
v 0.89714542 1.55271924 -0.2283172
v 0.72922184 1.17662434 0.00953435
v 0.73095117 1.17825632 0.00706702
v 0.38372655 1.66276982 -0.13724949
v 0.38199722 1.66113775 -0.13478218
v 0.73172339 1.17858069 0.00352801
v 0.3844988 1.6630946 -0.14078893
v 0.73133136 1.17751116 -0.00013449
v 0.38410676 1.66202457 -0.14445101
v 0.72988033 1.17533399 -0.00293888
v 0.38265571 1.65984739 -0.14725539
v 0.72775892 1.17263239 -0.00413406
v 0.38053435 1.65714579 -0.14845057
v 0.72553561 1.17013033 -0.00339902
v 0.37831104 1.65464374 -0.14771554
v 0.72380629 1.16849867 -0.0009317
v 0.37658172 1.65301217 -0.14524821
v 0.72303406 1.16817388 0.00260731
v 0.37580944 1.65268729 -0.14170921
v 0.7234261 1.16924351 0.00626981
v 0.3762015 1.65375692 -0.1380467
v 0.72487713 1.17142109 0.00907421
v 0.37765256 1.65593449 -0.13524231
v 0.72699854 1.17412229 0.01026896
v 0.37977392 1.65863569 -0.13404756
v 0.72889323 1.1766074 0.00242926
v 0.39321183 1.66197849 0.10507235
v 0.39518307 1.66362831 0.10776805
v 0.73086405 1.17825722 0.00512539
v 0.39629112 1.66397809 0.11142294
v 0.7319725 1.17860691 0.00878028
v 0.39624038 1.66293347 0.11505752
v 0.73192173 1.17756239 0.01241487
v 0.39504392 1.66077525 0.11769783
v 0.73072531 1.17540417 0.01505474
v 0.39302236 1.65808081 0.11863629
v 0.72870331 1.17270973 0.01599363
v 0.39071703 1.65557291 0.1176217
v 0.72639839 1.17020182 0.01497904
v 0.38874621 1.65392309 0.114926
v 0.72442757 1.16855201 0.01228291
v 0.38763774 1.65357381 0.11127112
v 0.72331912 1.16820262 0.00862802
v 0.38768848 1.65461792 0.10763652
v 0.72336984 1.16924684 0.00499344
v 0.38888533 1.65677614 0.10499622
v 0.72456672 1.17140546 0.00235356
v 0.39090692 1.65947058 0.10405776
v 0.7265883 1.1740995 0.00141467
v 0.9197235 1.55167926 0.25999193
v 0.91901768 1.54806835 0.25907547
v 0.39209193 1.65755305 0.10359635
v 0.39279738 1.66116396 0.10451283
v 0.91816716 1.54456654 0.2600854
v 0.39124103 1.65405165 0.10460671
v 0.91739871 1.54211278 0.26275192
v 0.39047299 1.65159789 0.10727324
v 0.91691956 1.5413638 0.26636028
v 0.38999384 1.65084891 0.1108816
v 0.91685734 1.54252085 0.26994328
v 0.38993122 1.65200596 0.11446459
v 0.91722871 1.54527368 0.27254128
v 0.39030299 1.65475879 0.1170626
v 0.91793453 1.54888459 0.27345817
v 0.39100841 1.65836929 0.11797907
v 0.91878546 1.55238599 0.27244783
v 0.39185934 1.6618711 0.11696871
v 0.9195535 1.55483975 0.26978129
v 0.39262735 1.66432486 0.11430219
v 0.92003266 1.55558873 0.26617293
v 0.39310696 1.66507384 0.11069424
v 0.92009527 1.55443168 0.26258995
v 0.39316912 1.66391679 0.10711083
v 0.9173484 1.54640673 0.26318797
v 0.4745016 1.84297715 -0.01018945
v 0.47555384 1.84327783 -0.01357113
v 0.91840058 1.54670741 0.25980627
v 0.47715203 1.84522571 -0.01599532
v 0.91999878 1.5486558 0.25738209
v 0.47886825 1.84829969 -0.01681241
v 0.92171504 1.55172957 0.25656499
v 0.48024235 1.85167535 -0.01580331
v 0.92308949 1.55510534 0.2575741
v 0.48090633 1.85444885 -0.01323872
v 0.92375347 1.55787843 0.26013869
v 0.48068263 1.85587623 -0.00980586
v 0.92352942 1.55930581 0.26357153
v 0.47963039 1.85557555 -0.00642418
v 0.92247713 1.55900554 0.26695322
v 0.47803215 1.85362747 -0.00399999
v 0.92087894 1.55705715 0.26937741
v 0.47631593 1.85055329 -0.00318291
v 0.91916267 1.55398338 0.27019451
v 0.47494144 1.84717803 -0.004192
v 0.91778863 1.55060761 0.2691854
v 0.47427745 1.84440453 -0.0067566
v 0.91712425 1.54783452 0.2666208
v 0.89431183 1.5446947 -0.22966085
v 0.89568718 1.54501948 -0.22612987
v 0.47592687 1.84330526 -0.00558849
v 0.47455152 1.84298098 -0.00911946
v 0.89752183 1.54698521 -0.22349338
v 0.47776147 1.84527149 -0.00295199
v 0.89932471 1.55006584 -0.22245806
v 0.4795644 1.84835172 -0.00191668
v 0.90061254 1.55343525 -0.22330137
v 0.48085218 1.85172113 -0.00275999
v 0.90104007 1.5561906 -0.22579745
v 0.48127976 1.85447627 -0.00525607
v 0.90049285 1.55759429 -0.22927683
v 0.48073249 1.85588006 -0.00873545
v 0.8991175 1.5572694 -0.2328078
v 0.47935719 1.85555518 -0.01226642
v 0.89728285 1.55530368 -0.23544429
v 0.47752254 1.85358955 -0.01490291
v 0.89547997 1.55222355 -0.23647961
v 0.47571961 1.85050933 -0.01593823
v 0.89419214 1.54885413 -0.2356363
v 0.47443183 1.84713991 -0.01509492
v 0.89376461 1.54609839 -0.23314065
v 0.47400425 1.84438416 -0.01259884
v 1.11202386 1.03892351 0.3210872
v 0.9865912 1.2214037 0.36117468
v 0.98592006 1.22063899 0.36255424
v 1.11135222 1.0381589 0.32246677
v 0.98471088 1.21965194 0.36326347
v 1.11014313 1.03717185 0.32317643
v 0.98328824 1.21870754 0.36311293
v 1.10872039 1.03622695 0.32302546
v 0.98203297 1.21805798 0.36214189
v 1.10746563 1.03557739 0.32205441
v 0.98128187 1.21787779 0.36061133
v 1.10671453 1.0353976 0.32052385
v 0.9812362 1.21821528 0.35893108
v 1.10666845 1.03573509 0.31884361
v 0.98190734 1.2189803 0.35755109
v 1.10733999 1.0364998 0.31746402
v 0.98311692 1.21996704 0.35684184
v 1.10854918 1.03748685 0.31675436
v 0.98453916 1.22091184 0.35699283
v 1.10997182 1.03843165 0.31690536
v 0.98579442 1.2215614 0.35796342
v 1.11122708 1.03908091 0.31787637
v 0.98654552 1.22174119 0.35949441
v 1.11197818 1.039261 0.31940693
v 1.19003303 1.17635704 0.38654532
v 0.96905262 1.19050463 0.34645784
v 0.9693652 1.19147352 0.34507785
v 1.19034511 1.17732553 0.38516533
v 0.96959278 1.19301757 0.34436862
v 1.19057269 1.17886958 0.3844561
v 0.96967435 1.19472325 0.34451959
v 1.19065477 1.18057566 0.38460707
v 0.96958854 1.19613369 0.3454902
v 1.19056886 1.18198611 0.38557768
v 0.96935804 1.19687078 0.34702117
v 1.19033835 1.18272329 0.38710864
v 0.96904506 1.19673718 0.34870144
v 1.19002497 1.18258959 0.38878891
v 0.96873248 1.19576868 0.35008103
v 1.18971289 1.18162109 0.3901685
v 0.968505 1.19422464 0.35079026
v 1.18948491 1.18007705 0.39087773
v 0.96842292 1.19251855 0.35063969
v 1.18940333 1.17837096 0.39072674
v 0.96850883 1.19110811 0.34966867
v 1.18948914 1.17696052 0.38975615
v 0.96873923 1.19037092 0.34813811
v 1.18971965 1.17622333 0.38822559
v 1.38293223 1.51620078 0.22771582
v 1.22951446 1.64937756 0.13093654
v 1.23001559 1.65067931 0.13193294
v 1.38343388 1.51750252 0.22871264
v 1.22987523 1.6515746 0.13338822
v 1.38329301 1.51839781 0.23016793
v 1.22913049 1.65182416 0.13491201
v 1.38254826 1.51864738 0.23169171
v 1.22798049 1.65136023 0.13609619
v 1.38139827 1.51818345 0.23287589
v 1.2267342 1.65030754 0.13662358
v 1.38015198 1.51713076 0.23340327
v 1.22572507 1.64894832 0.13635291
v 1.37914285 1.51577153 0.23313261
v 1.22522394 1.64764658 0.13535608
v 1.37864172 1.51446979 0.23213578
v 1.2253643 1.64675078 0.13390123
v 1.37878207 1.51357399 0.23068051
v 1.22610904 1.64650172 0.13237702
v 1.37952733 1.51332494 0.22915671
v 1.22725904 1.64696565 0.13119283
v 1.38067682 1.51378887 0.22797253
v 1.22850533 1.64801784 0.13066546
v 1.3819232 1.51484105 0.22744516
v 1.41524478 1.57312731 0.06968649
v 1.22224948 1.63657871 0.16646619
v 1.22138888 1.63548075 0.16546936
v 1.41438367 1.57202945 0.06868966
v 1.22054814 1.63514245 0.16401409
v 1.41354293 1.57169106 0.06723439
v 1.21995222 1.63565418 0.16249031
v 1.41294701 1.57220278 0.06571061
v 1.21976104 1.63687899 0.16130612
v 1.41275583 1.57342759 0.06452643
v 1.22002583 1.63848858 0.16077874
v 1.41302062 1.57503768 0.06399904
v 1.22067539 1.64005208 0.16104942
v 1.41367018 1.57660079 0.06426971
v 1.22153599 1.64115005 0.16204624
v 1.41453129 1.57769865 0.06526654
v 1.22237724 1.64148834 0.16350151
v 1.41537203 1.57803704 0.06672181
v 1.22297316 1.64097621 0.1650253
v 1.41596795 1.57752532 0.0682456
v 1.22316434 1.6397514 0.16620947
v 1.41615913 1.57630051 0.06942978
v 1.22289955 1.63814181 0.16673687
v 1.41589434 1.57469042 0.06995717
v 1.33684095 1.43499855 -0.3210872
v 1.11586063 1.44914614 -0.36117425
v 1.11617311 1.45011463 -0.36255424
v 1.33715312 1.43596704 -0.32246677
v 1.11640069 1.45165868 -0.36326347
v 1.3373806 1.43751109 -0.323176
v 1.11648226 1.45336476 -0.3631125
v 1.33746268 1.43921717 -0.32302503
v 1.11639646 1.4547752 -0.36214189
v 1.33737687 1.44062761 -0.32205441
v 1.11616595 1.45551239 -0.36061093
v 1.33714637 1.4413648 -0.32052385
v 1.11585257 1.45537869 -0.35893066
v 1.33683298 1.4412312 -0.31884361
v 1.11554049 1.45441019 -0.35755109
v 1.3365208 1.4402627 -0.31746362
v 1.11531291 1.45286614 -0.35684184
v 1.33629333 1.43871815 -0.31675436
v 1.11523134 1.45116006 -0.35699241
v 1.33621125 1.43701247 -0.31690536
v 1.11531715 1.44974962 -0.35796342
v 1.33629706 1.43560203 -0.31787595
v 1.11554725 1.44901253 -0.35949398
v 1.33652756 1.43486494 -0.31940651
v 1.25883177 1.29756472 -0.38654489
v 1.13339962 1.48004521 -0.34645741
v 1.13272797 1.4792806 -0.34507785
v 1.25816063 1.2968 -0.38516533
v 1.13151889 1.47829345 -0.34436862
v 1.25695105 1.29581336 -0.38445567
v 1.13009615 1.47734865 -0.34451916
v 1.25552881 1.29486856 -0.38460664
v 1.12884089 1.47669949 -0.3454902
v 1.25427354 1.2942189 -0.38557768
v 1.12808979 1.4765193 -0.34702076
v 1.25352244 1.29403881 -0.38710824
v 1.12804411 1.47685679 -0.34870101
v 1.25347636 1.2943767 -0.38878849
v 1.12871575 1.4776214 -0.35008103
v 1.25414791 1.29514131 -0.39016807
v 1.12992483 1.47860855 -0.35079026
v 1.25535709 1.29612796 -0.39087773
v 1.13134758 1.47955335 -0.35063926
v 1.25677983 1.29707286 -0.39072674
v 1.13260234 1.48020251 -0.34966867
v 1.258035 1.29772242 -0.38975572
v 1.13335354 1.4803827 -0.34813768
v 1.2587861 1.29790261 -0.38822516
v 1.06593257 0.95772128 -0.22771582
v 0.87293778 1.02117268 -0.13093613
v 0.87207718 1.02007481 -0.13193253
v 1.06507197 0.95662342 -0.22871222
v 0.87123634 1.01973602 -0.1333878
v 1.06423123 0.95628512 -0.2301675
v 0.87064001 1.02024814 -0.13491158
v 1.06363531 0.95679685 -0.23169128
v 0.87044934 1.02147295 -0.13609577
v 1.06344413 0.95802156 -0.23287546
v 0.87071362 1.02308264 -0.13662315
v 1.06370892 0.95963165 -0.23340286
v 0.87136369 1.02464575 -0.13635248
v 1.06435848 0.96119475 -0.23313218
v 0.87222429 1.02574361 -0.13535565
v 1.06521908 0.96229272 -0.23213535
v 0.87306554 1.02608241 -0.13390039
v 1.06606033 0.96263101 -0.23068009
v 0.87366146 1.02557018 -0.13237659
v 1.06665625 0.96211928 -0.22915628
v 0.87385253 1.02434547 -0.13119242
v 1.06684732 0.96089407 -0.22797211
v 0.87358785 1.02273578 -0.13066503
v 1.06658264 0.95928448 -0.22744473
v 1.03362053 0.90079434 -0.06968607
v 0.88020276 1.03397113 -0.16646577
v 0.88070389 1.03527328 -0.16546895
v 1.03412207 0.90209659 -0.06868924
v 0.88056353 1.03616867 -0.16401367
v 1.03398131 0.90299188 -0.06723397
v 0.87981868 1.03641813 -0.16248988
v 1.03323656 0.90324144 -0.06571018
v 0.87866879 1.0359542 -0.16130571
v 1.03208657 0.90277741 -0.06452601
v 0.8774224 1.03490161 -0.16077831
v 1.03084028 0.90172482 -0.06399862
v 0.87641337 1.03354229 -0.16104899
v 1.02983115 0.9003655 -0.06426929
v 0.87591224 1.03224054 -0.16204582
v 1.02933001 0.89906375 -0.06526612
v 0.8760526 1.03134475 -0.16350109
v 1.02947037 0.89816846 -0.06672139
v 0.87679734 1.03109569 -0.16502487
v 1.03021512 0.8979189 -0.06824518
v 0.87794734 1.03155922 -0.16620906
v 1.03136511 0.89838283 -0.06942936
v 0.87919363 1.03261191 -0.16673644
v 1.0326114 0.89943512 -0.06995674
v 1.03287155 0.89947485 0.06602357
v 0.87945377 1.03265204 0.16280327
v 0.87844464 1.03129282 0.16307394
v 1.03186242 0.89811563 0.06629424
v 0.87719835 1.03024013 0.16254656
v 1.03061613 0.89706294 0.06576728
v 0.87604876 1.0297762 0.16136237
v 1.02946614 0.89659941 0.06458267
v 0.87530361 1.03002566 0.15983858
v 1.02872139 0.89684847 0.06305889
v 0.87516325 1.03092105 0.15838332
v 1.02858103 0.89774426 0.06160361
v 0.87566439 1.0322232 0.15738691
v 1.02908217 0.89904601 0.06060721
v 0.87667342 1.03358242 0.15711582
v 1.0300913 0.90040533 0.06033612
v 0.87791981 1.03463471 0.1576432
v 1.03133759 0.90145792 0.0608635
v 0.8790697 1.03509864 0.15882738
v 1.03248748 0.90192185 0.06204768
v 0.87981445 1.03484958 0.16035159
v 1.03323233 0.90167239 0.06357189
v 0.87995491 1.03395378 0.16180644
v 1.03337309 0.900777 0.06502674
v 1.06518399 0.95640179 0.22405333
v 0.8721888 1.01985318 0.12727362
v 0.87283887 1.02141629 0.12700253
v 1.06583366 0.95796539 0.22378222
v 0.87310355 1.02302587 0.12752991
v 1.06609834 0.95957498 0.22430962
v 0.87291237 1.02425068 0.1287141
v 1.06590726 0.96079979 0.2254938
v 0.87231655 1.02476281 0.1302383
v 1.06531134 0.96131152 0.227018
v 0.87147531 1.02442452 0.13169358
v 1.0644701 0.96097312 0.22847327
v 0.87061471 1.02332666 0.13268998
v 1.0636095 0.95987526 0.22946967
v 0.86996504 1.02176305 0.13296107
v 1.06295983 0.95831216 0.22974035
v 0.86970036 1.02015346 0.13243369
v 1.06269515 0.95670206 0.22921297
v 0.86989154 1.01892865 0.13124909
v 1.06288633 0.95547725 0.22802877
v 0.87048735 1.01841693 0.12972529
v 1.06348214 0.95496553 0.22650499
v 0.8713282 1.01875522 0.12827002
v 1.06432339 0.95530392 0.22504973
v 1.25702385 1.29437962 0.38806234
v 1.13159119 1.47685981 0.34797486
v 1.13154551 1.4771973 0.34965514
v 1.25697817 1.29471711 0.38974261
v 1.13079441 1.47701752 0.3511857
v 1.25622707 1.29453692 0.39127357
v 1.12953915 1.47636795 0.35215671
v 1.25497181 1.29388776 0.39224419
v 1.12811641 1.47542305 0.35230771
v 1.25354906 1.29294296 0.39239518
v 1.12690732 1.47443601 0.35159802
v 1.25233998 1.29195592 0.39168593
v 1.12623568 1.47367139 0.35021846
v 1.25166834 1.2911912 0.39030594
v 1.12628186 1.47333391 0.34853819
v 1.25171442 1.29085372 0.38862567
v 1.12703296 1.47351399 0.34700766
v 1.25246562 1.2910335 0.38709511
v 1.12828772 1.47416325 0.34603661
v 1.25372038 1.29168306 0.38612409
v 1.12971087 1.47510805 0.34588564
v 1.25514312 1.29262786 0.38597352
v 1.13091955 1.4760951 0.3465953
v 1.2563522 1.29361501 0.38668278
v 1.33503302 1.43181315 0.32260423
v 1.11405261 1.44596064 0.3626917
v 1.11373922 1.44582704 0.36101143
v 1.33471963 1.43167945 0.32092396
v 1.11350872 1.44656422 0.35948087
v 1.33448913 1.43241663 0.3193934
v 1.11342291 1.44797467 0.35851026
v 1.33440322 1.43382708 0.31842278
v 1.11350489 1.44968075 0.35835929
v 1.3344849 1.43553316 0.31827181
v 1.11373246 1.4512248 0.35906852
v 1.33471237 1.43707721 0.31898104
v 1.11404454 1.45219329 0.36044808
v 1.33502495 1.4380457 0.32036061
v 1.11435793 1.45232689 0.36212878
v 1.33533834 1.4381793 0.32204131
v 1.11458843 1.45158981 0.36365934
v 1.33556884 1.43744222 0.32357187
v 1.11467434 1.45017937 0.36462995
v 1.33565465 1.43603178 0.32454248
v 1.11459267 1.44847368 0.36478093
v 1.33557268 1.43432569 0.32469345
v 1.11436519 1.44692913 0.3640717
v 1.3353451 1.43278165 0.32398422
v 1.41599376 1.5744468 -0.06602315
v 1.22299847 1.6378982 -0.16280284
v 1.22364853 1.63946131 -0.16307394
v 1.41664332 1.57600991 -0.06629424
v 1.22391332 1.64107099 -0.16254656
v 1.41690811 1.57762 -0.06576686
v 1.22372214 1.6422957 -0.16136237
v 1.41671693 1.57884481 -0.06458267
v 1.22312622 1.64280743 -0.15983817
v 1.41612101 1.57935653 -0.06305889
v 1.22228508 1.64246914 -0.15838332
v 1.41528027 1.57901814 -0.06160361
v 1.22142437 1.64137117 -0.15738649
v 1.41441916 1.57792028 -0.06060679
v 1.22077441 1.63980807 -0.15711582
v 1.4137696 1.57635717 -0.06033612
v 1.22050962 1.63819848 -0.15764278
v 1.41350481 1.57474708 -0.0608635
v 1.2207008 1.63697367 -0.15882738
v 1.41369599 1.57352227 -0.06204768
v 1.22129672 1.63646154 -0.16035116
v 1.41429191 1.57301055 -0.06357147
v 1.22213786 1.63679983 -0.16180644
v 1.41513265 1.57334894 -0.06502674
v 1.38368122 1.51751987 -0.2240529
v 1.23026344 1.65069706 -0.1272732
v 1.22925441 1.64933733 -0.12700253
v 1.38267219 1.51616065 -0.22378222
v 1.22800802 1.64828515 -0.12752991
v 1.3814258 1.51510796 -0.22430962
v 1.22685813 1.64782122 -0.1287141
v 1.38027591 1.51464443 -0.2254938
v 1.22611328 1.64807027 -0.13023788
v 1.37953116 1.51489349 -0.22701758
v 1.22597292 1.64896607 -0.13169315
v 1.3793907 1.51578928 -0.22847286
v 1.22647406 1.65026781 -0.13268998
v 1.37989184 1.51709103 -0.22946927
v 1.22748319 1.65162703 -0.13296065
v 1.38090097 1.51845035 -0.22974035
v 1.22872948 1.65267972 -0.13243326
v 1.38214735 1.51950294 -0.22921297
v 1.22987947 1.65314325 -0.13124909
v 1.38329725 1.51996646 -0.22802877
v 1.23062422 1.65289409 -0.12972529
v 1.384042 1.51971741 -0.22650457
v 1.23076458 1.6519984 -0.12827002
v 1.38418245 1.51882161 -0.22504973
v 1.19184106 1.17954243 -0.38806234
v 0.97086064 1.19369002 -0.34797444
v 0.97054766 1.19355642 -0.34965471
v 1.19152767 1.17940883 -0.38974261
v 0.97031716 1.1942935 -0.3511857
v 1.19129717 1.18014601 -0.39127317
v 0.97023135 1.19570395 -0.35215628
v 1.19121126 1.18155646 -0.39224376
v 0.97031292 1.19741003 -0.35230728
v 1.19129334 1.18326204 -0.39239476
v 0.9705405 1.19895418 -0.35159802
v 1.19152092 1.18480659 -0.3916855
v 0.97085308 1.19992267 -0.35021803
v 1.19183299 1.18577508 -0.39030594
v 0.97116647 1.20005628 -0.34853776
v 1.19214638 1.18590869 -0.38862524
v 0.97139687 1.19931909 -0.34700723
v 1.19237688 1.1851715 -0.3870947
v 0.97148278 1.19790865 -0.34603661
v 1.19246269 1.18376106 -0.38612409
v 0.9714007 1.19620307 -0.34588564
v 1.19238112 1.18205507 -0.38597312
v 0.97117323 1.19465852 -0.34659487
v 1.19215313 1.18051093 -0.38668235
v 1.11383229 1.04210901 -0.32260423
v 0.98839963 1.2245891 -0.3626917
v 0.98835355 1.22492658 -0.36101143
v 1.11378621 1.04244649 -0.32092353
v 0.98760245 1.2247464 -0.35948087
v 1.11303511 1.04226631 -0.31939297
v 0.98634759 1.22409724 -0.35850983
v 1.11177985 1.04161715 -0.31842236
v 0.98492495 1.22315244 -0.35835886
v 1.1103575 1.04067235 -0.31827138
v 0.98371577 1.22216539 -0.35906809
v 1.10914842 1.0396852 -0.31898061
v 0.98304422 1.22140068 -0.36044808
v 1.10847678 1.03892059 -0.32036061
v 0.9830899 1.22106319 -0.36212835
v 1.10852246 1.0385831 -0.32204088
v 0.983841 1.22124338 -0.36365891
v 1.10927356 1.03876288 -0.32357144
v 0.98509616 1.22189254 -0.36462995
v 1.11052882 1.03941245 -0.32454205
v 0.98651891 1.22283734 -0.3647805
v 1.11195156 1.04035725 -0.32469302
v 0.98772799 1.22382448 -0.36407127
v 1.11316064 1.04134389 -0.32398379
usemtl mat5
f 4812 4813 4814
f 4815 4816 4817
f 4815 4818 4816
f 4819 4817 4816
f 4819 4820 4817
f 4821 4822 4823
f 4824 4822 4821
f 4822 4825 4823
f 4822 4826 4825
f 4826 4824 4827
f 4826 4822 4824
f 4827 4821 4828
f 4827 4824 4821
f 4828 4823 4825
f 4828 4821 4823
f 4826 4828 4825
f 4826 4827 4828
f 4829 4830 4831
f 4829 4832 4830
f 4833 4832 4829
f 4833 4834 4832
f 4835 4834 4833
f 4835 4836 4834
f 4836 4837 4838
f 4836 4835 4837
f 4838 4839 4840
f 4838 4837 4839
f 4840 4841 4842
f 4840 4839 4841
f 4842 4843 4844
f 4842 4841 4843
f 4844 4845 4846
f 4844 4843 4845
f 4846 4847 4848
f 4846 4845 4847
f 4849 4848 4847
f 4849 4850 4848
f 4851 4850 4849
f 4851 4852 4850
f 4831 4852 4851
f 4831 4830 4852
f 4853 4854 4855
f 4853 4856 4854
f 4857 4856 4853
f 4857 4858 4856
f 4859 4858 4857
f 4859 4860 4858
f 4860 4861 4862
f 4860 4859 4861
f 4862 4863 4864
f 4862 4861 4863
f 4864 4865 4866
f 4864 4863 4865
f 4866 4867 4868
f 4866 4865 4867
f 4868 4869 4870
f 4868 4867 4869
f 4870 4871 4872
f 4870 4869 4871
f 4873 4872 4871
f 4873 4874 4872
f 4875 4874 4873
f 4875 4876 4874
f 4855 4876 4875
f 4855 4854 4876
f 4877 4878 4879
f 4877 4880 4878
f 4881 4877 4879
f 4882 4877 4881
f 4883 4882 4881
f 4884 4882 4883
f 4885 4884 4883
f 4886 4884 4885
f 4887 4885 4888
f 4887 4886 4885
f 4880 4888 4878
f 4880 4887 4888
f 4889 4877 4890
f 4891 4877 4889
f 4877 4892 4890
f 4877 4893 4892
f 4893 4894 4892
f 4893 4895 4894
f 4895 4896 4894
f 4895 4897 4896
f 4896 4898 4899
f 4897 4898 4896
f 4899 4891 4889
f 4898 4891 4899
f 4900 4901 4902
f 4903 4901 4900
f 4902 4904 4905
f 4901 4904 4902
f 4904 4906 4905
f 4904 4907 4906
f 4907 4908 4906
f 4907 4909 4908
f 4909 4910 4908
f 4909 4911 4910
f 4910 4903 4900
f 4911 4903 4910
f 4912 4913 4914
f 4912 4915 4913
f 4916 4914 4917
f 4916 4912 4914
f 4918 4916 4917
f 4919 4916 4918
f 4920 4919 4918
f 4921 4919 4920
f 4910 4921 4920
f 4922 4921 4910
f 4915 4910 4913
f 4915 4922 4910
f 4923 4924 4925
f 4923 4926 4924
f 4927 4925 4928
f 4927 4923 4925
f 4929 4927 4928
f 4930 4927 4929
f 4931 4930 4929
f 4932 4930 4931
f 4933 4932 4931
f 4934 4932 4933
f 4926 4933 4924
f 4926 4934 4933
f 4935 4936 4925
f 4937 4936 4935
f 4925 4938 4939
f 4936 4938 4925
f 4938 4940 4939
f 4938 4941 4940
f 4941 4942 4940
f 4941 4943 4942
f 4943 4944 4942
f 4943 4945 4944
f 4944 4937 4935
f 4945 4937 4944
f 4946 4947 4948
f 4949 4947 4946
f 4950 4951 4952
f 4950 4953 4951
f 4947 4954 4948
f 4947 4955 4954
f 4956 4950 4952
f 4957 4950 4956
f 4958 4949 4946
f 4959 4949 4958
f 4953 4960 4951
f 4953 4961 4960
f 4955 4962 4954
f 4955 4963 4962
f 4964 4957 4956
f 4965 4957 4964
f 4966 4959 4958
f 4967 4959 4966
f 4963 4966 4962
f 4963 4967 4966
f 4961 4968 4960
f 4961 4969 4968
f 4968 4965 4964
f 4969 4965 4968
f 4970 4971 4972
f 4970 4973 4971
f 4974 4970 4972
f 4975 4970 4974
f 4973 4976 4971
f 4973 4977 4976
f 4978 4975 4974
f 4979 4975 4978
f 4977 4980 4976
f 4977 4981 4980
f 4980 4979 4978
f 4981 4979 4980
f 4982 4983 4984
f 4985 4983 4982
f 4983 4986 4984
f 4983 4987 4986
f 4988 4985 4982
f 4989 4985 4988
f 4987 4990 4986
f 4987 4991 4990
f 4992 4989 4988
f 4993 4989 4992
f 4991 4992 4990
f 4991 4993 4992
f 4994 4995 4996
f 4994 4997 4995
f 4998 4994 4996
f 4999 4994 4998
f 5000 4999 4998
f 5001 4999 5000
f 5002 5001 5000
f 5003 5001 5002
f 5004 5003 5002
f 5005 5003 5004
f 4997 5004 4995
f 4997 5005 5004
f 5006 5007 5008
f 5006 5009 5007
f 5010 5006 5008
f 5011 5006 5010
f 5012 5011 5010
f 5013 5011 5012
f 5014 5013 5012
f 5015 5013 5014
f 5016 5014 5017
f 5016 5015 5014
f 5009 5017 5007
f 5009 5016 5017
f 5018 5019 5020
f 5021 5019 5018
f 5019 5022 5020
f 5019 5023 5022
f 5023 5024 5022
f 5023 5025 5024
f 5025 5026 5024
f 5025 5027 5026
f 5027 5028 5026
f 5027 5029 5028
f 5028 5021 5018
f 5029 5021 5028
f 5030 5031 5032
f 5033 5031 5030
f 5031 5034 5032
f 5031 5035 5034
f 5035 5036 5034
f 5035 5037 5036
f 5037 5038 5036
f 5037 5039 5038
f 5038 5040 5041
f 5039 5040 5038
f 5041 5033 5030
f 5040 5033 5041
f 5042 5043 5044
f 5042 5045 5043
f 5046 5042 5044
f 5047 5042 5046
f 5048 5047 5046
f 5049 5047 5048
f 5050 5049 5048
f 5051 5049 5050
f 5052 5050 5053
f 5052 5051 5050
f 5045 5053 5043
f 5045 5052 5053
f 5054 5055 5056
f 5057 5055 5054
f 5055 5058 5056
f 5055 5059 5058
f 5059 5060 5058
f 5059 5061 5060
f 5061 5062 5060
f 5061 5063 5062
f 5062 5064 5065
f 5063 5064 5062
f 5065 5057 5054
f 5064 5057 5065
f 5066 5067 5068
f 5069 5067 5066
f 5070 5066 5071
f 5070 5069 5066
f 5068 5072 5073
f 5067 5072 5068
f 5074 5071 5075
f 5074 5070 5071
f 5073 5076 5077
f 5072 5076 5073
f 5076 5075 5077
f 5076 5074 5075
f 5078 5079 5080
f 5078 5081 5079
f 5079 5082 5083
f 5081 5082 5079
f 5084 5080 5085
f 5084 5078 5080
f 5083 5086 5087
f 5082 5086 5083
f 5088 5085 5089
f 5088 5084 5085
f 5087 5088 5089
f 5086 5088 5087
f 5090 5091 5092
f 5090 5093 5091
f 5094 5090 5092
f 5095 5090 5094
f 5096 5095 5094
f 5097 5095 5096
f 5098 5097 5096
f 5099 5097 5098
f 5100 5098 5101
f 5100 5099 5098
f 5093 5101 5091
f 5093 5100 5101
f 5102 5103 5104
f 5102 5105 5103
f 5105 5106 5103
f 5105 5107 5106
f 5107 5108 5106
f 5107 5109 5108
f 5108 5110 5111
f 5109 5110 5108
f 5111 5112 5113
f 5110 5112 5111
f 5113 5102 5104
f 5112 5102 5113
f 5114 5115 5116
f 5117 5115 5114
f 5118 5117 5114
f 5119 5117 5118
f 5120 5119 5118
f 5121 5119 5120
f 5122 5120 5123
f 5122 5121 5120
f 5124 5123 5125
f 5124 5122 5123
f 5115 5125 5116
f 5115 5124 5125
f 5126 5127 5128
f 5129 5127 5126
f 5128 5130 5131
f 5127 5130 5128
f 5131 5132 5133
f 5130 5132 5131
f 5132 5134 5133
f 5132 5135 5134
f 5135 5136 5134
f 5135 5137 5136
f 5137 5126 5136
f 5137 5129 5126
f 5138 5139 5140
f 5141 5139 5138
f 5139 5142 5140
f 5139 5143 5142
f 5143 5144 5142
f 5143 5145 5144
f 5145 5146 5144
f 5145 5147 5146
f 5146 5148 5149
f 5147 5148 5146
f 5149 5141 5138
f 5148 5141 5149
f 5150 5151 5152
f 5150 5153 5151
f 5154 5152 5155
f 5154 5150 5152
f 5156 5155 5157
f 5156 5154 5155
f 5158 5156 5157
f 5159 5156 5158
f 5160 5159 5158
f 5161 5159 5160
f 5151 5161 5160
f 5153 5161 5151
f 5162 5163 5164
f 5162 5165 5163
f 5166 5162 5164
f 5167 5162 5166
f 5168 5167 5166
f 5169 5167 5168
f 5170 5169 5168
f 5171 5169 5170
f 5172 5170 5173
f 5172 5171 5170
f 5165 5173 5163
f 5165 5172 5173
f 5174 5175 5176
f 5177 5175 5174
f 5176 5178 5179
f 5175 5178 5176
f 5178 5180 5179
f 5178 5181 5180
f 5181 5182 5180
f 5181 5183 5182
f 5183 5184 5182
f 5183 5185 5184
f 5184 5177 5174
f 5185 5177 5184
f 5186 5187 5188
f 5186 5189 5187
f 5190 5188 5191
f 5190 5186 5188
f 5192 5190 5191
f 5193 5190 5192
f 5194 5193 5192
f 5195 5193 5194
f 5196 5195 5194
f 5197 5195 5196
f 5189 5196 5187
f 5189 5197 5196
f 5198 5199 5200
f 5201 5199 5198
f 5202 5201 5198
f 5203 5201 5202
f 5204 5203 5202
f 5205 5203 5204
f 5206 5204 5207
f 5206 5205 5204
f 5208 5207 5209
f 5208 5206 5207
f 5199 5209 5200
f 5199 5208 5209
f 5210 5211 5212
f 5210 5213 5211
f 5213 5214 5211
f 5213 5215 5214
f 5215 5216 5214
f 5215 5217 5216
f 5216 5218 5219
f 5217 5218 5216
f 5219 5220 5221
f 5218 5220 5219
f 5221 5210 5212
f 5220 5210 5221
f 5222 5223 5224
f 5222 5225 5223
f 5226 5224 5227
f 5226 5222 5224
f 5228 5226 5227
f 5229 5226 5228
f 5230 5229 5228
f 5231 5229 5230
f 5232 5231 5230
f 5233 5231 5232
f 5225 5232 5223
f 5225 5233 5232
f 5234 5235 5236
f 5237 5235 5234
f 5236 5238 5239
f 5235 5238 5236
f 5238 5240 5239
f 5238 5241 5240
f 5241 5242 5240
f 5241 5243 5242
f 5243 5244 5242
f 5243 5245 5244
f 5244 5237 5234
f 5245 5237 5244
f 5246 5247 5248
f 5249 5247 5246
f 5248 5250 5251
f 5247 5250 5248
f 5251 5252 5253
f 5250 5252 5251
f 5252 5254 5253
f 5252 5255 5254
f 5255 5256 5254
f 5255 5257 5256
f 5257 5246 5256
f 5257 5249 5246
f 5258 5259 5260
f 5258 5261 5259
f 5262 5260 5263
f 5262 5258 5260
f 5264 5263 5265
f 5264 5262 5263
f 5266 5264 5265
f 5267 5264 5266
f 5268 5267 5266
f 5269 5267 5268
f 5259 5269 5268
f 5261 5269 5259
f 5270 5271 5272
f 5270 5273 5271
f 5272 5274 5275
f 5272 5271 5274
f 5274 5276 5275
f 5277 5276 5274
f 5277 5278 5276
f 5279 5278 5277
f 5280 5278 5279
f 5280 5281 5278
f 5273 5281 5280
f 5270 5281 5273
f 5282 5283 5284
f 5282 5285 5283
f 5286 5287 5288
f 5286 5289 5287
f 4847 4845 4849
f 4850 4846 4848
f 4874 4870 4872
f 4871 4869 4873
f 4814 5290 5291
f 4814 5292 5290
f 5293 5292 4814
f 5293 5294 5292
f 5295 5291 5290
f 5295 5296 5291
f 5294 5296 5295
f 5294 5293 5296
f 5297 5298 5299
f 5297 5300 5298
f 5301 5299 5298
f 5301 5302 5299
f 5297 5292 5300
f 5300 5292 5294
f 5302 5301 5290
f 5301 5295 5290
f 4813 5303 5304
f 4813 4812 5303
f 5305 5304 5303
f 5305 5306 5304
f 4813 5293 4814
f 5305 5291 5306
f 5306 5291 5296
f 5307 5308 5309
f 5307 5310 5308
f 5310 5311 5308
f 5310 5312 5311
f 5313 5310 5307
f 5313 5312 5310
f 5314 5307 5309
f 5313 5307 5314
f 5311 5309 5308
f 5311 5314 5309
f 5312 5314 5311
f 5312 5313 5314
f 4820 4815 4817
f 5315 4815 4820
f 5315 4818 4815
f 5315 5316 4818
f 4818 4819 4816
f 4818 5316 4819
f 5316 4820 4819
f 5316 5315 4820
f 5283 5317 5286
f 5283 5285 5317
f 5318 5284 5289
f 5282 5284 5318
f 5289 5319 5287
f 5289 5284 5319
f 5320 5286 5288
f 5283 5286 5320
f 5284 5320 5319
f 5284 5283 5320
f 4812 4814 5291
f 4812 5291 5305
f 5303 4812 5305
f 5296 5293 4813
f 5306 5296 4813
f 5306 4813 5304
f 5290 5292 5297
f 5302 5290 5297
f 5302 5297 5299
f 5300 5294 5295
f 5300 5295 5301
f 5298 5300 5301
f 4845 4851 4849
f 4845 4843 4851
f 4843 4831 4851
f 4843 4841 4831
f 4841 4829 4831
f 4841 4839 4829
f 4839 4833 4829
f 4839 4837 4833
f 4837 4835 4833
f 4850 4852 4846
f 4852 4844 4846
f 4852 4830 4844
f 4830 4842 4844
f 4830 4832 4842
f 4832 4840 4842
f 4832 4834 4840
f 4834 4838 4840
f 4834 4836 4838
f 4874 4876 4870
f 4876 4868 4870
f 4876 4854 4868
f 4854 4866 4868
f 4854 4856 4866
f 4856 4864 4866
f 4856 4858 4864
f 4858 4862 4864
f 4858 4860 4862
f 4869 4875 4873
f 4867 4875 4869
f 4855 4875 4867
f 4867 4865 4855
f 4865 4853 4855
f 4865 4863 4853
f 4863 4857 4853
f 4863 4861 4857
f 4861 4859 4857
f 5321 5322 5323
f 5321 5323 5324
f 5322 5321 5325
f 5322 5325 5326
f 5322 5327 5328
f 5322 5328 5323
f 5327 5322 5326
f 5327 5326 5329
f 5327 5321 5324
f 5327 5324 5328
f 5321 5327 5329
f 5321 5329 5325
f 5330 5331 5332
f 5330 5332 5333
f 5331 5330 5334
f 5331 5334 5335
f 5331 5336 5337
f 5331 5337 5332
f 5336 5331 5335
f 5336 5335 5338
f 5336 5330 5333
f 5336 5333 5337
f 5330 5336 5338
f 5330 5338 5334
f 5339 5340 5341
f 5339 5341 5342
f 5340 5339 5343
f 5340 5343 5344
f 5340 5345 5332
f 5340 5332 5341
f 5345 5340 5344
f 5345 5344 5335
f 5345 5339 5342
f 5345 5342 5332
f 5339 5345 5335
f 5339 5335 5343
f 5346 5347 5324
f 5346 5324 5348
f 5347 5346 5349
f 5347 5349 5325
f 5347 5350 5328
f 5347 5328 5324
f 5350 5347 5325
f 5350 5325 5329
f 5350 5346 5348
f 5350 5348 5328
f 5346 5350 5329
f 5346 5329 5349
f 5351 5352 5353
f 5351 5353 5332
f 5352 5351 5335
f 5352 5335 5354
f 5352 5355 5337
f 5352 5337 5353
f 5355 5352 5354
f 5355 5354 5338
f 5355 5351 5332
f 5355 5332 5337
f 5351 5355 5338
f 5351 5338 5335
f 5356 5357 5324
f 5356 5324 5358
f 5357 5356 5359
f 5357 5359 5325
f 5357 5360 5361
f 5357 5361 5324
f 5360 5357 5325
f 5360 5325 5362
f 5360 5356 5358
f 5360 5358 5361
f 5356 5360 5362
f 5356 5362 5359
f 5363 5364 5365
f 5363 5365 5333
f 5364 5363 5334
f 5364 5334 5366
f 5364 5367 5342
f 5364 5342 5365
f 5367 5364 5366
f 5367 5366 5343
f 5367 5363 5333
f 5367 5333 5342
f 5363 5367 5343
f 5363 5343 5334
f 5368 5369 5370
f 5368 5370 5333
f 5369 5368 5334
f 5369 5334 5371
f 5369 5372 5373
f 5369 5373 5370
f 5372 5369 5371
f 5372 5371 5374
f 5372 5368 5333
f 5372 5333 5373
f 5368 5372 5374
f 5368 5374 5334
f 5375 5376 5377
f 5375 5377 5378
f 5376 5375 5379
f 5376 5379 5380
f 5376 5381 5370
f 5376 5370 5377
f 5381 5376 5380
f 5381 5380 5371
f 5381 5375 5378
f 5381 5378 5370
f 5375 5381 5371
f 5375 5371 5379
f 5382 5383 5384
f 5382 5384 5385
f 5383 5382 5386
f 5383 5386 5387
f 5383 5388 5377
f 5383 5377 5384
f 5388 5383 5387
f 5388 5387 5380
f 5388 5382 5385
f 5388 5385 5377
f 5382 5388 5380
f 5382 5380 5386
f 5389 5390 5391
f 5389 5391 5392
f 5390 5389 5393
f 5390 5393 5394
f 5390 5395 5384
f 5390 5384 5391
f 5395 5390 5394
f 5395 5394 5387
f 5395 5389 5392
f 5395 5392 5384
f 5389 5395 5387
f 5389 5387 5393
f 5396 5397 5398
f 5396 5398 5399
f 5397 5396 5400
f 5397 5400 5401
f 5397 5402 5391
f 5397 5391 5398
f 5402 5397 5401
f 5402 5401 5394
f 5402 5396 5399
f 5402 5399 5391
f 5396 5402 5394
f 5396 5394 5400
f 5403 5404 5405
f 5403 5405 5406
f 5404 5403 5407
f 5404 5407 5408
f 5404 5409 5398
f 5404 5398 5405
f 5409 5404 5408
f 5409 5408 5401
f 5409 5403 5406
f 5409 5406 5398
f 5403 5409 5401
f 5403 5401 5407
f 5410 5411 5361
f 5410 5361 5412
f 5411 5410 5413
f 5411 5413 5362
f 5411 5414 5405
f 5411 5405 5361
f 5414 5411 5362
f 5414 5362 5408
f 5414 5410 5412
f 5414 5412 5405
f 5410 5414 5408
f 5410 5408 5413
f 5415 5416 5348
f 5415 5348 5323
f 5416 5415 5326
f 5416 5326 5349
f 5416 5417 5328
f 5416 5328 5348
f 5417 5416 5349
f 5417 5349 5329
f 5417 5415 5323
f 5417 5323 5328
f 5415 5417 5329
f 5415 5329 5326
f 5418 5419 5420
f 5418 5420 5421
f 5419 5418 5422
f 5419 5422 5423
f 5419 5424 5348
f 5419 5348 5420
f 5424 5419 5423
f 5424 5423 5349
f 5424 5418 5421
f 5424 5421 5348
f 5418 5424 5349
f 5418 5349 5422
f 5425 5426 5427
f 5425 5427 5428
f 5426 5425 5429
f 5426 5429 5430
f 5426 5431 5420
f 5426 5420 5427
f 5431 5426 5430
f 5431 5430 5423
f 5431 5425 5428
f 5431 5428 5420
f 5425 5431 5423
f 5425 5423 5429
f 5432 5433 5434
f 5432 5434 5435
f 5433 5432 5436
f 5433 5436 5437
f 5433 5438 5427
f 5433 5427 5434
f 5438 5433 5437
f 5438 5437 5430
f 5438 5432 5435
f 5438 5435 5427
f 5432 5438 5430
f 5432 5430 5436
f 5439 5440 5441
f 5439 5441 5442
f 5440 5439 5443
f 5440 5443 5444
f 5440 5445 5434
f 5440 5434 5441
f 5445 5440 5444
f 5445 5444 5437
f 5445 5439 5442
f 5445 5442 5434
f 5439 5445 5437
f 5439 5437 5443
f 5446 5447 5448
f 5446 5448 5449
f 5447 5446 5450
f 5447 5450 5451
f 5447 5452 5441
f 5447 5441 5448
f 5452 5447 5451
f 5452 5451 5444
f 5452 5446 5449
f 5452 5449 5441
f 5446 5452 5444
f 5446 5444 5450
f 5453 5454 5455
f 5453 5455 5456
f 5454 5453 5457
f 5454 5457 5458
f 5454 5459 5448
f 5454 5448 5455
f 5459 5454 5458
f 5459 5458 5451
f 5459 5453 5456
f 5459 5456 5448
f 5453 5459 5451
f 5453 5451 5457
f 5460 5461 5353
f 5460 5353 5462
f 5461 5460 5463
f 5461 5463 5354
f 5461 5464 5455
f 5461 5455 5353
f 5464 5461 5354
f 5464 5354 5458
f 5464 5460 5462
f 5464 5462 5455
f 5460 5464 5458
f 5460 5458 5463
f 5465 5466 5353
f 5465 5353 5365
f 5466 5465 5366
f 5466 5366 5354
f 5466 5467 5341
f 5466 5341 5353
f 5467 5466 5354
f 5467 5354 5344
f 5467 5465 5365
f 5467 5365 5341
f 5465 5467 5344
f 5465 5344 5366
f 5468 5469 5370
f 5468 5370 5353
f 5469 5468 5354
f 5469 5354 5371
f 5469 5470 5455
f 5469 5455 5370
f 5470 5469 5371
f 5470 5371 5458
f 5470 5468 5353
f 5470 5353 5455
f 5468 5470 5458
f 5468 5458 5354
f 5471 5472 5377
f 5471 5377 5455
f 5472 5471 5458
f 5472 5458 5380
f 5472 5473 5448
f 5472 5448 5377
f 5473 5472 5380
f 5473 5380 5451
f 5473 5471 5455
f 5473 5455 5448
f 5471 5473 5451
f 5471 5451 5458
f 5474 5475 5384
f 5474 5384 5448
f 5475 5474 5451
f 5475 5451 5387
f 5475 5476 5441
f 5475 5441 5384
f 5476 5475 5387
f 5476 5387 5444
f 5476 5474 5448
f 5476 5448 5441
f 5474 5476 5444
f 5474 5444 5451
f 5477 5478 5391
f 5477 5391 5441
f 5478 5477 5444
f 5478 5444 5394
f 5478 5479 5434
f 5478 5434 5391
f 5479 5478 5394
f 5479 5394 5437
f 5479 5477 5441
f 5479 5441 5434
f 5477 5479 5437
f 5477 5437 5444
f 5480 5481 5398
f 5480 5398 5434
f 5481 5480 5437
f 5481 5437 5401
f 5481 5482 5427
f 5481 5427 5398
f 5482 5481 5401
f 5482 5401 5430
f 5482 5480 5434
f 5482 5434 5427
f 5480 5482 5430
f 5480 5430 5437
f 5483 5484 5405
f 5483 5405 5427
f 5484 5483 5430
f 5484 5430 5408
f 5484 5485 5420
f 5484 5420 5405
f 5485 5484 5408
f 5485 5408 5423
f 5485 5483 5427
f 5485 5427 5420
f 5483 5485 5423
f 5483 5423 5430
f 5486 5487 5361
f 5486 5361 5420
f 5487 5486 5423
f 5487 5423 5362
f 5487 5488 5348
f 5487 5348 5361
f 5488 5487 5362
f 5488 5362 5349
f 5488 5486 5420
f 5488 5420 5348
f 5486 5488 5349
f 5486 5349 5423
f 5489 5490 5358
f 5489 5358 5323
f 5490 5489 5326
f 5490 5326 5359
f 5490 5491 5421
f 5490 5421 5358
f 5491 5490 5359
f 5491 5359 5422
f 5491 5489 5323
f 5491 5323 5421
f 5489 5491 5422
f 5489 5422 5326
f 5492 5493 5412
f 5492 5412 5421
f 5493 5492 5422
f 5493 5422 5413
f 5493 5494 5428
f 5493 5428 5412
f 5494 5493 5413
f 5494 5413 5429
f 5494 5492 5421
f 5494 5421 5428
f 5492 5494 5429
f 5492 5429 5422
f 5495 5496 5406
f 5495 5406 5428
f 5496 5495 5429
f 5496 5429 5407
f 5496 5497 5435
f 5496 5435 5406
f 5497 5496 5407
f 5497 5407 5436
f 5497 5495 5428
f 5497 5428 5435
f 5495 5497 5436
f 5495 5436 5429
f 5498 5499 5399
f 5498 5399 5435
f 5499 5498 5436
f 5499 5436 5400
f 5499 5500 5442
f 5499 5442 5399
f 5500 5499 5400
f 5500 5400 5443
f 5500 5498 5435
f 5500 5435 5442
f 5498 5500 5443
f 5498 5443 5436
f 5501 5502 5392
f 5501 5392 5442
f 5502 5501 5443
f 5502 5443 5393
f 5502 5503 5449
f 5502 5449 5392
f 5503 5502 5393
f 5503 5393 5450
f 5503 5501 5442
f 5503 5442 5449
f 5501 5503 5450
f 5501 5450 5443
f 5504 5505 5385
f 5504 5385 5449
f 5505 5504 5450
f 5505 5450 5386
f 5505 5506 5456
f 5505 5456 5385
f 5506 5505 5386
f 5506 5386 5457
f 5506 5504 5449
f 5506 5449 5456
f 5504 5506 5457
f 5504 5457 5450
f 5507 5508 5378
f 5507 5378 5456
f 5508 5507 5457
f 5508 5457 5379
f 5508 5509 5462
f 5508 5462 5378
f 5509 5508 5379
f 5509 5379 5463
f 5509 5507 5456
f 5509 5456 5462
f 5507 5509 5463
f 5507 5463 5457
f 5510 5511 5333
f 5510 5333 5462
f 5511 5510 5463
f 5511 5463 5334
f 5511 5512 5337
f 5511 5337 5333
f 5512 5511 5334
f 5512 5334 5338
f 5512 5510 5462
f 5512 5462 5337
f 5510 5512 5338
f 5510 5338 5463
f 5513 5514 5515
f 5513 5515 5324
f 5514 5513 5325
f 5514 5325 5516
f 5514 5517 5323
f 5514 5323 5515
f 5517 5514 5516
f 5517 5516 5326
f 5517 5513 5324
f 5517 5324 5323
f 5513 5517 5326
f 5513 5326 5325
f 5518 5519 5342
f 5518 5342 5333
f 5519 5518 5334
f 5519 5334 5343
f 5519 5520 5332
f 5519 5332 5342
f 5520 5519 5343
f 5520 5343 5335
f 5520 5518 5333
f 5520 5333 5332
f 5518 5520 5335
f 5518 5335 5334
f 5521 5522 5365
f 5521 5365 5342
f 5522 5521 5343
f 5522 5343 5366
f 5522 5523 5341
f 5522 5341 5365
f 5523 5522 5366
f 5523 5366 5344
f 5523 5521 5342
f 5523 5342 5341
f 5521 5523 5344
f 5521 5344 5343
f 5524 5525 5361
f 5524 5361 5348
f 5525 5524 5349
f 5525 5349 5362
f 5525 5526 5324
f 5525 5324 5361
f 5526 5525 5362
f 5526 5362 5325
f 5526 5524 5348
f 5526 5348 5324
f 5524 5526 5325
f 5524 5325 5349
f 5527 5528 5341
f 5527 5341 5332
f 5528 5527 5335
f 5528 5335 5344
f 5528 5529 5353
f 5528 5353 5341
f 5529 5528 5344
f 5529 5344 5354
f 5529 5527 5332
f 5529 5332 5353
f 5527 5529 5354
f 5527 5354 5335
f 5530 5531 5515
f 5530 5515 5358
f 5531 5530 5359
f 5531 5359 5516
f 5531 5532 5324
f 5531 5324 5515
f 5532 5531 5516
f 5532 5516 5325
f 5532 5530 5358
f 5532 5358 5324
f 5530 5532 5325
f 5530 5325 5359
f 5533 5534 5373
f 5533 5373 5333
f 5534 5533 5334
f 5534 5334 5374
f 5534 5535 5365
f 5534 5365 5373
f 5535 5534 5374
f 5535 5374 5366
f 5535 5533 5333
f 5535 5333 5365
f 5533 5535 5366
f 5533 5366 5334
f 5536 5537 5378
f 5536 5378 5333
f 5537 5536 5334
f 5537 5334 5379
f 5537 5538 5370
f 5537 5370 5378
f 5538 5537 5379
f 5538 5379 5371
f 5538 5536 5333
f 5538 5333 5370
f 5536 5538 5371
f 5536 5371 5334
f 5539 5540 5385
f 5539 5385 5378
f 5540 5539 5379
f 5540 5379 5386
f 5540 5541 5377
f 5540 5377 5385
f 5541 5540 5386
f 5541 5386 5380
f 5541 5539 5378
f 5541 5378 5377
f 5539 5541 5380
f 5539 5380 5379
f 5542 5543 5392
f 5542 5392 5385
f 5543 5542 5386
f 5543 5386 5393
f 5543 5544 5384
f 5543 5384 5392
f 5544 5543 5393
f 5544 5393 5387
f 5544 5542 5385
f 5544 5385 5384
f 5542 5544 5387
f 5542 5387 5386
f 5545 5546 5399
f 5545 5399 5392
f 5546 5545 5393
f 5546 5393 5400
f 5546 5547 5391
f 5546 5391 5399
f 5547 5546 5400
f 5547 5400 5394
f 5547 5545 5392
f 5547 5392 5391
f 5545 5547 5394
f 5545 5394 5393
f 5548 5549 5406
f 5548 5406 5399
f 5549 5548 5400
f 5549 5400 5407
f 5549 5550 5398
f 5549 5398 5406
f 5550 5549 5407
f 5550 5407 5401
f 5550 5548 5399
f 5550 5399 5398
f 5548 5550 5401
f 5548 5401 5400
f 5551 5552 5412
f 5551 5412 5406
f 5552 5551 5407
f 5552 5407 5413
f 5552 5553 5405
f 5552 5405 5412
f 5553 5552 5413
f 5553 5413 5408
f 5553 5551 5406
f 5553 5406 5405
f 5551 5553 5408
f 5551 5408 5407
f 5554 5555 5358
f 5554 5358 5412
f 5555 5554 5413
f 5555 5413 5359
f 5555 5556 5361
f 5555 5361 5358
f 5556 5555 5359
f 5556 5359 5362
f 5556 5554 5412
f 5556 5412 5361
f 5554 5556 5362
f 5554 5362 5413
f 5557 5558 5421
f 5557 5421 5323
f 5558 5557 5326
f 5558 5326 5422
f 5558 5559 5348
f 5558 5348 5421
f 5559 5558 5422
f 5559 5422 5349
f 5559 5557 5323
f 5559 5323 5348
f 5557 5559 5349
f 5557 5349 5326
f 5560 5561 5428
f 5560 5428 5421
f 5561 5560 5422
f 5561 5422 5429
f 5561 5562 5420
f 5561 5420 5428
f 5562 5561 5429
f 5562 5429 5423
f 5562 5560 5421
f 5562 5421 5420
f 5560 5562 5423
f 5560 5423 5422
f 5563 5564 5435
f 5563 5435 5428
f 5564 5563 5429
f 5564 5429 5436
f 5564 5565 5427
f 5564 5427 5435
f 5565 5564 5436
f 5565 5436 5430
f 5565 5563 5428
f 5565 5428 5427
f 5563 5565 5430
f 5563 5430 5429
f 5566 5567 5442
f 5566 5442 5435
f 5567 5566 5436
f 5567 5436 5443
f 5567 5568 5434
f 5567 5434 5442
f 5568 5567 5443
f 5568 5443 5437
f 5568 5566 5435
f 5568 5435 5434
f 5566 5568 5437
f 5566 5437 5436
f 5569 5570 5449
f 5569 5449 5442
f 5570 5569 5443
f 5570 5443 5450
f 5570 5571 5441
f 5570 5441 5449
f 5571 5570 5450
f 5571 5450 5444
f 5571 5569 5442
f 5571 5442 5441
f 5569 5571 5444
f 5569 5444 5443
f 5572 5573 5456
f 5572 5456 5449
f 5573 5572 5450
f 5573 5450 5457
f 5573 5574 5448
f 5573 5448 5456
f 5574 5573 5457
f 5574 5457 5451
f 5574 5572 5449
f 5574 5449 5448
f 5572 5574 5451
f 5572 5451 5450
f 5575 5576 5462
f 5575 5462 5456
f 5576 5575 5457
f 5576 5457 5463
f 5576 5577 5455
f 5576 5455 5462
f 5577 5576 5463
f 5577 5463 5458
f 5577 5575 5456
f 5577 5456 5455
f 5575 5577 5458
f 5575 5458 5457
f 5578 5579 5337
f 5578 5337 5462
f 5579 5578 5463
f 5579 5463 5338
f 5579 5580 5353
f 5579 5353 5337
f 5580 5579 5338
f 5580 5338 5354
f 5580 5578 5462
f 5580 5462 5353
f 5578 5580 5354
f 5578 5354 5463
f 5581 5582 5373
f 5581 5373 5365
f 5582 5581 5366
f 5582 5366 5374
f 5582 5583 5353
f 5582 5353 5373
f 5583 5582 5374
f 5583 5374 5354
f 5583 5581 5365
f 5583 5365 5353
f 5581 5583 5354
f 5581 5354 5366
f 5584 5585 5373
f 5584 5373 5353
f 5585 5584 5354
f 5585 5354 5374
f 5585 5586 5370
f 5585 5370 5373
f 5586 5585 5374
f 5586 5374 5371
f 5586 5584 5353
f 5586 5353 5370
f 5584 5586 5371
f 5584 5371 5354
f 5587 5588 5370
f 5587 5370 5455
f 5588 5587 5458
f 5588 5458 5371
f 5588 5589 5377
f 5588 5377 5370
f 5589 5588 5371
f 5589 5371 5380
f 5589 5587 5455
f 5589 5455 5377
f 5587 5589 5380
f 5587 5380 5458
f 5590 5591 5377
f 5590 5377 5448
f 5591 5590 5451
f 5591 5451 5380
f 5591 5592 5384
f 5591 5384 5377
f 5592 5591 5380
f 5592 5380 5387
f 5592 5590 5448
f 5592 5448 5384
f 5590 5592 5387
f 5590 5387 5451
f 5593 5594 5384
f 5593 5384 5441
f 5594 5593 5444
f 5594 5444 5387
f 5594 5595 5391
f 5594 5391 5384
f 5595 5594 5387
f 5595 5387 5394
f 5595 5593 5441
f 5595 5441 5391
f 5593 5595 5394
f 5593 5394 5444
f 5596 5597 5391
f 5596 5391 5434
f 5597 5596 5437
f 5597 5437 5394
f 5597 5598 5398
f 5597 5398 5391
f 5598 5597 5394
f 5598 5394 5401
f 5598 5596 5434
f 5598 5434 5398
f 5596 5598 5401
f 5596 5401 5437
f 5599 5600 5398
f 5599 5398 5427
f 5600 5599 5430
f 5600 5430 5401
f 5600 5601 5405
f 5600 5405 5398
f 5601 5600 5401
f 5601 5401 5408
f 5601 5599 5427
f 5601 5427 5405
f 5599 5601 5408
f 5599 5408 5430
f 5602 5603 5405
f 5602 5405 5420
f 5603 5602 5423
f 5603 5423 5408
f 5603 5604 5361
f 5603 5361 5405
f 5604 5603 5408
f 5604 5408 5362
f 5604 5602 5420
f 5604 5420 5361
f 5602 5604 5362
f 5602 5362 5423
f 5605 5606 5515
f 5605 5515 5323
f 5606 5605 5326
f 5606 5326 5516
f 5606 5607 5358
f 5606 5358 5515
f 5607 5606 5516
f 5607 5516 5359
f 5607 5605 5323
f 5607 5323 5358
f 5605 5607 5359
f 5605 5359 5326
f 5608 5609 5358
f 5608 5358 5421
f 5609 5608 5422
f 5609 5422 5359
f 5609 5610 5412
f 5609 5412 5358
f 5610 5609 5359
f 5610 5359 5413
f 5610 5608 5421
f 5610 5421 5412
f 5608 5610 5413
f 5608 5413 5422
f 5611 5612 5412
f 5611 5412 5428
f 5612 5611 5429
f 5612 5429 5413
f 5612 5613 5406
f 5612 5406 5412
f 5613 5612 5413
f 5613 5413 5407
f 5613 5611 5428
f 5613 5428 5406
f 5611 5613 5407
f 5611 5407 5429
f 5614 5615 5406
f 5614 5406 5435
f 5615 5614 5436
f 5615 5436 5407
f 5615 5616 5399
f 5615 5399 5406
f 5616 5615 5407
f 5616 5407 5400
f 5616 5614 5435
f 5616 5435 5399
f 5614 5616 5400
f 5614 5400 5436
f 5617 5618 5399
f 5617 5399 5442
f 5618 5617 5443
f 5618 5443 5400
f 5618 5619 5392
f 5618 5392 5399
f 5619 5618 5400
f 5619 5400 5393
f 5619 5617 5442
f 5619 5442 5392
f 5617 5619 5393
f 5617 5393 5443
f 5620 5621 5392
f 5620 5392 5449
f 5621 5620 5450
f 5621 5450 5393
f 5621 5622 5385
f 5621 5385 5392
f 5622 5621 5393
f 5622 5393 5386
f 5622 5620 5449
f 5622 5449 5385
f 5620 5622 5386
f 5620 5386 5450
f 5623 5624 5385
f 5623 5385 5456
f 5624 5623 5457
f 5624 5457 5386
f 5624 5625 5378
f 5624 5378 5385
f 5625 5624 5386
f 5625 5386 5379
f 5625 5623 5456
f 5625 5456 5378
f 5623 5625 5379
f 5623 5379 5457
f 5626 5627 5378
f 5626 5378 5462
f 5627 5626 5463
f 5627 5463 5379
f 5627 5628 5333
f 5627 5333 5378
f 5628 5627 5379
f 5628 5379 5334
f 5628 5626 5462
f 5628 5462 5333
f 5626 5628 5334
f 5626 5334 5463
f 5629 5630 5631
f 5629 5631 5632
f 5632 5631 5633
f 5632 5633 5634
f 5634 5633 5635
f 5634 5635 5636
f 5636 5635 5630
f 5636 5630 5629
f 5632 5634 5637
f 5632 5637 5638
f 5633 5631 5630
f 5633 5630 5635
f 5638 5637 5639
f 5638 5639 5640
f 5629 5632 5638
f 5629 5638 5640
f 5634 5636 5639
f 5634 5639 5637
f 5629 5640 5641
f 5629 5641 5642
f 5636 5629 5642
f 5636 5642 5643
f 5639 5636 5643
f 5639 5643 5644
f 5640 5639 5644
f 5640 5644 5641
f 5645 5646 5647
f 5645 5647 5648
f 5646 5649 5650
f 5646 5650 5647
f 5649 5651 5652
f 5649 5652 5650
f 5651 5645 5648
f 5651 5648 5652
f 5646 5653 5654
f 5646 5654 5649
f 5650 5652 5648
f 5650 5648 5647
f 5653 5655 5656
f 5653 5656 5654
f 5645 5655 5653
f 5645 5653 5646
f 5649 5654 5656
f 5649 5656 5651
f 5645 5642 5641
f 5645 5641 5655
f 5643 5644 5641
f 5643 5641 5642
f 5651 5643 5642
f 5651 5642 5645
f 5656 5644 5643
f 5656 5643 5651
f 5655 5641 5644
f 5655 5644 5656
f 5657 5658 5659
f 5657 5659 5660
f 5661 5662 5658
f 5661 5658 5657
f 5663 5664 5662
f 5663 5662 5661
f 5665 5666 5664
f 5665 5664 5663
f 5667 5668 5666
f 5667 5666 5665
f 5669 5670 5668
f 5669 5668 5667
f 5671 5672 5670
f 5671 5670 5669
f 5673 5674 5672
f 5673 5672 5671
f 5675 5676 5674
f 5675 5674 5673
f 5677 5678 5676
f 5677 5676 5675
f 5679 5680 5678
f 5679 5678 5677
f 5660 5659 5680
f 5660 5680 5679
f 5658 5681 5682
f 5658 5682 5659
f 5662 5683 5681
f 5662 5681 5658
f 5664 5684 5683
f 5664 5683 5662
f 5666 5685 5684
f 5666 5684 5664
f 5668 5686 5685
f 5668 5685 5666
f 5670 5687 5686
f 5670 5686 5668
f 5672 5688 5687
f 5672 5687 5670
f 5674 5689 5688
f 5674 5688 5672
f 5676 5690 5689
f 5676 5689 5674
f 5678 5691 5690
f 5678 5690 5676
f 5680 5692 5691
f 5680 5691 5678
f 5659 5682 5692
f 5659 5692 5680
f 5681 5693 5694
f 5681 5694 5682
f 5683 5695 5693
f 5683 5693 5681
f 5684 5696 5695
f 5684 5695 5683
f 5685 5697 5696
f 5685 5696 5684
f 5686 5698 5697
f 5686 5697 5685
f 5687 5699 5698
f 5687 5698 5686
f 5688 5700 5699
f 5688 5699 5687
f 5689 5701 5700
f 5689 5700 5688
f 5690 5702 5701
f 5690 5701 5689
f 5691 5703 5702
f 5691 5702 5690
f 5692 5704 5703
f 5692 5703 5691
f 5682 5694 5704
f 5682 5704 5692
f 5693 5705 5706
f 5693 5706 5694
f 5695 5707 5705
f 5695 5705 5693
f 5696 5708 5707
f 5696 5707 5695
f 5697 5709 5708
f 5697 5708 5696
f 5698 5710 5709
f 5698 5709 5697
f 5699 5711 5710
f 5699 5710 5698
f 5700 5712 5711
f 5700 5711 5699
f 5701 5713 5712
f 5701 5712 5700
f 5702 5714 5713
f 5702 5713 5701
f 5703 5715 5714
f 5703 5714 5702
f 5704 5716 5715
f 5704 5715 5703
f 5694 5706 5716
f 5694 5716 5704
f 5705 5717 5718
f 5705 5718 5706
f 5707 5719 5717
f 5707 5717 5705
f 5708 5720 5719
f 5708 5719 5707
f 5709 5721 5720
f 5709 5720 5708
f 5710 5722 5721
f 5710 5721 5709
f 5711 5723 5722
f 5711 5722 5710
f 5712 5724 5723
f 5712 5723 5711
f 5713 5725 5724
f 5713 5724 5712
f 5714 5726 5725
f 5714 5725 5713
f 5715 5727 5726
f 5715 5726 5714
f 5716 5728 5727
f 5716 5727 5715
f 5706 5718 5728
f 5706 5728 5716
f 5717 5729 5730
f 5717 5730 5718
f 5719 5731 5729
f 5719 5729 5717
f 5720 5732 5731
f 5720 5731 5719
f 5721 5733 5732
f 5721 5732 5720
f 5722 5734 5733
f 5722 5733 5721
f 5723 5735 5734
f 5723 5734 5722
f 5724 5736 5735
f 5724 5735 5723
f 5725 5737 5736
f 5725 5736 5724
f 5726 5738 5737
f 5726 5737 5725
f 5727 5739 5738
f 5727 5738 5726
f 5728 5740 5739
f 5728 5739 5727
f 5718 5730 5740
f 5718 5740 5728
f 5729 5741 5742
f 5729 5742 5730
f 5731 5743 5741
f 5731 5741 5729
f 5732 5744 5743
f 5732 5743 5731
f 5733 5745 5744
f 5733 5744 5732
f 5734 5746 5745
f 5734 5745 5733
f 5735 5747 5746
f 5735 5746 5734
f 5736 5748 5747
f 5736 5747 5735
f 5737 5749 5748
f 5737 5748 5736
f 5738 5750 5749
f 5738 5749 5737
f 5739 5751 5750
f 5739 5750 5738
f 5740 5752 5751
f 5740 5751 5739
f 5730 5742 5752
f 5730 5752 5740
f 5741 5753 5754
f 5741 5754 5742
f 5743 5755 5753
f 5743 5753 5741
f 5744 5756 5755
f 5744 5755 5743
f 5745 5757 5756
f 5745 5756 5744
f 5746 5758 5757
f 5746 5757 5745
f 5747 5759 5758
f 5747 5758 5746
f 5748 5760 5759
f 5748 5759 5747
f 5749 5761 5760
f 5749 5760 5748
f 5750 5762 5761
f 5750 5761 5749
f 5751 5763 5762
f 5751 5762 5750
f 5752 5764 5763
f 5752 5763 5751
f 5742 5754 5764
f 5742 5764 5752
f 5753 5765 5766
f 5753 5766 5754
f 5755 5767 5765
f 5755 5765 5753
f 5756 5768 5767
f 5756 5767 5755
f 5757 5769 5768
f 5757 5768 5756
f 5758 5770 5769
f 5758 5769 5757
f 5759 5771 5770
f 5759 5770 5758
f 5760 5772 5771
f 5760 5771 5759
f 5761 5773 5772
f 5761 5772 5760
f 5762 5774 5773
f 5762 5773 5761
f 5763 5775 5774
f 5763 5774 5762
f 5764 5776 5775
f 5764 5775 5763
f 5754 5766 5776
f 5754 5776 5764
f 5765 5777 5778
f 5765 5778 5766
f 5767 5779 5777
f 5767 5777 5765
f 5768 5780 5779
f 5768 5779 5767
f 5769 5781 5780
f 5769 5780 5768
f 5770 5782 5781
f 5770 5781 5769
f 5771 5783 5782
f 5771 5782 5770
f 5772 5784 5783
f 5772 5783 5771
f 5773 5785 5784
f 5773 5784 5772
f 5774 5786 5785
f 5774 5785 5773
f 5775 5787 5786
f 5775 5786 5774
f 5776 5788 5787
f 5776 5787 5775
f 5766 5778 5788
f 5766 5788 5776
f 5789 5790 5791
f 5789 5791 5792
f 5793 5794 5790
f 5793 5790 5789
f 5795 5796 5794
f 5795 5794 5793
f 5797 5798 5796
f 5797 5796 5795
f 5799 5800 5798
f 5799 5798 5797
f 5801 5802 5800
f 5801 5800 5799
f 5803 5804 5802
f 5803 5802 5801
f 5805 5806 5804
f 5805 5804 5803
f 5807 5808 5806
f 5807 5806 5805
f 5809 5810 5808
f 5809 5808 5807
f 5811 5812 5810
f 5811 5810 5809
f 5792 5791 5812
f 5792 5812 5811
f 5790 5813 5814
f 5790 5814 5791
f 5794 5815 5813
f 5794 5813 5790
f 5796 5816 5815
f 5796 5815 5794
f 5798 5817 5816
f 5798 5816 5796
f 5800 5818 5817
f 5800 5817 5798
f 5802 5819 5818
f 5802 5818 5800
f 5804 5820 5819
f 5804 5819 5802
f 5806 5821 5820
f 5806 5820 5804
f 5808 5822 5821
f 5808 5821 5806
f 5810 5823 5822
f 5810 5822 5808
f 5812 5824 5823
f 5812 5823 5810
f 5791 5814 5824
f 5791 5824 5812
f 5813 5825 5826
f 5813 5826 5814
f 5815 5827 5825
f 5815 5825 5813
f 5816 5828 5827
f 5816 5827 5815
f 5817 5829 5828
f 5817 5828 5816
f 5818 5830 5829
f 5818 5829 5817
f 5819 5831 5830
f 5819 5830 5818
f 5820 5832 5831
f 5820 5831 5819
f 5821 5833 5832
f 5821 5832 5820
f 5822 5834 5833
f 5822 5833 5821
f 5823 5835 5834
f 5823 5834 5822
f 5824 5836 5835
f 5824 5835 5823
f 5814 5826 5836
f 5814 5836 5824
f 5825 5837 5838
f 5825 5838 5826
f 5827 5839 5837
f 5827 5837 5825
f 5828 5840 5839
f 5828 5839 5827
f 5829 5841 5840
f 5829 5840 5828
f 5830 5842 5841
f 5830 5841 5829
f 5831 5843 5842
f 5831 5842 5830
f 5832 5844 5843
f 5832 5843 5831
f 5833 5845 5844
f 5833 5844 5832
f 5834 5846 5845
f 5834 5845 5833
f 5835 5847 5846
f 5835 5846 5834
f 5836 5848 5847
f 5836 5847 5835
f 5826 5838 5848
f 5826 5848 5836
f 5837 5849 5850
f 5837 5850 5838
f 5839 5851 5849
f 5839 5849 5837
f 5840 5852 5851
f 5840 5851 5839
f 5841 5853 5852
f 5841 5852 5840
f 5842 5854 5853
f 5842 5853 5841
f 5843 5855 5854
f 5843 5854 5842
f 5844 5856 5855
f 5844 5855 5843
f 5845 5857 5856
f 5845 5856 5844
f 5846 5858 5857
f 5846 5857 5845
f 5847 5859 5858
f 5847 5858 5846
f 5848 5860 5859
f 5848 5859 5847
f 5838 5850 5860
f 5838 5860 5848
f 5849 5861 5862
f 5849 5862 5850
f 5851 5863 5861
f 5851 5861 5849
f 5852 5864 5863
f 5852 5863 5851
f 5853 5865 5864
f 5853 5864 5852
f 5854 5866 5865
f 5854 5865 5853
f 5855 5867 5866
f 5855 5866 5854
f 5856 5868 5867
f 5856 5867 5855
f 5857 5869 5868
f 5857 5868 5856
f 5858 5870 5869
f 5858 5869 5857
f 5859 5871 5870
f 5859 5870 5858
f 5860 5872 5871
f 5860 5871 5859
f 5850 5862 5872
f 5850 5872 5860
f 5861 5873 5874
f 5861 5874 5862
f 5863 5875 5873
f 5863 5873 5861
f 5864 5876 5875
f 5864 5875 5863
f 5865 5877 5876
f 5865 5876 5864
f 5866 5878 5877
f 5866 5877 5865
f 5867 5879 5878
f 5867 5878 5866
f 5868 5880 5879
f 5868 5879 5867
f 5869 5881 5880
f 5869 5880 5868
f 5870 5882 5881
f 5870 5881 5869
f 5871 5883 5882
f 5871 5882 5870
f 5872 5884 5883
f 5872 5883 5871
f 5862 5874 5884
f 5862 5884 5872
f 5873 5885 5886
f 5873 5886 5874
f 5875 5887 5885
f 5875 5885 5873
f 5876 5888 5887
f 5876 5887 5875
f 5877 5889 5888
f 5877 5888 5876
f 5878 5890 5889
f 5878 5889 5877
f 5879 5891 5890
f 5879 5890 5878
f 5880 5892 5891
f 5880 5891 5879
f 5881 5893 5892
f 5881 5892 5880
f 5882 5894 5893
f 5882 5893 5881
f 5883 5895 5894
f 5883 5894 5882
f 5884 5896 5895
f 5884 5895 5883
f 5874 5886 5896
f 5874 5896 5884
f 5885 5897 5898
f 5885 5898 5886
f 5887 5899 5897
f 5887 5897 5885
f 5888 5900 5899
f 5888 5899 5887
f 5889 5901 5900
f 5889 5900 5888
f 5890 5902 5901
f 5890 5901 5889
f 5891 5903 5902
f 5891 5902 5890
f 5892 5904 5903
f 5892 5903 5891
f 5893 5905 5904
f 5893 5904 5892
f 5894 5906 5905
f 5894 5905 5893
f 5895 5907 5906
f 5895 5906 5894
f 5896 5908 5907
f 5896 5907 5895
f 5886 5898 5908
f 5886 5908 5896
f 5897 5909 5910
f 5897 5910 5898
f 5899 5911 5909
f 5899 5909 5897
f 5900 5912 5911
f 5900 5911 5899
f 5901 5913 5912
f 5901 5912 5900
f 5902 5914 5913
f 5902 5913 5901
f 5903 5915 5914
f 5903 5914 5902
f 5904 5916 5915
f 5904 5915 5903
f 5905 5917 5916
f 5905 5916 5904
f 5906 5918 5917
f 5906 5917 5905
f 5907 5919 5918
f 5907 5918 5906
f 5908 5920 5919
f 5908 5919 5907
f 5898 5910 5920
f 5898 5920 5908
f 5921 5922 5923
f 5921 5923 5924
f 5925 5926 5922
f 5925 5922 5921
f 5927 5928 5926
f 5927 5926 5925
f 5929 5930 5928
f 5929 5928 5927
f 5931 5932 5930
f 5931 5930 5929
f 5933 5934 5932
f 5933 5932 5931
f 5935 5936 5934
f 5935 5934 5933
f 5937 5938 5936
f 5937 5936 5935
f 5939 5940 5938
f 5939 5938 5937
f 5941 5942 5940
f 5941 5940 5939
f 5943 5944 5942
f 5943 5942 5941
f 5924 5923 5944
f 5924 5944 5943
f 5922 5945 5946
f 5922 5946 5923
f 5926 5947 5945
f 5926 5945 5922
f 5928 5948 5947
f 5928 5947 5926
f 5930 5949 5948
f 5930 5948 5928
f 5932 5950 5949
f 5932 5949 5930
f 5934 5951 5950
f 5934 5950 5932
f 5936 5952 5951
f 5936 5951 5934
f 5938 5953 5952
f 5938 5952 5936
f 5940 5954 5953
f 5940 5953 5938
f 5942 5955 5954
f 5942 5954 5940
f 5944 5956 5955
f 5944 5955 5942
f 5923 5946 5956
f 5923 5956 5944
f 5945 5957 5958
f 5945 5958 5946
f 5947 5959 5957
f 5947 5957 5945
f 5948 5960 5959
f 5948 5959 5947
f 5949 5961 5960
f 5949 5960 5948
f 5950 5962 5961
f 5950 5961 5949
f 5951 5963 5962
f 5951 5962 5950
f 5952 5964 5963
f 5952 5963 5951
f 5953 5965 5964
f 5953 5964 5952
f 5954 5966 5965
f 5954 5965 5953
f 5955 5967 5966
f 5955 5966 5954
f 5956 5968 5967
f 5956 5967 5955
f 5946 5958 5968
f 5946 5968 5956
f 5957 5969 5970
f 5957 5970 5958
f 5959 5971 5969
f 5959 5969 5957
f 5960 5972 5971
f 5960 5971 5959
f 5961 5973 5972
f 5961 5972 5960
f 5962 5974 5973
f 5962 5973 5961
f 5963 5975 5974
f 5963 5974 5962
f 5964 5976 5975
f 5964 5975 5963
f 5965 5977 5976
f 5965 5976 5964
f 5966 5978 5977
f 5966 5977 5965
f 5967 5979 5978
f 5967 5978 5966
f 5968 5980 5979
f 5968 5979 5967
f 5958 5970 5980
f 5958 5980 5968
f 5969 5981 5982
f 5969 5982 5970
f 5971 5983 5981
f 5971 5981 5969
f 5972 5984 5983
f 5972 5983 5971
f 5973 5985 5984
f 5973 5984 5972
f 5974 5986 5985
f 5974 5985 5973
f 5975 5987 5986
f 5975 5986 5974
f 5976 5988 5987
f 5976 5987 5975
f 5977 5989 5988
f 5977 5988 5976
f 5978 5990 5989
f 5978 5989 5977
f 5979 5991 5990
f 5979 5990 5978
f 5980 5992 5991
f 5980 5991 5979
f 5970 5982 5992
f 5970 5992 5980
f 5981 5993 5994
f 5981 5994 5982
f 5983 5995 5993
f 5983 5993 5981
f 5984 5996 5995
f 5984 5995 5983
f 5985 5997 5996
f 5985 5996 5984
f 5986 5998 5997
f 5986 5997 5985
f 5987 5999 5998
f 5987 5998 5986
f 5988 6000 5999
f 5988 5999 5987
f 5989 6001 6000
f 5989 6000 5988
f 5990 6002 6001
f 5990 6001 5989
f 5991 6003 6002
f 5991 6002 5990
f 5992 6004 6003
f 5992 6003 5991
f 5982 5994 6004
f 5982 6004 5992
f 5993 6005 6006
f 5993 6006 5994
f 5995 6007 6005
f 5995 6005 5993
f 5996 6008 6007
f 5996 6007 5995
f 5997 6009 6008
f 5997 6008 5996
f 5998 6010 6009
f 5998 6009 5997
f 5999 6011 6010
f 5999 6010 5998
f 6000 6012 6011
f 6000 6011 5999
f 6001 6013 6012
f 6001 6012 6000
f 6002 6014 6013
f 6002 6013 6001
f 6003 6015 6014
f 6003 6014 6002
f 6004 6016 6015
f 6004 6015 6003
f 5994 6006 6016
f 5994 6016 6004
f 6005 6017 6018
f 6005 6018 6006
f 6007 6019 6017
f 6007 6017 6005
f 6008 6020 6019
f 6008 6019 6007
f 6009 6021 6020
f 6009 6020 6008
f 6010 6022 6021
f 6010 6021 6009
f 6011 6023 6022
f 6011 6022 6010
f 6012 6024 6023
f 6012 6023 6011
f 6013 6025 6024
f 6013 6024 6012
f 6014 6026 6025
f 6014 6025 6013
f 6015 6027 6026
f 6015 6026 6014
f 6016 6028 6027
f 6016 6027 6015
f 6006 6018 6028
f 6006 6028 6016
f 6017 6029 6030
f 6017 6030 6018
f 6019 6031 6029
f 6019 6029 6017
f 6020 6032 6031
f 6020 6031 6019
f 6021 6033 6032
f 6021 6032 6020
f 6022 6034 6033
f 6022 6033 6021
f 6023 6035 6034
f 6023 6034 6022
f 6024 6036 6035
f 6024 6035 6023
f 6025 6037 6036
f 6025 6036 6024
f 6026 6038 6037
f 6026 6037 6025
f 6027 6039 6038
f 6027 6038 6026
f 6028 6040 6039
f 6028 6039 6027
f 6018 6030 6040
f 6018 6040 6028
f 6029 6041 6042
f 6029 6042 6030
f 6031 6043 6041
f 6031 6041 6029
f 6032 6044 6043
f 6032 6043 6031
f 6033 6045 6044
f 6033 6044 6032
f 6034 6046 6045
f 6034 6045 6033
f 6035 6047 6046
f 6035 6046 6034
f 6036 6048 6047
f 6036 6047 6035
f 6037 6049 6048
f 6037 6048 6036
f 6038 6050 6049
f 6038 6049 6037
f 6039 6051 6050
f 6039 6050 6038
f 6040 6052 6051
f 6040 6051 6039
f 6030 6042 6052
f 6030 6052 6040
f 6053 6054 6055
f 6053 6055 6056
f 6057 6058 6054
f 6057 6054 6053
f 6059 6060 6058
f 6059 6058 6057
f 6061 6062 6060
f 6061 6060 6059
f 6063 6064 6062
f 6063 6062 6061
f 6065 6066 6064
f 6065 6064 6063
f 6067 6068 6066
f 6067 6066 6065
f 6069 6070 6068
f 6069 6068 6067
f 6071 6072 6070
f 6071 6070 6069
f 6073 6074 6072
f 6073 6072 6071
f 6075 6076 6074
f 6075 6074 6073
f 6056 6055 6076
f 6056 6076 6075
f 6054 6077 6078
f 6054 6078 6055
f 6058 6079 6077
f 6058 6077 6054
f 6060 6080 6079
f 6060 6079 6058
f 6062 6081 6080
f 6062 6080 6060
f 6064 6082 6081
f 6064 6081 6062
f 6066 6083 6082
f 6066 6082 6064
f 6068 6084 6083
f 6068 6083 6066
f 6070 6085 6084
f 6070 6084 6068
f 6072 6086 6085
f 6072 6085 6070
f 6074 6087 6086
f 6074 6086 6072
f 6076 6088 6087
f 6076 6087 6074
f 6055 6078 6088
f 6055 6088 6076
f 6077 6089 6090
f 6077 6090 6078
f 6079 6091 6089
f 6079 6089 6077
f 6080 6092 6091
f 6080 6091 6079
f 6081 6093 6092
f 6081 6092 6080
f 6082 6094 6093
f 6082 6093 6081
f 6083 6095 6094
f 6083 6094 6082
f 6084 6096 6095
f 6084 6095 6083
f 6085 6097 6096
f 6085 6096 6084
f 6086 6098 6097
f 6086 6097 6085
f 6087 6099 6098
f 6087 6098 6086
f 6088 6100 6099
f 6088 6099 6087
f 6078 6090 6100
f 6078 6100 6088
f 6089 6101 6102
f 6089 6102 6090
f 6091 6103 6101
f 6091 6101 6089
f 6092 6104 6103
f 6092 6103 6091
f 6093 6105 6104
f 6093 6104 6092
f 6094 6106 6105
f 6094 6105 6093
f 6095 6107 6106
f 6095 6106 6094
f 6096 6108 6107
f 6096 6107 6095
f 6097 6109 6108
f 6097 6108 6096
f 6098 6110 6109
f 6098 6109 6097
f 6099 6111 6110
f 6099 6110 6098
f 6100 6112 6111
f 6100 6111 6099
f 6090 6102 6112
f 6090 6112 6100
f 6101 6113 6114
f 6101 6114 6102
f 6103 6115 6113
f 6103 6113 6101
f 6104 6116 6115
f 6104 6115 6103
f 6105 6117 6116
f 6105 6116 6104
f 6106 6118 6117
f 6106 6117 6105
f 6107 6119 6118
f 6107 6118 6106
f 6108 6120 6119
f 6108 6119 6107
f 6109 6121 6120
f 6109 6120 6108
f 6110 6122 6121
f 6110 6121 6109
f 6111 6123 6122
f 6111 6122 6110
f 6112 6124 6123
f 6112 6123 6111
f 6102 6114 6124
f 6102 6124 6112
f 6113 6125 6126
f 6113 6126 6114
f 6115 6127 6125
f 6115 6125 6113
f 6116 6128 6127
f 6116 6127 6115
f 6117 6129 6128
f 6117 6128 6116
f 6118 6130 6129
f 6118 6129 6117
f 6119 6131 6130
f 6119 6130 6118
f 6120 6132 6131
f 6120 6131 6119
f 6121 6133 6132
f 6121 6132 6120
f 6122 6134 6133
f 6122 6133 6121
f 6123 6135 6134
f 6123 6134 6122
f 6124 6136 6135
f 6124 6135 6123
f 6114 6126 6136
f 6114 6136 6124
f 6125 6137 6138
f 6125 6138 6126
f 6127 6139 6137
f 6127 6137 6125
f 6128 6140 6139
f 6128 6139 6127
f 6129 6141 6140
f 6129 6140 6128
f 6130 6142 6141
f 6130 6141 6129
f 6131 6143 6142
f 6131 6142 6130
f 6132 6144 6143
f 6132 6143 6131
f 6133 6145 6144
f 6133 6144 6132
f 6134 6146 6145
f 6134 6145 6133
f 6135 6147 6146
f 6135 6146 6134
f 6136 6148 6147
f 6136 6147 6135
f 6126 6138 6148
f 6126 6148 6136
f 6137 6149 6150
f 6137 6150 6138
f 6139 6151 6149
f 6139 6149 6137
f 6140 6152 6151
f 6140 6151 6139
f 6141 6153 6152
f 6141 6152 6140
f 6142 6154 6153
f 6142 6153 6141
f 6143 6155 6154
f 6143 6154 6142
f 6144 6156 6155
f 6144 6155 6143
f 6145 6157 6156
f 6145 6156 6144
f 6146 6158 6157
f 6146 6157 6145
f 6147 6159 6158
f 6147 6158 6146
f 6148 6160 6159
f 6148 6159 6147
f 6138 6150 6160
f 6138 6160 6148
f 6149 6161 6162
f 6149 6162 6150
f 6151 6163 6161
f 6151 6161 6149
f 6152 6164 6163
f 6152 6163 6151
f 6153 6165 6164
f 6153 6164 6152
f 6154 6166 6165
f 6154 6165 6153
f 6155 6167 6166
f 6155 6166 6154
f 6156 6168 6167
f 6156 6167 6155
f 6157 6169 6168
f 6157 6168 6156
f 6158 6170 6169
f 6158 6169 6157
f 6159 6171 6170
f 6159 6170 6158
f 6160 6172 6171
f 6160 6171 6159
f 6150 6162 6172
f 6150 6172 6160
f 6161 6173 6174
f 6161 6174 6162
f 6163 6175 6173
f 6163 6173 6161
f 6164 6176 6175
f 6164 6175 6163
f 6165 6177 6176
f 6165 6176 6164
f 6166 6178 6177
f 6166 6177 6165
f 6167 6179 6178
f 6167 6178 6166
f 6168 6180 6179
f 6168 6179 6167
f 6169 6181 6180
f 6169 6180 6168
f 6170 6182 6181
f 6170 6181 6169
f 6171 6183 6182
f 6171 6182 6170
f 6172 6184 6183
f 6172 6183 6171
f 6162 6174 6184
f 6162 6184 6172
f 6185 6186 6187
f 6185 6187 6188
f 6189 6190 6186
f 6189 6186 6185
f 6191 6192 6190
f 6191 6190 6189
f 6193 6194 6192
f 6193 6192 6191
f 6195 6196 6194
f 6195 6194 6193
f 6197 6198 6196
f 6197 6196 6195
f 6199 6200 6198
f 6199 6198 6197
f 6201 6202 6200
f 6201 6200 6199
f 6203 6204 6202
f 6203 6202 6201
f 6205 6206 6204
f 6205 6204 6203
f 6207 6208 6206
f 6207 6206 6205
f 6188 6187 6208
f 6188 6208 6207
f 6186 6209 6210
f 6186 6210 6187
f 6190 6211 6209
f 6190 6209 6186
f 6192 6212 6211
f 6192 6211 6190
f 6194 6213 6212
f 6194 6212 6192
f 6196 6214 6213
f 6196 6213 6194
f 6198 6215 6214
f 6198 6214 6196
f 6200 6216 6215
f 6200 6215 6198
f 6202 6217 6216
f 6202 6216 6200
f 6204 6218 6217
f 6204 6217 6202
f 6206 6219 6218
f 6206 6218 6204
f 6208 6220 6219
f 6208 6219 6206
f 6187 6210 6220
f 6187 6220 6208
f 6209 6221 6222
f 6209 6222 6210
f 6211 6223 6221
f 6211 6221 6209
f 6212 6224 6223
f 6212 6223 6211
f 6213 6225 6224
f 6213 6224 6212
f 6214 6226 6225
f 6214 6225 6213
f 6215 6227 6226
f 6215 6226 6214
f 6216 6228 6227
f 6216 6227 6215
f 6217 6229 6228
f 6217 6228 6216
f 6218 6230 6229
f 6218 6229 6217
f 6219 6231 6230
f 6219 6230 6218
f 6220 6232 6231
f 6220 6231 6219
f 6210 6222 6232
f 6210 6232 6220
f 6221 6233 6234
f 6221 6234 6222
f 6223 6235 6233
f 6223 6233 6221
f 6224 6236 6235
f 6224 6235 6223
f 6225 6237 6236
f 6225 6236 6224
f 6226 6238 6237
f 6226 6237 6225
f 6227 6239 6238
f 6227 6238 6226
f 6228 6240 6239
f 6228 6239 6227
f 6229 6241 6240
f 6229 6240 6228
f 6230 6242 6241
f 6230 6241 6229
f 6231 6243 6242
f 6231 6242 6230
f 6232 6244 6243
f 6232 6243 6231
f 6222 6234 6244
f 6222 6244 6232
f 6233 6245 6246
f 6233 6246 6234
f 6235 6247 6245
f 6235 6245 6233
f 6236 6248 6247
f 6236 6247 6235
f 6237 6249 6248
f 6237 6248 6236
f 6238 6250 6249
f 6238 6249 6237
f 6239 6251 6250
f 6239 6250 6238
f 6240 6252 6251
f 6240 6251 6239
f 6241 6253 6252
f 6241 6252 6240
f 6242 6254 6253
f 6242 6253 6241
f 6243 6255 6254
f 6243 6254 6242
f 6244 6256 6255
f 6244 6255 6243
f 6234 6246 6256
f 6234 6256 6244
f 6245 6257 6258
f 6245 6258 6246
f 6247 6259 6257
f 6247 6257 6245
f 6248 6260 6259
f 6248 6259 6247
f 6249 6261 6260
f 6249 6260 6248
f 6250 6262 6261
f 6250 6261 6249
f 6251 6263 6262
f 6251 6262 6250
f 6252 6264 6263
f 6252 6263 6251
f 6253 6265 6264
f 6253 6264 6252
f 6254 6266 6265
f 6254 6265 6253
f 6255 6267 6266
f 6255 6266 6254
f 6256 6268 6267
f 6256 6267 6255
f 6246 6258 6268
f 6246 6268 6256
f 6257 6269 6270
f 6257 6270 6258
f 6259 6271 6269
f 6259 6269 6257
f 6260 6272 6271
f 6260 6271 6259
f 6261 6273 6272
f 6261 6272 6260
f 6262 6274 6273
f 6262 6273 6261
f 6263 6275 6274
f 6263 6274 6262
f 6264 6276 6275
f 6264 6275 6263
f 6265 6277 6276
f 6265 6276 6264
f 6266 6278 6277
f 6266 6277 6265
f 6267 6279 6278
f 6267 6278 6266
f 6268 6280 6279
f 6268 6279 6267
f 6258 6270 6280
f 6258 6280 6268
f 6269 6281 6282
f 6269 6282 6270
f 6271 6283 6281
f 6271 6281 6269
f 6272 6284 6283
f 6272 6283 6271
f 6273 6285 6284
f 6273 6284 6272
f 6274 6286 6285
f 6274 6285 6273
f 6275 6287 6286
f 6275 6286 6274
f 6276 6288 6287
f 6276 6287 6275
f 6277 6289 6288
f 6277 6288 6276
f 6278 6290 6289
f 6278 6289 6277
f 6279 6291 6290
f 6279 6290 6278
f 6280 6292 6291
f 6280 6291 6279
f 6270 6282 6292
f 6270 6292 6280
f 6281 6293 6294
f 6281 6294 6282
f 6283 6295 6293
f 6283 6293 6281
f 6284 6296 6295
f 6284 6295 6283
f 6285 6297 6296
f 6285 6296 6284
f 6286 6298 6297
f 6286 6297 6285
f 6287 6299 6298
f 6287 6298 6286
f 6288 6300 6299
f 6288 6299 6287
f 6289 6301 6300
f 6289 6300 6288
f 6290 6302 6301
f 6290 6301 6289
f 6291 6303 6302
f 6291 6302 6290
f 6292 6304 6303
f 6292 6303 6291
f 6282 6294 6304
f 6282 6304 6292
f 6293 6305 6306
f 6293 6306 6294
f 6295 6307 6305
f 6295 6305 6293
f 6296 6308 6307
f 6296 6307 6295
f 6297 6309 6308
f 6297 6308 6296
f 6298 6310 6309
f 6298 6309 6297
f 6299 6311 6310
f 6299 6310 6298
f 6300 6312 6311
f 6300 6311 6299
f 6301 6313 6312
f 6301 6312 6300
f 6302 6314 6313
f 6302 6313 6301
f 6303 6315 6314
f 6303 6314 6302
f 6304 6316 6315
f 6304 6315 6303
f 6294 6306 6316
f 6294 6316 6304
f 6310 6311 6317
f 6310 6317 6318
f 6319 6320 6321
f 6319 6321 6322
f 5801 5799 6323
f 5801 6323 6324
f 6325 6326 6327
f 6325 6327 6328
f 6305 6307 6329
f 6305 6329 6330
f 5777 5779 6331
f 5777 6331 6332
f 6309 6310 6318
f 6309 6318 6333
f 5799 5797 6334
f 5799 6334 6323
f 6326 6335 6336
f 6326 6336 6327
f 6307 6308 6337
f 6307 6337 6329
f 6338 6319 6322
f 6338 6322 6339
f 6308 6309 6333
f 6308 6333 6337
f 5797 5795 6340
f 5797 6340 6334
f 5778 5777 6332
f 5778 6332 6341
f 6335 6338 6339
f 6335 6339 6336
f 6308 6309 6333
f 6308 6333 6337
f 6307 6308 6337
f 6307 6337 6329
f 5795 5793 6342
f 5795 6342 6340
f 6338 6319 6322
f 6338 6322 6339
f 6309 6310 6318
f 6309 6318 6333
f 6305 6307 6329
f 6305 6329 6330
f 5793 5789 6343
f 5793 6343 6342
f 6319 6320 6321
f 6319 6321 6322
f 6310 6311 6317
f 6310 6317 6318
f 6344 6345 6346
f 6344 6346 6347
f 6348 6349 6345
f 6348 6345 6344
f 6350 6351 6349
f 6350 6349 6348
f 6320 6352 6351
f 6320 6351 6350
f 6319 6353 6352
f 6319 6352 6320
f 6338 6354 6353
f 6338 6353 6319
f 6335 6355 6354
f 6335 6354 6338
f 6326 6356 6355
f 6326 6355 6335
f 6325 6357 6356
f 6325 6356 6326
f 6358 6359 6357
f 6358 6357 6325
f 6360 6361 6359
f 6360 6359 6358
f 6347 6346 6361
f 6347 6361 6360
f 6345 6362 6363
f 6345 6363 6346
f 6349 6364 6362
f 6349 6362 6345
f 6351 6365 6364
f 6351 6364 6349
f 6352 6366 6365
f 6352 6365 6351
f 6353 6367 6366
f 6353 6366 6352
f 6354 6368 6367
f 6354 6367 6353
f 6355 6369 6368
f 6355 6368 6354
f 6356 6370 6369
f 6356 6369 6355
f 6357 6371 6370
f 6357 6370 6356
f 6359 6372 6371
f 6359 6371 6357
f 6361 6373 6372
f 6361 6372 6359
f 6346 6363 6373
f 6346 6373 6361
f 6362 6374 6375
f 6362 6375 6363
f 6364 6376 6374
f 6364 6374 6362
f 6365 6377 6376
f 6365 6376 6364
f 6366 6378 6377
f 6366 6377 6365
f 6367 6379 6378
f 6367 6378 6366
f 6368 6380 6379
f 6368 6379 6367
f 6369 6381 6380
f 6369 6380 6368
f 6370 6382 6381
f 6370 6381 6369
f 6371 6383 6382
f 6371 6382 6370
f 6372 6384 6383
f 6372 6383 6371
f 6373 6385 6384
f 6373 6384 6372
f 6363 6375 6385
f 6363 6385 6373
f 6374 6386 6387
f 6374 6387 6375
f 6376 6388 6386
f 6376 6386 6374
f 6377 6389 6388
f 6377 6388 6376
f 6378 6390 6389
f 6378 6389 6377
f 6379 6391 6390
f 6379 6390 6378
f 6380 6392 6391
f 6380 6391 6379
f 6381 6393 6392
f 6381 6392 6380
f 6382 6394 6393
f 6382 6393 6381
f 6383 6395 6394
f 6383 6394 6382
f 6384 6396 6395
f 6384 6395 6383
f 6385 6397 6396
f 6385 6396 6384
f 6375 6387 6397
f 6375 6397 6385
f 6386 6398 6399
f 6386 6399 6387
f 6388 6400 6398
f 6388 6398 6386
f 6389 6401 6400
f 6389 6400 6388
f 6390 6402 6401
f 6390 6401 6389
f 6391 6403 6402
f 6391 6402 6390
f 6392 6404 6403
f 6392 6403 6391
f 6393 6405 6404
f 6393 6404 6392
f 6394 6406 6405
f 6394 6405 6393
f 6395 6407 6406
f 6395 6406 6394
f 6396 6408 6407
f 6396 6407 6395
f 6397 6409 6408
f 6397 6408 6396
f 6387 6399 6409
f 6387 6409 6397
f 6398 6410 6411
f 6398 6411 6399
f 6400 6412 6410
f 6400 6410 6398
f 6401 6413 6412
f 6401 6412 6400
f 6402 6414 6413
f 6402 6413 6401
f 6403 6415 6414
f 6403 6414 6402
f 6404 6416 6415
f 6404 6415 6403
f 6405 6417 6416
f 6405 6416 6404
f 6406 6418 6417
f 6406 6417 6405
f 6407 6419 6418
f 6407 6418 6406
f 6408 6420 6419
f 6408 6419 6407
f 6409 6421 6420
f 6409 6420 6408
f 6399 6411 6421
f 6399 6421 6409
f 6410 6422 6423
f 6410 6423 6411
f 6412 6424 6422
f 6412 6422 6410
f 6413 6425 6424
f 6413 6424 6412
f 6414 6426 6425
f 6414 6425 6413
f 6415 6427 6426
f 6415 6426 6414
f 6416 6428 6427
f 6416 6427 6415
f 6417 6429 6428
f 6417 6428 6416
f 6418 6430 6429
f 6418 6429 6417
f 6419 6431 6430
f 6419 6430 6418
f 6420 6432 6431
f 6420 6431 6419
f 6421 6433 6432
f 6421 6432 6420
f 6411 6423 6433
f 6411 6433 6421
f 6422 6434 6435
f 6422 6435 6423
f 6424 6436 6434
f 6424 6434 6422
f 6425 6437 6436
f 6425 6436 6424
f 6426 6438 6437
f 6426 6437 6425
f 6427 6439 6438
f 6427 6438 6426
f 6428 6440 6439
f 6428 6439 6427
f 6429 6441 6440
f 6429 6440 6428
f 6430 6442 6441
f 6430 6441 6429
f 6431 6443 6442
f 6431 6442 6430
f 6432 6444 6443
f 6432 6443 6431
f 6433 6445 6444
f 6433 6444 6432
f 6423 6435 6445
f 6423 6445 6433
f 6434 6446 6447
f 6434 6447 6435
f 6436 6448 6446
f 6436 6446 6434
f 6437 6449 6448
f 6437 6448 6436
f 6438 6450 6449
f 6438 6449 6437
f 6439 6451 6450
f 6439 6450 6438
f 6440 6452 6451
f 6440 6451 6439
f 6441 6453 6452
f 6441 6452 6440
f 6442 6454 6453
f 6442 6453 6441
f 6443 6455 6454
f 6443 6454 6442
f 6444 6456 6455
f 6444 6455 6443
f 6445 6457 6456
f 6445 6456 6444
f 6435 6447 6457
f 6435 6457 6445
f 6446 6458 6459
f 6446 6459 6447
f 6448 6460 6458
f 6448 6458 6446
f 6449 6461 6460
f 6449 6460 6448
f 6450 6462 6461
f 6450 6461 6449
f 6451 6463 6462
f 6451 6462 6450
f 6452 6464 6463
f 6452 6463 6451
f 6453 6465 6464
f 6453 6464 6452
f 6454 6466 6465
f 6454 6465 6453
f 6455 6467 6466
f 6455 6466 6454
f 6456 6468 6467
f 6456 6467 6455
f 6457 6469 6468
f 6457 6468 6456
f 6447 6459 6469
f 6447 6469 6457
f 6463 6451 6452
f 6463 6452 6464
f 6462 6450 6451
f 6462 6451 6463
f 6461 6449 6450
f 6461 6450 6462
f 6460 6448 6449
f 6460 6449 6461
f 6458 6446 6448
f 6458 6448 6460
f 6459 6447 6446
f 6459 6446 6458
f 6469 6457 6447
f 6469 6447 6459
f 6468 6456 6457
f 6468 6457 6469
f 6467 6455 6456
f 6467 6456 6468
f 6466 6454 6455
f 6466 6455 6467
f 6465 6453 6454
f 6465 6454 6466
f 6464 6452 6453
f 6464 6453 6465
f 6451 6439 6440
f 6451 6440 6452
f 6450 6438 6439
f 6450 6439 6451
f 6449 6437 6438
f 6449 6438 6450
f 6448 6436 6437
f 6448 6437 6449
f 6446 6434 6436
f 6446 6436 6448
f 6447 6435 6434
f 6447 6434 6446
f 6457 6445 6435
f 6457 6435 6447
f 6456 6444 6445
f 6456 6445 6457
f 6455 6443 6444
f 6455 6444 6456
f 6454 6442 6443
f 6454 6443 6455
f 6453 6441 6442
f 6453 6442 6454
f 6452 6440 6441
f 6452 6441 6453
f 6439 6427 6428
f 6439 6428 6440
f 6438 6426 6427
f 6438 6427 6439
f 6437 6425 6426
f 6437 6426 6438
f 6436 6424 6425
f 6436 6425 6437
f 6434 6422 6424
f 6434 6424 6436
f 6435 6423 6422
f 6435 6422 6434
f 6445 6433 6423
f 6445 6423 6435
f 6444 6432 6433
f 6444 6433 6445
f 6443 6431 6432
f 6443 6432 6444
f 6442 6430 6431
f 6442 6431 6443
f 6441 6429 6430
f 6441 6430 6442
f 6440 6428 6429
f 6440 6429 6441
f 6427 6415 6416
f 6427 6416 6428
f 6426 6414 6415
f 6426 6415 6427
f 6425 6413 6414
f 6425 6414 6426
f 6424 6412 6413
f 6424 6413 6425
f 6422 6410 6412
f 6422 6412 6424
f 6423 6411 6410
f 6423 6410 6422
f 6433 6421 6411
f 6433 6411 6423
f 6432 6420 6421
f 6432 6421 6433
f 6431 6419 6420
f 6431 6420 6432
f 6430 6418 6419
f 6430 6419 6431
f 6429 6417 6418
f 6429 6418 6430
f 6428 6416 6417
f 6428 6417 6429
f 6415 6403 6404
f 6415 6404 6416
f 6414 6402 6403
f 6414 6403 6415
f 6413 6401 6402
f 6413 6402 6414
f 6412 6400 6401
f 6412 6401 6413
f 6410 6398 6400
f 6410 6400 6412
f 6411 6470 6398
f 6411 6398 6410
f 6421 6409 6470
f 6421 6470 6411
f 6420 6408 6409
f 6420 6409 6421
f 6419 6407 6408
f 6419 6408 6420
f 6418 6406 6407
f 6418 6407 6419
f 6417 6405 6406
f 6417 6406 6418
f 6416 6404 6405
f 6416 6405 6417
f 6403 6391 6392
f 6403 6392 6404
f 6402 6390 6391
f 6402 6391 6403
f 6401 6389 6390
f 6401 6390 6402
f 6400 6388 6389
f 6400 6389 6401
f 6398 6386 6388
f 6398 6388 6400
f 6470 6387 6386
f 6470 6386 6398
f 6409 6397 6387
f 6409 6387 6470
f 6408 6396 6397
f 6408 6397 6409
f 6407 6395 6396
f 6407 6396 6408
f 6406 6394 6395
f 6406 6395 6407
f 6405 6393 6394
f 6405 6394 6406
f 6404 6392 6393
f 6404 6393 6405
f 6391 6379 6380
f 6391 6380 6392
f 6390 6378 6379
f 6390 6379 6391
f 6389 6377 6378
f 6389 6378 6390
f 6388 6376 6377
f 6388 6377 6389
f 6386 6374 6376
f 6386 6376 6388
f 6387 6375 6374
f 6387 6374 6386
f 6397 6385 6375
f 6397 6375 6387
f 6396 6384 6385
f 6396 6385 6397
f 6395 6383 6384
f 6395 6384 6396
f 6394 6382 6383
f 6394 6383 6395
f 6393 6381 6382
f 6393 6382 6394
f 6392 6380 6381
f 6392 6381 6393
f 6379 6367 6368
f 6379 6368 6380
f 6378 6366 6367
f 6378 6367 6379
f 6377 6365 6366
f 6377 6366 6378
f 6376 6364 6365
f 6376 6365 6377
f 6374 6362 6364
f 6374 6364 6376
f 6375 6363 6362
f 6375 6362 6374
f 6385 6373 6363
f 6385 6363 6375
f 6384 6372 6373
f 6384 6373 6385
f 6383 6371 6372
f 6383 6372 6384
f 6382 6370 6371
f 6382 6371 6383
f 6381 6369 6370
f 6381 6370 6382
f 6380 6368 6369
f 6380 6369 6381
f 6367 6353 6354
f 6367 6354 6368
f 6366 6352 6353
f 6366 6353 6367
f 6365 6351 6352
f 6365 6352 6366
f 6364 6349 6351
f 6364 6351 6365
f 6362 6345 6349
f 6362 6349 6364
f 6363 6346 6345
f 6363 6345 6362
f 6373 6471 6346
f 6373 6346 6363
f 6372 6359 6471
f 6372 6471 6373
f 6371 6357 6359
f 6371 6359 6372
f 6370 6356 6357
f 6370 6357 6371
f 6369 6355 6356
f 6369 6356 6370
f 6368 6354 6355
f 6368 6355 6369
f 6353 6319 6338
f 6353 6338 6354
f 6352 6320 6319
f 6352 6319 6353
f 6351 6350 6320
f 6351 6320 6352
f 6349 6348 6350
f 6349 6350 6351
f 6345 6344 6348
f 6345 6348 6349
f 6346 6347 6344
f 6346 6344 6345
f 6471 6360 6347
f 6471 6347 6346
f 6359 6358 6360
f 6359 6360 6471
f 6357 6325 6358
f 6357 6358 6359
f 6356 6326 6325
f 6356 6325 6357
f 6355 6335 6326
f 6355 6326 6356
f 6354 6338 6335
f 6354 6335 6355
f 6472 6473 6474
f 6472 6474 6475
f 6320 6350 6476
f 6320 6476 6321
f 6306 6305 6330
f 6306 6330 6477
f 6478 6472 6475
f 6478 6475 6479
f 6052 6042 6480
f 6052 6480 6481
f 5789 5792 6482
f 5789 6482 6343
f 6051 6052 6481
f 6051 6481 6483
f 6350 6348 6484
f 6350 6484 6476
f 6485 6478 6479
f 6485 6479 6486
f 6050 6051 6483
f 6050 6483 6487
f 6348 6344 6488
f 6348 6488 6484
f 6489 6485 6486
f 6489 6486 6490
f 6049 6050 6487
f 6049 6487 6491
f 6492 6493 6494
f 6492 6494 6495
f 6496 6489 6490
f 6496 6490 6497
f 6344 6347 6498
f 6344 6498 6488
f 6493 6499 6500
f 6493 6500 6494
f 6056 6075 6501
f 6056 6501 6502
f 6048 6049 6491
f 6048 6491 6503
f 6504 6496 6497
f 6504 6497 6505
f 6075 6073 6506
f 6075 6506 6501
f 6499 6507 6508
f 6499 6508 6500
f 6047 6048 6503
f 6047 6503 6509
f 6510 6504 6505
f 6510 6505 6511
f 6073 6071 6512
f 6073 6512 6506
f 6507 6513 6514
f 6507 6514 6508
f 6046 6047 6509
f 6046 6509 6515
f 6516 6510 6511
f 6516 6511 6517
f 6071 6069 6518
f 6071 6518 6512
f 6513 6519 6520
f 6513 6520 6514
f 6045 6046 6515
f 6045 6515 6521
f 6522 6516 6517
f 6522 6517 6523
f 6069 6067 6524
f 6069 6524 6518
f 6519 6525 6526
f 6519 6526 6520
f 6044 6045 6521
f 6044 6521 6527
f 6528 6522 6523
f 6528 6523 6529
f 6067 6065 6530
f 6067 6530 6524
f 6525 6531 6532
f 6525 6532 6526
f 6043 6044 6527
f 6043 6527 6533
f 6534 6528 6529
f 6534 6529 6535
f 6065 6063 6536
f 6065 6536 6530
f 6531 6537 6538
f 6531 6538 6532
f 6041 6043 6533
f 6041 6533 6539
f 6063 6061 6540
f 6063 6540 6536
f 6537 6541 6542
f 6537 6542 6538
f 6473 6534 6535
f 6473 6535 6474
f 6335 6338 6339
f 6335 6339 6336
f 6061 6059 6543
f 6061 6543 6540
f 6310 6298 6299
f 6310 6299 6311
f 6309 6544 6298
f 6309 6298 6310
f 6308 6296 6544
f 6308 6544 6309
f 6307 6545 6296
f 6307 6296 6308
f 6305 6293 6545
f 6305 6545 6307
f 6306 6294 6293
f 6306 6293 6305
f 6546 6547 6294
f 6546 6294 6306
f 6548 6549 6547
f 6548 6547 6546
f 6314 6302 6549
f 6314 6549 6548
f 6313 6301 6302
f 6313 6302 6314
f 6312 6300 6301
f 6312 6301 6313
f 6311 6299 6300
f 6311 6300 6312
f 6298 6286 6287
f 6298 6287 6299
f 6544 6285 6286
f 6544 6286 6298
f 6296 6284 6285
f 6296 6285 6544
f 6545 6283 6284
f 6545 6284 6296
f 6293 6281 6283
f 6293 6283 6545
f 6294 6282 6281
f 6294 6281 6293
f 6547 6292 6282
f 6547 6282 6294
f 6549 6550 6292
f 6549 6292 6547
f 6302 6290 6550
f 6302 6550 6549
f 6301 6289 6290
f 6301 6290 6302
f 6300 6288 6289
f 6300 6289 6301
f 6299 6287 6288
f 6299 6288 6300
f 6286 6274 6275
f 6286 6275 6287
f 6285 6273 6274
f 6285 6274 6286
f 6284 6272 6273
f 6284 6273 6285
f 6283 6271 6272
f 6283 6272 6284
f 6281 6269 6271
f 6281 6271 6283
f 6282 6270 6269
f 6282 6269 6281
f 6292 6280 6270
f 6292 6270 6282
f 6550 6279 6280
f 6550 6280 6292
f 6290 6278 6279
f 6290 6279 6550
f 6289 6277 6278
f 6289 6278 6290
f 6288 6276 6277
f 6288 6277 6289
f 6287 6275 6276
f 6287 6276 6288
f 6274 6262 6263
f 6274 6263 6275
f 6273 6261 6262
f 6273 6262 6274
f 6272 6260 6261
f 6272 6261 6273
f 6271 6551 6260
f 6271 6260 6272
f 6269 6257 6551
f 6269 6551 6271
f 6270 6258 6257
f 6270 6257 6269
f 6280 6552 6258
f 6280 6258 6270
f 6279 6553 6552
f 6279 6552 6280
f 6278 6266 6553
f 6278 6553 6279
f 6277 6265 6266
f 6277 6266 6278
f 6276 6264 6265
f 6276 6265 6277
f 6275 6263 6264
f 6275 6264 6276
f 6262 6250 6251
f 6262 6251 6263
f 6261 6249 6250
f 6261 6250 6262
f 6260 6248 6249
f 6260 6249 6261
f 6551 6247 6248
f 6551 6248 6260
f 6257 6245 6247
f 6257 6247 6551
f 6258 6246 6245
f 6258 6245 6257
f 6552 6256 6246
f 6552 6246 6258
f 6553 6255 6256
f 6553 6256 6552
f 6266 6554 6255
f 6266 6255 6553
f 6265 6253 6554
f 6265 6554 6266
f 6264 6252 6253
f 6264 6253 6265
f 6263 6251 6252
f 6263 6252 6264
f 6250 6238 6239
f 6250 6239 6251
f 6249 6237 6238
f 6249 6238 6250
f 6248 6236 6237
f 6248 6237 6249
f 6247 6235 6236
f 6247 6236 6248
f 6245 6233 6235
f 6245 6235 6247
f 6246 6234 6233
f 6246 6233 6245
f 6256 6244 6234
f 6256 6234 6246
f 6255 6243 6244
f 6255 6244 6256
f 6554 6242 6243
f 6554 6243 6255
f 6253 6241 6242
f 6253 6242 6554
f 6252 6240 6241
f 6252 6241 6253
f 6251 6239 6240
f 6251 6240 6252
f 6238 6226 6227
f 6238 6227 6239
f 6237 6225 6226
f 6237 6226 6238
f 6236 6224 6225
f 6236 6225 6237
f 6235 6223 6224
f 6235 6224 6236
f 6233 6221 6223
f 6233 6223 6235
f 6234 6222 6221
f 6234 6221 6233
f 6244 6232 6222
f 6244 6222 6234
f 6243 6231 6232
f 6243 6232 6244
f 6242 6230 6231
f 6242 6231 6243
f 6241 6229 6230
f 6241 6230 6242
f 6240 6228 6229
f 6240 6229 6241
f 6239 6227 6228
f 6239 6228 6240
f 6226 6555 6215
f 6226 6215 6227
f 6225 6213 6555
f 6225 6555 6226
f 6224 6212 6213
f 6224 6213 6225
f 6223 6211 6212
f 6223 6212 6224
f 6221 6209 6211
f 6221 6211 6223
f 6222 6210 6209
f 6222 6209 6221
f 6232 6220 6210
f 6232 6210 6222
f 6231 6219 6220
f 6231 6220 6232
f 6230 6218 6219
f 6230 6219 6231
f 6229 6217 6218
f 6229 6218 6230
f 6228 6216 6217
f 6228 6217 6229
f 6227 6215 6216
f 6227 6216 6228
f 6555 6196 6198
f 6555 6198 6215
f 6213 6194 6196
f 6213 6196 6555
f 6212 6192 6194
f 6212 6194 6213
f 6211 6190 6192
f 6211 6192 6212
f 6209 6186 6190
f 6209 6190 6211
f 6210 6187 6186
f 6210 6186 6209
f 6220 6208 6187
f 6220 6187 6210
f 6219 6206 6208
f 6219 6208 6220
f 6218 6204 6206
f 6218 6206 6219
f 6217 6202 6204
f 6217 6204 6218
f 6216 6200 6202
f 6216 6202 6217
f 6215 6198 6200
f 6215 6200 6216
f 6196 6195 6197
f 6196 6197 6198
f 6194 6193 6195
f 6194 6195 6196
f 6192 6556 6193
f 6192 6193 6194
f 6190 6189 6556
f 6190 6556 6192
f 6186 6185 6189
f 6186 6189 6190
f 6187 6188 6185
f 6187 6185 6186
f 6208 6207 6188
f 6208 6188 6187
f 6206 6205 6207
f 6206 6207 6208
f 6204 6203 6205
f 6204 6205 6206
f 6202 6201 6203
f 6202 6203 6204
f 6200 6199 6201
f 6200 6201 6202
f 6198 6197 6199
f 6198 6199 6200
f 6557 6558 6559
f 6557 6559 6560
f 6561 6562 6558
f 6561 6558 6557
f 6563 6564 6562
f 6563 6562 6561
f 6565 6566 6564
f 6565 6564 6563
f 6567 6568 6566
f 6567 6566 6565
f 6569 6570 6568
f 6569 6568 6567
f 6571 6572 6570
f 6571 6570 6569
f 6573 6574 6572
f 6573 6572 6571
f 6575 6576 6574
f 6575 6574 6573
f 6577 6578 6576
f 6577 6576 6575
f 6579 6580 6578
f 6579 6578 6577
f 6560 6559 6580
f 6560 6580 6579
f 6558 6581 6582
f 6558 6582 6559
f 6562 6583 6581
f 6562 6581 6558
f 6564 6584 6583
f 6564 6583 6562
f 6566 6585 6584
f 6566 6584 6564
f 6568 6586 6585
f 6568 6585 6566
f 6570 6587 6586
f 6570 6586 6568
f 6572 6588 6587
f 6572 6587 6570
f 6574 6589 6588
f 6574 6588 6572
f 6576 6590 6589
f 6576 6589 6574
f 6578 6591 6590
f 6578 6590 6576
f 6580 6592 6591
f 6580 6591 6578
f 6559 6582 6592
f 6559 6592 6580
f 6581 6593 6594
f 6581 6594 6582
f 6583 6595 6593
f 6583 6593 6581
f 6584 6596 6595
f 6584 6595 6583
f 6585 6597 6596
f 6585 6596 6584
f 6586 6598 6597
f 6586 6597 6585
f 6587 6599 6598
f 6587 6598 6586
f 6588 6600 6599
f 6588 6599 6587
f 6589 6601 6600
f 6589 6600 6588
f 6590 6602 6601
f 6590 6601 6589
f 6591 6603 6602
f 6591 6602 6590
f 6592 6604 6603
f 6592 6603 6591
f 6582 6594 6604
f 6582 6604 6592
f 6593 6605 6606
f 6593 6606 6594
f 6595 6607 6605
f 6595 6605 6593
f 6596 6608 6607
f 6596 6607 6595
f 6597 6609 6608
f 6597 6608 6596
f 6598 6610 6609
f 6598 6609 6597
f 6599 6611 6610
f 6599 6610 6598
f 6600 6612 6611
f 6600 6611 6599
f 6601 6613 6612
f 6601 6612 6600
f 6602 6614 6613
f 6602 6613 6601
f 6603 6615 6614
f 6603 6614 6602
f 6604 6616 6615
f 6604 6615 6603
f 6594 6606 6616
f 6594 6616 6604
f 6605 6617 6618
f 6605 6618 6606
f 6607 6619 6617
f 6607 6617 6605
f 6608 6620 6619
f 6608 6619 6607
f 6609 6621 6620
f 6609 6620 6608
f 6610 6622 6621
f 6610 6621 6609
f 6611 6623 6622
f 6611 6622 6610
f 6612 6624 6623
f 6612 6623 6611
f 6613 6625 6624
f 6613 6624 6612
f 6614 6626 6625
f 6614 6625 6613
f 6615 6627 6626
f 6615 6626 6614
f 6616 6628 6627
f 6616 6627 6615
f 6606 6618 6628
f 6606 6628 6616
f 6617 6629 6630
f 6617 6630 6618
f 6619 6631 6629
f 6619 6629 6617
f 6620 6632 6631
f 6620 6631 6619
f 6621 6633 6632
f 6621 6632 6620
f 6622 6634 6633
f 6622 6633 6621
f 6623 6635 6634
f 6623 6634 6622
f 6624 6636 6635
f 6624 6635 6623
f 6625 6637 6636
f 6625 6636 6624
f 6626 6638 6637
f 6626 6637 6625
f 6627 6639 6638
f 6627 6638 6626
f 6628 6640 6639
f 6628 6639 6627
f 6618 6630 6640
f 6618 6640 6628
f 6629 6641 6642
f 6629 6642 6630
f 6631 6643 6641
f 6631 6641 6629
f 6632 6644 6643
f 6632 6643 6631
f 6633 6645 6644
f 6633 6644 6632
f 6634 6646 6645
f 6634 6645 6633
f 6635 6647 6646
f 6635 6646 6634
f 6636 6648 6647
f 6636 6647 6635
f 6637 6649 6648
f 6637 6648 6636
f 6638 6650 6649
f 6638 6649 6637
f 6639 6651 6650
f 6639 6650 6638
f 6640 6652 6651
f 6640 6651 6639
f 6630 6642 6652
f 6630 6652 6640
f 6641 6653 6654
f 6641 6654 6642
f 6643 6655 6653
f 6643 6653 6641
f 6644 6656 6655
f 6644 6655 6643
f 6645 6657 6656
f 6645 6656 6644
f 6646 6658 6657
f 6646 6657 6645
f 6647 6659 6658
f 6647 6658 6646
f 6648 6660 6659
f 6648 6659 6647
f 6649 6661 6660
f 6649 6660 6648
f 6650 6662 6661
f 6650 6661 6649
f 6651 6663 6662
f 6651 6662 6650
f 6652 6664 6663
f 6652 6663 6651
f 6642 6654 6664
f 6642 6664 6652
f 6653 6665 6666
f 6653 6666 6654
f 6655 6667 6665
f 6655 6665 6653
f 6656 6668 6667
f 6656 6667 6655
f 6657 6669 6668
f 6657 6668 6656
f 6658 6670 6669
f 6658 6669 6657
f 6659 6671 6670
f 6659 6670 6658
f 6660 6672 6671
f 6660 6671 6659
f 6661 6673 6672
f 6661 6672 6660
f 6662 6674 6673
f 6662 6673 6661
f 6663 6675 6674
f 6663 6674 6662
f 6664 6676 6675
f 6664 6675 6663
f 6654 6666 6676
f 6654 6676 6664
f 6665 6534 6473
f 6665 6473 6666
f 6667 6528 6534
f 6667 6534 6665
f 6668 6522 6528
f 6668 6528 6667
f 6669 6516 6522
f 6669 6522 6668
f 6670 6510 6516
f 6670 6516 6669
f 6671 6504 6510
f 6671 6510 6670
f 6672 6496 6504
f 6672 6504 6671
f 6673 6489 6496
f 6673 6496 6672
f 6674 6485 6489
f 6674 6489 6673
f 6675 6478 6485
f 6675 6485 6674
f 6676 6472 6478
f 6676 6478 6675
f 6666 6473 6472
f 6666 6472 6676
f 6326 6335 6336
f 6326 6336 6327
f 6042 6041 6539
f 6042 6539 6480
f 6541 6677 6678
f 6541 6678 6542
f 5788 5778 6341
f 5788 6341 6679
f 5787 5788 6679
f 5787 6679 6680
f 6059 6057 6681
f 6059 6681 6543
f 6325 6326 6327
f 6325 6327 6328
f 6677 6682 6683
f 6677 6683 6678
f 5786 5787 6680
f 5786 6680 6684
f 6057 6053 6685
f 6057 6685 6681
f 6358 6325 6328
f 6358 6328 6686
f 6682 6492 6495
f 6682 6495 6683
f 5785 5786 6684
f 5785 6684 6687
f 6311 6312 6688
f 6311 6688 6317
f 6360 6358 6686
f 6360 6686 6689
f 6053 6056 6502
f 6053 6502 6685
f 6312 6313 6690
f 6312 6690 6688
f 6316 6306 6477
f 6316 6477 6691
f 5792 5811 6692
f 5792 6692 6482
f 5784 5785 6687
f 5784 6687 6693
f 6315 6316 6691
f 6315 6691 6694
f 6347 6360 6689
f 6347 6689 6498
f 5811 5809 6695
f 5811 6695 6692
f 6313 6314 6696
f 6313 6696 6690
f 5783 5784 6693
f 5783 6693 6697
f 6314 6315 6694
f 6314 6694 6696
f 6344 6347 6498
f 6344 6498 6488
f 5809 5807 6698
f 5809 6698 6695
f 6314 6548 6694
f 6314 6694 6696
f 5782 5783 6697
f 5782 6697 6699
f 6313 6314 6696
f 6313 6696 6700
f 6348 6344 6488
f 6348 6488 6484
f 5807 5805 6701
f 5807 6701 6698
f 6548 6546 6691
f 6548 6691 6694
f 5781 5782 6699
f 5781 6699 6702
f 6347 6360 6689
f 6347 6689 6498
f 6312 6313 6700
f 6312 6700 6688
f 6350 6348 6484
f 6350 6484 6476
f 5805 5803 6703
f 5805 6703 6701
f 6360 6358 6686
f 6360 6686 6689
f 6546 6306 6704
f 6546 6704 6691
f 5780 5781 6702
f 5780 6702 6705
f 6311 6312 6688
f 6311 6688 6317
f 6320 6350 6476
f 6320 6476 6321
f 5803 5801 6324
f 5803 6324 6703
f 6358 6325 6328
f 6358 6328 6686
f 6306 6305 6330
f 6306 6330 6704
f 5779 5780 6705
f 5779 6705 6331
f 6682 6706 6707
f 6682 6707 6492
f 6677 6708 6706
f 6677 6706 6682
f 6541 6709 6708
f 6541 6708 6677
f 6537 6710 6709
f 6537 6709 6541
f 6531 6711 6710
f 6531 6710 6537
f 6525 6712 6711
f 6525 6711 6531
f 6519 6713 6712
f 6519 6712 6525
f 6513 6714 6713
f 6513 6713 6519
f 6507 6715 6714
f 6507 6714 6513
f 6499 6716 6715
f 6499 6715 6507
f 6493 6717 6716
f 6493 6716 6499
f 6492 6707 6717
f 6492 6717 6493
f 6706 6718 6719
f 6706 6719 6707
f 6708 6720 6718
f 6708 6718 6706
f 6709 6721 6720
f 6709 6720 6708
f 6710 6722 6721
f 6710 6721 6709
f 6711 6723 6722
f 6711 6722 6710
f 6712 6724 6723
f 6712 6723 6711
f 6713 6725 6724
f 6713 6724 6712
f 6714 6726 6725
f 6714 6725 6713
f 6715 6727 6726
f 6715 6726 6714
f 6716 6728 6727
f 6716 6727 6715
f 6717 6729 6728
f 6717 6728 6716
f 6707 6719 6729
f 6707 6729 6717
f 6718 6730 6731
f 6718 6731 6719
f 6720 6732 6730
f 6720 6730 6718
f 6721 6733 6732
f 6721 6732 6720
f 6722 6734 6733
f 6722 6733 6721
f 6723 6735 6734
f 6723 6734 6722
f 6724 6736 6735
f 6724 6735 6723
f 6725 6737 6736
f 6725 6736 6724
f 6726 6738 6737
f 6726 6737 6725
f 6727 6739 6738
f 6727 6738 6726
f 6728 6740 6739
f 6728 6739 6727
f 6729 6741 6740
f 6729 6740 6728
f 6719 6731 6741
f 6719 6741 6729
f 6730 6742 6743
f 6730 6743 6731
f 6732 6744 6742
f 6732 6742 6730
f 6733 6745 6744
f 6733 6744 6732
f 6734 6746 6745
f 6734 6745 6733
f 6735 6747 6746
f 6735 6746 6734
f 6736 6748 6747
f 6736 6747 6735
f 6737 6749 6748
f 6737 6748 6736
f 6738 6750 6749
f 6738 6749 6737
f 6739 6751 6750
f 6739 6750 6738
f 6740 6752 6751
f 6740 6751 6739
f 6741 6753 6752
f 6741 6752 6740
f 6731 6743 6753
f 6731 6753 6741
f 6742 6754 6755
f 6742 6755 6743
f 6744 6756 6754
f 6744 6754 6742
f 6745 6757 6756
f 6745 6756 6744
f 6746 6758 6757
f 6746 6757 6745
f 6747 6759 6758
f 6747 6758 6746
f 6748 6760 6759
f 6748 6759 6747
f 6749 6761 6760
f 6749 6760 6748
f 6750 6762 6761
f 6750 6761 6749
f 6751 6763 6762
f 6751 6762 6750
f 6752 6764 6763
f 6752 6763 6751
f 6753 6765 6764
f 6753 6764 6752
f 6743 6755 6765
f 6743 6765 6753
f 6754 6766 6767
f 6754 6767 6755
f 6756 6768 6766
f 6756 6766 6754
f 6757 6769 6768
f 6757 6768 6756
f 6758 6770 6769
f 6758 6769 6757
f 6759 6771 6770
f 6759 6770 6758
f 6760 6772 6771
f 6760 6771 6759
f 6761 6773 6772
f 6761 6772 6760
f 6762 6774 6773
f 6762 6773 6761
f 6763 6775 6774
f 6763 6774 6762
f 6764 6776 6775
f 6764 6775 6763
f 6765 6777 6776
f 6765 6776 6764
f 6755 6767 6777
f 6755 6777 6765
f 6766 6778 6779
f 6766 6779 6767
f 6768 6780 6778
f 6768 6778 6766
f 6769 6781 6780
f 6769 6780 6768
f 6770 6782 6781
f 6770 6781 6769
f 6771 6783 6782
f 6771 6782 6770
f 6772 6784 6783
f 6772 6783 6771
f 6773 6785 6784
f 6773 6784 6772
f 6774 6786 6785
f 6774 6785 6773
f 6775 6787 6786
f 6775 6786 6774
f 6776 6788 6787
f 6776 6787 6775
f 6777 6789 6788
f 6777 6788 6776
f 6767 6779 6789
f 6767 6789 6777
f 6778 6790 6791
f 6778 6791 6779
f 6780 6792 6790
f 6780 6790 6778
f 6781 6793 6792
f 6781 6792 6780
f 6782 6794 6793
f 6782 6793 6781
f 6783 6795 6794
f 6783 6794 6782
f 6784 6796 6795
f 6784 6795 6783
f 6785 6797 6796
f 6785 6796 6784
f 6786 6798 6797
f 6786 6797 6785
f 6787 6799 6798
f 6787 6798 6786
f 6788 6800 6799
f 6788 6799 6787
f 6789 6801 6800
f 6789 6800 6788
f 6779 6791 6801
f 6779 6801 6789
f 6790 6802 6803
f 6790 6803 6791
f 6792 6804 6802
f 6792 6802 6790
f 6793 6805 6804
f 6793 6804 6792
f 6794 6806 6805
f 6794 6805 6793
f 6795 6807 6806
f 6795 6806 6794
f 6796 6808 6807
f 6796 6807 6795
f 6797 6809 6808
f 6797 6808 6796
f 6798 6810 6809
f 6798 6809 6797
f 6799 6811 6810
f 6799 6810 6798
f 6800 6812 6811
f 6800 6811 6799
f 6801 6813 6812
f 6801 6812 6800
f 6791 6803 6813
f 6791 6813 6801
f 6802 6814 6815
f 6802 6815 6803
f 6804 6816 6814
f 6804 6814 6802
f 6805 6817 6816
f 6805 6816 6804
f 6806 6818 6817
f 6806 6817 6805
f 6807 6819 6818
f 6807 6818 6806
f 6808 6820 6819
f 6808 6819 6807
f 6809 6821 6820
f 6809 6820 6808
f 6810 6822 6821
f 6810 6821 6809
f 6811 6823 6822
f 6811 6822 6810
f 6812 6824 6823
f 6812 6823 6811
f 6813 6825 6824
f 6813 6824 6812
f 6803 6815 6825
f 6803 6825 6813
f 6826 6827 6828
f 6826 6828 6829
f 6830 6831 6827
f 6830 6827 6826
f 6832 6833 6831
f 6832 6831 6830
f 6834 6835 6833
f 6834 6833 6832
f 6836 6837 6835
f 6836 6835 6834
f 6838 6839 6837
f 6838 6837 6836
f 6840 6841 6839
f 6840 6839 6838
f 6842 6843 6841
f 6842 6841 6840
f 6844 6845 6843
f 6844 6843 6842
f 6846 6847 6845
f 6846 6845 6844
f 6848 6849 6847
f 6848 6847 6846
f 6829 6828 6849
f 6829 6849 6848
f 6827 6850 6851
f 6827 6851 6828
f 6831 6852 6850
f 6831 6850 6827
f 6833 6853 6852
f 6833 6852 6831
f 6835 6854 6853
f 6835 6853 6833
f 6837 6855 6854
f 6837 6854 6835
f 6839 6856 6855
f 6839 6855 6837
f 6841 6857 6856
f 6841 6856 6839
f 6843 6858 6857
f 6843 6857 6841
f 6845 6859 6858
f 6845 6858 6843
f 6847 6860 6859
f 6847 6859 6845
f 6849 6861 6860
f 6849 6860 6847
f 6828 6851 6861
f 6828 6861 6849
f 6850 6862 6863
f 6850 6863 6851
f 6852 6864 6862
f 6852 6862 6850
f 6853 6865 6864
f 6853 6864 6852
f 6854 6866 6865
f 6854 6865 6853
f 6855 6867 6866
f 6855 6866 6854
f 6856 6868 6867
f 6856 6867 6855
f 6857 6869 6868
f 6857 6868 6856
f 6858 6870 6869
f 6858 6869 6857
f 6859 6871 6870
f 6859 6870 6858
f 6860 6872 6871
f 6860 6871 6859
f 6861 6873 6872
f 6861 6872 6860
f 6851 6863 6873
f 6851 6873 6861
f 6874 6343 6482
f 6874 6482 6875
f 6876 6342 6343
f 6876 6343 6874
f 6877 6340 6342
f 6877 6342 6876
f 6878 6334 6340
f 6878 6340 6877
f 6879 6323 6334
f 6879 6334 6878
f 6880 6324 6323
f 6880 6323 6879
f 6881 6703 6324
f 6881 6324 6880
f 6882 6701 6703
f 6882 6703 6881
f 6883 6698 6701
f 6883 6701 6882
f 6884 6695 6698
f 6884 6698 6883
f 6885 6692 6695
f 6885 6695 6884
f 6875 6482 6692
f 6875 6692 6885
f 6539 6886 6887
f 6539 6887 6480
f 6533 6888 6886
f 6533 6886 6539
f 6527 6889 6888
f 6527 6888 6533
f 6521 6890 6889
f 6521 6889 6527
f 6515 6891 6890
f 6515 6890 6521
f 6509 6892 6891
f 6509 6891 6515
f 6503 6893 6892
f 6503 6892 6509
f 6491 6894 6893
f 6491 6893 6503
f 6487 6895 6894
f 6487 6894 6491
f 6483 6896 6895
f 6483 6895 6487
f 6481 6897 6896
f 6481 6896 6483
f 6480 6887 6897
f 6480 6897 6481
f 6886 6898 6899
f 6886 6899 6887
f 6888 6900 6898
f 6888 6898 6886
f 6889 6901 6900
f 6889 6900 6888
f 6890 6902 6901
f 6890 6901 6889
f 6891 6903 6902
f 6891 6902 6890
f 6892 6904 6903
f 6892 6903 6891
f 6893 6905 6904
f 6893 6904 6892
f 6894 6906 6905
f 6894 6905 6893
f 6895 6907 6906
f 6895 6906 6894
f 6896 6908 6907
f 6896 6907 6895
f 6897 6909 6908
f 6897 6908 6896
f 6887 6899 6909
f 6887 6909 6897
f 6898 6910 6911
f 6898 6911 6899
f 6900 6912 6910
f 6900 6910 6898
f 6901 6913 6912
f 6901 6912 6900
f 6902 6914 6913
f 6902 6913 6901
f 6903 6915 6914
f 6903 6914 6902
f 6904 6916 6915
f 6904 6915 6903
f 6905 6917 6916
f 6905 6916 6904
f 6906 6918 6917
f 6906 6917 6905
f 6907 6919 6918
f 6907 6918 6906
f 6908 6920 6919
f 6908 6919 6907
f 6909 6921 6920
f 6909 6920 6908
f 6899 6911 6921
f 6899 6921 6909
f 6910 6685 6502
f 6910 6502 6911
f 6912 6681 6685
f 6912 6685 6910
f 6913 6543 6681
f 6913 6681 6912
f 6914 6540 6543
f 6914 6543 6913
f 6915 6536 6540
f 6915 6540 6914
f 6916 6530 6536
f 6916 6536 6915
f 6917 6524 6530
f 6917 6530 6916
f 6918 6518 6524
f 6918 6524 6917
f 6919 6512 6518
f 6919 6518 6918
f 6920 6506 6512
f 6920 6512 6919
f 6921 6501 6506
f 6921 6506 6920
f 6911 6502 6501
f 6911 6501 6921
f 6330 6922 6923
f 6330 6923 6477
f 6329 6924 6922
f 6329 6922 6330
f 6337 6925 6924
f 6337 6924 6329
f 6333 6926 6925
f 6333 6925 6337
f 6318 6927 6926
f 6318 6926 6333
f 6317 6928 6927
f 6317 6927 6318
f 6688 6929 6928
f 6688 6928 6317
f 6700 6930 6929
f 6700 6929 6688
f 6696 6931 6930
f 6696 6930 6700
f 6694 6932 6931
f 6694 6931 6696
f 6691 6933 6932
f 6691 6932 6694
f 6477 6923 6933
f 6477 6933 6691
f 6922 6934 6935
f 6922 6935 6923
f 6924 6936 6934
f 6924 6934 6922
f 6925 6937 6936
f 6925 6936 6924
f 6926 6938 6937
f 6926 6937 6925
f 6927 6939 6938
f 6927 6938 6926
f 6928 6940 6939
f 6928 6939 6927
f 6929 6941 6940
f 6929 6940 6928
f 6930 6942 6941
f 6930 6941 6929
f 6931 6943 6942
f 6931 6942 6930
f 6932 6944 6943
f 6932 6943 6931
f 6933 6945 6944
f 6933 6944 6932
f 6923 6935 6945
f 6923 6945 6933
f 6934 6946 6947
f 6934 6947 6935
f 6936 6948 6946
f 6936 6946 6934
f 6937 6949 6948
f 6937 6948 6936
f 6938 6950 6949
f 6938 6949 6937
f 6939 6951 6950
f 6939 6950 6938
f 6940 6952 6951
f 6940 6951 6939
f 6941 6953 6952
f 6941 6952 6940
f 6942 6954 6953
f 6942 6953 6941
f 6943 6955 6954
f 6943 6954 6942
f 6944 6956 6955
f 6944 6955 6943
f 6945 6957 6956
f 6945 6956 6944
f 6935 6947 6957
f 6935 6957 6945
f 6946 6488 6498
f 6946 6498 6947
f 6948 6484 6488
f 6948 6488 6946
f 6949 6476 6484
f 6949 6484 6948
f 6950 6321 6476
f 6950 6476 6949
f 6951 6322 6321
f 6951 6321 6950
f 6952 6339 6322
f 6952 6322 6951
f 6953 6336 6339
f 6953 6339 6952
f 6954 6327 6336
f 6954 6336 6953
f 6955 6328 6327
f 6955 6327 6954
f 6956 6686 6328
f 6956 6328 6955
f 6957 6689 6686
f 6957 6686 6956
f 6947 6498 6689
f 6947 6689 6957
f 6322 6951 6952
f 6322 6952 6339
f 6321 6950 6951
f 6321 6951 6322
f 6476 6949 6950
f 6476 6950 6321
f 6484 6948 6949
f 6484 6949 6476
f 6488 6946 6948
f 6488 6948 6484
f 6498 6947 6946
f 6498 6946 6488
f 6689 6957 6947
f 6689 6947 6498
f 6686 6956 6957
f 6686 6957 6689
f 6328 6955 6956
f 6328 6956 6686
f 6327 6954 6955
f 6327 6955 6328
f 6336 6958 6954
f 6336 6954 6327
f 6339 6952 6958
f 6339 6958 6336
f 6951 6939 6940
f 6951 6940 6952
f 6950 6938 6939
f 6950 6939 6951
f 6949 6937 6938
f 6949 6938 6950
f 6948 6936 6937
f 6948 6937 6949
f 6946 6934 6936
f 6946 6936 6948
f 6947 6935 6934
f 6947 6934 6946
f 6957 6945 6935
f 6957 6935 6947
f 6956 6944 6945
f 6956 6945 6957
f 6955 6943 6944
f 6955 6944 6956
f 6954 6942 6943
f 6954 6943 6955
f 6958 6941 6942
f 6958 6942 6954
f 6952 6940 6941
f 6952 6941 6958
f 6939 6927 6928
f 6939 6928 6940
f 6938 6926 6927
f 6938 6927 6939
f 6937 6925 6926
f 6937 6926 6938
f 6936 6924 6925
f 6936 6925 6937
f 6934 6922 6924
f 6934 6924 6936
f 6935 6923 6922
f 6935 6922 6934
f 6945 6933 6923
f 6945 6923 6935
f 6944 6932 6933
f 6944 6933 6945
f 6943 6959 6932
f 6943 6932 6944
f 6942 6930 6959
f 6942 6959 6943
f 6941 6929 6930
f 6941 6930 6942
f 6940 6928 6929
f 6940 6929 6941
f 6927 6318 6317
f 6927 6317 6928
f 6926 6333 6318
f 6926 6318 6927
f 6925 6337 6333
f 6925 6333 6926
f 6924 6329 6337
f 6924 6337 6925
f 6922 6330 6329
f 6922 6329 6924
f 6923 6704 6330
f 6923 6330 6922
f 6933 6691 6704
f 6933 6704 6923
f 6932 6694 6691
f 6932 6691 6933
f 6959 6696 6694
f 6959 6694 6932
f 6930 6690 6696
f 6930 6696 6959
f 6929 6688 6690
f 6929 6690 6930
f 6928 6317 6688
f 6928 6688 6929
f 6535 6960 6961
f 6535 6961 6474
f 6529 6962 6960
f 6529 6960 6535
f 6523 6963 6962
f 6523 6962 6529
f 6517 6964 6963
f 6517 6963 6523
f 6511 6965 6964
f 6511 6964 6517
f 6505 6966 6965
f 6505 6965 6511
f 6497 6967 6966
f 6497 6966 6505
f 6490 6968 6967
f 6490 6967 6497
f 6486 6969 6968
f 6486 6968 6490
f 6479 6970 6969
f 6479 6969 6486
f 6475 6971 6970
f 6475 6970 6479
f 6474 6961 6971
f 6474 6971 6475
f 6960 6972 6973
f 6960 6973 6961
f 6962 6974 6972
f 6962 6972 6960
f 6963 6975 6974
f 6963 6974 6962
f 6964 6976 6975
f 6964 6975 6963
f 6965 6977 6976
f 6965 6976 6964
f 6966 6978 6977
f 6966 6977 6965
f 6967 6979 6978
f 6967 6978 6966
f 6968 6980 6979
f 6968 6979 6967
f 6969 6981 6980
f 6969 6980 6968
f 6970 6982 6981
f 6970 6981 6969
f 6971 6983 6982
f 6971 6982 6970
f 6961 6973 6983
f 6961 6983 6971
f 6972 6984 6985
f 6972 6985 6973
f 6974 6986 6984
f 6974 6984 6972
f 6975 6987 6986
f 6975 6986 6974
f 6976 6988 6987
f 6976 6987 6975
f 6977 6989 6988
f 6977 6988 6976
f 6978 6990 6989
f 6978 6989 6977
f 6979 6991 6990
f 6979 6990 6978
f 6980 6992 6991
f 6980 6991 6979
f 6981 6993 6992
f 6981 6992 6980
f 6982 6994 6993
f 6982 6993 6981
f 6983 6995 6994
f 6983 6994 6982
f 6973 6985 6995
f 6973 6995 6983
f 6984 6683 6495
f 6984 6495 6985
f 6986 6678 6683
f 6986 6683 6984
f 6987 6542 6678
f 6987 6678 6986
f 6988 6538 6542
f 6988 6542 6987
f 6989 6532 6538
f 6989 6538 6988
f 6990 6526 6532
f 6990 6532 6989
f 6991 6520 6526
f 6991 6526 6990
f 6992 6514 6520
f 6992 6520 6991
f 6993 6508 6514
f 6993 6514 6992
f 6994 6500 6508
f 6994 6508 6993
f 6995 6494 6500
f 6995 6500 6994
f 6985 6495 6494
f 6985 6494 6995
f 6863 6875 6885
f 6863 6885 6873
f 6873 6885 6884
f 6873 6884 6872
f 6872 6884 6883
f 6872 6883 6871
f 6871 6883 6882
f 6871 6882 6870
f 6870 6882 6881
f 6870 6881 6869
f 6869 6881 6880
f 6869 6880 6868
f 6868 6880 6879
f 6868 6879 6867
f 6867 6879 6878
f 6867 6878 6866
f 6866 6878 6877
f 6866 6877 6865
f 6865 6877 6876
f 6865 6876 6864
f 6864 6876 6874
f 6864 6874 6862
f 6862 6874 6875
f 6862 6875 6863
f 6341 6829 6848
f 6341 6848 6679
f 6679 6848 6846
f 6679 6846 6680
f 6680 6846 6844
f 6680 6844 6684
f 6684 6844 6842
f 6684 6842 6687
f 6687 6842 6840
f 6687 6840 6693
f 6693 6840 6838
f 6693 6838 6697
f 6697 6838 6836
f 6697 6836 6699
f 6699 6836 6834
f 6699 6834 6702
f 6702 6834 6832
f 6702 6832 6705
f 6705 6832 6830
f 6705 6830 6331
f 6331 6830 6826
f 6331 6826 6332
f 6332 6826 6829
f 6332 6829 6341
f 6996 6997 6998
f 6996 6998 6999
f 7000 7001 7002
f 7000 7002 7003
f 7004 7005 7006
f 7004 7006 7007
f 7008 6996 6999
f 7008 6999 7009
f 7010 7004 7007
f 7010 7007 7011
f 7012 7008 7009
f 7012 7009 7013
f 7014 7010 7011
f 7014 7011 7015
f 7016 7012 7013
f 7016 7013 7017
f 7018 7014 7015
f 7018 7015 7019
f 7020 7016 7017
f 7020 7017 7021
f 7022 7018 7019
f 7022 7019 7023
f 7024 7020 7021
f 7024 7021 7025
f 7026 7022 7023
f 7026 7023 7027
f 7028 7024 7025
f 7028 7025 7029
f 6997 7026 7027
f 6997 7027 6998
f 7005 7028 7029
f 7005 7029 7006
f 7030 7031 7007
f 7030 7007 7006
f 7031 7032 7011
f 7031 7011 7007
f 7032 7033 7015
f 7032 7015 7011
f 7033 7034 7019
f 7033 7019 7015
f 7034 7035 7023
f 7034 7023 7019
f 7035 7001 7027
f 7035 7027 7023
f 7001 7000 6998
f 7001 6998 7027
f 7000 7036 6999
f 7000 6999 6998
f 7036 7037 7009
f 7036 7009 6999
f 7037 7038 7013
f 7037 7013 7009
f 7038 7039 7017
f 7038 7017 7013
f 7039 7040 7021
f 7039 7021 7017
f 7040 7041 7025
f 7040 7025 7021
f 7041 7042 7029
f 7041 7029 7025
f 7042 7030 7006
f 7042 7006 7029
f 7043 7044 7045
f 7043 7045 7046
f 7030 7042 7047
f 7030 7047 7048
f 7036 7000 7003
f 7036 7003 7049
f 7031 7030 7048
f 7031 7048 7050
f 7037 7036 7049
f 7037 7049 7051
f 7032 7031 7050
f 7032 7050 7052
f 7038 7037 7051
f 7038 7051 7053
f 7033 7032 7052
f 7033 7052 7054
f 7039 7038 7053
f 7039 7053 7055
f 7034 7033 7054
f 7034 7054 7056
f 7040 7039 7055
f 7040 7055 7057
f 7035 7034 7056
f 7035 7056 7058
f 7041 7040 7057
f 7041 7057 7059
f 7001 7035 7058
f 7001 7058 7002
f 7042 7041 7059
f 7042 7059 7047
f 7048 7047 7060
f 7048 7060 7061
f 7050 7048 7061
f 7050 7061 7062
f 7063 7043 7046
f 7063 7046 7064
f 7047 7059 7065
f 7047 7065 7060
f 7066 7063 7064
f 7066 7064 7067
f 7059 7057 7068
f 7059 7068 7065
f 7069 7066 7067
f 7069 7067 7070
f 7057 7055 7071
f 7057 7071 7068
f 7072 7069 7070
f 7072 7070 7073
f 7055 7053 7074
f 7055 7074 7071
f 7075 7072 7073
f 7075 7073 7076
f 7053 7051 7077
f 7053 7077 7074
f 7078 7075 7076
f 7078 7076 7079
f 7051 7049 7080
f 7051 7080 7077
f 7081 7082 7083
f 7081 7083 7084
f 7069 7072 7085
f 7069 7085 7086
f 7087 7081 7084
f 7087 7084 7088
f 7066 7069 7086
f 7066 7086 7089
f 7063 7066 7089
f 7063 7089 7090
f 7091 7092 7093
f 7091 7093 7094
f 7043 7063 7090
f 7043 7090 7095
f 7096 7087 7088
f 7096 7088 7097
f 7044 7043 7095
f 7044 7095 7098
f 7078 7096 7097
f 7078 7097 7099
f 7100 7044 7098
f 7100 7098 7101
f 7075 7078 7099
f 7075 7099 7102
f 7092 7100 7101
f 7092 7101 7093
f 7072 7075 7102
f 7072 7102 7085
f 7060 7065 7103
f 7060 7103 7104
f 7105 7106 7076
f 7105 7076 7073
f 7061 7060 7104
f 7061 7104 7107
f 7080 7105 7073
f 7080 7073 7070
f 7062 7061 7107
f 7062 7107 7108
f 7077 7080 7070
f 7077 7070 7067
f 7109 7062 7108
f 7109 7108 7110
f 7074 7077 7067
f 7074 7067 7064
f 7111 7109 7110
f 7111 7110 7112
f 7071 7074 7064
f 7071 7064 7046
f 7113 7111 7112
f 7113 7112 7114
f 7068 7071 7046
f 7068 7046 7045
f 7115 7113 7114
f 7115 7114 7079
f 7065 7068 7045
f 7065 7045 7103
f 7106 7115 7079
f 7106 7079 7076
f 7052 7050 7062
f 7052 7062 7109
f 7044 7100 7103
f 7044 7103 7045
f 7054 7052 7109
f 7054 7109 7111
f 7100 7092 7104
f 7100 7104 7103
f 7056 7054 7111
f 7056 7111 7113
f 7091 7082 7108
f 7091 7108 7107
f 7092 7091 7107
f 7092 7107 7104
f 7058 7056 7113
f 7058 7113 7115
f 7082 7081 7110
f 7082 7110 7108
f 7002 7058 7115
f 7002 7115 7106
f 7081 7087 7112
f 7081 7112 7110
f 7003 7002 7106
f 7003 7106 7105
f 7087 7096 7114
f 7087 7114 7112
f 7049 7003 7105
f 7049 7105 7080
f 7096 7078 7079
f 7096 7079 7114
f 7083 7094 7116
f 7083 7116 7117
f 7117 7116 7118
f 7117 7118 7119
f 7119 7118 7120
f 7119 7120 7121
f 7121 7120 7122
f 7121 7122 7123
f 7084 7083 7117
f 7084 7117 7124
f 7124 7117 7119
f 7124 7119 7125
f 7125 7119 7121
f 7125 7121 7126
f 7126 7121 7123
f 7126 7123 7127
f 7088 7084 7124
f 7088 7124 7128
f 7128 7124 7125
f 7128 7125 7129
f 7129 7125 7126
f 7129 7126 7130
f 7130 7126 7127
f 7130 7127 7131
f 7097 7088 7128
f 7097 7128 7132
f 7132 7128 7129
f 7132 7129 7133
f 7133 7129 7130
f 7133 7130 7134
f 7134 7130 7131
f 7134 7131 7135
f 7099 7097 7132
f 7099 7132 7136
f 7136 7132 7133
f 7136 7133 7137
f 7137 7133 7134
f 7137 7134 7138
f 7138 7134 7135
f 7138 7135 7139
f 7102 7099 7136
f 7102 7136 7140
f 7140 7136 7137
f 7140 7137 7141
f 7141 7137 7138
f 7141 7138 7142
f 7142 7138 7139
f 7142 7139 7143
f 7085 7102 7140
f 7085 7140 7144
f 7144 7140 7141
f 7144 7141 7145
f 7145 7141 7142
f 7145 7142 7146
f 7146 7142 7143
f 7146 7143 7147
f 7086 7085 7144
f 7086 7144 7148
f 7148 7144 7145
f 7148 7145 7149
f 7149 7145 7146
f 7149 7146 7150
f 7150 7146 7147
f 7150 7147 7151
f 7089 7086 7148
f 7089 7148 7152
f 7152 7148 7149
f 7152 7149 7153
f 7153 7149 7150
f 7153 7150 7154
f 7154 7150 7151
f 7154 7151 7155
f 7090 7089 7152
f 7090 7152 7156
f 7156 7152 7153
f 7156 7153 7157
f 7157 7153 7154
f 7157 7154 7158
f 7158 7154 7155
f 7158 7155 7159
f 7095 7090 7156
f 7095 7156 7160
f 7160 7156 7157
f 7160 7157 7161
f 7161 7157 7158
f 7161 7158 7162
f 7162 7158 7159
f 7162 7159 7163
f 7098 7095 7160
f 7098 7160 7164
f 7164 7160 7161
f 7164 7161 7165
f 7165 7161 7162
f 7165 7162 7166
f 7166 7162 7163
f 7166 7163 7167
f 7101 7098 7164
f 7101 7164 7168
f 7168 7164 7165
f 7168 7165 7169
f 7169 7165 7166
f 7169 7166 7170
f 7170 7166 7167
f 7170 7167 7171
f 7093 7101 7168
f 7093 7168 7172
f 7172 7168 7169
f 7172 7169 7173
f 7173 7169 7170
f 7173 7170 7174
f 7174 7170 7171
f 7174 7171 7175
f 7094 7093 7172
f 7094 7172 7116
f 7116 7172 7173
f 7116 7173 7118
f 7118 7173 7174
f 7118 7174 7120
f 7120 7174 7175
f 7120 7175 7122
f 7082 7091 7094
f 7082 7094 7083
f 7147 7155 7151
f 7155 7147 7159
f 7159 7147 7143
f 7159 7143 7163
f 7163 7143 7139
f 7163 7139 7167
f 7167 7139 7135
f 7167 7135 7171
f 7171 7135 7131
f 7171 7131 7175
f 7175 7131 7127
f 7175 7127 7122
f 7122 7127 7123
f 7176 7177 7178
f 7176 7178 7179
f 7180 7177 7176
f 7180 7176 7181
f 7182 7180 7181
f 7182 7181 7183
f 7184 7185 7186
f 7184 7186 7187
f 7188 7189 7190
f 7188 7190 7191
f 7191 7190 7185
f 7191 7185 7184
f 7179 7178 7189
f 7179 7189 7188
f 7192 7187 7186
f 7192 7186 7193
f 7182 7193 7194
f 7182 7194 7195
f 7195 7194 7196
f 7195 7196 7197
f 7197 7196 7198
f 7197 7198 7199
f 7199 7198 7200
f 7199 7200 7201
f 7201 7200 7202
f 7201 7202 7203
f 7180 7182 7195
f 7180 7195 7204
f 7204 7195 7197
f 7204 7197 7205
f 7205 7197 7199
f 7205 7199 7206
f 7206 7199 7201
f 7206 7201 7207
f 7207 7201 7203
f 7207 7203 7208
f 7209 7210 7211
f 7209 7211 7212
f 7212 7211 7213
f 7212 7213 7214
f 7214 7213 7215
f 7214 7215 7216
f 7216 7215 7217
f 7216 7217 7218
f 7218 7217 7183
f 7218 7183 7181
f 7192 7183 7217
f 7192 7217 7219
f 7219 7217 7215
f 7219 7215 7220
f 7220 7215 7213
f 7220 7213 7221
f 7221 7213 7211
f 7221 7211 7222
f 7222 7211 7210
f 7222 7210 7223
f 7224 7225 7226
f 7224 7226 7227
f 7227 7226 7228
f 7227 7228 7229
f 7229 7228 7230
f 7229 7230 7231
f 7231 7230 7232
f 7231 7232 7233
f 7233 7232 7176
f 7233 7176 7179
f 7234 7235 7236
f 7234 7236 7237
f 7237 7236 7238
f 7237 7238 7239
f 7239 7238 7240
f 7239 7240 7241
f 7241 7240 7242
f 7241 7242 7243
f 7243 7242 7178
f 7243 7178 7177
f 7244 7224 7227
f 7244 7227 7245
f 7245 7227 7229
f 7245 7229 7246
f 7246 7229 7231
f 7246 7231 7247
f 7247 7231 7233
f 7247 7233 7248
f 7248 7233 7179
f 7248 7179 7188
f 7235 7249 7250
f 7235 7250 7236
f 7236 7250 7251
f 7236 7251 7238
f 7238 7251 7252
f 7238 7252 7240
f 7240 7252 7253
f 7240 7253 7242
f 7242 7253 7189
f 7242 7189 7178
f 7254 7244 7245
f 7254 7245 7255
f 7255 7245 7246
f 7255 7246 7256
f 7256 7246 7247
f 7256 7247 7257
f 7257 7247 7248
f 7257 7248 7258
f 7258 7248 7188
f 7258 7188 7191
f 7249 7259 7260
f 7249 7260 7250
f 7250 7260 7261
f 7250 7261 7251
f 7251 7261 7262
f 7251 7262 7252
f 7252 7262 7263
f 7252 7263 7253
f 7253 7263 7190
f 7253 7190 7189
f 7264 7254 7255
f 7264 7255 7265
f 7265 7255 7256
f 7265 7256 7266
f 7266 7256 7257
f 7266 7257 7267
f 7267 7257 7258
f 7267 7258 7268
f 7268 7258 7191
f 7268 7191 7184
f 7259 7269 7270
f 7259 7270 7260
f 7260 7270 7271
f 7260 7271 7261
f 7261 7271 7272
f 7261 7272 7262
f 7262 7272 7273
f 7262 7273 7263
f 7263 7273 7185
f 7263 7185 7190
f 7274 7264 7265
f 7274 7265 7275
f 7275 7265 7266
f 7275 7266 7276
f 7276 7266 7267
f 7276 7267 7277
f 7277 7267 7268
f 7277 7268 7278
f 7278 7268 7184
f 7278 7184 7187
f 7269 7279 7280
f 7269 7280 7270
f 7270 7280 7281
f 7270 7281 7271
f 7271 7281 7282
f 7271 7282 7272
f 7272 7282 7283
f 7272 7283 7273
f 7273 7283 7186
f 7273 7186 7185
f 7181 7176 7232
f 7181 7232 7218
f 7218 7232 7230
f 7218 7230 7216
f 7216 7230 7228
f 7216 7228 7214
f 7214 7228 7226
f 7214 7226 7212
f 7212 7226 7225
f 7212 7225 7209
f 7187 7192 7219
f 7187 7219 7278
f 7278 7219 7220
f 7278 7220 7277
f 7277 7220 7221
f 7277 7221 7276
f 7276 7221 7222
f 7276 7222 7275
f 7275 7222 7223
f 7275 7223 7274
f 7279 7202 7200
f 7279 7200 7280
f 7280 7200 7198
f 7280 7198 7281
f 7281 7198 7196
f 7281 7196 7282
f 7282 7196 7194
f 7282 7194 7283
f 7283 7194 7193
f 7283 7193 7186
f 7208 7234 7237
f 7208 7237 7207
f 7207 7237 7239
f 7207 7239 7206
f 7206 7239 7241
f 7206 7241 7205
f 7205 7241 7243
f 7205 7243 7204
f 7204 7243 7177
f 7204 7177 7180
f 7284 7285 7286
f 7284 7286 7287
f 7284 7288 7193
f 7284 7193 7182
f 7289 7285 7183
f 7289 7183 7192
f 7288 7289 7192
f 7288 7192 7193
f 7285 7284 7182
f 7285 7182 7183
f 7290 7287 7286
f 7290 7286 7291
f 7285 7289 7291
f 7285 7291 7286
f 7289 7288 7290
f 7289 7290 7291
f 7288 7284 7287
f 7288 7287 7290
f 7279 7203 7202
f 7203 7279 7269
f 7203 7269 7259
f 7203 7259 7249
f 7203 7249 7235
f 7203 7235 7234
f 7203 7234 7208
f 7210 7274 7223
f 7274 7210 7264
f 7264 7210 7254
f 7254 7210 7244
f 7244 7210 7224
f 7224 7210 7225
f 7225 7210 7209
f 7292 7293 7294
f 7292 7294 7295
f 7296 7297 7298
f 7296 7298 7299
f 7300 7301 7302
f 7300 7302 7303
f 7304 7296 7299
f 7304 7299 7305
f 7306 7307 7308
f 7306 7308 7309
f 7310 7311 7312
f 7310 7312 7313
f 7314 7315 7316
f 7314 7316 7317
f 7318 7319 7320
f 7318 7320 7321
f 7322 7304 7305
f 7322 7305 7323
f 7324 7310 7313
f 7324 7313 7325
f 7326 7292 7295
f 7326 7295 7327
f 7328 7322 7323
f 7328 7323 7329
f 7330 7300 7303
f 7330 7303 7331
f 7332 7324 7325
f 7332 7325 7333
f 7334 7328 7329
f 7334 7329 7335
f 7336 7306 7309
f 7336 7309 7337
f 7338 7332 7333
f 7338 7333 7339
f 7340 7314 7317
f 7340 7317 7341
f 7342 7318 7321
f 7342 7321 7343
f 7344 7334 7335
f 7344 7335 7345
f 7346 7338 7339
f 7346 7339 7347
f 7348 7349 7350
f 7348 7350 7351
f 7352 7353 7354
f 7352 7354 7355
f 7356 7326 7327
f 7356 7327 7357
f 7358 7344 7345
f 7358 7345 7359
f 7360 7361 7362
f 7360 7362 7363
f 7364 7365 7366
f 7364 7366 7367
f 7368 7369 7370
f 7368 7370 7371
f 7372 7373 7374
f 7372 7374 7375
f 7365 7376 7377
f 7365 7377 7366
f 7378 7379 7380
f 7378 7380 7381
f 7369 7382 7383
f 7369 7383 7370
f 7376 7384 7385
f 7376 7385 7377
f 7386 7387 7388
f 7386 7388 7389
f 7390 7391 7392
f 7390 7392 7393
f 7382 7394 7395
f 7382 7395 7383
f 7361 7396 7397
f 7361 7397 7362
f 7384 7398 7399
f 7384 7399 7385
f 7394 7400 7401
f 7394 7401 7395
f 7373 7402 7403
f 7373 7403 7374
f 7398 7404 7405
f 7398 7405 7399
f 7379 7406 7407
f 7379 7407 7380
f 7400 7408 7409
f 7400 7409 7401
f 7404 7410 7411
f 7404 7411 7405
f 7387 7412 7413
f 7387 7413 7388
f 7408 7414 7415
f 7408 7415 7409
f 7391 7416 7417
f 7391 7417 7392
f 7396 7418 7419
f 7396 7419 7397
f 7410 7420 7421
f 7410 7421 7411
f 7422 7423 7424
f 7422 7424 7425
f 7426 7415 7423
f 7426 7423 7422
f 7389 7409 7415
f 7389 7415 7426
f 7388 7401 7409
f 7388 7409 7389
f 7413 7395 7401
f 7413 7401 7388
f 7427 7383 7395
f 7427 7395 7413
f 7375 7370 7383
f 7375 7383 7427
f 7374 7371 7370
f 7374 7370 7375
f 7403 7428 7371
f 7403 7371 7374
f 7429 7430 7428
f 7429 7428 7403
f 7431 7432 7430
f 7431 7430 7429
f 7393 7433 7432
f 7393 7432 7431
f 7392 7434 7433
f 7392 7433 7393
f 7417 7435 7434
f 7417 7434 7392
f 7436 7421 7435
f 7436 7435 7417
f 7381 7411 7421
f 7381 7421 7436
f 7380 7405 7411
f 7380 7411 7381
f 7407 7399 7405
f 7407 7405 7380
f 7437 7385 7399
f 7437 7399 7407
f 7363 7377 7385
f 7363 7385 7437
f 7362 7366 7377
f 7362 7377 7363
f 7397 7367 7366
f 7397 7366 7362
f 7419 7438 7367
f 7419 7367 7397
f 7425 7424 7438
f 7425 7438 7419
f 7439 7368 7371
f 7439 7371 7428
f 7440 7390 7393
f 7440 7393 7431
f 7441 7386 7389
f 7441 7389 7426
f 7442 7364 7367
f 7442 7367 7438
f 7443 7439 7428
f 7443 7428 7430
f 7444 7378 7381
f 7444 7381 7436
f 7445 7442 7438
f 7445 7438 7424
f 7446 7372 7375
f 7446 7375 7427
f 7447 7443 7430
f 7447 7430 7432
f 7448 7360 7363
f 7448 7363 7437
f 7449 7447 7432
f 7449 7432 7433
f 7450 7440 7431
f 7450 7431 7429
f 7451 7441 7426
f 7451 7426 7422
f 7418 7452 7425
f 7418 7425 7419
f 7453 7449 7433
f 7453 7433 7434
f 7416 7444 7436
f 7416 7436 7417
f 7412 7446 7427
f 7412 7427 7413
f 7454 7453 7434
f 7454 7434 7435
f 7455 7445 7424
f 7455 7424 7423
f 7406 7448 7437
f 7406 7437 7407
f 7420 7454 7435
f 7420 7435 7421
f 7402 7450 7429
f 7402 7429 7403
f 7452 7451 7422
f 7452 7422 7425
f 7414 7455 7423
f 7414 7423 7415
f 7456 7457 7458
f 7456 7458 7459
f 7455 7460 7461
f 7455 7461 7445
f 7414 7462 7460
f 7414 7460 7455
f 7408 7463 7462
f 7408 7462 7414
f 7400 7464 7463
f 7400 7463 7408
f 7394 7465 7464
f 7394 7464 7400
f 7382 7466 7465
f 7382 7465 7394
f 7369 7467 7466
f 7369 7466 7382
f 7368 7468 7467
f 7368 7467 7369
f 7439 7469 7468
f 7439 7468 7368
f 7443 7470 7469
f 7443 7469 7439
f 7447 7471 7470
f 7447 7470 7443
f 7449 7472 7471
f 7449 7471 7447
f 7453 7473 7472
f 7453 7472 7449
f 7454 7474 7473
f 7454 7473 7453
f 7420 7475 7474
f 7420 7474 7454
f 7410 7476 7475
f 7410 7475 7420
f 7404 7477 7476
f 7404 7476 7410
f 7398 7478 7477
f 7398 7477 7404
f 7384 7479 7478
f 7384 7478 7398
f 7376 7480 7479
f 7376 7479 7384
f 7365 7481 7480
f 7365 7480 7376
f 7482 7311 7310
f 7482 7310 7483
f 7364 7484 7481
f 7364 7481 7365
f 7312 7350 7343
f 7312 7343 7313
f 7313 7343 7321
f 7313 7321 7325
f 7325 7321 7320
f 7325 7320 7333
f 7333 7320 7485
f 7333 7485 7339
f 7339 7485 7486
f 7339 7486 7347
f 7347 7486 7331
f 7347 7331 7487
f 7487 7331 7303
f 7487 7303 7488
f 7488 7303 7302
f 7488 7302 7489
f 7489 7302 7490
f 7489 7490 7491
f 7491 7490 7341
f 7491 7341 7492
f 7492 7341 7317
f 7492 7317 7493
f 7493 7317 7316
f 7493 7316 7298
f 7298 7316 7494
f 7298 7494 7299
f 7299 7494 7357
f 7299 7357 7305
f 7305 7357 7327
f 7305 7327 7323
f 7323 7327 7295
f 7323 7295 7329
f 7329 7295 7294
f 7329 7294 7335
f 7335 7294 7495
f 7335 7495 7345
f 7345 7495 7337
f 7345 7337 7359
f 7359 7337 7309
f 7359 7309 7496
f 7496 7309 7308
f 7496 7308 7497
f 7497 7308 7498
f 7497 7498 7499
f 7499 7498 7351
f 7499 7351 7500
f 7500 7351 7350
f 7500 7350 7312
f 7297 7501 7493
f 7297 7493 7298
f 7319 7502 7485
f 7319 7485 7320
f 7315 7503 7494
f 7315 7494 7316
f 7307 7504 7498
f 7307 7498 7308
f 7501 7505 7492
f 7501 7492 7493
f 7311 7506 7500
f 7311 7500 7312
f 7301 7507 7490
f 7301 7490 7302
f 7505 7508 7491
f 7505 7491 7492
f 7293 7509 7495
f 7293 7495 7294
f 7506 7510 7499
f 7506 7499 7500
f 7508 7511 7489
f 7508 7489 7491
f 7502 7512 7486
f 7502 7486 7485
f 7510 7513 7497
f 7510 7497 7499
f 7503 7356 7357
f 7503 7357 7494
f 7504 7348 7351
f 7504 7351 7498
f 7349 7342 7343
f 7349 7343 7350
f 7511 7514 7488
f 7511 7488 7489
f 7513 7515 7496
f 7513 7496 7497
f 7507 7340 7341
f 7507 7341 7490
f 7514 7516 7487
f 7514 7487 7488
f 7509 7336 7337
f 7509 7337 7495
f 7515 7358 7359
f 7515 7359 7496
f 7516 7346 7347
f 7516 7347 7487
f 7512 7330 7331
f 7512 7331 7486
f 7517 7518 7342
f 7517 7342 7349
f 7518 7519 7318
f 7518 7318 7342
f 7519 7520 7319
f 7519 7319 7318
f 7520 7521 7502
f 7520 7502 7319
f 7521 7522 7512
f 7521 7512 7502
f 7522 7523 7330
f 7522 7330 7512
f 7523 7524 7300
f 7523 7300 7330
f 7524 7525 7301
f 7524 7301 7300
f 7525 7526 7507
f 7525 7507 7301
f 7526 7527 7340
f 7526 7340 7507
f 7527 7528 7314
f 7527 7314 7340
f 7528 7529 7315
f 7528 7315 7314
f 7529 7530 7503
f 7529 7503 7315
f 7530 7531 7356
f 7530 7356 7503
f 7531 7532 7326
f 7531 7326 7356
f 7532 7533 7292
f 7532 7292 7326
f 7533 7534 7293
f 7533 7293 7292
f 7534 7535 7509
f 7534 7509 7293
f 7535 7353 7336
f 7535 7336 7509
f 7353 7352 7306
f 7353 7306 7336
f 7352 7536 7307
f 7352 7307 7306
f 7536 7537 7504
f 7536 7504 7307
f 7537 7538 7348
f 7537 7348 7504
f 7538 7517 7349
f 7538 7349 7348
f 7530 7529 7539
f 7530 7539 7540
f 7523 7522 7541
f 7523 7541 7542
f 7536 7352 7355
f 7536 7355 7543
f 7531 7530 7540
f 7531 7540 7544
f 7524 7523 7542
f 7524 7542 7545
f 7537 7536 7543
f 7537 7543 7546
f 7532 7531 7544
f 7532 7544 7547
f 7525 7524 7545
f 7525 7545 7548
f 7538 7537 7546
f 7538 7546 7549
f 7518 7517 7550
f 7518 7550 7551
f 7533 7532 7547
f 7533 7547 7552
f 7526 7525 7548
f 7526 7548 7553
f 7517 7538 7549
f 7517 7549 7550
f 7519 7518 7551
f 7519 7551 7554
f 7534 7533 7552
f 7534 7552 7555
f 7527 7526 7553
f 7527 7553 7556
f 7520 7519 7554
f 7520 7554 7557
f 7535 7534 7555
f 7535 7555 7558
f 7528 7527 7556
f 7528 7556 7559
f 7521 7520 7557
f 7521 7557 7560
f 7353 7535 7558
f 7353 7558 7354
f 7529 7528 7559
f 7529 7559 7539
f 7522 7521 7560
f 7522 7560 7541
f 7483 7310 7324
f 7483 7324 7561
f 7445 7461 7562
f 7445 7562 7442
f 7561 7324 7332
f 7561 7332 7563
f 7563 7332 7338
f 7563 7338 7564
f 7564 7338 7346
f 7564 7346 7565
f 7565 7346 7516
f 7565 7516 7566
f 7566 7516 7514
f 7566 7514 7567
f 7567 7514 7511
f 7567 7511 7568
f 7568 7511 7508
f 7568 7508 7569
f 7569 7508 7505
f 7569 7505 7570
f 7570 7505 7501
f 7570 7501 7571
f 7571 7501 7297
f 7571 7297 7572
f 7572 7297 7296
f 7572 7296 7573
f 7573 7296 7304
f 7573 7304 7574
f 7574 7304 7322
f 7574 7322 7575
f 7575 7322 7328
f 7575 7328 7576
f 7576 7328 7334
f 7576 7334 7577
f 7577 7334 7344
f 7577 7344 7578
f 7578 7344 7358
f 7578 7358 7579
f 7579 7358 7515
f 7579 7515 7580
f 7580 7515 7513
f 7580 7513 7581
f 7581 7513 7510
f 7581 7510 7582
f 7582 7510 7506
f 7582 7506 7583
f 7583 7506 7311
f 7583 7311 7482
f 7460 7462 7584
f 7460 7584 7585
f 7470 7471 7586
f 7470 7586 7587
f 7479 7480 7588
f 7479 7588 7589
f 7578 7579 7590
f 7578 7590 7591
f 7569 7570 7592
f 7569 7592 7593
f 7482 7483 7457
f 7482 7457 7456
f 7466 7467 7594
f 7466 7594 7595
f 7475 7476 7596
f 7475 7596 7597
f 7582 7583 7598
f 7582 7598 7599
f 7573 7574 7600
f 7573 7600 7601
f 7564 7565 7602
f 7564 7602 7603
f 7462 7463 7604
f 7462 7604 7584
f 7471 7472 7605
f 7471 7605 7586
f 7480 7481 7606
f 7480 7606 7588
f 7577 7578 7591
f 7577 7591 7607
f 7568 7569 7593
f 7568 7593 7608
f 7467 7468 7609
f 7467 7609 7594
f 7476 7477 7610
f 7476 7610 7596
f 7581 7582 7599
f 7581 7599 7611
f 7572 7573 7601
f 7572 7601 7612
f 7563 7564 7603
f 7563 7603 7613
f 7463 7464 7614
f 7463 7614 7604
f 7472 7473 7615
f 7472 7615 7605
f 7481 7484 7616
f 7481 7616 7606
f 7442 7562 7484
f 7442 7484 7364
f 7457 7617 7616
f 7457 7616 7458
f 7617 7613 7606
f 7617 7606 7616
f 7613 7603 7588
f 7613 7588 7606
f 7603 7602 7589
f 7603 7589 7588
f 7602 7618 7619
f 7602 7619 7589
f 7618 7620 7610
f 7618 7610 7619
f 7620 7608 7596
f 7620 7596 7610
f 7608 7593 7597
f 7608 7597 7596
f 7593 7592 7621
f 7593 7621 7597
f 7592 7622 7615
f 7592 7615 7621
f 7622 7612 7605
f 7622 7605 7615
f 7612 7601 7586
f 7612 7586 7605
f 7601 7600 7587
f 7601 7587 7586
f 7600 7623 7624
f 7600 7624 7587
f 7623 7625 7609
f 7623 7609 7624
f 7625 7607 7594
f 7625 7594 7609
f 7607 7591 7595
f 7607 7595 7594
f 7591 7590 7626
f 7591 7626 7595
f 7590 7627 7614
f 7590 7614 7626
f 7627 7611 7604
f 7627 7604 7614
f 7611 7599 7584
f 7611 7584 7604
f 7599 7598 7585
f 7599 7585 7584
f 7598 7456 7459
f 7598 7459 7585
f 7565 7566 7618
f 7565 7618 7602
f 7574 7575 7623
f 7574 7623 7600
f 7583 7482 7456
f 7583 7456 7598
f 7562 7461 7459
f 7562 7459 7458
f 7474 7475 7597
f 7474 7597 7621
f 7465 7466 7595
f 7465 7595 7626
f 7461 7460 7585
f 7461 7585 7459
f 7483 7561 7617
f 7483 7617 7457
f 7570 7571 7622
f 7570 7622 7592
f 7579 7580 7627
f 7579 7627 7590
f 7478 7479 7589
f 7478 7589 7619
f 7469 7470 7587
f 7469 7587 7624
f 7566 7567 7620
f 7566 7620 7618
f 7575 7576 7625
f 7575 7625 7623
f 7484 7562 7458
f 7484 7458 7616
f 7473 7474 7621
f 7473 7621 7615
f 7464 7465 7626
f 7464 7626 7614
f 7561 7563 7613
f 7561 7613 7617
f 7571 7572 7612
f 7571 7612 7622
f 7580 7581 7611
f 7580 7611 7627
f 7477 7478 7619
f 7477 7619 7610
f 7468 7469 7624
f 7468 7624 7609
f 7567 7568 7608
f 7567 7608 7620
f 7576 7577 7607
f 7576 7607 7625
f 7440 7391 7390
f 7391 7440 7450
f 7391 7450 7416
f 7416 7450 7402
f 7416 7402 7444
f 7444 7402 7373
f 7444 7373 7378
f 7378 7373 7372
f 7378 7372 7379
f 7379 7372 7446
f 7379 7446 7406
f 7406 7446 7412
f 7406 7412 7448
f 7448 7412 7387
f 7448 7387 7360
f 7360 7387 7386
f 7360 7386 7361
f 7361 7386 7441
f 7361 7441 7396
f 7396 7441 7451
f 7396 7451 7418
f 7418 7451 7452
f 7559 7540 7539
f 7540 7559 7556
f 7540 7556 7544
f 7544 7556 7553
f 7544 7553 7547
f 7547 7553 7548
f 7547 7548 7552
f 7552 7548 7545
f 7552 7545 7555
f 7555 7545 7542
f 7555 7542 7558
f 7558 7542 7541
f 7558 7541 7354
f 7354 7541 7560
f 7354 7560 7355
f 7355 7560 7557
f 7355 7557 7543
f 7543 7557 7554
f 7543 7554 7546
f 7546 7554 7551
f 7546 7551 7549
f 7549 7551 7550
f 7628 7629 7630
f 7628 7630 7631
f 7632 7633 7634
f 7632 7634 7635
f 7635 7634 7636
f 7635 7636 7637
f 7637 7636 7638
f 7637 7638 7639
f 7639 7638 7640
f 7639 7640 7641
f 7641 7640 7642
f 7641 7642 7643
f 7643 7642 7644
f 7643 7644 7645
f 7645 7644 7646
f 7645 7646 7647
f 7647 7646 7648
f 7647 7648 7649
f 7649 7648 7650
f 7649 7650 7651
f 7651 7650 7652
f 7651 7652 7653
f 7631 7630 7654
f 7631 7654 7655
f 7655 7654 7633
f 7655 7633 7632
f 7653 7652 7629
f 7653 7629 7628
f 7630 7629 7656
f 7630 7656 7657
f 7654 7630 7657
f 7654 7657 7658
f 7633 7654 7658
f 7633 7658 7659
f 7634 7633 7659
f 7634 7659 7660
f 7636 7634 7660
f 7636 7660 7661
f 7638 7636 7661
f 7638 7661 7662
f 7640 7638 7662
f 7640 7662 7663
f 7642 7640 7663
f 7642 7663 7664
f 7644 7642 7664
f 7644 7664 7665
f 7646 7644 7665
f 7646 7665 7666
f 7648 7646 7666
f 7648 7666 7667
f 7650 7648 7667
f 7650 7667 7668
f 7652 7650 7668
f 7652 7668 7669
f 7629 7652 7669
f 7629 7669 7656
f 7670 7671 7672
f 7670 7672 7673
f 7674 7675 7657
f 7674 7657 7656
f 7675 7676 7658
f 7675 7658 7657
f 7676 7677 7659
f 7676 7659 7658
f 7677 7678 7660
f 7677 7660 7659
f 7678 7679 7661
f 7678 7661 7660
f 7679 7680 7662
f 7679 7662 7661
f 7680 7681 7663
f 7680 7663 7662
f 7681 7671 7664
f 7681 7664 7663
f 7671 7670 7665
f 7671 7665 7664
f 7670 7682 7666
f 7670 7666 7665
f 7682 7683 7667
f 7682 7667 7666
f 7683 7684 7668
f 7683 7668 7667
f 7684 7685 7669
f 7684 7669 7668
f 7685 7674 7656
f 7685 7656 7669
f 7686 7687 7688
f 7686 7688 7689
f 7676 7675 7690
f 7676 7690 7691
f 7682 7670 7673
f 7682 7673 7692
f 7677 7676 7691
f 7677 7691 7693
f 7683 7682 7692
f 7683 7692 7694
f 7678 7677 7693
f 7678 7693 7695
f 7684 7683 7694
f 7684 7694 7696
f 7679 7678 7695
f 7679 7695 7697
f 7685 7684 7696
f 7685 7696 7698
f 7680 7679 7697
f 7680 7697 7699
f 7674 7685 7698
f 7674 7698 7700
f 7681 7680 7699
f 7681 7699 7701
f 7671 7681 7701
f 7671 7701 7672
f 7675 7674 7700
f 7675 7700 7690
f 7702 7703 7690
f 7702 7690 7700
f 7703 7704 7691
f 7703 7691 7690
f 7704 7705 7693
f 7704 7693 7691
f 7705 7706 7695
f 7705 7695 7693
f 7706 7687 7697
f 7706 7697 7695
f 7687 7686 7699
f 7687 7699 7697
f 7686 7707 7701
f 7686 7701 7699
f 7707 7708 7672
f 7707 7672 7701
f 7708 7709 7673
f 7708 7673 7672
f 7709 7710 7692
f 7709 7692 7673
f 7710 7711 7694
f 7710 7694 7692
f 7711 7712 7696
f 7711 7696 7694
f 7712 7713 7698
f 7712 7698 7696
f 7713 7702 7700
f 7713 7700 7698
f 7702 7713 7714
f 7702 7714 7715
f 7707 7686 7689
f 7707 7689 7716
f 7704 7703 7717
f 7704 7717 7718
f 7708 7707 7716
f 7708 7716 7719
f 7709 7708 7719
f 7709 7719 7720
f 7710 7709 7720
f 7710 7720 7721
f 7705 7704 7718
f 7705 7718 7722
f 7711 7710 7721
f 7711 7721 7723
f 7706 7705 7722
f 7706 7722 7724
f 7712 7711 7723
f 7712 7723 7725
f 7687 7706 7724
f 7687 7724 7688
f 7713 7712 7725
f 7713 7725 7714
f 7726 7727 7717
f 7726 7717 7715
f 7727 7728 7718
f 7727 7718 7717
f 7728 7729 7722
f 7728 7722 7718
f 7729 7730 7724
f 7729 7724 7722
f 7730 7731 7688
f 7730 7688 7724
f 7731 7732 7689
f 7731 7689 7688
f 7732 7733 7716
f 7732 7716 7689
f 7733 7734 7719
f 7733 7719 7716
f 7734 7735 7720
f 7734 7720 7719
f 7735 7736 7721
f 7735 7721 7720
f 7736 7737 7723
f 7736 7723 7721
f 7737 7738 7725
f 7737 7725 7723
f 7738 7739 7714
f 7738 7714 7725
f 7739 7726 7715
f 7739 7715 7714
f 7703 7702 7715
f 7703 7715 7717
f 7628 7631 7740
f 7628 7740 7741
f 7631 7655 7742
f 7631 7742 7740
f 7655 7632 7743
f 7655 7743 7742
f 7632 7635 7744
f 7632 7744 7743
f 7635 7637 7745
f 7635 7745 7744
f 7637 7639 7746
f 7637 7746 7745
f 7639 7641 7747
f 7639 7747 7746
f 7641 7643 7748
f 7641 7748 7747
f 7643 7645 7749
f 7643 7749 7748
f 7645 7647 7750
f 7645 7750 7749
f 7647 7649 7751
f 7647 7751 7750
f 7649 7651 7752
f 7649 7752 7751
f 7651 7653 7753
f 7651 7753 7752
f 7653 7628 7741
f 7653 7741 7753
f 7754 7755 7756
f 7754 7756 7757
f 7758 7759 7741
f 7758 7741 7740
f 7760 7758 7740
f 7760 7740 7742
f 7761 7760 7742
f 7761 7742 7743
f 7762 7761 7743
f 7762 7743 7744
f 7763 7762 7744
f 7763 7744 7745
f 7764 7763 7745
f 7764 7745 7746
f 7765 7764 7746
f 7765 7746 7747
f 7754 7765 7747
f 7754 7747 7748
f 7755 7754 7748
f 7755 7748 7749
f 7766 7755 7749
f 7766 7749 7750
f 7767 7766 7750
f 7767 7750 7751
f 7768 7767 7751
f 7768 7751 7752
f 7769 7768 7752
f 7769 7752 7753
f 7759 7769 7753
f 7759 7753 7741
f 7758 7760 7770
f 7758 7770 7771
f 7755 7766 7772
f 7755 7772 7756
f 7769 7759 7773
f 7769 7773 7774
f 7766 7767 7775
f 7766 7775 7772
f 7761 7762 7776
f 7761 7776 7777
f 7767 7768 7778
f 7767 7778 7775
f 7762 7763 7779
f 7762 7779 7776
f 7768 7769 7774
f 7768 7774 7778
f 7763 7764 7780
f 7763 7780 7779
f 7764 7765 7781
f 7764 7781 7780
f 7760 7761 7777
f 7760 7777 7770
f 7765 7754 7757
f 7765 7757 7781
f 7782 7783 7784
f 7782 7784 7785
f 7785 7784 7786
f 7785 7786 7787
f 7787 7786 7788
f 7787 7788 7789
f 7789 7788 7773
f 7789 7773 7771
f 7790 7782 7785
f 7790 7785 7791
f 7791 7785 7787
f 7791 7787 7792
f 7792 7787 7789
f 7792 7789 7793
f 7793 7789 7771
f 7793 7771 7770
f 7794 7790 7791
f 7794 7791 7795
f 7795 7791 7792
f 7795 7792 7796
f 7796 7792 7793
f 7796 7793 7797
f 7797 7793 7770
f 7797 7770 7777
f 7798 7794 7795
f 7798 7795 7799
f 7799 7795 7796
f 7799 7796 7800
f 7800 7796 7797
f 7800 7797 7801
f 7801 7797 7777
f 7801 7777 7776
f 7802 7798 7799
f 7802 7799 7803
f 7803 7799 7800
f 7803 7800 7804
f 7804 7800 7801
f 7804 7801 7805
f 7805 7801 7776
f 7805 7776 7779
f 7806 7802 7803
f 7806 7803 7807
f 7807 7803 7804
f 7807 7804 7808
f 7808 7804 7805
f 7808 7805 7809
f 7809 7805 7779
f 7809 7779 7780
f 7810 7806 7807
f 7810 7807 7811
f 7811 7807 7808
f 7811 7808 7812
f 7812 7808 7809
f 7812 7809 7813
f 7813 7809 7780
f 7813 7780 7781
f 7814 7810 7811
f 7814 7811 7815
f 7815 7811 7812
f 7815 7812 7816
f 7816 7812 7813
f 7816 7813 7817
f 7817 7813 7781
f 7817 7781 7757
f 7818 7814 7815
f 7818 7815 7819
f 7819 7815 7816
f 7819 7816 7820
f 7820 7816 7817
f 7820 7817 7821
f 7821 7817 7757
f 7821 7757 7756
f 7822 7818 7819
f 7822 7819 7823
f 7823 7819 7820
f 7823 7820 7824
f 7824 7820 7821
f 7824 7821 7825
f 7825 7821 7756
f 7825 7756 7772
f 7826 7822 7823
f 7826 7823 7827
f 7827 7823 7824
f 7827 7824 7828
f 7828 7824 7825
f 7828 7825 7829
f 7829 7825 7772
f 7829 7772 7775
f 7830 7826 7827
f 7830 7827 7831
f 7831 7827 7828
f 7831 7828 7832
f 7832 7828 7829
f 7832 7829 7833
f 7833 7829 7775
f 7833 7775 7778
f 7834 7830 7831
f 7834 7831 7835
f 7835 7831 7832
f 7835 7832 7836
f 7836 7832 7833
f 7836 7833 7837
f 7837 7833 7778
f 7837 7778 7774
f 7783 7834 7835
f 7783 7835 7784
f 7784 7835 7836
f 7784 7836 7786
f 7786 7836 7837
f 7786 7837 7788
f 7788 7837 7774
f 7788 7774 7773
f 7759 7758 7771
f 7759 7771 7773
f 7732 7734 7733
f 7734 7732 7731
f 7734 7731 7735
f 7735 7731 7730
f 7735 7730 7736
f 7736 7730 7729
f 7736 7729 7737
f 7737 7729 7728
f 7737 7728 7738
f 7738 7728 7727
f 7738 7727 7739
f 7739 7727 7726
f 7814 7806 7810
f 7806 7814 7818
f 7806 7818 7802
f 7802 7818 7822
f 7802 7822 7798
f 7798 7822 7826
f 7798 7826 7794
f 7794 7826 7830
f 7794 7830 7790
f 7790 7830 7834
f 7790 7834 7782
f 7782 7834 7783
f 7838 7839 7840
f 7838 7840 7841
f 7841 7840 7842
f 7841 7842 7843
f 7843 7842 7844
f 7843 7844 7845
f 7845 7844 7846
f 7845 7846 7847
f 7847 7846 7848
f 7847 7848 7849
f 7849 7848 7850
f 7849 7850 7851
f 7851 7850 7852
f 7851 7852 7853
f 7853 7852 7854
f 7853 7854 7855
f 7855 7854 7856
f 7855 7856 7857
f 7857 7856 7858
f 7857 7858 7859
f 7859 7858 7860
f 7859 7860 7861
f 7861 7860 7862
f 7861 7862 7863
f 7863 7862 7864
f 7863 7864 7865
f 7865 7864 7866
f 7865 7866 7867
f 7867 7866 7868
f 7867 7868 7869
f 7869 7868 7870
f 7869 7870 7871
f 7871 7870 7872
f 7871 7872 7873
f 7874 7875 7876
f 7874 7876 7877
f 7873 7872 7878
f 7873 7878 7879
f 7880 7881 7882
f 7880 7882 7883
f 7884 7885 7886
f 7884 7886 7887
f 7888 7889 7890
f 7888 7890 7891
f 7892 7893 7839
f 7892 7839 7838
f 7894 7895 7881
f 7894 7881 7880
f 7896 7897 7898
f 7896 7898 7899
f 7900 7901 7902
f 7900 7902 7903
f 7904 7905 7906
f 7904 7906 7907
f 7908 7909 7895
f 7908 7895 7894
f 7910 7911 7897
f 7910 7897 7896
f 7912 7913 7901
f 7912 7901 7900
f 7914 7915 7905
f 7914 7905 7904
f 7916 7917 7909
f 7916 7909 7908
f 7918 7919 7911
f 7918 7911 7910
f 7920 7921 7913
f 7920 7913 7912
f 7922 7923 7915
f 7922 7915 7914
f 7924 7925 7917
f 7924 7917 7916
f 7926 7927 7919
f 7926 7919 7918
f 7928 7929 7921
f 7928 7921 7920
f 7930 7931 7923
f 7930 7923 7922
f 7932 7933 7925
f 7932 7925 7924
f 7934 7935 7927
f 7934 7927 7926
f 7936 7937 7929
f 7936 7929 7928
f 7938 7939 7931
f 7938 7931 7930
f 7940 7941 7933
f 7940 7933 7932
f 7942 7943 7935
f 7942 7935 7934
f 7944 7945 7937
f 7944 7937 7936
f 7946 7947 7939
f 7946 7939 7938
f 7948 7949 7941
f 7948 7941 7940
f 7950 7951 7943
f 7950 7943 7942
f 7952 7953 7945
f 7952 7945 7944
f 7954 7955 7947
f 7954 7947 7946
f 7956 7957 7949
f 7956 7949 7948
f 7958 7959 7951
f 7958 7951 7950
f 7960 7961 7953
f 7960 7953 7952
f 7962 7963 7955
f 7962 7955 7954
f 7964 7965 7957
f 7964 7957 7956
f 7966 7967 7959
f 7966 7959 7958
f 7968 7969 7961
f 7968 7961 7960
f 7970 7971 7963
f 7970 7963 7962
f 7972 7973 7965
f 7972 7965 7964
f 7974 7975 7967
f 7974 7967 7966
f 7976 7977 7969
f 7976 7969 7968
f 7978 7979 7971
f 7978 7971 7970
f 7980 7981 7973
f 7980 7973 7972
f 7982 7983 7975
f 7982 7975 7974
f 7984 7985 7977
f 7984 7977 7976
f 7986 7987 7979
f 7986 7979 7978
f 7988 7989 7981
f 7988 7981 7980
f 7990 7991 7983
f 7990 7983 7982
f 7992 7993 7985
f 7992 7985 7984
f 7994 7995 7987
f 7994 7987 7986
f 7996 7997 7989
f 7996 7989 7988
f 7998 7999 7991
f 7998 7991 7990
f 8000 8001 7993
f 8000 7993 7992
f 8002 8003 7995
f 8002 7995 7994
f 8004 8005 7997
f 8004 7997 7996
f 8006 8007 7999
f 8006 7999 7998
f 8008 8009 8001
f 8008 8001 8000
f 8010 8011 8003
f 8010 8003 8002
f 8012 8013 8005
f 8012 8005 8004
f 8014 8015 8007
f 8014 8007 8006
f 8016 8017 8009
f 8016 8009 8008
f 8018 8019 8011
f 8018 8011 8010
f 8020 8021 8013
f 8020 8013 8012
f 8022 8023 8015
f 8022 8015 8014
f 8024 8025 8017
f 8024 8017 8016
f 8026 8027 8019
f 8026 8019 8018
f 8028 8029 8021
f 8028 8021 8020
f 8030 8031 8023
f 8030 8023 8022
f 8032 8033 8025
f 8032 8025 8024
f 8034 8035 8027
f 8034 8027 8026
f 8036 8037 8029
f 8036 8029 8028
f 8038 8039 8031
f 8038 8031 8030
f 7887 7886 8033
f 7887 8033 8032
f 7891 7890 8035
f 7891 8035 8034
f 7899 7898 8040
f 7899 8040 8041
f 7903 7902 7885
f 7903 7885 7884
f 7907 7906 7889
f 7907 7889 7888
f 7879 7878 7893
f 7879 7893 7892
f 7919 7927 8042
f 7919 8042 8043
f 8041 8040 8039
f 8041 8039 8038
f 7953 7961 8044
f 7953 8044 8045
f 7987 7995 8046
f 7987 8046 8047
f 7928 7920 8048
f 7928 8048 8049
f 7844 7842 8050
f 7844 8050 8051
f 7962 7954 8052
f 7962 8052 8053
f 7851 7853 8054
f 7851 8054 8055
f 8036 8028 8056
f 8036 8056 8057
f 7951 7959 8058
f 7951 8058 8059
f 7985 7993 8060
f 7985 8060 8061
f 8019 8027 8062
f 8019 8062 8063
f 7960 7952 8045
f 7960 8045 8044
f 7994 7986 8047
f 7994 8047 8046
f 7843 7845 8051
f 7843 8051 8050
f 7859 7861 8064
f 7859 8064 8065
f 7930 7922 8066
f 7930 8066 8067
f 7852 7850 8055
f 7852 8055 8054
f 7955 7963 8053
f 7955 8053 8052
f 7921 7929 8049
f 7921 8049 8048
f 7972 7964 8068
f 7972 8068 8069
f 7867 7869 8070
f 7867 8070 8071
f 7860 7858 8065
f 7860 8065 8064
f 7923 7931 8067
f 7923 8067 8066
f 7940 7932 8072
f 7940 8072 8073
f 7868 7866 8071
f 7868 8071 8070
f 8024 8016 8074
f 8024 8074 8075
f 8015 8023 8076
f 8015 8076 8077
f 8026 8018 8063
f 8026 8063 8062
f 7992 7984 8061
f 7992 8061 8060
f 8017 8025 8075
f 8017 8075 8074
f 7983 7991 8078
f 7983 8078 8079
f 8080 8081 8082
f 8080 8082 8083
f 8084 8085 8086
f 8084 8086 8087
f 8088 8084 8087
f 8088 8087 8089
f 8090 8088 8089
f 8090 8089 8091
f 8092 8090 8091
f 8092 8091 8093
f 8080 8092 8093
f 8080 8093 8094
f 8081 8080 8094
f 8081 8094 8095
f 8096 8081 8095
f 8096 8095 8097
f 8098 8096 8097
f 8098 8097 8099
f 8100 8098 8099
f 8100 8099 8101
f 8102 8100 8101
f 8102 8101 8103
f 8104 8102 8103
f 8104 8103 8105
f 8106 8104 8105
f 8106 8105 8107
f 8108 8106 8107
f 8108 8107 8109
f 8110 8108 8109
f 8110 8109 8111
f 8112 8110 8111
f 8112 8111 8113
f 8114 8112 8113
f 8114 8113 8115
f 8116 8114 8115
f 8116 8115 8117
f 8118 8116 8117
f 8118 8117 8119
f 8120 8118 8119
f 8120 8119 8121
f 8085 8120 8121
f 8085 8121 8086
f 8120 8085 8122
f 8120 8122 8123
f 8084 8088 8124
f 8084 8124 8125
f 8108 8110 8126
f 8108 8126 8127
f 8081 8096 8128
f 8081 8128 8082
f 8110 8112 8129
f 8110 8129 8126
f 8096 8098 8130
f 8096 8130 8128
f 8112 8114 8131
f 8112 8131 8129
f 8098 8100 8132
f 8098 8132 8130
f 8133 8134 8135
f 8133 8135 8136
f 8114 8116 8137
f 8114 8137 8131
f 8100 8102 8138
f 8100 8138 8132
f 8088 8090 8139
f 8088 8139 8124
f 8116 8118 8140
f 8116 8140 8137
f 8102 8104 8141
f 8102 8141 8138
f 8090 8092 8142
f 8090 8142 8139
f 8118 8120 8123
f 8118 8123 8140
f 8104 8106 8143
f 8104 8143 8141
f 8092 8080 8083
f 8092 8083 8142
f 8106 8108 8127
f 8106 8127 8143
f 8122 8125 8144
f 8122 8144 8145
f 8125 8124 8146
f 8125 8146 8144
f 8124 8139 8147
f 8124 8147 8146
f 8139 8142 8148
f 8139 8148 8147
f 8142 8083 8149
f 8142 8149 8148
f 8083 8082 8150
f 8083 8150 8149
f 8082 8128 8151
f 8082 8151 8150
f 8128 8130 8133
f 8128 8133 8151
f 8130 8132 8134
f 8130 8134 8133
f 8132 8138 8152
f 8132 8152 8134
f 8138 8141 8153
f 8138 8153 8152
f 8141 8143 8154
f 8141 8154 8153
f 8143 8127 8155
f 8143 8155 8154
f 8127 8126 8156
f 8127 8156 8155
f 8126 8129 8157
f 8126 8157 8156
f 8129 8131 8158
f 8129 8158 8157
f 8131 8137 8159
f 8131 8159 8158
f 8137 8140 8160
f 8137 8160 8159
f 8140 8123 8161
f 8140 8161 8160
f 8123 8122 8145
f 8123 8145 8161
f 8085 8084 8125
f 8085 8125 8122
f 8162 8163 8164
f 8162 8164 8165
f 8166 8167 8168
f 8166 8168 8169
f 8170 8171 8172
f 8170 8172 8173
f 8174 8175 8176
f 8174 8176 8177
f 8178 8166 8169
f 8178 8169 8179
f 8180 8170 8173
f 8180 8173 8181
f 8182 8178 8179
f 8182 8179 8183
f 8184 8180 8181
f 8184 8181 8185
f 8186 8182 8183
f 8186 8183 8187
f 8188 8184 8185
f 8188 8185 8189
f 8190 8186 8187
f 8190 8187 8191
f 8192 8188 8189
f 8192 8189 8193
f 8194 8174 8177
f 8194 8177 8195
f 8196 8190 8191
f 8196 8191 8197
f 8198 8192 8193
f 8198 8193 8199
f 8200 8194 8195
f 8200 8195 8201
f 8163 8196 8197
f 8163 8197 8164
f 8167 8198 8199
f 8167 8199 8168
f 8171 8200 8201
f 8171 8201 8172
f 8202 8203 8204
f 8202 8204 8205
f 8206 8207 8208
f 8206 8208 8209
f 8210 8211 8212
f 8210 8212 8213
f 8214 8215 8216
f 8214 8216 8217
f 8218 8219 8220
f 8218 8220 8221
f 8222 8223 8224
f 8222 8224 8225
f 8226 8227 8228
f 8226 8228 8229
f 7875 8230 8231
f 7875 8231 7876
f 8203 8232 8233
f 8203 8233 8204
f 8207 8234 8235
f 8207 8235 8208
f 8211 8236 8237
f 8211 8237 8212
f 8215 7874 7877
f 8215 7877 8216
f 8219 8202 8205
f 8219 8205 8220
f 8223 8210 8213
f 8223 8213 8224
f 8227 8214 8217
f 8227 8217 8228
f 8230 8218 8221
f 8230 8221 8231
f 8234 8222 8225
f 8234 8225 8235
f 8236 8226 8229
f 8236 8229 8237
f 8232 8206 8209
f 8232 8209 8233
f 7883 7882 8037
f 7883 8037 8036
f 8238 8239 8209
f 8238 8209 8208
f 8240 8238 8208
f 8240 8208 8235
f 8241 8240 8235
f 8241 8235 8225
f 8242 8241 8225
f 8242 8225 8224
f 8243 8242 8224
f 8243 8224 8213
f 8244 8243 8213
f 8244 8213 8212
f 8245 8244 8212
f 8245 8212 8237
f 8246 8245 8237
f 8246 8237 8229
f 8247 8246 8229
f 8247 8229 8228
f 8248 8247 8228
f 8248 8228 8217
f 8249 8248 8217
f 8249 8217 8216
f 8250 8249 8216
f 8250 8216 7877
f 8251 8250 7877
f 8251 7877 7876
f 8252 8251 7876
f 8252 7876 8231
f 8253 8252 8231
f 8253 8231 8221
f 8254 8253 8221
f 8254 8221 8220
f 8255 8254 8220
f 8255 8220 8205
f 8256 8255 8205
f 8256 8205 8204
f 8257 8256 8204
f 8257 8204 8233
f 8239 8257 8233
f 8239 8233 8209
f 8175 8258 8259
f 8175 8259 8162
f 8174 8260 8258
f 8174 8258 8175
f 8194 8261 8260
f 8194 8260 8174
f 8200 8262 8261
f 8200 8261 8194
f 8171 8263 8262
f 8171 8262 8200
f 8170 8264 8263
f 8170 8263 8171
f 8180 8265 8264
f 8180 8264 8170
f 8184 8266 8265
f 8184 8265 8180
f 8188 8267 8266
f 8188 8266 8184
f 8192 8268 8267
f 8192 8267 8188
f 8198 8269 8268
f 8198 8268 8192
f 8167 8270 8269
f 8167 8269 8198
f 8166 8271 8270
f 8166 8270 8167
f 8178 8272 8271
f 8178 8271 8166
f 8182 8273 8272
f 8182 8272 8178
f 8186 8274 8273
f 8186 8273 8182
f 8190 8275 8274
f 8190 8274 8186
f 8196 8276 8275
f 8196 8275 8190
f 8163 8277 8276
f 8163 8276 8196
f 8162 8259 8277
f 8162 8277 8163
f 8175 8162 8165
f 8175 8165 8176
f 8278 8279 8280
f 8278 8280 8281
f 8155 8156 8278
f 8155 8278 8282
f 8160 8161 8283
f 8160 8283 8284
f 8144 8146 8285
f 8144 8285 8286
f 8150 8151 8287
f 8150 8287 8288
f 8153 8154 8289
f 8153 8289 8290
f 8158 8159 8291
f 8158 8291 8292
f 8161 8145 8293
f 8161 8293 8283
f 8148 8149 8294
f 8148 8294 8295
f 8134 8152 8296
f 8134 8296 8135
f 8156 8157 8279
f 8156 8279 8278
f 8146 8147 8297
f 8146 8297 8285
f 8151 8133 8136
f 8151 8136 8287
f 8154 8155 8282
f 8154 8282 8289
f 8159 8160 8284
f 8159 8284 8291
f 8145 8144 8286
f 8145 8286 8293
f 8149 8150 8288
f 8149 8288 8294
f 8152 8153 8290
f 8152 8290 8296
f 8157 8158 8292
f 8157 8292 8279
f 8147 8148 8295
f 8147 8295 8297
f 8298 8299 8300
f 8298 8300 8301
f 8287 8136 8302
f 8287 8302 8303
f 8293 8286 8304
f 8293 8304 8305
f 8279 8292 8306
f 8279 8306 8280
f 8136 8135 8307
f 8136 8307 8302
f 8286 8285 8308
f 8286 8308 8304
f 8292 8291 8309
f 8292 8309 8306
f 8135 8296 8310
f 8135 8310 8307
f 8285 8297 8311
f 8285 8311 8308
f 8291 8284 8312
f 8291 8312 8309
f 8296 8290 8298
f 8296 8298 8310
f 8297 8295 8313
f 8297 8313 8311
f 8284 8283 8314
f 8284 8314 8312
f 8290 8289 8299
f 8290 8299 8298
f 8295 8294 8315
f 8295 8315 8313
f 8283 8293 8305
f 8283 8305 8314
f 8289 8282 8316
f 8289 8316 8299
f 8294 8288 8317
f 8294 8317 8315
f 8282 8278 8281
f 8282 8281 8316
f 8288 8287 8303
f 8288 8303 8317
f 8318 8319 8320
f 8318 8320 8321
f 8313 8315 8322
f 8313 8322 8323
f 8314 8305 8324
f 8314 8324 8325
f 8299 8316 8326
f 8299 8326 8300
f 8315 8317 8327
f 8315 8327 8322
f 8316 8281 8328
f 8316 8328 8326
f 8317 8303 8329
f 8317 8329 8327
f 8281 8280 8330
f 8281 8330 8328
f 8303 8302 8331
f 8303 8331 8329
f 8305 8304 8332
f 8305 8332 8324
f 8280 8306 8333
f 8280 8333 8330
f 8302 8307 8334
f 8302 8334 8331
f 8304 8308 8335
f 8304 8335 8332
f 8306 8309 8336
f 8306 8336 8333
f 8307 8310 8337
f 8307 8337 8334
f 8308 8311 8338
f 8308 8338 8335
f 8309 8312 8339
f 8309 8339 8336
f 8310 8298 8301
f 8310 8301 8337
f 8311 8313 8323
f 8311 8323 8338
f 8312 8314 8325
f 8312 8325 8339
f 8340 8341 8324
f 8340 8324 8332
f 8342 8340 8332
f 8342 8332 8335
f 8343 8342 8335
f 8343 8335 8338
f 8344 8343 8338
f 8344 8338 8323
f 8345 8344 8323
f 8345 8323 8322
f 8346 8345 8322
f 8346 8322 8327
f 8347 8346 8327
f 8347 8327 8329
f 8348 8347 8329
f 8348 8329 8331
f 8349 8348 8331
f 8349 8331 8334
f 8318 8349 8334
f 8318 8334 8337
f 8319 8318 8337
f 8319 8337 8301
f 8350 8319 8301
f 8350 8301 8300
f 8351 8350 8300
f 8351 8300 8326
f 8352 8351 8326
f 8352 8326 8328
f 8353 8352 8328
f 8353 8328 8330
f 8354 8353 8330
f 8354 8330 8333
f 8355 8354 8333
f 8355 8333 8336
f 8356 8355 8336
f 8356 8336 8339
f 8357 8356 8339
f 8357 8339 8325
f 8341 8357 8325
f 8341 8325 8324
f 8358 8359 8360
f 8358 8360 8361
f 8343 8344 8362
f 8343 8362 8363
f 8356 8357 8364
f 8356 8364 8365
f 8319 8350 8366
f 8319 8366 8320
f 8344 8345 8367
f 8344 8367 8362
f 8357 8341 8368
f 8357 8368 8364
f 8350 8351 8369
f 8350 8369 8366
f 8345 8346 8370
f 8345 8370 8367
f 8351 8352 8371
f 8351 8371 8369
f 8346 8347 8372
f 8346 8372 8370
f 8352 8353 8373
f 8352 8373 8371
f 8347 8348 8374
f 8347 8374 8372
f 8341 8340 8375
f 8341 8375 8368
f 8353 8354 8376
f 8353 8376 8373
f 8348 8349 8377
f 8348 8377 8374
f 8340 8342 8378
f 8340 8378 8375
f 8354 8355 8379
f 8354 8379 8376
f 8349 8318 8321
f 8349 8321 8377
f 8342 8343 8363
f 8342 8363 8378
f 8355 8356 8365
f 8355 8365 8379
f 8380 8381 8368
f 8380 8368 8375
f 8382 8380 8375
f 8382 8375 8378
f 8383 8382 8378
f 8383 8378 8363
f 8358 8383 8363
f 8358 8363 8362
f 8359 8358 8362
f 8359 8362 8367
f 8384 8359 8367
f 8384 8367 8370
f 8385 8384 8370
f 8385 8370 8372
f 8386 8385 8372
f 8386 8372 8374
f 8387 8386 8374
f 8387 8374 8377
f 8388 8387 8377
f 8388 8377 8321
f 8389 8388 8321
f 8389 8321 8320
f 8390 8389 8320
f 8390 8320 8366
f 8391 8390 8366
f 8391 8366 8369
f 8392 8391 8369
f 8392 8369 8371
f 8393 8392 8371
f 8393 8371 8373
f 8394 8393 8373
f 8394 8373 8376
f 8395 8394 8376
f 8395 8376 8379
f 8396 8395 8379
f 8396 8379 8365
f 8397 8396 8365
f 8397 8365 8364
f 8381 8397 8364
f 8381 8364 8368
f 8397 8381 8398
f 8397 8398 8399
f 8390 8391 8400
f 8390 8400 8401
f 8359 8384 8402
f 8359 8402 8360
f 8391 8392 8403
f 8391 8403 8400
f 8384 8385 8404
f 8384 8404 8402
f 8392 8393 8405
f 8392 8405 8403
f 8385 8386 8406
f 8385 8406 8404
f 8381 8380 8407
f 8381 8407 8398
f 8393 8394 8408
f 8393 8408 8405
f 8386 8387 8409
f 8386 8409 8406
f 8380 8382 8410
f 8380 8410 8407
f 8394 8395 8411
f 8394 8411 8408
f 8387 8388 8412
f 8387 8412 8409
f 8382 8383 8413
f 8382 8413 8410
f 8395 8396 8414
f 8395 8414 8411
f 8388 8389 8415
f 8388 8415 8412
f 8383 8358 8361
f 8383 8361 8413
f 8396 8397 8399
f 8396 8399 8414
f 8389 8390 8401
f 8389 8401 8415
f 8179 8187 8183
f 8187 8179 8191
f 8191 8179 8169
f 8191 8169 8197
f 8197 8169 8168
f 8197 8168 8164
f 8164 8168 8199
f 8164 8199 8165
f 8165 8199 8193
f 8165 8193 8176
f 8176 8193 8189
f 8176 8189 8177
f 8177 8189 8185
f 8177 8185 8195
f 8195 8185 8181
f 8195 8181 8201
f 8201 8181 8173
f 8201 8173 8172
f 8274 8272 8273
f 8272 8274 8275
f 8272 8275 8271
f 8271 8275 8276
f 8271 8276 8270
f 8270 8276 8277
f 8270 8277 8269
f 8269 8277 8259
f 8269 8259 8268
f 8268 8259 8258
f 8268 8258 8267
f 8267 8258 8260
f 8267 8260 8266
f 8266 8260 8261
f 8266 8261 8265
f 8265 8261 8262
f 8265 8262 8264
f 8264 8262 8263
f 8408 8403 8405
f 8403 8408 8411
f 8403 8411 8400
f 8400 8411 8414
f 8400 8414 8401
f 8401 8414 8399
f 8401 8399 8415
f 8415 8399 8398
f 8415 8398 8412
f 8412 8398 8407
f 8412 8407 8409
f 8409 8407 8410
f 8409 8410 8406
f 8406 8410 8413
f 8406 8413 8404
f 8404 8413 8361
f 8404 8361 8402
f 8402 8361 8360
f 8416 8417 8418
f 8416 8418 8419
f 8420 8421 8422
f 8420 8422 8423
f 8424 8425 8426
f 8424 8426 8427
f 8428 8429 8430
f 8428 8430 8431
f 8432 8433 8434
f 8432 8434 8435
f 8416 8419 8436
f 8416 8436 8437
f 8433 8432 8438
f 8433 8438 8439
f 8440 8441 8442
f 8440 8442 8437
f 8443 8440 8437
f 8443 8437 8436
f 8444 8443 8436
f 8444 8436 8445
f 8441 8433 8439
f 8441 8439 8442
f 8432 8444 8445
f 8432 8445 8438
f 8444 8432 8435
f 8444 8435 8446
f 8443 8444 8446
f 8443 8446 8447
f 8440 8443 8447
f 8440 8447 8448
f 8441 8440 8448
f 8441 8448 8449
f 8450 8451 8452
f 8450 8452 8453
f 8433 8441 8449
f 8433 8449 8434
f 8435 8434 8450
f 8435 8450 8453
f 8449 8448 8454
f 8449 8454 8451
f 8448 8447 8455
f 8448 8455 8454
f 8447 8446 8452
f 8447 8452 8455
f 8434 8449 8451
f 8434 8451 8450
f 8446 8435 8453
f 8446 8453 8452
f 8454 8455 8452
f 8454 8452 8451
f 8418 8417 8426
f 8418 8426 8425
f 8456 8421 8424
f 8456 8424 8427
f 8457 8456 8427
f 8457 8427 8458
f 8421 8420 8459
f 8421 8459 8424
f 8429 8428 8439
f 8429 8439 8438
f 8428 8457 8458
f 8428 8458 8439
f 8420 8429 8438
f 8420 8438 8459
f 8456 8457 8460
f 8456 8460 8461
f 8429 8420 8423
f 8429 8423 8430
f 8457 8428 8431
f 8457 8431 8460
f 8421 8456 8461
f 8421 8461 8422
f 8462 8463 8464
f 8462 8464 8465
f 8466 8467 8468
f 8466 8468 8469
f 8469 8468 8470
f 8469 8470 8471
f 8471 8470 8472
f 8471 8472 8473
f 8473 8472 8474
f 8473 8474 8475
f 8475 8474 8422
f 8475 8422 8461
f 8463 8466 8469
f 8463 8469 8476
f 8476 8469 8471
f 8476 8471 8477
f 8477 8471 8473
f 8477 8473 8478
f 8478 8473 8475
f 8478 8475 8479
f 8479 8475 8461
f 8479 8461 8460
f 8467 8462 8480
f 8467 8480 8468
f 8468 8480 8481
f 8468 8481 8470
f 8470 8481 8482
f 8470 8482 8472
f 8472 8482 8483
f 8472 8483 8474
f 8474 8483 8423
f 8474 8423 8422
f 8465 8464 8484
f 8465 8484 8485
f 8485 8484 8486
f 8485 8486 8487
f 8487 8486 8488
f 8487 8488 8489
f 8489 8488 8490
f 8489 8490 8491
f 8491 8490 8431
f 8491 8431 8430
f 8460 8431 8490
f 8460 8490 8479
f 8479 8490 8488
f 8479 8488 8478
f 8478 8488 8486
f 8478 8486 8477
f 8477 8486 8484
f 8477 8484 8476
f 8476 8484 8464
f 8476 8464 8463
f 8430 8423 8483
f 8430 8483 8491
f 8491 8483 8482
f 8491 8482 8489
f 8489 8482 8481
f 8489 8481 8487
f 8487 8481 8480
f 8487 8480 8485
f 8485 8480 8462
f 8485 8462 8465
f 8466 8463 8462
f 8466 8462 8467
f 8426 8458 8427
f 8458 8426 8417
f 8458 8417 8416
f 8438 8419 8459
f 8419 8438 8436
f 8436 8438 8445
f 8416 8439 8458
f 8439 8416 8437
f 8439 8437 8442
f 8459 8425 8424
f 8425 8459 8418
f 8418 8459 8419
f 8492 8493 8494
f 8492 8494 8495
f 8495 8494 8496
f 8495 8496 8497
f 8497 8496 8498
f 8497 8498 8499
f 8499 8498 8500
f 8499 8500 8501
f 8501 8500 8502
f 8501 8502 8503
f 8503 8502 8504
f 8503 8504 8505
f 8505 8504 8506
f 8505 8506 8507
f 8507 8506 8508
f 8507 8508 8509
f 8509 8508 8510
f 8509 8510 8511
f 8511 8510 8512
f 8511 8512 8513
f 8513 8512 8514
f 8513 8514 8515
f 8515 8514 8493
f 8515 8493 8492
f 8516 8517 8518
f 8516 8518 8519
f 8519 8518 8520
f 8519 8520 8521
f 8521 8520 8522
f 8521 8522 8523
f 8523 8522 8524
f 8523 8524 8525
f 8525 8524 8526
f 8525 8526 8527
f 8527 8526 8528
f 8527 8528 8529
f 8529 8528 8530
f 8529 8530 8531
f 8531 8530 8532
f 8531 8532 8533
f 8533 8532 8534
f 8533 8534 8535
f 8535 8534 8536
f 8535 8536 8537
f 8537 8536 8538
f 8537 8538 8539
f 8539 8538 8517
f 8539 8517 8516
f 8514 8494 8493
f 8494 8514 8496
f 8496 8514 8512
f 8496 8512 8498
f 8498 8512 8510
f 8498 8510 8500
f 8500 8510 8508
f 8500 8508 8502
f 8502 8508 8506
f 8502 8506 8504
f 8495 8515 8492
f 8515 8495 8497
f 8515 8497 8513
f 8513 8497 8499
f 8513 8499 8511
f 8511 8499 8501
f 8511 8501 8509
f 8509 8501 8503
f 8509 8503 8507
f 8507 8503 8505
f 8526 8530 8528
f 8530 8526 8524
f 8530 8524 8532
f 8532 8524 8522
f 8532 8522 8534
f 8534 8522 8520
f 8534 8520 8536
f 8536 8520 8518
f 8536 8518 8538
f 8538 8518 8517
f 8531 8527 8529
f 8527 8531 8525
f 8525 8531 8533
f 8525 8533 8523
f 8523 8533 8535
f 8523 8535 8521
f 8521 8535 8537
f 8521 8537 8519
f 8519 8537 8539
f 8519 8539 8516
f 8540 8541 8542
f 8540 8542 8543
f 8543 8542 8544
f 8543 8544 8545
f 8545 8544 8546
f 8545 8546 8547
f 8547 8546 8548
f 8547 8548 8549
f 8549 8548 8550
f 8549 8550 8551
f 8551 8550 8552
f 8551 8552 8553
f 8553 8552 8554
f 8553 8554 8555
f 8555 8554 8556
f 8555 8556 8557
f 8557 8556 8558
f 8557 8558 8559
f 8559 8558 8560
f 8559 8560 8561
f 8561 8560 8562
f 8561 8562 8563
f 8563 8562 8564
f 8563 8564 8565
f 8565 8564 8566
f 8565 8566 8567
f 8567 8566 8541
f 8567 8541 8540
f 8568 8569 8570
f 8568 8570 8571
f 8569 8572 8573
f 8569 8573 8570
f 8572 8574 8575
f 8572 8575 8573
f 8574 8576 8577
f 8574 8577 8575
f 8576 8578 8579
f 8576 8579 8577
f 8578 8580 8581
f 8578 8581 8579
f 8580 8582 8583
f 8580 8583 8581
f 8582 8584 8585
f 8582 8585 8583
f 8584 8586 8587
f 8584 8587 8585
f 8586 8588 8589
f 8586 8589 8587
f 8588 8590 8591
f 8588 8591 8589
f 8590 8592 8593
f 8590 8593 8591
f 8592 8594 8595
f 8592 8595 8593
f 8594 8568 8571
f 8594 8571 8595
f 8558 8562 8560
f 8562 8558 8564
f 8564 8558 8556
f 8564 8556 8566
f 8566 8556 8554
f 8566 8554 8541
f 8541 8554 8552
f 8541 8552 8542
f 8542 8552 8550
f 8542 8550 8544
f 8544 8550 8548
f 8544 8548 8546
f 8565 8561 8563
f 8561 8565 8559
f 8559 8565 8567
f 8559 8567 8557
f 8557 8567 8540
f 8557 8540 8555
f 8555 8540 8543
f 8555 8543 8553
f 8553 8543 8545
f 8553 8545 8551
f 8551 8545 8547
f 8551 8547 8549
f 8593 8589 8591
f 8589 8593 8587
f 8587 8593 8595
f 8587 8595 8585
f 8585 8595 8571
f 8585 8571 8583
f 8583 8571 8570
f 8583 8570 8581
f 8581 8570 8573
f 8581 8573 8579
f 8579 8573 8575
f 8579 8575 8577
f 8586 8590 8588
f 8590 8586 8592
f 8592 8586 8584
f 8592 8584 8594
f 8594 8584 8582
f 8594 8582 8568
f 8568 8582 8580
f 8568 8580 8569
f 8569 8580 8578
f 8569 8578 8572
f 8572 8578 8576
f 8572 8576 8574
f 8596 8597 8598
f 8596 8598 8599
f 8599 8598 8600
f 8599 8600 8601
f 8601 8600 8602
f 8601 8602 8603
f 8603 8602 8604
f 8603 8604 8605
f 8605 8604 8606
f 8605 8606 8607
f 8607 8606 8608
f 8607 8608 8609
f 8609 8608 8610
f 8609 8610 8611
f 8611 8610 8612
f 8611 8612 8613
f 8613 8612 8614
f 8613 8614 8615
f 8615 8614 8616
f 8615 8616 8617
f 8617 8616 8618
f 8617 8618 8619
f 8619 8618 8620
f 8619 8620 8621
f 8621 8620 8622
f 8621 8622 8623
f 8623 8622 8597
f 8623 8597 8596
f 8624 8625 8626
f 8624 8626 8627
f 8625 8628 8629
f 8625 8629 8626
f 8628 8630 8631
f 8628 8631 8629
f 8630 8632 8633
f 8630 8633 8631
f 8632 8634 8635
f 8632 8635 8633
f 8634 8636 8637
f 8634 8637 8635
f 8636 8638 8639
f 8636 8639 8637
f 8638 8640 8641
f 8638 8641 8639
f 8640 8642 8643
f 8640 8643 8641
f 8642 8644 8645
f 8642 8645 8643
f 8644 8646 8647
f 8644 8647 8645
f 8646 8648 8649
f 8646 8649 8647
f 8648 8650 8651
f 8648 8651 8649
f 8650 8624 8627
f 8650 8627 8651
f 8614 8618 8616
f 8618 8614 8620
f 8620 8614 8612
f 8620 8612 8622
f 8622 8612 8610
f 8622 8610 8597
f 8597 8610 8608
f 8597 8608 8598
f 8598 8608 8606
f 8598 8606 8600
f 8600 8606 8604
f 8600 8604 8602
f 8621 8617 8619
f 8617 8621 8615
f 8615 8621 8623
f 8615 8623 8613
f 8613 8623 8596
f 8613 8596 8611
f 8611 8596 8599
f 8611 8599 8609
f 8609 8599 8601
f 8609 8601 8607
f 8607 8601 8603
f 8607 8603 8605
f 8649 8645 8647
f 8645 8649 8643
f 8643 8649 8651
f 8643 8651 8641
f 8641 8651 8627
f 8641 8627 8639
f 8639 8627 8626
f 8639 8626 8637
f 8637 8626 8629
f 8637 8629 8635
f 8635 8629 8631
f 8635 8631 8633
f 8642 8646 8644
f 8646 8642 8648
f 8648 8642 8640
f 8648 8640 8650
f 8650 8640 8638
f 8650 8638 8624
f 8624 8638 8636
f 8624 8636 8625
f 8625 8636 8634
f 8625 8634 8628
f 8628 8634 8632
f 8628 8632 8630
f 8652 8653 8654
f 8652 8654 8655
f 8655 8654 8656
f 8655 8656 8657
f 8657 8656 8658
f 8657 8658 8659
f 8659 8658 8660
f 8659 8660 8661
f 8661 8660 8662
f 8661 8662 8663
f 8663 8662 8664
f 8663 8664 8665
f 8665 8664 8666
f 8665 8666 8667
f 8667 8666 8668
f 8667 8668 8669
f 8669 8668 8670
f 8669 8670 8671
f 8671 8670 8672
f 8671 8672 8673
f 8673 8672 8674
f 8673 8674 8675
f 8675 8674 8676
f 8675 8676 8677
f 8677 8676 8678
f 8677 8678 8679
f 8679 8678 8653
f 8679 8653 8652
f 8680 8681 8682
f 8680 8682 8683
f 8681 8684 8685
f 8681 8685 8682
f 8684 8686 8687
f 8684 8687 8685
f 8686 8688 8689
f 8686 8689 8687
f 8688 8690 8691
f 8688 8691 8689
f 8690 8692 8693
f 8690 8693 8691
f 8692 8694 8695
f 8692 8695 8693
f 8694 8696 8697
f 8694 8697 8695
f 8696 8698 8699
f 8696 8699 8697
f 8698 8700 8701
f 8698 8701 8699
f 8700 8702 8703
f 8700 8703 8701
f 8702 8704 8705
f 8702 8705 8703
f 8704 8706 8707
f 8704 8707 8705
f 8706 8680 8683
f 8706 8683 8707
f 8664 8668 8666
f 8668 8664 8662
f 8668 8662 8670
f 8670 8662 8660
f 8670 8660 8672
f 8672 8660 8658
f 8672 8658 8674
f 8674 8658 8656
f 8674 8656 8676
f 8676 8656 8654
f 8676 8654 8678
f 8678 8654 8653
f 8669 8665 8667
f 8665 8669 8671
f 8665 8671 8663
f 8663 8671 8673
f 8663 8673 8661
f 8661 8673 8675
f 8661 8675 8659
f 8659 8675 8677
f 8659 8677 8657
f 8657 8677 8679
f 8657 8679 8655
f 8655 8679 8652
f 8682 8707 8683
f 8707 8682 8685
f 8707 8685 8705
f 8705 8685 8687
f 8705 8687 8703
f 8703 8687 8689
f 8703 8689 8701
f 8701 8689 8691
f 8701 8691 8699
f 8699 8691 8693
f 8699 8693 8697
f 8697 8693 8695
f 8706 8681 8680
f 8681 8706 8704
f 8681 8704 8684
f 8684 8704 8702
f 8684 8702 8686
f 8686 8702 8700
f 8686 8700 8688
f 8688 8700 8698
f 8688 8698 8690
f 8690 8698 8696
f 8690 8696 8692
f 8692 8696 8694
f 8708 8709 8710
f 8708 8710 8711
f 8711 8710 8712
f 8711 8712 8713
f 8714 8715 8716
f 8714 8716 8717
f 8718 8719 8720
f 8718 8720 8721
f 8722 8723 8724
f 8722 8724 8725
f 8726 8727 8728
f 8726 8728 8729
f 8730 8731 8719
f 8730 8719 8718
f 8732 8733 8734
f 8732 8734 8735
f 8736 8737 8715
f 8736 8715 8714
f 8738 8739 8740
f 8738 8740 8741
f 8739 8738 8717
f 8739 8717 8716
f 8742 8743 8744
f 8742 8744 8745
f 8723 8722 8709
f 8723 8709 8708
f 8746 8747 8748
f 8746 8748 8749
f 8750 8751 8733
f 8750 8733 8732
f 8725 8724 8751
f 8725 8751 8750
f 8752 8753 8713
f 8752 8713 8712
f 8729 8728 8737
f 8729 8737 8736
f 8747 8746 8754
f 8747 8754 8755
f 8756 8757 8758
f 8756 8758 8759
f 8755 8754 8757
f 8755 8757 8756
f 8760 8761 8731
f 8760 8731 8730
f 8759 8758 8753
f 8759 8753 8752
f 8735 8734 8749
f 8735 8749 8748
f 8762 8763 8727
f 8762 8727 8726
f 8722 8725 8764
f 8722 8764 8765
f 8748 8747 8766
f 8748 8766 8743
f 8759 8752 8767
f 8759 8767 8768
f 8715 8737 8769
f 8715 8769 8745
f 8761 8740 8770
f 8761 8770 8771
f 8763 8722 8765
f 8763 8765 8772
f 8739 8716 8744
f 8739 8744 8773
f 8732 8735 8742
f 8732 8742 8774
f 8755 8756 8775
f 8755 8775 8776
f 8728 8727 8777
f 8728 8777 8778
f 8779 8720 8712
f 8779 8712 8710
f 8720 8719 8780
f 8720 8780 8781
f 8763 8782 8709
f 8763 8709 8722
f 8782 8779 8710
f 8782 8710 8709
f 8741 8740 8761
f 8741 8761 8760
f 8774 8742 8745
f 8774 8745 8769
f 8783 8774 8769
f 8783 8769 8778
f 8764 8783 8778
f 8764 8778 8777
f 8765 8764 8777
f 8765 8777 8772
f 8767 8784 8781
f 8767 8781 8780
f 8768 8767 8780
f 8768 8780 8785
f 8775 8768 8785
f 8775 8785 8771
f 8776 8775 8771
f 8776 8771 8770
f 8766 8776 8770
f 8766 8770 8773
f 8773 8744 8743
f 8773 8743 8766
f 8719 8731 8785
f 8719 8785 8780
f 8727 8763 8772
f 8727 8772 8777
f 8747 8755 8776
f 8747 8776 8766
f 8750 8732 8774
f 8750 8774 8783
f 8735 8748 8743
f 8735 8743 8742
f 8740 8739 8773
f 8740 8773 8770
f 8737 8728 8778
f 8737 8778 8769
f 8756 8759 8768
f 8756 8768 8775
f 8752 8712 8784
f 8752 8784 8767
f 8731 8761 8771
f 8731 8771 8785
f 8716 8715 8745
f 8716 8745 8744
f 8712 8720 8781
f 8712 8781 8784
f 8725 8750 8783
f 8725 8783 8764
f 8782 8786 8787
f 8782 8787 8779
f 8788 8789 8738
f 8788 8738 8741
f 8790 8788 8741
f 8790 8741 8760
f 8791 8790 8760
f 8791 8760 8730
f 8792 8791 8730
f 8792 8730 8718
f 8793 8792 8718
f 8793 8718 8721
f 8794 8795 8762
f 8794 8762 8726
f 8796 8794 8726
f 8796 8726 8729
f 8797 8796 8729
f 8797 8729 8736
f 8798 8797 8736
f 8798 8736 8714
f 8799 8798 8714
f 8799 8714 8717
f 8789 8799 8717
f 8789 8717 8738
f 8721 8800 8801
f 8721 8801 8793
f 8802 8762 8795
f 8802 8795 8803
f 8804 8805 8708
f 8804 8708 8711
f 8806 8807 8754
f 8806 8754 8746
f 8807 8808 8757
f 8807 8757 8754
f 8808 8809 8758
f 8808 8758 8757
f 8809 8810 8753
f 8809 8753 8758
f 8810 8811 8713
f 8810 8713 8753
f 8812 8813 8724
f 8812 8724 8723
f 8813 8814 8751
f 8813 8751 8724
f 8814 8815 8733
f 8814 8733 8751
f 8815 8816 8734
f 8815 8734 8733
f 8816 8817 8749
f 8816 8749 8734
f 8711 8713 8811
f 8711 8811 8804
f 8746 8749 8817
f 8746 8817 8806
f 8723 8708 8805
f 8723 8805 8812
f 8803 8786 8802
f 8786 8803 8787
f 8787 8803 8801
f 8787 8801 8800
f 8787 8720 8779
f 8720 8787 8800
f 8720 8800 8721
f 8763 8786 8782
f 8786 8763 8802
f 8802 8763 8762
f 8794 8803 8795
f 8803 8794 8801
f 8801 8794 8796
f 8801 8796 8797
f 8801 8797 8798
f 8801 8798 8799
f 8801 8799 8789
f 8801 8789 8788
f 8801 8788 8790
f 8801 8790 8791
f 8801 8791 8792
f 8801 8792 8793
f 8804 8812 8805
f 8812 8804 8813
f 8813 8804 8814
f 8814 8804 8815
f 8815 8804 8816
f 8816 8804 8817
f 8817 8804 8806
f 8806 8804 8807
f 8807 8804 8808
f 8808 8804 8809
f 8809 8804 8810
f 8810 8804 8811
f 8818 8819 8820
f 8818 8820 8821
f 8821 8820 8822
f 8821 8822 8823
f 8823 8822 8824
f 8823 8824 8825
f 8825 8824 8826
f 8825 8826 8827
f 8827 8826 8828
f 8827 8828 8829
f 8829 8828 8830
f 8829 8830 8831
f 8831 8830 8832
f 8831 8832 8833
f 8833 8832 8834
f 8833 8834 8835
f 8835 8834 8836
f 8835 8836 8837
f 8837 8836 8838
f 8837 8838 8839
f 8839 8838 8840
f 8839 8840 8841
f 8841 8840 8819
f 8841 8819 8818
f 8842 8843 8844
f 8842 8844 8845
f 8843 8846 8847
f 8843 8847 8844
f 8846 8848 8849
f 8846 8849 8847
f 8848 8850 8851
f 8848 8851 8849
f 8850 8852 8853
f 8850 8853 8851
f 8852 8854 8855
f 8852 8855 8853
f 8854 8856 8857
f 8854 8857 8855
f 8856 8858 8859
f 8856 8859 8857
f 8858 8860 8861
f 8858 8861 8859
f 8860 8862 8863
f 8860 8863 8861
f 8862 8864 8865
f 8862 8865 8863
f 8864 8842 8845
f 8864 8845 8865
f 8866 8867 8868
f 8866 8868 8869
f 8869 8868 8870
f 8869 8870 8871
f 8871 8870 8872
f 8871 8872 8873
f 8873 8872 8874
f 8873 8874 8875
f 8875 8874 8876
f 8875 8876 8877
f 8877 8876 8878
f 8877 8878 8879
f 8879 8878 8880
f 8879 8880 8881
f 8881 8880 8882
f 8881 8882 8883
f 8883 8882 8884
f 8883 8884 8885
f 8885 8884 8886
f 8885 8886 8887
f 8887 8886 8888
f 8887 8888 8889
f 8889 8888 8867
f 8889 8867 8866
f 8890 8891 8892
f 8890 8892 8893
f 8891 8894 8895
f 8891 8895 8892
f 8894 8896 8897
f 8894 8897 8895
f 8896 8898 8899
f 8896 8899 8897
f 8898 8900 8901
f 8898 8901 8899
f 8900 8902 8903
f 8900 8903 8901
f 8902 8904 8905
f 8902 8905 8903
f 8904 8906 8907
f 8904 8907 8905
f 8906 8908 8909
f 8906 8909 8907
f 8908 8910 8911
f 8908 8911 8909
f 8910 8912 8913
f 8910 8913 8911
f 8912 8890 8893
f 8912 8893 8913
f 8914 8915 8916
f 8914 8916 8917
f 8917 8916 8918
f 8917 8918 8919
f 8919 8918 8920
f 8919 8920 8921
f 8921 8920 8922
f 8921 8922 8923
f 8923 8922 8924
f 8923 8924 8925
f 8925 8924 8926
f 8925 8926 8927
f 8927 8926 8928
f 8927 8928 8929
f 8929 8928 8930
f 8929 8930 8931
f 8931 8930 8932
f 8931 8932 8933
f 8933 8932 8934
f 8933 8934 8935
f 8935 8934 8936
f 8935 8936 8937
f 8937 8936 8915
f 8937 8915 8914
f 8938 8939 8940
f 8938 8940 8941
f 8939 8942 8943
f 8939 8943 8940
f 8942 8944 8945
f 8942 8945 8943
f 8944 8946 8947
f 8944 8947 8945
f 8946 8948 8949
f 8946 8949 8947
f 8948 8950 8951
f 8948 8951 8949
f 8950 8952 8953
f 8950 8953 8951
f 8952 8954 8955
f 8952 8955 8953
f 8954 8956 8957
f 8954 8957 8955
f 8956 8958 8959
f 8956 8959 8957
f 8958 8960 8961
f 8958 8961 8959
f 8960 8938 8941
f 8960 8941 8961
f 8819 8822 8820
f 8822 8819 8840
f 8822 8840 8824
f 8824 8840 8838
f 8824 8838 8826
f 8826 8838 8836
f 8826 8836 8828
f 8828 8836 8834
f 8828 8834 8830
f 8830 8834 8832
f 8823 8818 8821
f 8818 8823 8841
f 8841 8823 8825
f 8841 8825 8839
f 8839 8825 8827
f 8839 8827 8837
f 8837 8827 8829
f 8837 8829 8835
f 8835 8829 8831
f 8835 8831 8833
f 8845 8863 8865
f 8863 8845 8844
f 8863 8844 8861
f 8861 8844 8847
f 8861 8847 8859
f 8859 8847 8849
f 8859 8849 8857
f 8857 8849 8851
f 8857 8851 8855
f 8855 8851 8853
f 8862 8842 8864
f 8842 8862 8843
f 8843 8862 8860
f 8843 8860 8846
f 8846 8860 8858
f 8846 8858 8848
f 8848 8858 8856
f 8848 8856 8850
f 8850 8856 8854
f 8850 8854 8852
f 8874 8878 8876
f 8878 8874 8872
f 8878 8872 8880
f 8880 8872 8870
f 8880 8870 8882
f 8882 8870 8868
f 8882 8868 8884
f 8884 8868 8867
f 8884 8867 8886
f 8886 8867 8888
f 8879 8875 8877
f 8875 8879 8873
f 8873 8879 8881
f 8873 8881 8871
f 8871 8881 8883
f 8871 8883 8869
f 8869 8883 8885
f 8869 8885 8866
f 8866 8885 8887
f 8866 8887 8889
f 8907 8903 8905
f 8903 8907 8901
f 8901 8907 8909
f 8901 8909 8899
f 8899 8909 8911
f 8899 8911 8897
f 8897 8911 8913
f 8897 8913 8895
f 8895 8913 8893
f 8895 8893 8892
f 8902 8906 8904
f 8906 8902 8900
f 8906 8900 8908
f 8908 8900 8898
f 8908 8898 8910
f 8910 8898 8896
f 8910 8896 8912
f 8912 8896 8894
f 8912 8894 8890
f 8890 8894 8891
f 8930 8934 8932
f 8934 8930 8928
f 8934 8928 8936
f 8936 8928 8926
f 8936 8926 8915
f 8915 8926 8924
f 8915 8924 8916
f 8916 8924 8922
f 8916 8922 8918
f 8918 8922 8920
f 8935 8931 8933
f 8931 8935 8929
f 8929 8935 8937
f 8929 8937 8927
f 8927 8937 8914
f 8927 8914 8925
f 8925 8914 8917
f 8925 8917 8923
f 8923 8917 8919
f 8923 8919 8921
f 8947 8943 8945
f 8943 8947 8949
f 8943 8949 8940
f 8940 8949 8951
f 8940 8951 8941
f 8941 8951 8953
f 8941 8953 8961
f 8961 8953 8955
f 8961 8955 8959
f 8959 8955 8957
f 8942 8946 8944
f 8946 8942 8948
f 8948 8942 8939
f 8948 8939 8950
f 8950 8939 8938
f 8950 8938 8952
f 8952 8938 8960
f 8952 8960 8954
f 8954 8960 8958
f 8954 8958 8956
f 8962 8963 8964
f 8962 8964 8965
f 8965 8964 8966
f 8965 8966 8967
f 8967 8966 8968
f 8967 8968 8969
f 8969 8968 8970
f 8969 8970 8971
f 8971 8970 8972
f 8971 8972 8973
f 8973 8972 8974
f 8973 8974 8975
f 8975 8974 8976
f 8975 8976 8977
f 8977 8976 8978
f 8977 8978 8979
f 8979 8978 8980
f 8979 8980 8981
f 8981 8980 8982
f 8981 8982 8983
f 8983 8982 8984
f 8983 8984 8985
f 8985 8984 8963
f 8985 8963 8962
f 8986 8987 8988
f 8986 8988 8989
f 8989 8988 8990
f 8989 8990 8991
f 8991 8990 8992
f 8991 8992 8993
f 8993 8992 8994
f 8993 8994 8995
f 8995 8994 8996
f 8995 8996 8997
f 8997 8996 8998
f 8997 8998 8999
f 8999 8998 9000
f 8999 9000 9001
f 9001 9000 9002
f 9001 9002 9003
f 9003 9002 9004
f 9003 9004 9005
f 9005 9004 9006
f 9005 9006 9007
f 9007 9006 9008
f 9007 9008 9009
f 9009 9008 8987
f 9009 8987 8986
f 9010 9011 9012
f 9010 9012 9013
f 9013 9012 9014
f 9013 9014 9015
f 9015 9014 9016
f 9015 9016 9017
f 9017 9016 9018
f 9017 9018 9019
f 9019 9018 9020
f 9019 9020 9021
f 9021 9020 9022
f 9021 9022 9023
f 9023 9022 9024
f 9023 9024 9025
f 9025 9024 9026
f 9025 9026 9027
f 9027 9026 9028
f 9027 9028 9029
f 9029 9028 9030
f 9029 9030 9031
f 9031 9030 9032
f 9031 9032 9033
f 9033 9032 9011
f 9033 9011 9010
f 9034 9035 9036
f 9034 9036 9037
f 9037 9036 9038
f 9037 9038 9039
f 9039 9038 9040
f 9039 9040 9041
f 9041 9040 9042
f 9041 9042 9043
f 9043 9042 9044
f 9043 9044 9045
f 9045 9044 9046
f 9045 9046 9047
f 9047 9046 9048
f 9047 9048 9049
f 9049 9048 9050
f 9049 9050 9051
f 9051 9050 9052
f 9051 9052 9053
f 9053 9052 9054
f 9053 9054 9055
f 9055 9054 9056
f 9055 9056 9057
f 9057 9056 9035
f 9057 9035 9034
f 9058 9059 9060
f 9058 9060 9061
f 9061 9060 9062
f 9061 9062 9063
f 9063 9062 9064
f 9063 9064 9065
f 9065 9064 9066
f 9065 9066 9067
f 9067 9066 9068
f 9067 9068 9069
f 9069 9068 9070
f 9069 9070 9071
f 9071 9070 9072
f 9071 9072 9073
f 9073 9072 9074
f 9073 9074 9075
f 9075 9074 9076
f 9075 9076 9077
f 9077 9076 9078
f 9077 9078 9079
f 9079 9078 9080
f 9079 9080 9081
f 9081 9080 9059
f 9081 9059 9058
f 9082 9083 9084
f 9082 9084 9085
f 9085 9084 9086
f 9085 9086 9087
f 9087 9086 9088
f 9087 9088 9089
f 9089 9088 9090
f 9089 9090 9091
f 9091 9090 9092
f 9091 9092 9093
f 9093 9092 9094
f 9093 9094 9095
f 9095 9094 9096
f 9095 9096 9097
f 9097 9096 9098
f 9097 9098 9099
f 9099 9098 9100
f 9099 9100 9101
f 9101 9100 9102
f 9101 9102 9103
f 9103 9102 9104
f 9103 9104 9105
f 9105 9104 9083
f 9105 9083 9082
f 9106 9107 9108
f 9106 9108 9109
f 9109 9108 9110
f 9109 9110 9111
f 9111 9110 9112
f 9111 9112 9113
f 9113 9112 9114
f 9113 9114 9115
f 9115 9114 9116
f 9115 9116 9117
f 9117 9116 9118
f 9117 9118 9119
f 9119 9118 9120
f 9119 9120 9121
f 9121 9120 9122
f 9121 9122 9123
f 9123 9122 9124
f 9123 9124 9125
f 9125 9124 9126
f 9125 9126 9127
f 9127 9126 9128
f 9127 9128 9129
f 9129 9128 9107
f 9129 9107 9106
f 9130 9131 9132
f 9130 9132 9133
f 9133 9132 9134
f 9133 9134 9135
f 9135 9134 9136
f 9135 9136 9137
f 9137 9136 9138
f 9137 9138 9139
f 9139 9138 9140
f 9139 9140 9141
f 9141 9140 9142
f 9141 9142 9143
f 9143 9142 9144
f 9143 9144 9145
f 9145 9144 9146
f 9145 9146 9147
f 9147 9146 9148
f 9147 9148 9149
f 9149 9148 9150
f 9149 9150 9151
f 9151 9150 9152
f 9151 9152 9153
f 9153 9152 9131
f 9153 9131 9130
f 9154 9155 9156
f 9154 9156 9157
f 9157 9156 9158
f 9157 9158 9159
f 9159 9158 9160
f 9159 9160 9161
f 9161 9160 9162
f 9161 9162 9163
f 9163 9162 9164
f 9163 9164 9165
f 9165 9164 9166
f 9165 9166 9167
f 9167 9166 9168
f 9167 9168 9169
f 9169 9168 9170
f 9169 9170 9171
f 9171 9170 9172
f 9171 9172 9173
f 9173 9172 9174
f 9173 9174 9175
f 9175 9174 9176
f 9175 9176 9177
f 9177 9176 9155
f 9177 9155 9154
f 9178 9179 9180
f 9178 9180 9181
f 9181 9180 9182
f 9181 9182 9183
f 9183 9182 9184
f 9183 9184 9185
f 9185 9184 9186
f 9185 9186 9187
f 9187 9186 9188
f 9187 9188 9189
f 9189 9188 9190
f 9189 9190 9191
f 9191 9190 9192
f 9191 9192 9193
f 9193 9192 9194
f 9193 9194 9195
f 9195 9194 9196
f 9195 9196 9197
f 9197 9196 9198
f 9197 9198 9199
f 9199 9198 9200
f 9199 9200 9201
f 9201 9200 9179
f 9201 9179 9178
f 9202 9203 9204
f 9202 9204 9205
f 9205 9204 9206
f 9205 9206 9207
f 9207 9206 9208
f 9207 9208 9209
f 9209 9208 9210
f 9209 9210 9211
f 9211 9210 9212
f 9211 9212 9213
f 9213 9212 9214
f 9213 9214 9215
f 9215 9214 9216
f 9215 9216 9217
f 9217 9216 9218
f 9217 9218 9219
f 9219 9218 9220
f 9219 9220 9221
f 9221 9220 9222
f 9221 9222 9223
f 9223 9222 9224
f 9223 9224 9225
f 9225 9224 9203
f 9225 9203 9202
f 9226 9227 9228
f 9226 9228 9229
f 9229 9228 9230
f 9229 9230 9231
f 9231 9230 9232
f 9231 9232 9233
f 9233 9232 9234
f 9233 9234 9235
f 9235 9234 9236
f 9235 9236 9237
f 9237 9236 9238
f 9237 9238 9239
f 9239 9238 9240
f 9239 9240 9241
f 9241 9240 9242
f 9241 9242 9243
f 9243 9242 9244
f 9243 9244 9245
f 9245 9244 9246
f 9245 9246 9247
f 9247 9246 9248
f 9247 9248 9249
f 9249 9248 9227
f 9249 9227 9226
f 9250 9251 9252
f 9250 9252 9253
f 9253 9252 9254
f 9253 9254 9255
f 9255 9254 9256
f 9255 9256 9257
f 9257 9256 9258
f 9257 9258 9259
f 9259 9258 9260
f 9259 9260 9261
f 9261 9260 9262
f 9261 9262 9263
f 9263 9262 9264
f 9263 9264 9265
f 9265 9264 9266
f 9265 9266 9267
f 9267 9266 9268
f 9267 9268 9269
f 9269 9268 9270
f 9269 9270 9271
f 9271 9270 9272
f 9271 9272 9273
f 9273 9272 9251
f 9273 9251 9250
f 9274 9275 9276
f 9274 9276 9277
f 9277 9276 9278
f 9277 9278 9279
f 9279 9278 9280
f 9279 9280 9281
f 9281 9280 9282
f 9281 9282 9283
f 9283 9282 9284
f 9283 9284 9285
f 9285 9284 9286
f 9285 9286 9287
f 9287 9286 9288
f 9287 9288 9289
f 9289 9288 9290
f 9289 9290 9291
f 9291 9290 9292
f 9291 9292 9293
f 9293 9292 9294
f 9293 9294 9295
f 9295 9294 9296
f 9295 9296 9297
f 9297 9296 9275
f 9297 9275 9274
f 9298 9299 9300
f 9298 9300 9301
f 9301 9300 9302
f 9301 9302 9303
f 9303 9302 9304
f 9303 9304 9305
f 9305 9304 9306
f 9305 9306 9307
f 9307 9306 9308
f 9307 9308 9309
f 9309 9308 9310
f 9309 9310 9311
f 9311 9310 9312
f 9311 9312 9313
f 9313 9312 9314
f 9313 9314 9315
f 9315 9314 9316
f 9315 9316 9317
f 9317 9316 9318
f 9317 9318 9319
f 9319 9318 9320
f 9319 9320 9321
f 9321 9320 9299
f 9321 9299 9298
f 9322 9323 9324
f 9322 9324 9325
f 9325 9324 9326
f 9325 9326 9327
f 9327 9326 9328
f 9327 9328 9329
f 9329 9328 9330
f 9329 9330 9331
f 9331 9330 9332
f 9331 9332 9333
f 9333 9332 9334
f 9333 9334 9335
f 9335 9334 9336
f 9335 9336 9337
f 9337 9336 9338
f 9337 9338 9339
f 9339 9338 9340
f 9339 9340 9341
f 9341 9340 9342
f 9341 9342 9343
f 9343 9342 9344
f 9343 9344 9345
f 9345 9344 9323
f 9345 9323 9322
f 8972 8976 8974
f 8976 8972 8970
f 8976 8970 8978
f 8978 8970 8968
f 8978 8968 8980
f 8980 8968 8966
f 8980 8966 8982
f 8982 8966 8964
f 8982 8964 8984
f 8984 8964 8963
f 8977 8973 8975
f 8973 8977 8971
f 8971 8977 8979
f 8971 8979 8969
f 8969 8979 8981
f 8969 8981 8967
f 8967 8981 8983
f 8967 8983 8965
f 8965 8983 8985
f 8965 8985 8962
f 9000 9004 9002
f 9004 9000 9006
f 9006 9000 8998
f 9006 8998 9008
f 9008 8998 8996
f 9008 8996 8987
f 8987 8996 8994
f 8987 8994 8988
f 8988 8994 8992
f 8988 8992 8990
f 9005 9001 9003
f 9001 9005 9007
f 9001 9007 8999
f 8999 9007 9009
f 8999 9009 8997
f 8997 9009 8986
f 8997 8986 8995
f 8995 8986 8989
f 8995 8989 8993
f 8993 8989 8991
f 9018 9022 9020
f 9022 9018 9024
f 9024 9018 9016
f 9024 9016 9026
f 9026 9016 9014
f 9026 9014 9028
f 9028 9014 9012
f 9028 9012 9030
f 9030 9012 9011
f 9030 9011 9032
f 9023 9019 9021
f 9019 9023 9025
f 9019 9025 9017
f 9017 9025 9027
f 9017 9027 9015
f 9015 9027 9029
f 9015 9029 9013
f 9013 9029 9031
f 9013 9031 9010
f 9010 9031 9033
f 9054 9035 9056
f 9035 9054 9036
f 9036 9054 9052
f 9036 9052 9038
f 9038 9052 9050
f 9038 9050 9040
f 9040 9050 9048
f 9040 9048 9042
f 9042 9048 9046
f 9042 9046 9044
f 9034 9055 9057
f 9055 9034 9037
f 9055 9037 9053
f 9053 9037 9039
f 9053 9039 9051
f 9051 9039 9041
f 9051 9041 9049
f 9049 9041 9043
f 9049 9043 9047
f 9047 9043 9045
f 9072 9076 9074
f 9076 9072 9078
f 9078 9072 9070
f 9078 9070 9080
f 9080 9070 9068
f 9080 9068 9059
f 9059 9068 9066
f 9059 9066 9060
f 9060 9066 9064
f 9060 9064 9062
f 9077 9073 9075
f 9073 9077 9079
f 9073 9079 9071
f 9071 9079 9081
f 9071 9081 9069
f 9069 9081 9058
f 9069 9058 9067
f 9067 9058 9061
f 9067 9061 9065
f 9065 9061 9063
f 9092 9096 9094
f 9096 9092 9090
f 9096 9090 9098
f 9098 9090 9088
f 9098 9088 9100
f 9100 9088 9086
f 9100 9086 9102
f 9102 9086 9084
f 9102 9084 9104
f 9104 9084 9083
f 9097 9093 9095
f 9093 9097 9091
f 9091 9097 9099
f 9091 9099 9089
f 9089 9099 9101
f 9089 9101 9087
f 9087 9101 9103
f 9087 9103 9085
f 9085 9103 9105
f 9085 9105 9082
f 9126 9107 9128
f 9107 9126 9108
f 9108 9126 9124
f 9108 9124 9110
f 9110 9124 9122
f 9110 9122 9112
f 9112 9122 9120
f 9112 9120 9114
f 9114 9120 9118
f 9114 9118 9116
f 9106 9127 9129
f 9127 9106 9109
f 9127 9109 9125
f 9125 9109 9111
f 9125 9111 9123
f 9123 9111 9113
f 9123 9113 9121
f 9121 9113 9115
f 9121 9115 9119
f 9119 9115 9117
f 9138 9142 9140
f 9142 9138 9144
f 9144 9138 9136
f 9144 9136 9146
f 9146 9136 9134
f 9146 9134 9148
f 9148 9134 9132
f 9148 9132 9150
f 9150 9132 9131
f 9150 9131 9152
f 9143 9139 9141
f 9139 9143 9145
f 9139 9145 9137
f 9137 9145 9147
f 9137 9147 9135
f 9135 9147 9149
f 9135 9149 9133
f 9133 9149 9151
f 9133 9151 9130
f 9130 9151 9153
f 9155 9158 9156
f 9158 9155 9176
f 9158 9176 9160
f 9160 9176 9174
f 9160 9174 9162
f 9162 9174 9172
f 9162 9172 9164
f 9164 9172 9170
f 9164 9170 9166
f 9166 9170 9168
f 9159 9154 9157
f 9154 9159 9177
f 9177 9159 9161
f 9177 9161 9175
f 9175 9161 9163
f 9175 9163 9173
f 9173 9163 9165
f 9173 9165 9171
f 9171 9165 9167
f 9171 9167 9169
f 9190 9194 9192
f 9194 9190 9188
f 9194 9188 9196
f 9196 9188 9186
f 9196 9186 9198
f 9198 9186 9184
f 9198 9184 9200
f 9200 9184 9182
f 9200 9182 9179
f 9179 9182 9180
f 9195 9191 9193
f 9191 9195 9189
f 9189 9195 9197
f 9189 9197 9187
f 9187 9197 9199
f 9187 9199 9185
f 9185 9199 9201
f 9185 9201 9183
f 9183 9201 9178
f 9183 9178 9181
f 9212 9216 9214
f 9216 9212 9218
f 9218 9212 9210
f 9218 9210 9220
f 9220 9210 9208
f 9220 9208 9222
f 9222 9208 9206
f 9222 9206 9224
f 9224 9206 9204
f 9224 9204 9203
f 9217 9213 9215
f 9213 9217 9219
f 9213 9219 9211
f 9211 9219 9221
f 9211 9221 9209
f 9209 9221 9223
f 9209 9223 9207
f 9207 9223 9225
f 9207 9225 9205
f 9205 9225 9202
f 9244 9248 9246
f 9248 9244 9242
f 9248 9242 9227
f 9227 9242 9240
f 9227 9240 9228
f 9228 9240 9238
f 9228 9238 9230
f 9230 9238 9236
f 9230 9236 9232
f 9232 9236 9234
f 9249 9245 9247
f 9245 9249 9243
f 9243 9249 9226
f 9243 9226 9241
f 9241 9226 9229
f 9241 9229 9239
f 9239 9229 9231
f 9239 9231 9237
f 9237 9231 9233
f 9237 9233 9235
f 9262 9266 9264
f 9266 9262 9260
f 9266 9260 9268
f 9268 9260 9258
f 9268 9258 9270
f 9270 9258 9256
f 9270 9256 9272
f 9272 9256 9254
f 9272 9254 9251
f 9251 9254 9252
f 9267 9263 9265
f 9263 9267 9261
f 9261 9267 9269
f 9261 9269 9259
f 9259 9269 9271
f 9259 9271 9257
f 9257 9271 9273
f 9257 9273 9255
f 9255 9273 9250
f 9255 9250 9253
f 9275 9278 9276
f 9278 9275 9296
f 9278 9296 9280
f 9280 9296 9294
f 9280 9294 9282
f 9282 9294 9292
f 9282 9292 9284
f 9284 9292 9290
f 9284 9290 9286
f 9286 9290 9288
f 9279 9274 9277
f 9274 9279 9297
f 9297 9279 9281
f 9297 9281 9295
f 9295 9281 9283
f 9295 9283 9293
f 9293 9283 9285
f 9293 9285 9291
f 9291 9285 9287
f 9291 9287 9289
f 9316 9320 9318
f 9320 9316 9314
f 9320 9314 9299
f 9299 9314 9312
f 9299 9312 9300
f 9300 9312 9310
f 9300 9310 9302
f 9302 9310 9308
f 9302 9308 9304
f 9304 9308 9306
f 9321 9317 9319
f 9317 9321 9315
f 9315 9321 9298
f 9315 9298 9313
f 9313 9298 9301
f 9313 9301 9311
f 9311 9301 9303
f 9311 9303 9309
f 9309 9303 9305
f 9309 9305 9307
f 9332 9336 9334
f 9336 9332 9338
f 9338 9332 9330
f 9338 9330 9340
f 9340 9330 9328
f 9340 9328 9342
f 9342 9328 9326
f 9342 9326 9344
f 9344 9326 9324
f 9344 9324 9323
f 9337 9333 9335
f 9333 9337 9339
f 9333 9339 9331
f 9331 9339 9341
f 9331 9341 9329
f 9329 9341 9343
f 9329 9343 9327
f 9327 9343 9345
f 9327 9345 9325
f 9325 9345 9322
# Vertices: 4534, normals: 0, texture coordinates: 0, faces: 8979

o obj11
v 1.84226104 2.31882451 0.05182778
v 1.83630265 2.31922703 0.05182778
v 1.83630265 2.31922703 0.0569722
v 1.84226104 2.31882451 0.0569722
v 1.83075969 2.31700469 0.05182778
v 1.83075969 2.31700469 0.0569722
v 1.84603983 2.29494176 0.05182778
v 1.8500699 2.29934894 0.05182778
v 1.8500699 2.29934894 0.0569722
v 1.84603983 2.29494176 0.0569722
v 1.84049707 2.29271921 0.05182778
v 1.84049707 2.29271921 0.0569722
v 1.83453849 2.29312133 0.05182778
v 1.83453849 2.29312133 0.0569722
v 1.82672982 2.3125969 0.05182778
v 1.82501144 2.30687729 0.05182778
v 1.82501144 2.30687729 0.0569722
v 1.82672982 2.3125969 0.0569722
v 1.82934501 2.29606967 0.05182778
v 1.82934501 2.29606967 0.0569722
v 1.84745451 2.31587678 0.05182778
v 1.84745451 2.31587678 0.0569722
v 1.82594474 2.3009792 0.05182778
v 1.82594474 2.3009792 0.0569722
v 1.85085498 2.31096705 0.05182778
v 1.85085498 2.31096705 0.0569722
v 1.85178828 2.30506856 0.05182778
v 1.85178828 2.30506856 0.0569722
v 1.82700893 2.3124388 0.05854504
v 1.830942 2.31674071 0.05854504
v 1.82780349 2.31198747 0.05987852
v 1.83146269 2.31598971 0.05987852
v 1.82899331 2.3113125 0.06076919
v 1.83224132 2.31486503 0.06076919
v 1.83039609 2.31051613 0.06108215
v 1.83315991 2.31353888 0.06108215
v 1.83635286 2.31890982 0.05854504
v 1.83649584 2.31800737 0.05987852
v 1.83670941 2.31665662 0.06076919
v 1.83696149 2.31506346 0.06108215
v 1.84216847 2.31851697 0.05854504
v 1.8419059 2.31764195 0.05987852
v 1.84151205 2.31633214 0.06076919
v 1.84104822 2.31478718 0.06108215
v 1.84723812 2.31563982 0.05854504
v 1.84662143 2.31496485 0.05987852
v 1.84569861 2.31395572 0.06076919
v 1.84461003 2.31276529 0.06108215
v 1.85055712 2.31084766 0.05854504
v 1.84970872 2.31050725 0.05987852
v 1.84843964 2.30999845 0.06076919
v 1.84694208 2.3093983 0.06108215
v 1.85146804 2.30509013 0.05854504
v 1.85055631 2.30515184 0.05987852
v 1.84919205 2.305244 0.06076919
v 1.84758236 2.3053527 0.06108215
v 1.84979079 2.29950745 0.05854504
v 1.84899624 2.29995877 0.05987852
v 1.84780641 2.30063334 0.06076919
v 1.84640363 2.30143012 0.06108215
v 1.84585773 2.29520513 0.05854504
v 1.84533703 2.29595674 0.05987852
v 1.8445584 2.29708122 0.06076919
v 1.84363982 2.29840716 0.06108215
v 1.84044726 2.29303603 0.05854504
v 1.84030428 2.29393848 0.05987852
v 1.84009072 2.29528923 0.06076919
v 1.83983824 2.29688278 0.06108215
v 1.83463125 2.29342887 0.05854504
v 1.83489382 2.29430389 0.05987852
v 1.83528747 2.29561411 0.06076919
v 1.8357515 2.29715906 0.06108215
v 1.8295616 2.29630642 0.05854504
v 1.83017829 2.29698099 0.05987852
v 1.83110111 2.29799012 0.06076919
v 1.8321897 2.29918055 0.06108215
v 1.82624301 2.30109858 0.05854504
v 1.82709101 2.30143859 0.05987852
v 1.82836008 2.30194779 0.06076919
v 1.82985764 2.30254795 0.06108215
v 1.82533148 2.30685611 0.05854504
v 1.82624341 2.3067944 0.05987852
v 1.82760767 2.30670224 0.06076919
v 1.82921736 2.30659354 0.06108215
v 0.90857195 0.93154842 0.01518289
v 1.22863227 -0.28131733 1.25215385
v 1.23247106 -0.27728098 1.25511812
v 0.91241074 0.93558474 0.01814757
v 1.23861236 -0.27713041 1.25367682
v 0.91855203 0.93573488 0.01670583
v 1.24091517 -0.28101664 1.24927044
v 0.92085484 0.9318491 0.01229983
v 1.23707628 -0.28505301 1.24630567
v 0.91701595 0.92781228 0.00933515
v 1.23093468 -0.28520356 1.24774747
v 0.91087425 0.92766214 0.01077689
v 0.90857195 0.93154842 -0.01518289
v 0.91241074 0.93558474 -0.01814757
v 1.23247106 -0.27728055 -1.25511852
v 1.22863227 -0.28131692 -1.25215435
v 0.91855203 0.93573528 -0.01670583
v 1.23861236 -0.27712998 -1.25367682
v 0.92085484 0.9318491 -0.01229941
v 1.24091517 -0.28101621 -1.24927085
v 0.91701595 0.92781228 -0.00933473
v 1.23707628 -0.28505259 -1.24630617
v 0.91087425 0.92766214 -0.01077647
v 1.23093508 -0.28520313 -1.24774787
usemtl mat6
f 9346 9347 9348
f 9346 9348 9349
f 9347 9350 9351
f 9347 9351 9348
f 9352 9353 9354
f 9352 9354 9355
f 9356 9352 9355
f 9356 9355 9357
f 9358 9356 9357
f 9358 9357 9359
f 9360 9361 9362
f 9360 9362 9363
f 9364 9358 9359
f 9364 9359 9365
f 9366 9346 9349
f 9366 9349 9367
f 9368 9364 9365
f 9368 9365 9369
f 9370 9366 9367
f 9370 9367 9371
f 9361 9368 9369
f 9361 9369 9362
f 9372 9370 9371
f 9372 9371 9373
f 9353 9372 9373
f 9353 9373 9354
f 9351 9363 9374
f 9351 9374 9375
f 9375 9374 9376
f 9375 9376 9377
f 9377 9376 9378
f 9377 9378 9379
f 9379 9378 9380
f 9379 9380 9381
f 9348 9351 9375
f 9348 9375 9382
f 9382 9375 9377
f 9382 9377 9383
f 9383 9377 9379
f 9383 9379 9384
f 9384 9379 9381
f 9384 9381 9385
f 9349 9348 9382
f 9349 9382 9386
f 9386 9382 9383
f 9386 9383 9387
f 9387 9383 9384
f 9387 9384 9388
f 9388 9384 9385
f 9388 9385 9389
f 9367 9349 9386
f 9367 9386 9390
f 9390 9386 9387
f 9390 9387 9391
f 9391 9387 9388
f 9391 9388 9392
f 9392 9388 9389
f 9392 9389 9393
f 9371 9367 9390
f 9371 9390 9394
f 9394 9390 9391
f 9394 9391 9395
f 9395 9391 9392
f 9395 9392 9396
f 9396 9392 9393
f 9396 9393 9397
f 9373 9371 9394
f 9373 9394 9398
f 9398 9394 9395
f 9398 9395 9399
f 9399 9395 9396
f 9399 9396 9400
f 9400 9396 9397
f 9400 9397 9401
f 9354 9373 9398
f 9354 9398 9402
f 9402 9398 9399
f 9402 9399 9403
f 9403 9399 9400
f 9403 9400 9404
f 9404 9400 9401
f 9404 9401 9405
f 9355 9354 9402
f 9355 9402 9406
f 9406 9402 9403
f 9406 9403 9407
f 9407 9403 9404
f 9407 9404 9408
f 9408 9404 9405
f 9408 9405 9409
f 9357 9355 9406
f 9357 9406 9410
f 9410 9406 9407
f 9410 9407 9411
f 9411 9407 9408
f 9411 9408 9412
f 9412 9408 9409
f 9412 9409 9413
f 9359 9357 9410
f 9359 9410 9414
f 9414 9410 9411
f 9414 9411 9415
f 9415 9411 9412
f 9415 9412 9416
f 9416 9412 9413
f 9416 9413 9417
f 9365 9359 9414
f 9365 9414 9418
f 9418 9414 9415
f 9418 9415 9419
f 9419 9415 9416
f 9419 9416 9420
f 9420 9416 9417
f 9420 9417 9421
f 9369 9365 9418
f 9369 9418 9422
f 9422 9418 9419
f 9422 9419 9423
f 9423 9419 9420
f 9423 9420 9424
f 9424 9420 9421
f 9424 9421 9425
f 9362 9369 9422
f 9362 9422 9426
f 9426 9422 9423
f 9426 9423 9427
f 9427 9423 9424
f 9427 9424 9428
f 9428 9424 9425
f 9428 9425 9429
f 9363 9362 9426
f 9363 9426 9374
f 9374 9426 9427
f 9374 9427 9376
f 9376 9427 9428
f 9376 9428 9378
f 9378 9428 9429
f 9378 9429 9380
f 9350 9360 9363
f 9350 9363 9351
f 9409 9417 9413
f 9417 9409 9421
f 9421 9409 9405
f 9421 9405 9425
f 9425 9405 9401
f 9425 9401 9429
f 9429 9401 9397
f 9429 9397 9380
f 9380 9397 9393
f 9380 9393 9381
f 9381 9393 9389
f 9381 9389 9385
f 9430 9431 9432
f 9430 9432 9433
f 9433 9432 9434
f 9433 9434 9435
f 9435 9434 9436
f 9435 9436 9437
f 9437 9436 9438
f 9437 9438 9439
f 9439 9438 9440
f 9439 9440 9441
f 9441 9440 9431
f 9441 9431 9430
f 9442 9443 9444
f 9442 9444 9445
f 9443 9446 9447
f 9443 9447 9444
f 9446 9448 9449
f 9446 9449 9447
f 9448 9450 9451
f 9448 9451 9449
f 9450 9452 9453
f 9450 9453 9451
f 9452 9442 9445
f 9452 9445 9453
f 9438 9431 9440
f 9431 9438 9436
f 9431 9436 9432
f 9432 9436 9434
f 9430 9439 9441
f 9439 9430 9437
f 9437 9430 9433
f 9437 9433 9435
f 9445 9451 9453
f 9451 9445 9449
f 9449 9445 9444
f 9449 9444 9447
f 9450 9442 9452
f 9442 9450 9448
f 9442 9448 9443
f 9443 9448 9446
# Vertices: 108, normals: 0, texture coordinates: 0, faces: 192

o obj12
v 1.67366214 0.95139314 0.27053073
v 1.67366214 0.95139314 0.23945485
v 1.70387686 1.00462457 0.23945485
v 1.70387686 1.00462457 0.27053073
v 1.67662338 0.94971206 0.27053073
v 1.70683831 1.0029439 0.27053073
v 1.70683831 1.0029439 0.23945485
v 1.67662338 0.94971206 0.23945485
v 1.70082588 0.9992493 0.27053073
v 1.67061115 0.94601736 0.27053073
v 1.67061115 0.94601736 0.23945485
v 1.70082588 0.9992493 0.23945485
v 1.70378732 0.99756862 0.27053073
v 1.70378732 0.99756862 0.23945485
v 1.67357209 0.94433669 0.23945485
v 1.67357209 0.94433669 0.27053073
v 1.67366214 0.95139314 -0.28022917
v 1.70387727 1.00462457 -0.28022917
v 1.70387727 1.00462457 -0.24915331
v 1.67366214 0.95139314 -0.24915331
v 1.67662338 0.94971246 -0.28022917
v 1.67662338 0.94971246 -0.24915331
v 1.70683831 1.0029439 -0.24915331
v 1.70683831 1.0029439 -0.28022917
v 1.70082588 0.9992493 -0.28022917
v 1.70082588 0.9992493 -0.24915331
v 1.67061115 0.94601776 -0.24915331
v 1.67061115 0.94601776 -0.28022917
v 1.70378732 0.99756862 -0.28022917
v 1.6735725 0.94433669 -0.28022917
v 1.6735725 0.94433669 -0.24915331
v 1.70378732 0.99756862 -0.24915331
v 1.82318133 1.21481078 0.0226648
v 1.8078413 1.18778518 0.0226648
v 1.8078413 1.18778518 -0.03854423
v 1.82318133 1.21481078 -0.03854423
v 1.82614237 1.2131301 0.0226648
v 1.82614237 1.2131301 -0.03854423
v 1.81080254 1.1861045 -0.03854423
v 1.81080254 1.1861045 0.0226648
v 1.82318093 1.21481078 -0.03236323
v 1.82318093 1.21481078 0.02884579
v 1.8078413 1.18778518 0.02884579
v 1.8078413 1.18778518 -0.03236323
v 1.82614237 1.2131301 -0.03236323
v 1.81080254 1.1861045 -0.03236323
v 1.81080254 1.1861045 0.02884579
v 1.82614237 1.2131301 0.02884579
v 1.55130708 0.73583166 0.0226648
v 1.55130708 0.73583166 -0.03854423
v 1.56664692 0.76285721 -0.03854423
v 1.56664692 0.76285721 0.0226648
v 1.55426843 0.73415098 0.0226648
v 1.56960816 0.76117653 0.0226648
v 1.56960816 0.76117653 -0.03854423
v 1.55426843 0.73415098 -0.03854423
v 1.55130708 0.73583166 -0.03236323
v 1.56664732 0.76285721 -0.03236323
v 1.56664732 0.76285721 0.02884579
v 1.55130708 0.73583166 0.02884579
v 1.55426843 0.73415098 -0.03236323
v 1.55426843 0.73415098 0.02884579
v 1.56960816 0.76117653 0.02884579
v 1.56960816 0.76117653 -0.03236323
v 1.04309656 1.33988941 -0.03012767
v 0.96977881 1.38150576 -0.02418351
v 0.97434723 1.3895539 -0.02234253
v 1.04878774 1.34991649 -0.02783417
v 0.9782199 1.39637732 -0.01709999
v 1.05361247 1.35841676 -0.02130341
v 0.98080776 1.40093646 -0.00925437
v 1.05683638 1.36409614 -0.01152927
v 0.98171616 1.40253717 0
v 1.05796853 1.36609071 0
v 0.98080776 1.40093646 0.00925479
v 1.05683638 1.36409614 0.01152969
v 0.9782199 1.39637732 0.01710041
v 1.05361247 1.35841676 0.02130383
v 0.97434682 1.3895539 0.02234295
v 1.04878774 1.34991649 0.02783459
v 0.96977881 1.38150576 0.02418393
v 1.04309656 1.33988941 0.03012809
v 0.96521 1.37345712 0.02234295
v 1.03740528 1.32986274 0.02783459
v 0.96133733 1.36663369 0.01710041
v 1.03258014 1.32136247 0.02130383
v 0.95874947 1.36207506 0.00925479
v 1.02935623 1.31568268 0.01152969
v 0.95784056 1.36047384 0
v 1.02822449 1.31368812 0
v 0.95874947 1.36207506 -0.00925437
v 1.02935623 1.31568268 -0.01152927
v 0.96133733 1.36663369 -0.01709999
v 1.03258014 1.32136247 -0.02130341
v 0.9626543 1.36895424 0.01443262
v 0.96592308 1.37471278 0.01885681
v 0.90843149 1.40510941 0.02355166
v 0.90434898 1.39791724 0.01802577
v 0.96521 1.37345712 -0.02234253
v 1.03740528 1.32986274 -0.02783417
v 0.96977881 1.38150576 -0.0204102
v 0.97363414 1.38829823 -0.01885638
v 0.97690292 1.39405677 -0.0144322
v 0.97908685 1.39790453 -0.00781052
v 0.97985368 1.39925579 0
v 0.97908685 1.39790453 0.00781094
v 0.97690292 1.39405677 0.01443262
v 0.97363414 1.38829823 0.01885681
v 0.96977881 1.38150576 0.02041062
v 0.96047027 1.36510648 0.00781094
v 0.95970314 1.36375533 0
v 0.96047027 1.36510648 -0.00781052
v 0.9626543 1.36895424 -0.0144322
v 0.96592308 1.37471278 -0.01885638
v 0.9205588 1.42647458 0.00613532
v 0.92116097 1.42753614 0
v 0.92781994 1.42375644 0
v 0.92721767 1.42269488 0.00613532
v 0.92214519 1.42926965 -0.01802534
v 0.92487301 1.43407532 -0.00975511
v 0.90162117 1.39311157 0.00975553
v 0.92583092 1.43576316 0
v 0.90066326 1.39142363 0
v 0.92487301 1.43407532 0.00975553
v 0.90162117 1.39311157 -0.00975511
v 0.92214519 1.42926965 0.01802577
v 0.90434898 1.39791724 -0.01802534
v 0.91806269 1.42207748 0.02355166
v 0.90843149 1.40510941 -0.02355124
v 0.91324734 1.41359365 0.02549203
v 0.91324734 1.41359365 -0.02549203
v 0.91806269 1.42207748 -0.02355124
v 0.91324734 1.41359365 -0.01603169
v 0.91627584 1.41892879 -0.01481156
v 0.91884293 1.42345233 -0.01133599
v 0.9205588 1.42647458 -0.0061349
v 0.91884293 1.42345233 0.01133642
v 0.91627584 1.41892879 0.01481156
v 0.91324734 1.41359365 0.01603211
v 0.91021874 1.4082581 0.01481156
v 0.90765125 1.40373446 0.01133642
v 0.90593578 1.40071231 0.00613532
v 0.90533321 1.39965115 0
v 0.90593578 1.40071231 -0.0061349
v 0.90765125 1.40373446 -0.01133599
v 0.91021874 1.4082581 -0.01481156
v 0.91471909 1.40067591 -0.00435229
v 0.91429197 1.3999231 0
v 0.90004243 1.40801106 0
v 0.90046956 1.40876388 -0.00435229
v 0.91199208 1.39587155 0
v 0.91259475 1.39693261 -0.0061349
v 0.9255019 1.41967273 0.01133642
v 0.91431011 1.39995486 -0.01133599
v 0.92293431 1.41514959 0.01481156
v 0.91687761 1.4044784 -0.01481156
v 0.91990621 1.40981405 0.01603211
v 0.91990621 1.40981405 -0.01603169
v 0.92293431 1.41514959 -0.01481156
v 0.91687761 1.4044784 0.01481156
v 0.9255019 1.41967273 -0.01133599
v 0.91431011 1.39995486 0.01133642
v 0.92721767 1.42269488 -0.0061349
v 0.91259475 1.39693261 0.00613532
v 0.91990621 1.40981405 -0.01137279
v 0.92205465 1.41359919 -0.01050707
v 0.92387578 1.41680788 -0.00804186
v 0.92509293 1.41895208 -0.00435229
v 0.92552005 1.4197049 0
v 0.92509293 1.41895168 0.00435271
v 0.92387578 1.41680788 0.00804228
v 0.92205465 1.41359919 0.01050749
v 0.91990621 1.40981405 0.01137321
v 0.91775778 1.4060289 0.01050749
v 0.91593624 1.40281971 0.00804228
v 0.91471909 1.40067591 0.00435271
v 0.91593624 1.40281971 -0.00804186
v 0.91775778 1.4060289 -0.01050707
v 0.90780512 1.42168706 -0.01050707
v 0.90962625 1.42489585 -0.00804186
v 0.9108434 1.42704005 0.00435271
v 0.90962625 1.42489585 0.00804228
v 0.90168671 1.41090808 -0.00804186
v 0.90780512 1.42168706 0.01050749
v 0.90350824 1.41411677 -0.01050707
v 0.90565668 1.41790191 0.01137321
v 0.90350824 1.41411677 0.01050749
v 0.9108434 1.42704005 -0.00435229
v 0.90168671 1.41090808 0.00804228
v 0.90565668 1.41790191 -0.01137279
v 0.90046956 1.40876388 0.00435271
v 0.91127052 1.42779286 0
v 0.89867384 1.42186513 -0.01070922
v 0.90069714 1.42542955 -0.00989383
v 0.89356244 1.42476678 -0.00889531
v 0.89524312 1.42772722 -0.00821779
v 0.8916914 1.42582875 -0.00641741
v 0.8929039 1.42796448 -0.00592894
v 0.9024121 1.42845089 -0.00757241
v 0.89666747 1.43023684 -0.00628969
v 0.89393159 1.42977503 -0.00453753
v 0.90355816 1.43046996 -0.00409811
v 0.89761953 1.43191378 -0.0034041
v 0.89461846 1.43098501 -0.00245548
v 0.90396038 1.43117871 0
v 0.89795359 1.43250244 0
v 0.89485955 1.43140962 0
v 0.90355816 1.43046996 0.00409853
v 0.89761953 1.43191378 0.0034041
v 0.89461846 1.43098501 0.00245591
v 0.9024121 1.42845089 0.00757284
v 0.89666747 1.43023684 0.00629011
v 0.89393159 1.42977503 0.00453795
v 0.90069714 1.42542955 0.00989425
v 0.89524312 1.42772722 0.00821821
v 0.8929039 1.42796448 0.00592894
v 0.89867384 1.42186513 0.01070922
v 0.89356244 1.42476678 0.00889531
v 0.8916914 1.42582875 0.00641741
v 0.89665104 1.41830121 0.00989425
v 0.89188217 1.42180634 0.00821821
v 0.89047929 1.42369302 0.00592894
v 0.89493608 1.41527987 0.00757284
v 0.89045771 1.41929632 0.00629011
v 0.88945161 1.42188207 0.00453795
v 0.89378992 1.4132608 0.00409853
v 0.88950575 1.41761948 0.0034041
v 0.88876484 1.42067248 0.00245591
v 0.8933877 1.41255195 0
v 0.88917159 1.41703072 0
v 0.88852375 1.42024747 0
v 0.89378992 1.4132608 -0.00409811
v 0.88950575 1.41761948 -0.0034041
v 0.88876484 1.42067248 -0.00245548
v 0.89493608 1.41527987 -0.00757241
v 0.89045771 1.41929632 -0.00628969
v 0.88945161 1.42188207 -0.00453753
v 0.89665104 1.41830121 -0.00989383
v 0.89188217 1.42180634 -0.00821779
v 0.89047929 1.42369302 -0.00592894
v 0.376528 1.64714574 -0.16987621
v 0.36290189 1.65488019 -0.16987621
v 0.39964828 1.71961901 -0.18033802
v 0.41327439 1.71188416 -0.18033802
v 0.43531834 1.78246078 -0.15961782
v 0.44894443 1.77472653 -0.15961782
v 0.46374415 1.8325412 -0.11129818
v 0.47737029 1.82480675 -0.11129818
v 0.48001099 1.86119958 -0.04373433
v 0.49363712 1.85346472 -0.04373433
v 0.48369298 1.86768632 -0.04399442
v 0.49731907 1.85995147 -0.04399442
v 0.49493251 1.85574636 0.0313922
v 0.48130598 1.86348121 0.0313922
v 0.46740543 1.83899104 0.10109054
v 0.48103151 1.83125679 0.10109054
v 0.44071227 1.79196423 0.15330911
v 0.45433881 1.78422998 0.15330911
v 0.40584282 1.7305319 0.17901977
v 0.41946893 1.72279806 0.17901977
v 0.36882574 1.66531664 0.17377597
v 0.38245185 1.65758219 0.17377597
v 0.34505925 1.59170457 -0.13004121
v 0.33143271 1.59943892 -0.13004121
v 0.32948049 1.59599973 -0.13637067
v 0.3431066 1.58826538 -0.13637067
v 0.3496877 1.59985979 0.13848486
v 0.33606159 1.60759414 0.13848486
v 0.31321578 1.56734558 0.07924833
v 0.32684231 1.55961073 0.07924833
v 0.30423884 1.55152952 0.00630915
v 0.31786495 1.54379517 0.00630915
v 0.31068249 1.56288204 -0.06772075
v 0.3243086 1.55514769 -0.06772075
v 0.49861451 1.86223311 0.03113169
v 0.48498797 1.86996756 0.03113169
v 0.36517044 1.62713656 0.18999756
v 0.35154433 1.63487091 0.18999756
v 0.33908674 1.61292343 0.1765791
v 0.35271285 1.60518898 0.1765791
v 0.34795838 1.59681264 0.14507439
v 0.33433184 1.60454698 0.14507439
v 0.36709599 1.66226949 0.18036551
v 0.38072212 1.65453504 0.18036551
v 0.5092129 1.88090565 -0.02152671
v 0.49558636 1.8886399 -0.02152671
v 0.49607908 1.88950746 0.00703784
v 0.50970516 1.88177301 0.00703784
v 0.34676488 1.59471028 -0.16847041
v 0.33313877 1.60244463 -0.16847041
v 0.34510407 1.62352434 -0.18361651
v 0.35873018 1.61579 -0.18361651
v 0.34929945 1.63091616 -0.18683664
v 0.36292599 1.62318182 -0.18683664
v 0.35378412 1.63881719 -0.1865592
v 0.36741066 1.63108284 -0.1865592
v 0.35787504 1.64602459 -0.18282607
v 0.37150158 1.63829024 -0.18282607
v 0.36094967 1.6514406 -0.17620566
v 0.37457578 1.64370615 -0.17620566
v 0.50818436 1.87909369 -0.03037423
v 0.49455822 1.88682814 -0.03037423
v 0.50556307 1.87447557 -0.03775083
v 0.49193699 1.88220982 -0.03775083
v 0.50174793 1.86775348 -0.04253365
v 0.48812139 1.87548793 -0.04253365
v 0.50298156 1.86992783 0.02904838
v 0.48935547 1.87766187 0.02904838
v 0.50662292 1.87634278 0.02373817
v 0.49299683 1.88407703 0.02373817
v 0.50898411 1.88050212 0.01600885
v 0.49535757 1.88823697 0.01600885
v 0.36946691 1.63470555 0.19261713
v 0.35584077 1.64243989 0.19261713
v 0.37393126 1.64257067 0.19170658
v 0.36030472 1.65030502 0.19170658
v 0.37788346 1.64953365 0.1874042
v 0.36425735 1.657268 0.1874042
v 0.34666508 1.59453433 0.15377812
v 0.33303897 1.60226868 0.15377812
v 0.34711464 1.59532647 0.16282187
v 0.33348853 1.60306082 0.16282187
v 0.34923855 1.59906765 0.1708282
v 0.33561201 1.606802 0.1708282
v 0.34349697 1.58895265 -0.16224248
v 0.32987086 1.596687 -0.16224248
v 0.34165431 1.58570585 -0.15395533
v 0.32802777 1.5934402 -0.15395533
v 0.34151728 1.58546436 -0.14487012
v 0.32789074 1.59319921 -0.14487012
v 0.41300331 1.71140662 -0.17248141
v 0.37785768 1.64948838 -0.1624755
v 0.44711911 1.77151099 -0.15266414
v 0.47430665 1.81940939 -0.10644939
v 0.48986508 1.84681886 -0.04182864
v 0.4911034 1.84900128 0.03002448
v 0.47780845 1.82557812 0.09668624
v 0.45227835 1.78060042 0.14663032
v 0.41892801 1.72184439 0.17122025
v 0.38352355 1.65947018 0.16620525
v 0.35218673 1.60426233 0.13245145
v 0.33033648 1.56576725 0.07579559
v 0.32175076 1.55064058 0.00603425
v 0.32791358 1.56149821 -0.06477045
v 0.34775959 1.59646285 -0.12437576
v 0.38672634 1.69685348 -0.03727293
v 0.39478892 1.71105814 -0.03956855
v 0.4026155 1.72484617 -0.03502214
v 0.40885231 1.73583468 -0.02442034
v 0.41242178 1.74212258 -0.00959567
v 0.41270598 1.74262332 0.00688813
v 0.40965587 1.73725016 0.02218055
v 0.40379882 1.72693158 0.03363834
v 0.39614819 1.71345271 0.03927927
v 0.38802597 1.69914359 0.03812892
v 0.38083715 1.68647834 0.03038565
v 0.37582467 1.67764733 0.01738842
v 0.37385471 1.67417729 0.00138465
v 0.37526896 1.67666785 -0.01485893
v 0.37982171 1.68468896 -0.02853283
v 1.15485272 0.97089069 -0.27828076
v 1.16522907 0.9891715 -0.27828076
v 1.17023268 0.98633156 -0.27959392
v 1.15985632 0.96805075 -0.27959392
v 1.16887295 0.9629326 -0.27460091
v 1.17924941 0.98121331 -0.27460091
v 1.1814765 0.97994968 -0.26928394
v 1.17110014 0.96166887 -0.26928394
v 1.1814765 0.97994968 -0.26338207
v 1.17110014 0.96166887 -0.26338207
v 1.17924941 0.98121331 -0.2580651
v 1.16887295 0.9629326 -0.2580651
v 1.17523669 0.98349121 -0.25438527
v 1.16486033 0.9652104 -0.25438527
v 1.17023268 0.98633156 -0.25307208
v 1.15985632 0.96805075 -0.25307208
v 1.16522907 0.9891715 -0.25438527
v 1.15485272 0.97089069 -0.25438527
v 1.16121645 0.99144931 -0.2580651
v 1.15083999 0.9731685 -0.2580651
v 1.15898926 0.99271344 -0.26338207
v 1.14861291 0.97443223 -0.26338207
v 1.15898926 0.99271344 -0.26928394
v 1.14861291 0.97443223 -0.26928394
v 1.16121645 0.99144931 -0.27460091
v 1.15083999 0.9731685 -0.27460091
v 1.16486033 0.9652104 -0.27828076
v 1.17523669 0.98349121 -0.27828076
v 1.16243783 0.96342234 -0.27573857
v 1.15849871 0.9656583 -0.27677261
v 1.17159069 0.98872361 -0.27677261
v 1.17552981 0.98648765 -0.27573857
v 1.16559661 0.96162954 -0.27284199
v 1.17868899 0.98469444 -0.27284199
v 1.16735008 0.96063443 -0.2686559
v 1.18044206 0.98369973 -0.2686559
v 1.16735008 0.96063443 -0.2640101
v 1.18044206 0.98369973 -0.2640101
v 1.16559661 0.96162954 -0.25982405
v 1.17868899 0.98469444 -0.25982405
v 1.16243783 0.96342234 -0.25692743
v 1.17552981 0.98648765 -0.25692743
v 1.15849871 0.9656583 -0.2558934
v 1.17159069 0.98872361 -0.2558934
v 1.15455919 0.96789426 -0.25692743
v 1.16765157 0.99095956 -0.25692743
v 1.15140042 0.96968746 -0.25982405
v 1.16449239 0.99275277 -0.25982405
v 1.14964745 0.97068257 -0.2640101
v 1.16273932 0.99374748 -0.2640101
v 1.14964745 0.97068257 -0.2686559
v 1.16273932 0.99374748 -0.2686559
v 1.15140042 0.96968746 -0.27284199
v 1.16449239 0.99275277 -0.27284199
v 1.15455919 0.96789426 -0.27573857
v 1.16765157 0.99095956 -0.27573857
v 1.41811759 1.4347025 -0.27828076
v 1.4231216 1.43186216 -0.27959392
v 1.41274524 1.41358135 -0.27959392
v 1.40774123 1.41642169 -0.27828076
v 1.43213833 1.42674441 -0.27460091
v 1.43436502 1.42548027 -0.26928394
v 1.42398866 1.40719946 -0.26928394
v 1.42176157 1.4084636 -0.27460091
v 1.43436502 1.42548027 -0.26338207
v 1.42398866 1.40719946 -0.26338207
v 1.43213833 1.42674441 -0.25806467
v 1.42176157 1.4084636 -0.25806467
v 1.42812521 1.42902221 -0.25438527
v 1.41774885 1.4107415 -0.25438527
v 1.4231216 1.43186216 -0.25307208
v 1.41274524 1.41358135 -0.25307208
v 1.41811759 1.4347025 -0.25438527
v 1.40774123 1.41642169 -0.25438527
v 1.41410497 1.43698041 -0.25806467
v 1.40372861 1.4186996 -0.25806467
v 1.41187829 1.43824444 -0.26338207
v 1.40150142 1.41996323 -0.26338207
v 1.41187829 1.43824404 -0.26928394
v 1.40150142 1.41996323 -0.26928394
v 1.41410497 1.43698041 -0.27460091
v 1.40372861 1.4186996 -0.27460091
v 1.42812521 1.42902221 -0.27828076
v 1.41774885 1.4107415 -0.27828076
v 1.42447921 1.4342546 -0.27677221
v 1.42841833 1.43201865 -0.27573857
v 1.41532635 1.40895334 -0.27573857
v 1.41138723 1.4111893 -0.27677221
v 1.43157751 1.43022544 -0.27284199
v 1.41848563 1.40716014 -0.27284199
v 1.43333058 1.42923033 -0.2686559
v 1.4202386 1.40616502 -0.2686559
v 1.43333058 1.42923033 -0.2640097
v 1.4202386 1.40616502 -0.2640097
v 1.43157751 1.43022544 -0.25982405
v 1.41848563 1.40716014 -0.25982405
v 1.42841833 1.43201865 -0.25692743
v 1.41532635 1.40895334 -0.25692743
v 1.42447921 1.4342546 -0.2558934
v 1.41138723 1.4111893 -0.2558934
v 1.42054009 1.43649066 -0.25692703
v 1.40744822 1.41342536 -0.25692743
v 1.41738131 1.43828336 -0.25982405
v 1.40428894 1.41521856 -0.25982405
v 1.41562794 1.43927848 -0.2640097
v 1.40253596 1.41621368 -0.2640097
v 1.41562794 1.43927848 -0.2686559
v 1.40253596 1.41621368 -0.2686559
v 1.41738131 1.43828336 -0.27284199
v 1.40428894 1.41521856 -0.27284199
v 1.42054009 1.43649066 -0.27573857
v 1.40744822 1.41342536 -0.27573857
v 1.15485272 0.97089069 0.26534825
v 1.15985632 0.96805075 0.26666141
v 1.17023268 0.98633156 0.26666141
v 1.16522907 0.9891715 0.26534825
v 1.16887295 0.9629326 0.2616684
v 1.17109964 0.96166846 0.25635143
v 1.1814765 0.97994968 0.25635143
v 1.17924941 0.98121331 0.2616684
v 1.17109964 0.96166846 0.25044956
v 1.1814765 0.97994968 0.25044956
v 1.16887295 0.9629326 0.24513259
v 1.17924941 0.98121331 0.24513259
v 1.16486033 0.9652104 0.24145274
v 1.17523669 0.98349121 0.24145274
v 1.15985632 0.96805075 0.24013957
v 1.17023268 0.98633156 0.24013957
v 1.15485272 0.97089069 0.24145274
v 1.16522907 0.9891715 0.24145274
v 1.15083959 0.9731685 0.24513259
v 1.16121645 0.99144931 0.24513259
v 1.14861291 0.97443223 0.25044956
v 1.15898926 0.99271344 0.25044956
v 1.14861291 0.97443223 0.25635143
v 1.15898926 0.99271344 0.25635143
v 1.15083959 0.9731685 0.2616684
v 1.16121645 0.99144931 0.2616684
v 1.16486033 0.9652104 0.26534825
v 1.17523669 0.98349121 0.26534825
v 1.15849871 0.9656583 0.2638401
v 1.16243783 0.96342234 0.26280606
v 1.17552981 0.98648765 0.26280606
v 1.17159069 0.98872361 0.2638401
v 1.16559661 0.96162954 0.25990948
v 1.17868858 0.98469444 0.25990948
v 1.16735008 0.96063443 0.2557234
v 1.18044206 0.98369933 0.2557234
v 1.16735008 0.96063443 0.25107759
v 1.18044206 0.98369933 0.25107759
v 1.16559661 0.96162954 0.24689151
v 1.17868858 0.98469444 0.24689151
v 1.16243783 0.96342234 0.24399493
v 1.17552981 0.98648765 0.24399493
v 1.15849871 0.9656583 0.24296089
v 1.17159069 0.98872361 0.24296089
v 1.15455919 0.96789426 0.24399493
v 1.16765157 0.99095956 0.24399493
v 1.15140042 0.96968746 0.24689151
v 1.16449239 0.99275277 0.24689151
v 1.14964745 0.97068257 0.25107759
v 1.16273932 0.99374748 0.25107759
v 1.14964745 0.97068257 0.2557234
v 1.16273932 0.99374748 0.2557234
v 1.15140042 0.96968746 0.25990948
v 1.16449239 0.99275277 0.25990948
v 1.15455919 0.96789426 0.26280606
v 1.16765157 0.99095956 0.26280606
v 1.41852072 1.43541256 0.26534825
v 1.40814426 1.41713186 0.26534825
v 1.41314787 1.41429151 0.26666141
v 1.42352422 1.43257222 0.26666141
v 1.43254096 1.42745447 0.2616684
v 1.4221646 1.40917366 0.2616684
v 1.42439169 1.40790962 0.25635143
v 1.43476804 1.42619033 0.25635143
v 1.42439169 1.40790962 0.25044956
v 1.43476804 1.42619033 0.25044956
v 1.4221646 1.40917366 0.24513259
v 1.43254096 1.42745447 0.24513259
v 1.41815188 1.41145116 0.24145274
v 1.42852823 1.42973187 0.24145274
v 1.41314787 1.41429151 0.24013957
v 1.42352422 1.43257222 0.24013957
v 1.40814426 1.41713186 0.24145274
v 1.41852072 1.43541256 0.24145274
v 1.40413164 1.41940926 0.24513259
v 1.41450799 1.43769007 0.24513259
v 1.40190455 1.42067339 0.25044956
v 1.41228091 1.4389541 0.25044956
v 1.40190455 1.42067339 0.25635143
v 1.41228091 1.4389541 0.25635143
v 1.40413164 1.41940926 0.2616684
v 1.41450799 1.43769007 0.2616684
v 1.42852823 1.42973187 0.26534825
v 1.41815188 1.41145116 0.26534825
v 1.42882135 1.43272831 0.26280606
v 1.42488224 1.43496426 0.2638401
v 1.41179036 1.41189946 0.2638401
v 1.41572938 1.4096634 0.26280606
v 1.43198063 1.43093551 0.25990948
v 1.41888825 1.4078703 0.25990948
v 1.4337336 1.42994039 0.2557234
v 1.42064163 1.40687508 0.2557234
v 1.4337336 1.42994039 0.25107759
v 1.42064163 1.40687508 0.25107759
v 1.43198063 1.43093551 0.24689151
v 1.41888825 1.4078703 0.24689151
v 1.42882135 1.43272831 0.24399493
v 1.41572938 1.4096634 0.24399493
v 1.42488224 1.43496426 0.24296089
v 1.41179036 1.41189946 0.24296089
v 1.42094322 1.43720032 0.24399493
v 1.40785084 1.41413542 0.24399493
v 1.41778394 1.43899353 0.24689151
v 1.40469196 1.41592822 0.24689151
v 1.41603097 1.43998864 0.25107759
v 1.40293899 1.41692333 0.25107759
v 1.41603097 1.43998864 0.2557234
v 1.40293899 1.41692333 0.2557234
v 1.41778394 1.43899353 0.25990948
v 1.40469196 1.41592822 0.25990948
v 1.42094322 1.43720032 0.26280606
v 1.40785124 1.41413542 0.26280606
usemtl mat7
f 9454 9455 9456
f 9454 9456 9457
f 9458 9459 9460
f 9458 9460 9461
f 9455 9454 9458
f 9455 9458 9461
f 9456 9455 9461
f 9456 9461 9460
f 9454 9457 9459
f 9454 9459 9458
f 9457 9456 9460
f 9457 9460 9459
f 9462 9463 9464
f 9462 9464 9465
f 9466 9467 9468
f 9466 9468 9469
f 9465 9467 9466
f 9465 9466 9462
f 9464 9468 9467
f 9464 9467 9465
f 9462 9466 9469
f 9462 9469 9463
f 9463 9469 9468
f 9463 9468 9464
f 9470 9471 9472
f 9470 9472 9473
f 9474 9475 9476
f 9474 9476 9477
f 9473 9475 9474
f 9473 9474 9470
f 9472 9476 9475
f 9472 9475 9473
f 9470 9474 9477
f 9470 9477 9471
f 9471 9477 9476
f 9471 9476 9472
f 9478 9479 9480
f 9478 9480 9481
f 9482 9483 9484
f 9482 9484 9485
f 9479 9478 9482
f 9479 9482 9485
f 9480 9479 9485
f 9480 9485 9484
f 9478 9481 9483
f 9478 9483 9482
f 9481 9480 9484
f 9481 9484 9483
f 9486 9487 9488
f 9486 9488 9489
f 9490 9491 9492
f 9490 9492 9493
f 9487 9486 9490
f 9487 9490 9493
f 9488 9487 9493
f 9488 9493 9492
f 9486 9489 9491
f 9486 9491 9490
f 9489 9488 9492
f 9489 9492 9491
f 9494 9495 9496
f 9494 9496 9497
f 9498 9499 9500
f 9498 9500 9501
f 9497 9499 9498
f 9497 9498 9494
f 9496 9500 9499
f 9496 9499 9497
f 9494 9498 9501
f 9494 9501 9495
f 9495 9501 9500
f 9495 9500 9496
f 9502 9503 9504
f 9502 9504 9505
f 9506 9507 9508
f 9506 9508 9509
f 9505 9507 9506
f 9505 9506 9502
f 9504 9508 9507
f 9504 9507 9505
f 9502 9506 9509
f 9502 9509 9503
f 9503 9509 9508
f 9503 9508 9504
f 9510 9511 9512
f 9510 9512 9513
f 9514 9515 9516
f 9514 9516 9517
f 9511 9510 9514
f 9511 9514 9517
f 9512 9511 9517
f 9512 9517 9516
f 9510 9513 9515
f 9510 9515 9514
f 9513 9512 9516
f 9513 9516 9515
f 9518 9519 9520
f 9518 9520 9521
f 9521 9520 9522
f 9521 9522 9523
f 9523 9522 9524
f 9523 9524 9525
f 9525 9524 9526
f 9525 9526 9527
f 9527 9526 9528
f 9527 9528 9529
f 9529 9528 9530
f 9529 9530 9531
f 9531 9530 9532
f 9531 9532 9533
f 9533 9532 9534
f 9533 9534 9535
f 9535 9534 9536
f 9535 9536 9537
f 9537 9536 9538
f 9537 9538 9539
f 9539 9538 9540
f 9539 9540 9541
f 9541 9540 9542
f 9541 9542 9543
f 9543 9542 9544
f 9543 9544 9545
f 9545 9544 9546
f 9545 9546 9547
f 9548 9549 9550
f 9548 9550 9551
f 9547 9546 9552
f 9547 9552 9553
f 9553 9552 9519
f 9553 9519 9518
f 9554 9555 9520
f 9554 9520 9519
f 9555 9556 9522
f 9555 9522 9520
f 9556 9557 9524
f 9556 9524 9522
f 9557 9558 9526
f 9557 9526 9524
f 9558 9559 9528
f 9558 9528 9526
f 9559 9560 9530
f 9559 9530 9528
f 9560 9561 9532
f 9560 9532 9530
f 9561 9562 9534
f 9561 9534 9532
f 9562 9549 9536
f 9562 9536 9534
f 9549 9548 9538
f 9549 9538 9536
f 9548 9563 9540
f 9548 9540 9538
f 9563 9564 9542
f 9563 9542 9540
f 9564 9565 9544
f 9564 9544 9542
f 9565 9566 9546
f 9565 9546 9544
f 9566 9567 9552
f 9566 9552 9546
f 9567 9554 9519
f 9567 9519 9552
f 9568 9569 9570
f 9568 9570 9571
f 9557 9556 9572
f 9557 9572 9573
f 9563 9548 9551
f 9563 9551 9574
f 9558 9557 9573
f 9558 9573 9575
f 9564 9563 9574
f 9564 9574 9576
f 9559 9558 9575
f 9559 9575 9577
f 9565 9564 9576
f 9565 9576 9578
f 9560 9559 9577
f 9560 9577 9579
f 9566 9565 9578
f 9566 9578 9580
f 9561 9560 9579
f 9561 9579 9581
f 9567 9566 9580
f 9567 9580 9582
f 9562 9561 9581
f 9562 9581 9583
f 9555 9554 9584
f 9555 9584 9585
f 9554 9567 9582
f 9554 9582 9584
f 9549 9562 9583
f 9549 9583 9550
f 9556 9555 9585
f 9556 9585 9572
f 9586 9587 9585
f 9586 9585 9584
f 9587 9588 9572
f 9587 9572 9585
f 9588 9589 9573
f 9588 9573 9572
f 9589 9569 9575
f 9589 9575 9573
f 9569 9568 9577
f 9569 9577 9575
f 9568 9590 9579
f 9568 9579 9577
f 9590 9591 9581
f 9590 9581 9579
f 9591 9592 9583
f 9591 9583 9581
f 9592 9593 9550
f 9592 9550 9583
f 9593 9594 9551
f 9593 9551 9550
f 9594 9595 9574
f 9594 9574 9551
f 9595 9596 9576
f 9595 9576 9574
f 9596 9597 9578
f 9596 9578 9576
f 9597 9598 9580
f 9597 9580 9578
f 9598 9599 9582
f 9598 9582 9580
f 9599 9586 9584
f 9599 9584 9582
f 9600 9601 9602
f 9600 9602 9603
f 9597 9596 9604
f 9597 9604 9605
f 9590 9568 9571
f 9590 9571 9606
f 9598 9597 9605
f 9598 9605 9607
f 9591 9590 9606
f 9591 9606 9608
f 9599 9598 9607
f 9599 9607 9609
f 9592 9591 9608
f 9592 9608 9610
f 9587 9586 9611
f 9587 9611 9612
f 9586 9599 9609
f 9586 9609 9611
f 9593 9592 9610
f 9593 9610 9613
f 9588 9587 9612
f 9588 9612 9614
f 9594 9593 9613
f 9594 9613 9615
f 9589 9588 9614
f 9589 9614 9616
f 9595 9594 9615
f 9595 9615 9617
f 9569 9589 9616
f 9569 9616 9570
f 9596 9595 9617
f 9596 9617 9604
f 9618 9619 9612
f 9618 9612 9611
f 9619 9620 9614
f 9619 9614 9612
f 9620 9621 9616
f 9620 9616 9614
f 9621 9622 9570
f 9621 9570 9616
f 9622 9623 9571
f 9622 9571 9570
f 9623 9624 9606
f 9623 9606 9571
f 9624 9625 9608
f 9624 9608 9606
f 9625 9626 9610
f 9625 9610 9608
f 9626 9627 9613
f 9626 9613 9610
f 9627 9628 9615
f 9627 9615 9613
f 9628 9629 9617
f 9628 9617 9615
f 9629 9601 9604
f 9629 9604 9617
f 9601 9600 9605
f 9601 9605 9604
f 9600 9630 9607
f 9600 9607 9605
f 9630 9631 9609
f 9630 9609 9607
f 9631 9618 9611
f 9631 9611 9609
f 9620 9619 9632
f 9620 9632 9633
f 9624 9623 9634
f 9624 9634 9635
f 9630 9600 9603
f 9630 9603 9636
f 9625 9624 9635
f 9625 9635 9637
f 9631 9630 9636
f 9631 9636 9638
f 9626 9625 9637
f 9626 9637 9639
f 9627 9626 9639
f 9627 9639 9640
f 9621 9620 9633
f 9621 9633 9641
f 9628 9627 9640
f 9628 9640 9642
f 9618 9631 9638
f 9618 9638 9643
f 9629 9628 9642
f 9629 9642 9644
f 9622 9621 9641
f 9622 9641 9645
f 9601 9629 9644
f 9601 9644 9602
f 9623 9622 9645
f 9623 9645 9634
f 9632 9643 9646
f 9632 9646 9647
f 9647 9646 9648
f 9647 9648 9649
f 9649 9648 9650
f 9649 9650 9651
f 9633 9632 9647
f 9633 9647 9652
f 9652 9647 9649
f 9652 9649 9653
f 9653 9649 9651
f 9653 9651 9654
f 9641 9633 9652
f 9641 9652 9655
f 9655 9652 9653
f 9655 9653 9656
f 9656 9653 9654
f 9656 9654 9657
f 9645 9641 9655
f 9645 9655 9658
f 9658 9655 9656
f 9658 9656 9659
f 9659 9656 9657
f 9659 9657 9660
f 9634 9645 9658
f 9634 9658 9661
f 9661 9658 9659
f 9661 9659 9662
f 9662 9659 9660
f 9662 9660 9663
f 9635 9634 9661
f 9635 9661 9664
f 9664 9661 9662
f 9664 9662 9665
f 9665 9662 9663
f 9665 9663 9666
f 9637 9635 9664
f 9637 9664 9667
f 9667 9664 9665
f 9667 9665 9668
f 9668 9665 9666
f 9668 9666 9669
f 9639 9637 9667
f 9639 9667 9670
f 9670 9667 9668
f 9670 9668 9671
f 9671 9668 9669
f 9671 9669 9672
f 9640 9639 9670
f 9640 9670 9673
f 9673 9670 9671
f 9673 9671 9674
f 9674 9671 9672
f 9674 9672 9675
f 9642 9640 9673
f 9642 9673 9676
f 9676 9673 9674
f 9676 9674 9677
f 9677 9674 9675
f 9677 9675 9678
f 9644 9642 9676
f 9644 9676 9679
f 9679 9676 9677
f 9679 9677 9680
f 9680 9677 9678
f 9680 9678 9681
f 9602 9644 9679
f 9602 9679 9682
f 9682 9679 9680
f 9682 9680 9683
f 9683 9680 9681
f 9683 9681 9684
f 9603 9602 9682
f 9603 9682 9685
f 9685 9682 9683
f 9685 9683 9686
f 9686 9683 9684
f 9686 9684 9687
f 9636 9603 9685
f 9636 9685 9688
f 9688 9685 9686
f 9688 9686 9689
f 9689 9686 9687
f 9689 9687 9690
f 9638 9636 9688
f 9638 9688 9691
f 9691 9688 9689
f 9691 9689 9692
f 9692 9689 9690
f 9692 9690 9693
f 9643 9638 9691
f 9643 9691 9646
f 9646 9691 9692
f 9646 9692 9648
f 9648 9692 9693
f 9648 9693 9650
f 9619 9618 9643
f 9619 9643 9632
f 9537 9533 9535
f 9533 9537 9539
f 9533 9539 9531
f 9531 9539 9541
f 9531 9541 9529
f 9529 9541 9543
f 9529 9543 9527
f 9527 9543 9545
f 9527 9545 9525
f 9525 9545 9547
f 9525 9547 9523
f 9523 9547 9553
f 9523 9553 9521
f 9521 9553 9518
f 9669 9675 9672
f 9675 9669 9666
f 9675 9666 9678
f 9678 9666 9663
f 9678 9663 9681
f 9681 9663 9660
f 9681 9660 9684
f 9684 9660 9657
f 9684 9657 9687
f 9687 9657 9654
f 9687 9654 9690
f 9690 9654 9651
f 9690 9651 9693
f 9693 9651 9650
f 9694 9695 9696
f 9694 9696 9697
f 9697 9696 9698
f 9697 9698 9699
f 9699 9698 9700
f 9699 9700 9701
f 9701 9700 9702
f 9701 9702 9703
f 9703 9702 9704
f 9703 9704 9705
f 9706 9707 9708
f 9706 9708 9709
f 9709 9708 9710
f 9709 9710 9711
f 9711 9710 9712
f 9711 9712 9713
f 9713 9712 9714
f 9713 9714 9715
f 9716 9717 9718
f 9716 9718 9719
f 9720 9721 9722
f 9720 9722 9723
f 9723 9722 9724
f 9723 9724 9725
f 9725 9724 9726
f 9725 9726 9727
f 9727 9726 9717
f 9727 9717 9716
f 9707 9706 9728
f 9707 9728 9729
f 9730 9731 9732
f 9730 9732 9733
f 9721 9720 9734
f 9721 9734 9735
f 9715 9714 9736
f 9715 9736 9737
f 9738 9739 9740
f 9738 9740 9741
f 9742 9743 9744
f 9742 9744 9745
f 9745 9744 9746
f 9745 9746 9747
f 9747 9746 9748
f 9747 9748 9749
f 9749 9748 9750
f 9749 9750 9751
f 9751 9750 9752
f 9751 9752 9753
f 9739 9738 9754
f 9739 9754 9755
f 9755 9754 9756
f 9755 9756 9757
f 9757 9756 9758
f 9757 9758 9759
f 9759 9758 9705
f 9759 9705 9704
f 9729 9728 9760
f 9729 9760 9761
f 9761 9760 9762
f 9761 9762 9763
f 9763 9762 9764
f 9763 9764 9765
f 9765 9764 9741
f 9765 9741 9740
f 9731 9730 9766
f 9731 9766 9767
f 9767 9766 9768
f 9767 9768 9769
f 9769 9768 9770
f 9769 9770 9771
f 9771 9770 9737
f 9771 9737 9736
f 9735 9734 9772
f 9735 9772 9773
f 9773 9772 9774
f 9773 9774 9775
f 9775 9774 9776
f 9775 9776 9777
f 9777 9776 9733
f 9777 9733 9732
f 9743 9742 9778
f 9743 9778 9779
f 9779 9778 9780
f 9779 9780 9781
f 9781 9780 9782
f 9781 9782 9783
f 9783 9782 9719
f 9783 9719 9718
f 9695 9694 9753
f 9695 9753 9752
f 9784 9785 9694
f 9784 9694 9697
f 9786 9784 9697
f 9786 9697 9699
f 9787 9786 9699
f 9787 9699 9701
f 9788 9787 9701
f 9788 9701 9703
f 9789 9788 9703
f 9789 9703 9706
f 9790 9789 9706
f 9790 9706 9709
f 9791 9790 9709
f 9791 9709 9711
f 9792 9791 9711
f 9792 9711 9713
f 9793 9792 9713
f 9793 9713 9715
f 9794 9793 9715
f 9794 9715 9720
f 9795 9794 9720
f 9795 9720 9723
f 9796 9795 9723
f 9796 9723 9725
f 9797 9796 9725
f 9797 9725 9727
f 9798 9797 9727
f 9798 9727 9716
f 9785 9798 9716
f 9785 9716 9694
f 9799 9800 9696
f 9799 9696 9695
f 9800 9801 9698
f 9800 9698 9696
f 9801 9802 9700
f 9801 9700 9698
f 9802 9803 9702
f 9802 9702 9700
f 9803 9804 9707
f 9803 9707 9702
f 9804 9805 9708
f 9804 9708 9707
f 9805 9806 9710
f 9805 9710 9708
f 9806 9807 9712
f 9806 9712 9710
f 9807 9808 9714
f 9807 9714 9712
f 9808 9809 9721
f 9808 9721 9714
f 9809 9810 9722
f 9809 9722 9721
f 9810 9811 9724
f 9810 9724 9722
f 9811 9812 9726
f 9811 9726 9724
f 9812 9813 9717
f 9812 9717 9726
f 9813 9799 9695
f 9813 9695 9717
f 9729 9702 9707
f 9702 9729 9761
f 9702 9761 9763
f 9702 9763 9765
f 9702 9765 9740
f 9702 9740 9739
f 9702 9739 9755
f 9702 9755 9757
f 9702 9757 9759
f 9702 9759 9704
f 9769 9731 9767
f 9731 9769 9771
f 9731 9771 9732
f 9732 9771 9736
f 9732 9736 9714
f 9732 9714 9777
f 9777 9714 9721
f 9777 9721 9775
f 9775 9721 9773
f 9773 9721 9735
f 9719 9694 9716
f 9694 9719 9782
f 9694 9782 9780
f 9694 9780 9778
f 9694 9778 9742
f 9694 9742 9745
f 9694 9745 9753
f 9753 9745 9751
f 9751 9745 9749
f 9749 9745 9747
f 9703 9728 9706
f 9728 9703 9760
f 9760 9703 9762
f 9762 9703 9764
f 9764 9703 9741
f 9741 9703 9738
f 9738 9703 9754
f 9754 9703 9756
f 9756 9703 9758
f 9758 9703 9705
f 9730 9768 9766
f 9768 9730 9770
f 9770 9730 9733
f 9770 9733 9737
f 9737 9733 9715
f 9715 9733 9776
f 9715 9776 9720
f 9720 9776 9774
f 9720 9774 9772
f 9720 9772 9734
f 9695 9718 9717
f 9718 9695 9783
f 9783 9695 9781
f 9781 9695 9779
f 9779 9695 9743
f 9743 9695 9744
f 9744 9695 9752
f 9744 9752 9750
f 9744 9750 9748
f 9744 9748 9746
f 9814 9815 9816
f 9814 9816 9817
f 9818 9819 9820
f 9818 9820 9821
f 9821 9820 9822
f 9821 9822 9823
f 9823 9822 9824
f 9823 9824 9825
f 9825 9824 9826
f 9825 9826 9827
f 9827 9826 9828
f 9827 9828 9829
f 9829 9828 9830
f 9829 9830 9831
f 9831 9830 9832
f 9831 9832 9833
f 9833 9832 9834
f 9833 9834 9835
f 9835 9834 9836
f 9835 9836 9837
f 9837 9836 9838
f 9837 9838 9839
f 9839 9838 9815
f 9839 9815 9814
f 9840 9841 9819
f 9840 9819 9818
f 9817 9816 9841
f 9817 9841 9840
f 9817 9840 9842
f 9817 9842 9843
f 9841 9816 9844
f 9841 9844 9845
f 9840 9818 9846
f 9840 9846 9842
f 9819 9841 9845
f 9819 9845 9847
f 9818 9821 9848
f 9818 9848 9846
f 9820 9819 9847
f 9820 9847 9849
f 9821 9823 9850
f 9821 9850 9848
f 9822 9820 9849
f 9822 9849 9851
f 9823 9825 9852
f 9823 9852 9850
f 9824 9822 9851
f 9824 9851 9853
f 9825 9827 9854
f 9825 9854 9852
f 9826 9824 9853
f 9826 9853 9855
f 9827 9829 9856
f 9827 9856 9854
f 9828 9826 9855
f 9828 9855 9857
f 9829 9831 9858
f 9829 9858 9856
f 9830 9828 9857
f 9830 9857 9859
f 9831 9833 9860
f 9831 9860 9858
f 9832 9830 9859
f 9832 9859 9861
f 9833 9835 9862
f 9833 9862 9860
f 9834 9832 9861
f 9834 9861 9863
f 9835 9837 9864
f 9835 9864 9862
f 9836 9834 9863
f 9836 9863 9865
f 9837 9839 9866
f 9837 9866 9864
f 9838 9836 9865
f 9838 9865 9867
f 9839 9814 9868
f 9839 9868 9866
f 9815 9838 9867
f 9815 9867 9869
f 9814 9817 9843
f 9814 9843 9868
f 9816 9815 9869
f 9816 9869 9844
f 9870 9871 9872
f 9870 9872 9873
f 9874 9875 9876
f 9874 9876 9877
f 9875 9878 9879
f 9875 9879 9876
f 9878 9880 9881
f 9878 9881 9879
f 9880 9882 9883
f 9880 9883 9881
f 9882 9884 9885
f 9882 9885 9883
f 9884 9886 9887
f 9884 9887 9885
f 9886 9888 9889
f 9886 9889 9887
f 9888 9890 9891
f 9888 9891 9889
f 9890 9892 9893
f 9890 9893 9891
f 9892 9894 9895
f 9892 9895 9893
f 9894 9870 9873
f 9894 9873 9895
f 9896 9874 9877
f 9896 9877 9897
f 9871 9896 9897
f 9871 9897 9872
f 9871 9898 9899
f 9871 9899 9896
f 9897 9900 9901
f 9897 9901 9872
f 9896 9899 9902
f 9896 9902 9874
f 9877 9903 9900
f 9877 9900 9897
f 9874 9902 9904
f 9874 9904 9875
f 9876 9905 9903
f 9876 9903 9877
f 9875 9904 9906
f 9875 9906 9878
f 9879 9907 9905
f 9879 9905 9876
f 9878 9906 9908
f 9878 9908 9880
f 9881 9909 9907
f 9881 9907 9879
f 9880 9908 9910
f 9880 9910 9882
f 9883 9911 9909
f 9883 9909 9881
f 9882 9910 9912
f 9882 9912 9884
f 9885 9913 9911
f 9885 9911 9883
f 9884 9912 9914
f 9884 9914 9886
f 9887 9915 9913
f 9887 9913 9885
f 9886 9914 9916
f 9886 9916 9888
f 9889 9917 9915
f 9889 9915 9887
f 9888 9916 9918
f 9888 9918 9890
f 9891 9919 9917
f 9891 9917 9889
f 9890 9918 9920
f 9890 9920 9892
f 9893 9921 9919
f 9893 9919 9891
f 9892 9920 9922
f 9892 9922 9894
f 9895 9923 9921
f 9895 9921 9893
f 9894 9922 9924
f 9894 9924 9870
f 9873 9925 9923
f 9873 9923 9895
f 9870 9924 9898
f 9870 9898 9871
f 9872 9901 9925
f 9872 9925 9873
f 9926 9927 9928
f 9926 9928 9929
f 9930 9931 9932
f 9930 9932 9933
f 9931 9934 9935
f 9931 9935 9932
f 9934 9936 9937
f 9934 9937 9935
f 9936 9938 9939
f 9936 9939 9937
f 9938 9940 9941
f 9938 9941 9939
f 9940 9942 9943
f 9940 9943 9941
f 9942 9944 9945
f 9942 9945 9943
f 9944 9946 9947
f 9944 9947 9945
f 9946 9948 9949
f 9946 9949 9947
f 9948 9950 9951
f 9948 9951 9949
f 9950 9926 9929
f 9950 9929 9951
f 9952 9930 9933
f 9952 9933 9953
f 9927 9952 9953
f 9927 9953 9928
f 9927 9954 9955
f 9927 9955 9952
f 9953 9956 9957
f 9953 9957 9928
f 9952 9955 9958
f 9952 9958 9930
f 9933 9959 9956
f 9933 9956 9953
f 9930 9958 9960
f 9930 9960 9931
f 9932 9961 9959
f 9932 9959 9933
f 9931 9960 9962
f 9931 9962 9934
f 9935 9963 9961
f 9935 9961 9932
f 9934 9962 9964
f 9934 9964 9936
f 9937 9965 9963
f 9937 9963 9935
f 9936 9964 9966
f 9936 9966 9938
f 9939 9967 9965
f 9939 9965 9937
f 9938 9966 9968
f 9938 9968 9940
f 9941 9969 9967
f 9941 9967 9939
f 9940 9968 9970
f 9940 9970 9942
f 9943 9971 9969
f 9943 9969 9941
f 9942 9970 9972
f 9942 9972 9944
f 9945 9973 9971
f 9945 9971 9943
f 9944 9972 9974
f 9944 9974 9946
f 9947 9975 9973
f 9947 9973 9945
f 9946 9974 9976
f 9946 9976 9948
f 9949 9977 9975
f 9949 9975 9947
f 9948 9976 9978
f 9948 9978 9950
f 9951 9979 9977
f 9951 9977 9949
f 9950 9978 9980
f 9950 9980 9926
f 9929 9981 9979
f 9929 9979 9951
f 9926 9980 9954
f 9926 9954 9927
f 9928 9957 9981
f 9928 9981 9929
f 9982 9983 9984
f 9982 9984 9985
f 9986 9987 9988
f 9986 9988 9989
f 9989 9988 9990
f 9989 9990 9991
f 9991 9990 9992
f 9991 9992 9993
f 9993 9992 9994
f 9993 9994 9995
f 9995 9994 9996
f 9995 9996 9997
f 9997 9996 9998
f 9997 9998 9999
f 9999 9998 10000
f 9999 10000 10001
f 10001 10000 10002
f 10001 10002 10003
f 10003 10002 10004
f 10003 10004 10005
f 10005 10004 10006
f 10005 10006 10007
f 10007 10006 9983
f 10007 9983 9982
f 10008 10009 9987
f 10008 9987 9986
f 9985 9984 10009
f 9985 10009 10008
f 9985 10008 10010
f 9985 10010 10011
f 10009 9984 10012
f 10009 10012 10013
f 10008 9986 10014
f 10008 10014 10010
f 9987 10009 10013
f 9987 10013 10015
f 9986 9989 10016
f 9986 10016 10014
f 9988 9987 10015
f 9988 10015 10017
f 9989 9991 10018
f 9989 10018 10016
f 9990 9988 10017
f 9990 10017 10019
f 9991 9993 10020
f 9991 10020 10018
f 9992 9990 10019
f 9992 10019 10021
f 9993 9995 10022
f 9993 10022 10020
f 9994 9992 10021
f 9994 10021 10023
f 9995 9997 10024
f 9995 10024 10022
f 9996 9994 10023
f 9996 10023 10025
f 9997 9999 10026
f 9997 10026 10024
f 9998 9996 10025
f 9998 10025 10027
f 9999 10001 10028
f 9999 10028 10026
f 10000 9998 10027
f 10000 10027 10029
f 10001 10003 10030
f 10001 10030 10028
f 10002 10000 10029
f 10002 10029 10031
f 10003 10005 10032
f 10003 10032 10030
f 10004 10002 10031
f 10004 10031 10033
f 10005 10007 10034
f 10005 10034 10032
f 10006 10004 10033
f 10006 10033 10035
f 10007 9982 10036
f 10007 10036 10034
f 9983 10006 10035
f 9983 10035 10037
f 9982 9985 10011
f 9982 10011 10036
f 9984 9983 10037
f 9984 10037 10012
f 9861 9865 9863
f 9865 9861 9867
f 9867 9861 9859
f 9867 9859 9869
f 9869 9859 9857
f 9869 9857 9844
f 9844 9857 9855
f 9844 9855 9845
f 9845 9855 9853
f 9845 9853 9847
f 9847 9853 9851
f 9847 9851 9849
f 9866 9862 9864
f 9862 9866 9860
f 9860 9866 9868
f 9860 9868 9858
f 9858 9868 9843
f 9858 9843 9856
f 9856 9843 9842
f 9856 9842 9854
f 9854 9842 9846
f 9854 9846 9852
f 9852 9846 9848
f 9852 9848 9850
f 9923 9919 9921
f 9919 9923 9917
f 9917 9923 9925
f 9917 9925 9915
f 9915 9925 9901
f 9915 9901 9913
f 9913 9901 9900
f 9913 9900 9911
f 9911 9900 9903
f 9911 9903 9909
f 9909 9903 9905
f 9909 9905 9907
f 9916 9920 9918
f 9920 9916 9922
f 9922 9916 9914
f 9922 9914 9924
f 9924 9914 9912
f 9924 9912 9898
f 9898 9912 9910
f 9898 9910 9899
f 9899 9910 9908
f 9899 9908 9902
f 9902 9908 9906
f 9902 9906 9904
f 9979 9975 9977
f 9975 9979 9973
f 9973 9979 9981
f 9973 9981 9971
f 9971 9981 9957
f 9971 9957 9969
f 9969 9957 9956
f 9969 9956 9967
f 9967 9956 9959
f 9967 9959 9965
f 9965 9959 9961
f 9965 9961 9963
f 9972 9976 9974
f 9976 9972 9978
f 9978 9972 9970
f 9978 9970 9980
f 9980 9970 9968
f 9980 9968 9954
f 9954 9968 9966
f 9954 9966 9955
f 9955 9966 9964
f 9955 9964 9958
f 9958 9964 9962
f 9958 9962 9960
f 10029 10033 10031
f 10033 10029 10035
f 10035 10029 10027
f 10035 10027 10037
f 10037 10027 10025
f 10037 10025 10012
f 10012 10025 10023
f 10012 10023 10013
f 10013 10023 10021
f 10013 10021 10015
f 10015 10021 10019
f 10015 10019 10017
f 10034 10030 10032
f 10030 10034 10028
f 10028 10034 10036
f 10028 10036 10026
f 10026 10036 10011
f 10026 10011 10024
f 10024 10011 10010
f 10024 10010 10022
f 10022 10010 10014
f 10022 10014 10020
f 10020 10014 10016
f 10020 10016 10018
# Vertices: 584, normals: 0, texture coordinates: 0, faces: 1086

o obj13
v 1.71257043 2.16694433 0.04740782
v 1.71423638 2.16684208 0.04740782
v 1.71366789 2.16708993 0.04740782
v 1.68391588 2.18405195 0.04740782
v 1.68485776 2.18267458 0.04740782
v 1.68442045 2.18369117 0.04740782
v 1.69327514 2.1975038 0.04740782
v 1.6916097 2.19760624 0.04740782
v 1.69217809 2.1973584 0.04740782
v 1.72192969 2.18039637 0.04740782
v 1.72098792 2.18177374 0.04740782
v 1.72142573 2.18075695 0.04740782
v 1.71257043 2.16694433 -0.04740698
v 1.71366789 2.16708993 -0.04740698
v 1.71423638 2.16684208 -0.04740698
v 1.68391588 2.18405195 -0.04740698
v 1.68442045 2.18369117 -0.04740698
v 1.68485776 2.18267458 -0.04740698
v 1.69327514 2.1975038 -0.04740698
v 1.69217809 2.1973584 -0.04740698
v 1.6916097 2.19760624 -0.04740698
v 1.72192969 2.18039637 -0.04740698
v 1.72142573 2.18075695 -0.04740698
v 1.72098792 2.18177374 -0.04740698
v 1.6916097 2.19760624 0.03035605
v 1.68391588 2.18405195 0.03035605
v 1.71332042 2.16858164 0.04740782
v 1.71996648 2.1802905 0.04740782
v 1.71996648 2.1802905 0.04564424
v 1.71332042 2.16858164 0.04564424
v 1.68485776 2.18267458 0.03035605
v 1.71257043 2.16694433 0.03035605
v 1.72098792 2.18177374 0.03035605
v 1.69327514 2.1975038 0.03035605
v 1.69252535 2.19586668 0.04564424
v 1.68587909 2.18415783 0.04564424
v 1.68587909 2.18415783 0.04740782
v 1.69252535 2.19586668 0.04740782
v 1.71423638 2.16684208 0.03035605
v 1.72192969 2.18039637 0.03035605
v 1.6916097 2.19760624 -0.0303552
v 1.68391588 2.18405195 -0.0303552
v 1.71332042 2.16858164 -0.04740698
v 1.71332042 2.16858164 -0.04564382
v 1.71996648 2.1802905 -0.04564382
v 1.71996648 2.1802905 -0.04740698
v 1.71257043 2.16694433 -0.0303552
v 1.68485776 2.18267458 -0.0303552
v 1.72098792 2.18177374 -0.0303552
v 1.69327514 2.1975038 -0.0303552
v 1.68587909 2.18415783 -0.04564382
v 1.69252535 2.19586668 -0.04564382
v 1.68587909 2.18415783 -0.04740698
v 1.69252535 2.19586668 -0.04740698
v 1.71423638 2.16684208 -0.0303552
v 1.72192969 2.18039637 -0.0303552
v 0.80396223 0.75935666 0.06139807
v 0.80396223 0.75935666 -0.0660536
v 0.80532317 0.75797924 -0.06450528
v 0.80532362 0.75797924 0.05987386
v 0.78012596 0.68320416 -0.06829719
v 0.80529695 0.76362142 -0.07344034
v 0.80809671 0.76274513 -0.07344034
v 0.78292567 0.68232783 -0.06829719
v 0.80809671 0.76274513 0.06866303
v 0.78292567 0.68232828 0.06574994
v 0.80529695 0.76362142 0.06866303
v 0.78012596 0.68320416 0.06574994
v 0.78146068 0.68746887 0.05879372
v 0.78146068 0.68746887 -0.06145559
v 0.78336424 0.68782456 0.05733211
v 0.78336424 0.68782456 -0.06001808
v 1.5817756 1.34726853 -0.15814351
v 1.58006155 1.35187243 -0.15814351
v 1.58006155 1.35187243 0.14012748
v 1.5817756 1.34726853 0.14012748
v 1.53831413 1.3384709 -0.16283203
v 1.54072856 1.33198667 -0.16283203
v 1.52169029 1.32489896 -0.16283203
v 1.51927627 1.33138319 -0.16283203
v 1.76677005 1.42352513 0.14481557
v 1.76918458 1.4170405 0.14481557
v 1.78822234 1.42412821 0.14481557
v 1.78580781 1.43061284 0.14481557
v 1.78822234 1.42412821 -0.16283203
v 1.78580781 1.43061284 -0.16283203
v 1.52169029 1.32489896 0.14481557
v 1.51927627 1.33138319 0.14481557
v 1.54072856 1.33198667 0.14481557
v 1.53831413 1.3384709 0.14481557
v 1.55976642 1.33907438 0.14481557
v 1.55735229 1.34555912 0.14481557
v 1.57880418 1.34616219 0.14481557
v 1.57639015 1.35264683 0.14481557
v 1.59784244 1.3532499 0.14481557
v 1.59542841 1.35973453 0.14481557
v 1.6168803 1.36033812 0.14481557
v 1.61446617 1.36682235 0.14481557
v 1.63591846 1.36742583 0.14481557
v 1.63350403 1.37391006 0.14481557
v 1.65495632 1.37451354 0.14481557
v 1.65254229 1.38099827 0.14481557
v 1.67399458 1.38160135 0.14481557
v 1.67158005 1.38808598 0.14481557
v 1.69303234 1.38868906 0.14481557
v 1.69061791 1.39517369 0.14481557
v 1.7120701 1.39577677 0.14481557
v 1.70965617 1.4022615 0.14481557
v 1.73110846 1.40286498 0.14481557
v 1.72869393 1.40934921 0.14481557
v 1.75014622 1.40995269 0.14481557
v 1.74773229 1.41643742 0.14481557
v 1.76918458 1.4170405 -0.16283203
v 1.76677005 1.42352513 -0.16283203
v 1.75014622 1.40995269 -0.16283203
v 1.74773229 1.41643742 -0.16283203
v 1.73110846 1.40286498 -0.16283203
v 1.72869393 1.40934921 -0.16283203
v 1.7120701 1.39577677 -0.16283203
v 1.70965617 1.4022615 -0.16283203
v 1.69303234 1.38868906 -0.16283203
v 1.69061791 1.39517369 -0.16283203
v 1.67399458 1.38160135 -0.16283203
v 1.67158005 1.38808598 -0.16283203
v 1.65495632 1.37451354 -0.16283203
v 1.65254229 1.38099827 -0.16283203
v 1.63591846 1.36742583 -0.16283203
v 1.63350403 1.37391006 -0.16283203
v 1.6168803 1.36033761 -0.16283203
v 1.61446617 1.36682235 -0.16283203
v 1.59784244 1.3532499 -0.16283203
v 1.59542841 1.35973453 -0.16283203
v 1.57880418 1.34616219 -0.16283203
v 1.57639015 1.35264683 -0.16283203
v 1.55976642 1.33907438 -0.16283203
v 1.55735229 1.34555912 -0.16283203
v 1.6769651 1.38270728 -0.15814351
v 1.67525105 1.38731159 -0.15814351
v 1.67525105 1.38731159 0.14012748
v 1.67696561 1.38270768 0.14012748
v 1.55679539 1.33796805 -0.15814351
v 1.55508124 1.34257246 -0.15814351
v 1.54198543 1.33769701 -0.15814351
v 1.54369958 1.3330926 -0.15814351
v 1.65198529 1.3734072 -0.15814351
v 1.65027114 1.37801151 -0.15814351
v 1.63717544 1.37313566 -0.15814351
v 1.63888948 1.36853176 -0.15814351
v 1.59315726 1.35674788 0.14012748
v 1.59487141 1.35214397 0.14012748
v 1.68834726 1.39218703 0.14012748
v 1.69006131 1.38758313 0.14012748
v 1.55679539 1.33796805 0.14012748
v 1.55508124 1.34257246 0.14012748
v 1.65198529 1.3734072 0.14012748
v 1.65027114 1.37801151 0.14012748
v 1.54198543 1.33769701 0.14012748
v 1.54369958 1.3330926 0.14012748
v 1.63717544 1.37313617 0.14012748
v 1.63888948 1.36853176 0.14012748
v 1.78525121 1.42302228 -0.15814351
v 1.78353727 1.42762619 -0.15814351
v 1.77044095 1.42275074 -0.15814351
v 1.77215551 1.41814643 -0.15814351
v 1.61390927 1.35923168 -0.15814351
v 1.61219512 1.36383609 -0.15814351
v 1.59909931 1.35896024 -0.15814351
v 1.60081346 1.35435624 -0.15814351
v 1.77215551 1.41814643 0.14012748
v 1.78525121 1.42302228 0.14012748
v 1.52466132 1.32600489 0.14012748
v 1.53775753 1.33088034 0.14012748
v 1.53775753 1.33088034 -0.15814351
v 1.52466132 1.32600489 -0.15814351
v 1.56273744 1.34018041 0.14012748
v 1.57583315 1.34505626 0.14012748
v 1.57583315 1.34505626 -0.15814351
v 1.56273744 1.34018041 -0.15814351
v 1.59487141 1.35214397 -0.15814351
v 1.60081346 1.35435624 0.14012748
v 1.61390927 1.35923168 0.14012748
v 1.61985122 1.36144405 0.14012748
v 1.63294743 1.36631949 0.14012748
v 1.63294743 1.36631949 -0.15814351
v 1.61985122 1.36144405 -0.15814351
v 1.65792734 1.37561947 0.14012748
v 1.67102315 1.38049542 0.14012748
v 1.67102315 1.38049542 -0.15814351
v 1.65792734 1.37561947 -0.15814351
v 1.69006131 1.38758313 -0.15814351
v 1.69600347 1.38979539 0.14012748
v 1.70909917 1.39467084 0.14012748
v 1.70909917 1.39467084 -0.15814351
v 1.69600347 1.38979539 -0.15814351
v 1.75311735 1.41105862 0.14012748
v 1.76621346 1.41593407 0.14012748
v 1.76621346 1.41593407 -0.15814351
v 1.75311735 1.41105862 -0.15814351
v 1.77044095 1.42275074 0.14012748
v 1.78353727 1.42762619 0.14012748
v 1.52294727 1.3306088 0.14012748
v 1.52294727 1.3306088 -0.15814351
v 1.53604298 1.33548465 -0.15814351
v 1.53604298 1.33548465 0.14012748
v 1.56102329 1.34478472 0.14012748
v 1.56102329 1.34478472 -0.15814351
v 1.5741191 1.34966017 -0.15814351
v 1.5741191 1.34966017 0.14012748
v 1.59315726 1.35674788 -0.15814351
v 1.59909931 1.35896024 0.14012748
v 1.61219512 1.36383609 0.14012748
v 1.61813717 1.36604795 0.14012748
v 1.61813717 1.36604795 -0.15814351
v 1.63123338 1.3709238 -0.15814351
v 1.63123338 1.3709238 0.14012748
v 1.65621319 1.38022388 0.14012748
v 1.65621319 1.38022388 -0.15814351
v 1.669309 1.38509932 -0.15814351
v 1.669309 1.38509932 0.14012748
v 1.68834726 1.39218703 -0.15814351
v 1.69428932 1.3943994 0.14012748
v 1.69428932 1.3943994 -0.15814351
v 1.70738502 1.39927474 -0.15814351
v 1.70738502 1.39927474 0.14012748
v 1.7514032 1.41566303 0.14012748
v 1.7514032 1.41566303 -0.15814351
v 1.7644989 1.42053848 -0.15814351
v 1.7644989 1.42053848 0.14012748
v 1.52735657 1.33439183 -0.15008136
v 1.52735657 1.33439183 0.1320649
v 1.76677005 1.42352513 0.1320649
v 1.77772751 1.42760421 0.1320649
v 1.77772751 1.42760421 -0.15008136
v 1.53831413 1.3384709 -0.15008136
v 1.53831413 1.3384709 0.1320649
v 1.55735229 1.34555912 0.1320649
v 1.57639015 1.35264683 0.1320649
v 1.59542841 1.35973453 0.1320649
v 1.61446617 1.36682235 0.1320649
v 1.63350403 1.37391006 0.1320649
v 1.65254229 1.38099827 0.1320649
v 1.67158005 1.38808598 0.1320649
v 1.69061791 1.39517369 0.1320649
v 1.70965617 1.4022615 0.1320649
v 1.72869393 1.40934921 0.1320649
v 1.74773229 1.41643742 0.1320649
v 1.76677005 1.42352513 -0.15008136
v 1.74773229 1.41643742 -0.15008136
v 1.72869393 1.40934921 -0.15008136
v 1.70965617 1.4022615 -0.15008136
v 1.69061791 1.39517369 -0.15008136
v 1.67158005 1.38808598 -0.15008136
v 1.65254229 1.38099827 -0.15008136
v 1.63350403 1.37391006 -0.15008136
v 1.61446617 1.36682235 -0.15008136
v 1.59542841 1.35973453 -0.15008136
v 1.57639015 1.35264683 -0.15008136
v 1.55735229 1.34555912 -0.15008136
v 1.06022354 0.89253002 -0.16030295
v 0.96087713 0.94891992 -0.16030295
v 0.96325738 0.95311273 -0.16693859
v 1.06260339 0.89672293 -0.16693859
v 1.06892054 0.9078521 -0.18455243
v 0.96957412 0.96424231 -0.18455243
v 0.97195437 0.96843522 -0.19118808
v 1.07130028 0.91204492 -0.19118808
v 1.07761753 0.92317449 -0.20880192
v 0.97827152 0.9795644 -0.20880192
v 0.98065127 0.98375721 -0.21543756
v 1.07999728 0.927367 -0.21543756
v 1.08631443 0.93849658 -0.23305181
v 0.98696842 0.99488638 -0.23305181
v 0.98934826 0.99907929 -0.23968747
v 1.08869427 0.94268939 -0.23968704
v 1.09501142 0.95381856 -0.2573013
v 0.99566541 1.01020887 -0.2573013
v 0.99804526 1.01440128 -0.26393695
v 1.09739117 0.95801147 -0.26393695
v 1.10370882 0.96914105 -0.28155078
v 1.0043624 1.02553085 -0.28155078
v 1.00674215 1.02972377 -0.28818643
v 1.10608856 0.97333346 -0.28818643
v 1.11240571 0.98446303 -0.30580026
v 1.0130593 1.04085294 -0.30580069
v 1.01543955 1.04504575 -0.31243591
v 1.11478556 0.98865595 -0.31243591
v 1.11478556 0.98865554 0.31243634
v 1.01543914 1.04504535 0.31243634
v 1.0130593 1.04085294 0.30580069
v 1.11240531 0.98446263 0.30580069
v 1.10608816 0.97333346 0.28818643
v 1.00674215 1.02972326 0.28818643
v 1.0043624 1.02553045 0.28155121
v 1.10370842 0.96914065 0.28155121
v 1.09739117 0.95801147 0.26393695
v 0.99804526 1.01440128 0.26393695
v 0.99566541 1.01020846 0.2573013
v 1.09501142 0.95381856 0.2573013
v 1.08869427 0.94268899 0.23968747
v 0.98934826 0.99907929 0.23968747
v 0.98696842 0.99488638 0.23305181
v 1.08631443 0.93849658 0.23305181
v 1.07999728 0.927367 0.21543799
v 0.98065127 0.9837568 0.21543799
v 0.97827152 0.9795644 0.20880235
v 1.07761753 0.92317409 0.20880235
v 1.07130028 0.91204492 0.19118808
v 0.97195387 0.96843482 0.19118808
v 0.96957412 0.96424231 0.18455286
v 1.06892054 0.9078521 0.18455286
v 1.06260339 0.89672293 0.16693859
v 0.96325698 0.95311273 0.16693859
v 0.96087713 0.94891992 0.16030295
v 1.06022314 0.89253002 0.16030295
v 1.43597844 1.55452303 0.16030338
v 1.33663253 1.61091324 0.16030295
v 1.33425228 1.60672043 0.16693859
v 1.43359869 1.55033012 0.16693859
v 1.42728154 1.53920095 0.18455286
v 1.32793513 1.59559075 0.18455286
v 1.32555528 1.59139794 0.1911885
v 1.42490129 1.53500813 0.1911885
v 1.41858455 1.52387896 0.20880235
v 1.31923813 1.58026877 0.20880235
v 1.31685839 1.57607595 0.21543799
v 1.4162043 1.51968605 0.21543799
v 1.40988715 1.50855647 0.23305181
v 1.31054114 1.56494678 0.23305181
v 1.30816139 1.56075387 0.23968747
v 1.4075074 1.50436407 0.23968747
v 1.40119015 1.49323449 0.2573013
v 1.30184425 1.54962429 0.25730172
v 1.2994644 1.54543188 0.26393695
v 1.39881041 1.48904158 0.26393695
v 1.39249326 1.4779124 0.28155121
v 1.29314725 1.53430221 0.28155121
v 1.290767 1.5301094 0.28818686
v 1.39011342 1.47371959 0.28818686
v 1.38379627 1.46259002 0.30580069
v 1.28444985 1.51898022 0.30580069
v 1.28207011 1.51478741 0.31243634
v 1.38141652 1.45839751 0.31243634
v 1.38141652 1.45839751 -0.31243591
v 1.28207051 1.51478741 -0.31243591
v 1.28445026 1.51898022 -0.30580026
v 1.38379627 1.46259042 -0.30580026
v 1.39011342 1.47371959 -0.28818643
v 1.29076751 1.5301094 -0.28818643
v 1.29314725 1.53430221 -0.28155078
v 1.39249326 1.4779124 -0.28155078
v 1.39881041 1.48904158 -0.26393652
v 1.2994644 1.54543188 -0.26393652
v 1.30184425 1.54962429 -0.25730089
v 1.40119015 1.49323449 -0.2573013
v 1.4075074 1.50436407 -0.23968704
v 1.30816139 1.56075387 -0.23968704
v 1.31054114 1.56494678 -0.23305141
v 1.40988715 1.50855647 -0.23305141
v 1.4162043 1.51968605 -0.21543756
v 1.31685839 1.57607595 -0.21543756
v 1.31923813 1.58026877 -0.20880192
v 1.41858455 1.52387896 -0.20880192
v 1.4249017 1.53500813 -0.19118808
v 1.32555528 1.59139834 -0.19118808
v 1.32793553 1.59559075 -0.18455243
v 1.42728154 1.53920095 -0.18455243
v 1.43359869 1.55033012 -0.16693818
v 1.33425228 1.60672043 -0.16693818
v 1.33663253 1.61091324 -0.16030295
v 1.43597844 1.55452303 -0.16030254
v 0.4128447 1.71111259 -0.16770874
v 0.3786718 1.6509077 -0.15797942
v 0.37785768 1.64948838 -0.1624755
v 0.41300331 1.71140662 -0.17248141
v 0.44601656 1.76955403 -0.14843958
v 0.44711911 1.77151099 -0.15266414
v 0.47245214 1.8161271 -0.10350373
v 0.47430665 1.81940939 -0.10644939
v 0.48757962 1.84277831 -0.04067153
v 0.48986508 1.84681886 -0.04182864
v 0.48878411 1.84490022 0.02919386
v 0.4911034 1.84900128 0.03002448
v 0.47585664 1.82212541 0.09401083
v 0.47780845 1.82557812 0.09668624
v 0.45103327 1.77839199 0.14257281
v 0.45227835 1.78060042 0.14663032
v 0.41860533 1.72126198 0.16648269
v 0.41892801 1.72184439 0.17122025
v 0.38418077 1.66061372 0.16160597
v 0.38352355 1.65947018 0.16620525
v 0.35371137 1.60693359 0.12878641
v 0.35218673 1.60426233 0.13245145
v 0.33246548 1.5695033 0.07369833
v 0.33033648 1.56576725 0.07579559
v 0.32411702 1.55479538 0.00586719
v 0.32175076 1.55064058 0.00603425
v 0.33010938 1.56535233 -0.06297811
v 0.32791358 1.56149821 -0.06477045
v 0.34940646 1.59934928 -0.12093445
v 0.34775959 1.59646285 -0.12437576
v 0.41280199 1.71056669 -0.16061846
v 0.38007377 1.6529072 -0.15130065
v 0.44457143 1.76653733 -0.14216385
v 0.46988923 1.81114134 -0.09912776
v 0.48437723 1.83666585 -0.03895193
v 0.48553055 1.83869802 0.02795935
v 0.47314995 1.81688576 0.09003621
v 0.44937584 1.7750018 0.1365449
v 0.41831942 1.72028713 0.159444
v 0.38534972 1.66220264 0.15477368
v 0.35616855 1.61079184 0.12334172
v 0.33582093 1.57494461 0.07058267
v 0.32782561 1.56085833 0.00561936
v 0.33356466 1.5709691 -0.0603154
v 0.3520459 1.60352858 -0.11582133
v 0.41304137 1.70992217 -0.15428816
v 0.38160307 1.65453504 -0.14533745
v 0.44355897 1.763687 -0.13656099
v 0.46787863 1.8065327 -0.09522124
v 0.48179572 1.8310515 -0.03741673
v 0.48290377 1.83300341 0.02685764
v 0.47101079 1.81205105 0.0864879
v 0.44817387 1.77181711 0.13116366
v 0.41834099 1.71925904 0.15316023
v 0.38667093 1.66346385 0.14867388
v 0.35864011 1.61407927 0.11848066
v 0.33909436 1.57964451 0.06780111
v 0.3314141 1.56611361 0.00539775
v 0.33692689 1.57582599 -0.05793858
v 0.35467987 1.60710228 -0.11125673
v 0.41360724 1.7090294 -0.14718266
v 0.38361659 1.65619333 -0.13864387
v 0.44271904 1.76031799 -0.13027172
v 0.46591885 1.8011908 -0.09083596
v 0.4791952 1.82458008 -0.03569332
v 0.48025208 1.82644225 0.02562059
v 0.46890677 1.80645485 0.08250483
v 0.44712168 1.76807422 0.12512307
v 0.41866283 1.71793653 0.14610632
v 0.38845143 1.66471104 0.14182678
v 0.36171136 1.61760095 0.11302412
v 0.34306559 1.58475218 0.06467826
v 0.33573931 1.57184412 0.00514907
v 0.34099792 1.5811091 -0.05526994
v 0.3579334 1.6109454 -0.10613261
v 0.41503205 1.70733682 -0.13619473
v 0.38728079 1.65844542 -0.12829371
v 0.44197091 1.75479661 -0.12054621
v 0.46343883 1.79261823 -0.08405441
v 0.47572384 1.81426109 -0.03302891
v 0.47670167 1.81598452 0.02370772
v 0.46620345 1.79748944 0.07634539
v 0.44604449 1.76197366 0.11578199
v 0.41971042 1.71557927 0.13519875
v 0.39175444 1.66632698 0.13123851
v 0.36701056 1.62273432 0.10458599
v 0.34975705 1.5923377 0.05984976
v 0.34297721 1.58039309 0.00476506
v 0.34784376 1.58896657 -0.05114392
v 0.3635147 1.61657528 -0.0982096
v 0.4164095 1.70592174 -0.12831189
v 0.39026449 1.6598597 -0.12086805
v 0.44178906 1.75063425 -0.11356926
v 0.46201442 1.7862668 -0.07918954
v 0.47358852 1.80665712 -0.03111731
v 0.47451007 1.80828073 0.02233576
v 0.46461917 1.79085588 0.07192671
v 0.44562704 1.75739607 0.1090808
v 0.42081721 1.71368664 0.12737386
v 0.39447934 1.66728529 0.12364283
v 0.37116747 1.62621496 0.09853271
v 0.35491246 1.59757806 0.05638561
v 0.34852551 1.58632496 0.00448889
v 0.35310998 1.59440234 -0.04818389
v 0.36787419 1.62041296 -0.09252511
v 0.41802592 1.70437296 -0.12046205
v 0.39347996 1.66112887 -0.11347411
v 0.44185289 1.74635008 -0.10662151
v 0.46084083 1.77980284 -0.07434497
v 0.47170693 1.79894587 -0.02921331
v 0.47257182 1.80047005 0.0209693
v 0.46328657 1.784111 0.06752621
v 0.44545618 1.75269809 0.10240752
v 0.42216378 1.71166294 0.11958152
v 0.39743726 1.66810032 0.11607888
v 0.37555146 1.62954252 0.09250523
v 0.36029119 1.60265739 0.05293626
v 0.35429458 1.59209277 0.00421441
v 0.35859867 1.59967577 -0.04523612
v 0.37245949 1.62409526 -0.08686473
v 0.41984786 1.70270499 -0.11258387
v 0.39690733 1.66228935 -0.10605267
v 0.44211636 1.74193725 -0.09964838
v 0.45986261 1.77320175 -0.06948264
v 0.47001779 1.79109304 -0.02730298
v 0.47082642 1.7925174 0.01959777
v 0.46214808 1.77722879 0.06311006
v 0.44548411 1.74787003 0.09571013
v 0.42371506 1.70951823 0.11176086
v 0.40060536 1.66880484 0.10848702
v 0.38015116 1.63276896 0.08645491
v 0.36588897 1.60764193 0.04947422
v 0.36028443 1.59776843 0.00393867
v 0.36430727 1.60485573 -0.04227736
v 0.37726135 1.62767783 -0.08118362
v 0.42222385 1.7005988 -0.10316032
v 0.40120337 1.66356619 -0.09717598
v 0.44262854 1.73654716 -0.09130751
v 0.45888902 1.76519505 -0.06366705
v 0.46819459 1.78158878 -0.02501751
v 0.4689351 1.78289396 0.01795768
v 0.46098336 1.76888471 0.05782777
v 0.44571416 1.74198344 0.08769915
v 0.4257671 1.70684194 0.10240625
v 0.40459182 1.66953608 0.09940689
v 0.38584962 1.6365165 0.07921873
v 0.37278092 1.61349263 0.04533339
v 0.3676458 1.60444555 0.00360921
v 0.37133198 1.61093945 -0.03873878
v 0.38320169 1.63185169 -0.07438853
v 0.42388804 1.69914944 -0.0968812
v 0.4041469 1.66437053 -0.09126099
v 0.44305062 1.73290973 -0.0857499
v 0.45832149 1.75981383 -0.05979182
v 0.46706028 1.77520992 -0.02349499
v 0.46775602 1.77643504 0.01686442
v 0.46028847 1.76327883 0.05430779
v 0.4459485 1.73801508 0.08236104
v 0.4272156 1.70501244 0.09617323
v 0.40732939 1.66997722 0.09335615
v 0.38972781 1.63896773 0.07439699
v 0.37745462 1.61734503 0.04257383
v 0.37263204 1.608849 0.00338929
v 0.37609366 1.61494754 -0.03638099
v 0.38724104 1.63458666 -0.06986074
v 0.42558393 1.69768333 -0.09061647
v 0.40711961 1.66515299 -0.08535954
v 0.44350734 1.7292602 -0.08020498
v 0.45779111 1.75442454 -0.05592547
v 0.46596493 1.76882461 -0.02197543
v 0.4666154 1.76997108 0.01577413
v 0.45963085 1.75766529 0.05079627
v 0.44621787 1.73403542 0.07703518
v 0.42869663 1.7031668 0.08995417
v 0.41009613 1.67039718 0.08731937
v 0.39363305 1.64139275 0.06958626
v 0.38215329 1.6211687 0.03982104
v 0.3776424 1.61322159 0.00317022
v 0.38088028 1.61892588 -0.03402828
v 0.391307 1.63729512 -0.06534309
v 0.4268637 1.69657902 -0.08592119
v 0.40935602 1.66573449 -0.08093663
v 0.4438588 1.72652018 -0.07604935
v 0.45740205 1.75038055 -0.05302761
v 0.46515248 1.76403467 -0.02083693
v 0.46576952 1.76512144 0.01495662
v 0.4591466 1.75345352 0.04816401
v 0.44642891 1.73104796 0.07304364
v 0.42981526 1.70177874 0.08529315
v 0.4121786 1.67070714 0.08279495
v 0.39656856 1.64320541 0.06598043
v 0.38568383 1.62402891 0.0377576
v 0.3814064 1.61649371 0.00300613
v 0.38447639 1.62190246 -0.03226512
v 0.39436303 1.63932004 -0.0619576
v 0.42898425 1.69474609 -0.07809249
v 0.41307182 1.66671186 -0.07356215
v 0.44443062 1.72195893 -0.0691202
v 0.45674018 1.74364556 -0.04819615
v 0.46378433 1.7560554 -0.01893843
v 0.46434516 1.75704315 0.01359397
v 0.45832572 1.74643841 0.04377578
v 0.4467664 1.7260739 0.06638855
v 0.43166685 1.6994717 0.07752196
v 0.41563682 1.67123117 0.07525129
v 0.40144907 1.64623522 0.0599686
v 0.39155611 1.62880625 0.03431755
v 0.38766859 1.62195741 0.00273207
v 0.39045903 1.62687349 -0.02932539
v 0.39944485 1.64270428 -0.05631244
v 0.43103584 1.6929549 -0.07030311
v 0.41671106 1.66771756 -0.06622446
v 0.44494148 1.71745354 -0.06222531
v 0.45602331 1.73697691 -0.04338838
v 0.46236461 1.74814873 -0.01704924
v 0.46286958 1.74903827 0.01223808
v 0.4574507 1.73949106 0.03940911
v 0.4470447 1.72115832 0.05976602
v 0.43345113 1.69720962 0.06978926
v 0.4190202 1.67178605 0.06774486
v 0.40624754 1.64928319 0.05398722
v 0.39734124 1.63359286 0.03089443
v 0.39384157 1.62742706 0.00245971
v 0.39635371 1.63185249 -0.02640004
v 0.40444294 1.64610414 -0.0506952
v 0.43316482 1.69105986 -0.06175882
v 0.42058078 1.66888903 -0.05817583
v 0.44538051 1.71258071 -0.05466305
v 0.45511532 1.72973089 -0.03811539
v 0.46068601 1.73954571 -0.01497735
v 0.46112967 1.74032676 0.01075067
v 0.45636927 1.73194033 0.03461952
v 0.44722781 1.71583498 0.05250276
v 0.43528663 1.69479731 0.06130757
v 0.42260953 1.67246314 0.05951142
v 0.411389 1.65269535 0.04742559
v 0.40356537 1.63891197 0.02713973
v 0.40049117 1.63349556 0.00216071
v 0.40269796 1.63738345 -0.02319175
v 0.40980389 1.6499028 -0.04453407
v 0.43494446 1.68942395 -0.0539758
v 0.42394596 1.6700474 -0.05084449
v 0.44562069 1.70823302 -0.04777408
v 0.45412862 1.72322176 -0.03331185
v 0.45899732 1.73179957 -0.01308985
v 0.45938512 1.7324824 0.00939605
v 0.45522442 1.72515249 0.03025708
v 0.44723502 1.7110771 0.04588615
v 0.43679856 1.69269032 0.05358163
v 0.42571885 1.67317108 0.05201175
v 0.41591257 1.65589436 0.04144928
v 0.40907478 1.64384782 0.02371956
v 0.40638797 1.63911404 0.00188835
v 0.40831649 1.64251179 -0.02026894
v 0.41452708 1.65345371 -0.0389219
v 0.43681207 1.68761351 -0.04464488
v 0.42771503 1.6715864 -0.04205491
v 0.44564272 1.70317104 -0.03951568
v 0.45268012 1.71556898 -0.02755335
v 0.45670716 1.72266355 -0.01082679
v 0.45702776 1.72322861 0.00777161
v 0.45358645 1.71716596 0.02502639
v 0.4469783 1.70552386 0.03795383
v 0.43834563 1.69031511 0.04431881
v 0.42918174 1.67417003 0.04302086
v 0.42107053 1.65988037 0.03428372
v 0.41541438 1.64991591 0.01961891
v 0.41319234 1.64600049 0.00156185
v 0.41478761 1.64881129 -0.01676504
v 0.41992442 1.6578614 -0.03219322
v 0.43786729 1.68651131 -0.03838902
v 0.43004536 1.67273045 -0.03616192
v 0.44546042 1.69988874 -0.03397837
v 0.45151157 1.71054934 -0.02369249
v 0.45497446 1.7166499 -0.00930977
v 0.45525023 1.71713592 0.00668258
v 0.452291 1.71192268 0.02151952
v 0.4466091 1.70191204 0.03263559
v 0.43918597 1.68883449 0.03810862
v 0.43130607 1.67495209 0.03699211
v 0.4243317 1.66266445 0.02947975
v 0.4194685 1.65409652 0.01686992
v 0.41755732 1.65072963 0.0013432
v 0.41892928 1.65314658 -0.01441571
v 0.42334626 1.66092842 -0.02768234
v 0.43933188 1.68473757 -0.02666902
v 0.43389777 1.67516393 -0.02512197
v 0.44460697 1.69403139 -0.02360495
v 0.44881083 1.70143712 -0.01645926
v 0.45121638 1.70567511 -0.00646732
v 0.45140796 1.70601269 0.00464241
v 0.44935214 1.7023912 0.01494986
v 0.44540461 1.69543618 0.02267198
v 0.44024789 1.68635149 0.02647447
v 0.4347736 1.67670717 0.02569883
v 0.4299286 1.66817091 0.02047998
v 0.42654991 1.66221867 0.01171958
v 0.42522235 1.65987996 0.00093297
v 0.42617562 1.66155892 -0.01001478
v 0.4292439 1.66696515 -0.01923109
v 0.43984108 1.68388412 -0.01964556
v 0.43583808 1.6768315 -0.01850578
v 0.44372686 1.69072993 -0.01738842
v 0.44682352 1.69618577 -0.01212432
v 0.44859555 1.69930774 -0.00476421
v 0.44873681 1.69955599 0.00342017
v 0.44722231 1.69688817 0.01101288
v 0.44431471 1.69176528 0.01670118
v 0.44051605 1.68507293 0.01950219
v 0.43648346 1.67796828 0.01893082
v 0.43291445 1.67168028 0.01508646
v 0.43042555 1.66729548 0.0086331
v 0.42944733 1.66557246 0.00068725
v 0.43014937 1.66680957 -0.00737702
v 0.43240988 1.67079174 -0.01416618
v 0.44003392 1.68308522 -0.01107336
v 0.43777765 1.67911021 -0.01043094
v 0.4422242 1.68694398 -0.00980121
v 0.44396961 1.69001947 -0.00683399
v 0.44496856 1.69177879 -0.00268555
v 0.44504806 1.69191915 0.00192768
v 0.44419462 1.69041534 0.00620764
v 0.44255579 1.6875276 0.00941424
v 0.44041456 1.68375516 0.010993
v 0.43814135 1.6797509 0.01067074
v 0.43612949 1.67620644 0.00850369
v 0.43472666 1.67373484 0.00486656
v 0.43417561 1.67276382 0.0003874
v 0.43457102 1.67346077 -0.00415817
v 0.43584529 1.67570571 -0.00798518
v 0.43995608 1.68282558 -0.0072954
v 0.43846951 1.68020686 -0.00687248
v 0.44139909 1.68536817 -0.00645717
v 0.44254903 1.68739399 -0.00450242
v 0.44320712 1.68855316 -0.00176908
v 0.44325955 1.68864583 0.00127003
v 0.44269746 1.68765495 0.00408965
v 0.44161734 1.68575264 0.00620257
v 0.4402069 1.68326713 0.00724253
v 0.43870934 1.68062895 0.00703023
v 0.43738389 1.67829397 0.00560287
v 0.43645936 1.67666533 0.00320617
v 0.43609652 1.67602545 0.00025544
v 0.43635702 1.67648474 -0.00273969
v 0.43719655 1.67796365 -0.00526072
v 1.80756542 2.31891587 -0.04269014
v 1.80438134 2.3082718 -0.04268929
v 1.8014572 2.30846923 -0.04288891
v 1.80475845 2.31975903 -0.04288468
v 1.83311211 2.33939149 -0.04674765
v 1.83193963 2.34679864 0.06366959
v 1.85029334 2.3455582 0.06366959
v 1.84813553 2.33837611 -0.04674765
v 1.8662906 2.33647804 0.06366959
v 1.86123043 2.33094335 -0.04674765
v 1.8617844 2.27220869 0.05961123
v 1.84481895 2.26540654 0.05961123
v 1.84527693 2.26251164 0.05941119
v 1.86345298 2.26979981 0.05941119
v 1.87241839 2.30367465 -0.04268929
v 1.87004661 2.31866197 -0.04268929
v 1.87276686 2.31975277 -0.04288891
v 1.87534253 2.30347702 -0.04288891
v 1.80675311 2.29328427 -0.04268929
v 1.80403286 2.29219307 -0.04288891
v 1.87411862 2.28569865 0.05961123
v 1.87666706 2.28425232 0.05941119
v 1.86373208 2.32780343 -0.04269014
v 1.86614137 2.32947201 -0.04288468
v 1.81539243 2.28080929 -0.04268929
v 1.81341491 2.27864644 -0.04288891
v 1.87937804 2.30320437 0.05961123
v 1.88230157 2.30300673 0.05941119
v 1.79742168 2.30874208 0.05961123
v 1.80152274 2.32234578 0.05961208
v 1.79871577 2.32318894 0.05941753
v 1.79449795 2.30893951 0.05941161
v 1.82858938 2.27331886 -0.04268929
v 1.82774561 2.27051249 -0.04288891
v 1.84876775 2.34048149 0.06366959
v 1.83276868 2.34156201 0.06366959
v 1.8333408 2.33794435 0.05182778
v 1.84771385 2.33697333 0.05182778
v 1.81913573 2.33378743 -0.04674765
v 1.81486589 2.33995232 0.06366959
v 1.80897546 2.3226747 -0.04674765
v 1.80245362 2.32637666 0.06366959
v 1.81967922 2.33300336 -0.05142347
v 1.80980531 2.32220361 -0.05142347
v 1.82122579 2.33076992 -0.05538709
v 1.81216761 2.32086294 -0.05538709
v 1.8235405 2.32742753 -0.05803585
v 1.8157038 2.31885577 -0.05803585
v 1.82627124 2.32348458 -0.05896585
v 1.81987463 2.31648823 -0.05896585
v 1.83326094 2.33844932 -0.05142347
v 1.83368544 2.33576596 -0.05538709
v 1.83432109 2.33175021 -0.05803585
v 1.83507068 2.32701311 -0.05896585
v 1.84786066 2.33746257 -0.05142347
v 1.84707901 2.33486089 -0.05538709
v 1.84590915 2.33096695 -0.05803585
v 1.84452916 2.32637403 -0.05896585
v 1.86058672 2.33023914 -0.05142347
v 1.85875338 2.32823399 -0.05538709
v 1.85600993 2.32523342 -0.05803585
v 1.85277362 2.321694 -0.05896585
v 1.8698034 2.31856477 -0.04674765
v 1.86891829 2.31821004 -0.05142347
v 1.86639688 2.31719869 -0.05538709
v 1.86262313 2.3156856 -0.05803585
v 1.85817138 2.31390087 -0.05896585
v 1.87215703 2.30369239 -0.04674765
v 1.87120497 2.30375652 -0.05142347
v 1.8684946 2.30393984 -0.05538709
v 1.86443831 2.3042137 -0.05803585
v 1.85965301 2.30453697 -0.05896585
v 1.86782426 2.28927155 -0.04674765
v 1.86699441 2.28974223 -0.05142347
v 1.86463191 2.29108331 -0.05538709
v 1.86109592 2.29309047 -0.05803585
v 1.85692509 2.29545762 -0.05896585
v 1.85766399 2.27815841 -0.04674765
v 1.85712091 2.27894289 -0.05142347
v 1.85557394 2.28117592 -0.05538709
v 1.85325923 2.28451871 -0.05803585
v 1.85052848 2.28846166 -0.05896585
v 1.84368761 2.27255475 -0.04674765
v 1.84353878 2.27349693 -0.05142347
v 1.84311408 2.27618048 -0.05538751
v 1.84247843 2.28019603 -0.05803585
v 1.84172904 2.28493314 -0.05896585
v 1.8286646 2.27356973 -0.04674765
v 1.82893906 2.27448367 -0.05142347
v 1.82972071 2.27708515 -0.05538751
v 1.83089037 2.2809793 -0.05803585
v 1.83227036 2.28557221 -0.05896585
v 1.81556929 2.28100309 -0.04674765
v 1.81621301 2.2817067 -0.05142347
v 1.81804634 2.28371185 -0.05538751
v 1.82078979 2.28671242 -0.05803585
v 1.8240261 2.29025184 -0.05896585
v 1.80699612 2.29338107 -0.04674765
v 1.80788183 2.29373641 -0.05142347
v 1.81040284 2.29474755 -0.05538751
v 1.814177 2.29626085 -0.05803585
v 1.81862835 2.29804558 -0.05896585
v 1.80464269 2.30825405 -0.04674765
v 1.80559475 2.30818972 -0.05142347
v 1.80830472 2.30800661 -0.05538709
v 1.81236141 2.30773255 -0.05803585
v 1.81714671 2.30740887 -0.05896585
v 1.80706388 2.32375945 0.06366959
v 1.81788481 2.33559455 0.06366959
v 1.86271367 2.33256555 0.06366959
v 1.87184364 2.31938272 0.06366959
v 1.87676426 2.32135561 0.06366959
v 1.87434993 2.30354397 0.06366959
v 1.8796394 2.30318642 0.06366959
v 1.86973584 2.28818639 0.06366959
v 1.8743465 2.28556979 0.06366959
v 1.85891532 2.27635169 0.06366959
v 1.86193384 2.27199352 0.06366959
v 1.84403145 2.27038383 0.06366959
v 1.84485989 2.2651476 0.06366959
v 1.82803238 2.27146495 0.06366959
v 1.82650678 2.26638764 0.06366959
v 1.81408605 2.2793807 0.06366959
v 1.81050892 2.2754682 0.06366959
v 1.80495608 2.29256312 0.06366959
v 1.80003526 2.29059064 0.06366959
v 1.80244979 2.30840207 0.06366959
v 1.79716033 2.30875942 0.06366959
v 1.82908628 2.27497291 0.05182778
v 1.81655806 2.28208402 0.05182778
v 1.86024207 2.32986183 0.05182778
v 1.80835595 2.29392658 0.05182778
v 1.86844378 2.31801967 0.05182778
v 1.80610436 2.30815544 0.05182778
v 1.87069536 2.30379081 0.05182778
v 1.81024938 2.32195153 0.05182778
v 1.86655035 2.28999432 0.05182778
v 1.8568295 2.27936295 0.05182778
v 1.81997022 2.33258329 0.05182778
v 1.84345892 2.2740019 0.05182778
v 1.82672982 2.3125969 0.05182778
v 1.83075969 2.31700469 0.05182778
v 1.83630265 2.31922703 0.05182778
v 1.84226104 2.31882451 0.05182778
v 1.84745451 2.31587678 0.05182778
v 1.85085498 2.31096705 0.05182778
v 1.85178828 2.30506856 0.05182778
v 1.8500699 2.29934894 0.05182778
v 1.84603983 2.29494176 0.05182778
v 1.84049707 2.29271921 0.05182778
v 1.83453849 2.29312133 0.05182778
v 1.82934501 2.29606967 0.05182778
v 1.82594474 2.3009792 0.05182778
v 1.82501144 2.30687729 0.05182778
v 1.87652126 2.3212584 0.05961123
v 1.86842059 2.33293137 0.05961208
v 1.82658221 2.26663851 0.05961123
v 1.81068578 2.2756616 0.05961123
v 1.80027847 2.29068784 0.05961123
v 1.86805214 2.28914208 -0.04268929
v 1.85781322 2.27794323 -0.04268929
v 1.84372875 2.27229581 -0.04268929
v 1.87082987 2.33459994 0.05941753
v 1.87924131 2.3223486 0.05941161
v 1.87060058 2.28769574 -0.04288891
v 1.85948159 2.27553374 -0.04288891
v 1.84418673 2.26940152 -0.04288891
v 1.82573884 2.26383194 0.05941119
v 1.80870825 2.27349874 0.05941119
v 1.79755881 2.28959724 0.05941119
v 0.92616205 0.88981702 0.0281171
v 0.90974039 0.89913777 0.0281171
v 0.90974039 0.89913777 -0.0281171
v 0.92616205 0.88981702 -0.0281171
v 0.89389317 0.95659256 0.0281171
v 0.89389317 0.95659256 -0.0281171
v 0.89292256 0.95400046 -0.0281171
v 0.89292256 0.95400046 0.0281171
v 0.8925398 0.9509165 -0.0281171
v 0.8925398 0.9509165 0.0281171
v 0.91984954 1.00232136 -0.0281171
v 0.91984954 1.00232136 0.0281171
v 0.90566858 0.90331707 -0.0281171
v 0.90566858 0.90331707 0.0281171
v 0.90452242 0.90583606 0.0281171
v 0.90452242 0.90583606 -0.0281171
v 0.89284683 0.9481658 0.0281171
v 0.89284683 0.9481658 -0.0281171
v 0.90757885 0.90086543 -0.0281171
v 0.90757885 0.90086543 0.0281171
v 0.92380258 1.00464232 -0.0281171
v 0.92380258 1.00464232 0.0281171
v 0.92609863 1.00404478 0.0281171
v 0.92609863 1.00404478 -0.0281171
v 0.97518464 0.97618359 -0.0281171
v 0.97518464 0.97618359 0.0281171
v 0.92151499 1.00401141 -0.0281171
v 0.92151499 1.00401141 0.0281171
v 0.92604105 0.89025474 -0.02931482
v 0.97474683 0.97606259 -0.02931482
v 0.92571123 0.8914499 -0.03019195
v 0.97355126 0.97573317 -0.03019195
v 0.92526081 0.89308278 -0.03051295
v 0.97191838 0.97528225 -0.03051295
v 0.97474683 0.97606259 0.02931524
v 0.92604105 0.89025474 0.02931524
v 0.97355126 0.97573317 0.03019195
v 0.92571123 0.8914499 0.03019195
v 0.97191838 0.97528225 0.03051295
v 0.92526081 0.89308278 0.03051295
v 0.8952651 0.95342481 0.03051295
v 0.89607034 0.95557456 0.03051295
v 0.89498176 0.95608336 0.03019195
v 0.89409403 0.95371289 0.03019195
v 0.89418498 0.95645593 0.02931524
v 0.89323675 0.95392353 0.02931524
v 0.89607034 0.95557456 -0.03051295
v 0.8952651 0.95342481 -0.03051295
v 0.89409403 0.95371289 -0.03019195
v 0.89498176 0.95608336 -0.03019195
v 0.89323675 0.95392353 -0.02931482
v 0.89418498 0.95645593 -0.02931482
v 0.89495171 0.95090128 0.03051295
v 0.89374596 0.95090894 0.03019195
v 0.89286287 0.95091439 0.02931524
v 0.89495171 0.95090128 -0.03051295
v 0.89374596 0.95090894 -0.03019195
v 0.89286287 0.95091439 -0.02931482
v 0.89520631 0.94862045 0.03051295
v 0.89402677 0.94839338 0.03019195
v 0.89316274 0.9482267 0.02931524
v 0.89520631 0.94862005 -0.03051295
v 0.89402677 0.94839338 -0.03019195
v 0.89316274 0.9482267 -0.02931482
v 0.90929512 0.90256092 -0.03051295
v 0.91108832 0.90112759 -0.03051295
v 0.91041415 0.90013288 -0.03019195
v 0.90843703 0.90171292 -0.03019195
v 0.90992098 0.89940467 -0.02931482
v 0.90780854 0.9010925 -0.02931482
v 0.91108832 0.90112759 0.03051295
v 0.90929512 0.90256092 0.03051295
v 0.90843703 0.90171292 0.03019195
v 0.91041415 0.90013288 0.03019195
v 0.90780854 0.9010925 0.02931524
v 0.90992098 0.89940467 0.02931524
v 0.90773242 0.90456678 -0.03051295
v 0.9067005 0.90394223 -0.03019195
v 0.90594516 0.90348455 -0.02931482
v 0.90773242 0.90456678 0.03051295
v 0.9067005 0.90394223 0.03019195
v 0.90594516 0.90348455 0.02931524
v 0.90678126 0.90665603 -0.03051295
v 0.90565204 0.90624625 -0.03019195
v 0.90482481 0.90594597 -0.02931482
v 0.90678126 0.90665603 0.03051295
v 0.90565204 0.90624625 0.03019195
v 0.90482481 0.90594597 0.02931524
v 0.92277066 1.00187265 -0.03051295
v 0.92177726 1.00086443 -0.03051295
v 0.9208134 1.00159264 -0.03019195
v 0.92214257 1.00294178 -0.03019195
v 0.92010798 1.00212594 -0.02931482
v 0.92168328 1.00372504 -0.02931482
v 0.92177726 1.00086443 0.03051295
v 0.92277066 1.00187265 0.03051295
v 0.92214257 1.00294178 0.03019195
v 0.9208134 1.00159264 0.03019195
v 0.92168328 1.00372504 0.02931524
v 0.92010798 1.00212594 0.02931524
v 0.92382032 1.00216234 -0.03051295
v 0.92381145 1.00340238 -0.03019195
v 0.92380469 1.00430997 -0.02931482
v 0.92382032 1.00216234 0.03051295
v 0.92381145 1.00340238 0.03019195
v 0.92380469 1.00430997 0.02931524
v 0.92519063 1.0018058 -0.03051295
v 0.92564438 1.00292534 -0.03019195
v 0.92597682 1.00374491 -0.02931482
v 0.92519063 1.0018058 0.03051295
v 0.92564438 1.00292534 0.03019195
v 0.92597682 1.00374491 0.02931524
v 1.69260441 2.18801729 -0.03850871
v 1.69441031 2.18985022 -0.03850871
v 1.69441031 2.18985022 -0.04845118
v 1.69260441 2.18801729 -0.04845118
v 1.69689119 2.19053467 -0.03850871
v 1.69689119 2.19053467 -0.04845118
v 1.69938135 2.18988712 -0.03850871
v 1.69938135 2.18988712 -0.04845118
v 1.70121428 2.18808081 -0.03850871
v 1.70121428 2.18808081 -0.04845118
v 1.70189853 2.18559993 -0.03850871
v 1.70189853 2.18559993 -0.04845118
v 1.70125058 2.18310977 -0.03850871
v 1.70125058 2.18310977 -0.04845118
v 1.69944427 2.18127684 -0.03850871
v 1.69944427 2.18127684 -0.04845118
v 1.69696379 2.18059259 -0.03850871
v 1.69696379 2.18059259 -0.04845118
v 1.69447323 2.18124034 -0.03850871
v 1.69447323 2.18124034 -0.04845118
v 1.6926403 2.18304625 -0.03850871
v 1.6926403 2.18304625 -0.04845118
v 1.69412637 2.18715376 -0.04845118
v 1.69412637 2.18715376 -0.0491786
v 1.6937065 2.18553983 -0.0491786
v 1.6937065 2.18553983 -0.04845118
v 1.69195646 2.18552713 -0.03850871
v 1.69195646 2.18552713 -0.04845118
v 1.69529663 2.18834096 -0.04845118
v 1.6969037 2.18878402 -0.04845118
v 1.69851722 2.18836455 -0.04845118
v 1.69970482 2.18719429 -0.04845118
v 1.70014808 2.18558723 -0.04845118
v 1.69972842 2.18397371 -0.04845118
v 1.69855836 2.1827857 -0.04845118
v 1.69695069 2.18234264 -0.04845118
v 1.69533777 2.18276251 -0.04845118
v 1.69415017 2.18393277 -0.04845118
v 1.6969037 2.18878402 -0.0491786
v 1.69529663 2.18834096 -0.0491786
v 1.69533777 2.18276251 -0.0491786
v 1.69695069 2.18234264 -0.0491786
v 1.69972842 2.18397371 -0.0491786
v 1.70014808 2.18558723 -0.0491786
v 1.69851722 2.18836455 -0.0491786
v 1.69415017 2.18393277 -0.0491786
v 1.69855836 2.1827857 -0.0491786
v 1.69970482 2.18719429 -0.0491786
v 0.42977508 -0.13078937 0.02953389
v 0.52666013 0.0272518 0.02953389
v 0.52772885 0.0265967 0.03005324
v 0.43084381 -0.13144447 0.03005324
v 0.52817166 0.0263256 0.03130677
v 0.43128661 -0.13171599 0.03130677
v 0.52772885 0.0265967 0.03256032
v 0.43084381 -0.13144447 0.03256032
v 0.52666013 0.0272518 0.03307966
v 0.42977508 -0.13078937 0.03307966
v 0.52559141 0.02790733 0.03256032
v 0.42870636 -0.13013426 0.03256032
v 0.5251486 0.02817842 0.03130677
v 0.42826361 -0.12986274 0.03130677
v 0.52559141 0.02790733 0.03005324
v 0.42870636 -0.13013426 0.03005324
v 0.42977508 -0.13078937 -0.02953389
v 0.43084381 -0.13144447 -0.03005324
v 0.52772885 0.0265967 -0.03005324
v 0.52666013 0.0272518 -0.02953389
v 0.43128661 -0.13171599 -0.03130677
v 0.52817166 0.0263256 -0.03130677
v 0.43084381 -0.13144447 -0.03256074
v 0.52772885 0.0265967 -0.03256032
v 0.42977508 -0.13078937 -0.03307966
v 0.52666013 0.0272518 -0.03307966
v 0.42870636 -0.13013426 -0.03256074
v 0.52559141 0.02790733 -0.03256032
v 0.42826361 -0.12986274 -0.03130677
v 0.5251486 0.02817842 -0.03130677
v 0.42870636 -0.13013426 -0.03005324
v 0.52559141 0.02790733 -0.03005324
v 1.77764079 2.19892957 -0.01799659
v 1.8180417 2.27010694 -0.01799659
v 1.82483256 2.26625232 -0.01621439
v 1.78443165 2.19507515 -0.01621439
v 1.83027852 2.26316121 -0.01122053
v 1.7898772 2.19198383 -0.01122053
v 1.83330067 2.26144585 -0.00400422
v 1.79289975 2.19026847 -0.00400422
v 1.83330067 2.26144585 0.00400507
v 1.79289975 2.19026847 0.00400507
v 1.83027852 2.26316121 0.01122096
v 1.7898772 2.19198383 0.01122096
v 1.82483297 2.26625232 0.01621482
v 1.78443165 2.19507515 0.01621482
v 1.81804211 2.27010735 0.01799701
v 1.77764079 2.19892957 0.01799701
v 1.81125125 2.27396136 0.01621482
v 1.77084993 2.20278399 0.01621482
v 1.80580529 2.27705248 0.01122096
v 1.76540397 2.2058751 0.01122096
v 1.80278314 2.27876784 0.00400507
v 1.76238183 2.20759067 0.00400507
v 1.80278314 2.27876784 -0.00400422
v 1.76238183 2.20759067 -0.00400422
v 1.80580529 2.27705248 -0.01122053
v 1.76540397 2.2058751 -0.01122053
v 1.81125125 2.27396136 -0.01621439
v 1.77084993 2.20278399 -0.01621439
v 1.70950391 2.18578929 -0.01799659
v 1.74990483 2.25696667 -0.01799659
v 1.75669569 2.25311265 -0.01621439
v 1.71629477 2.18193488 -0.01621439
v 1.76214164 2.25002154 -0.01122053
v 1.72174073 2.17884416 -0.01122053
v 1.76516379 2.24830618 -0.00400422
v 1.72476288 2.1771284 -0.00400422
v 1.76516379 2.24830618 0.00400507
v 1.72476288 2.1771284 0.00400507
v 1.76214164 2.25002154 0.01122096
v 1.72174073 2.17884416 0.01122096
v 1.75669569 2.25311265 0.01621482
v 1.71629477 2.18193488 0.01621482
v 1.74990523 2.25696707 0.01799701
v 1.70950391 2.18578929 0.01799701
v 1.74311397 2.26082169 0.01621482
v 1.70271305 2.18964432 0.01621482
v 1.73766841 2.26391281 0.01122096
v 1.6972671 2.19273503 0.01122096
v 1.73464627 2.26562817 0.00400507
v 1.69424495 2.19445039 0.00400507
v 1.73464627 2.26562817 -0.00400422
v 1.69424495 2.19445039 -0.00400422
v 1.73766841 2.26391281 -0.01122053
v 1.6972671 2.19273503 -0.01122053
v 1.74311397 2.26082169 -0.01621439
v 1.70271305 2.18964432 -0.01621439
v 1.48716337 1.49993561 0.02885171
v 1.45559185 1.51785614 0.02885171
v 1.45559185 1.51785614 -0.02885129
v 1.48716337 1.49993561 -0.02885129
v 1.4646843 1.53387427 -0.02885129
v 1.4646843 1.53387427 0.02885171
v 1.50237212 1.51248208 0.02885171
v 1.50588825 1.51075482 0.0340583
v 1.46139858 1.53600748 0.0340583
v 1.50237212 1.51248208 -0.02885129
v 1.46139858 1.53600748 -0.03405788
v 1.50588825 1.51075482 -0.03405788
v 1.5109092 1.52111474 -0.03306275
v 1.5109092 1.52111474 0.03306317
v 1.50558797 1.52413477 -0.02990691
v 1.50558797 1.52413477 0.02990733
v 1.50476881 1.52242153 0.02773309
v 1.50476881 1.52242153 -0.02773266
v 1.46771956 1.54562941 0.03306317
v 1.46771956 1.54562941 -0.03306275
v 1.50877175 1.52232766 -0.02990691
v 1.50877175 1.52232766 0.02990733
v 1.50772078 1.5207455 -0.02773266
v 1.50772078 1.5207455 0.02773309
v 1.49790313 1.50460808 -0.02885129
v 1.49790313 1.50460808 0.02885171
v 1.13333196 0.87656684 0.02885129
v 1.13333196 0.87656684 -0.02885129
v 1.10176043 0.89448738 -0.02885129
v 1.10176043 0.89448738 0.02885129
v 1.09266848 0.87846874 -0.02885129
v 1.09266848 0.87846874 0.02885129
v 1.08915225 0.880196 0.0340583
v 1.13364192 0.85494334 0.0340583
v 1.1303563 0.85707655 0.02885129
v 1.1303563 0.85707655 -0.02885129
v 1.13364192 0.85494334 -0.03405788
v 1.08915225 0.880196 -0.03405788
v 1.12732094 0.84532141 0.03306317
v 1.12732094 0.84532141 -0.03306317
v 1.12199971 0.84834194 -0.02990691
v 1.12305109 0.8499237 -0.02773266
v 1.12305109 0.8499237 0.02773266
v 1.12199971 0.84834194 0.02990691
v 1.0841313 0.86983648 -0.03306317
v 1.0841313 0.86983648 0.03306317
v 1.1251839 0.84653482 -0.02990691
v 1.1251839 0.84653482 0.02990691
v 1.12600356 0.84824807 -0.02773266
v 1.12600356 0.84824807 0.02773266
v 1.13482569 0.86495045 -0.02885129
v 1.13482569 0.86495045 0.02885129
v 1.47646556 1.53708932 0.01323237
v 1.47548315 1.53764672 0.01670921
v 1.47548315 1.53764672 0.01478746
v 1.47646556 1.53708932 0.0182643
v 1.47805538 1.53618676 0.01263859
v 1.47805538 1.53618676 0.01885808
v 1.47964511 1.53528472 0.01323237
v 1.47964511 1.53528472 0.0182643
v 1.48062762 1.53472691 0.01478746
v 1.48062762 1.53472691 0.01670921
v 1.47646556 1.53708932 0.02302047
v 1.47548315 1.53764672 0.02649774
v 1.47548315 1.53764672 0.02457555
v 1.47646556 1.53708932 0.02805239
v 1.47805538 1.53618676 0.02242669
v 1.47805538 1.53618676 0.02864618
v 1.47964511 1.53528472 0.02302047
v 1.47964511 1.53528472 0.02805239
v 1.48062762 1.53472691 0.02457555
v 1.48062762 1.53472691 0.02649774
v 1.09594775 0.86670523 0.0182643
v 1.09496534 0.86726263 0.01478746
v 1.09496534 0.86726263 0.01670921
v 1.09594775 0.86670523 0.01323237
v 1.09753757 0.86580268 0.01885808
v 1.09753757 0.86580268 0.01263859
v 1.0991273 0.86490064 0.0182643
v 1.0991273 0.86490064 0.01323237
v 1.10010971 0.86434273 0.01670921
v 1.10010971 0.86434273 0.01478746
v 1.09594775 0.86670523 0.02805239
v 1.09496534 0.86726263 0.02457555
v 1.09496534 0.86726263 0.02649731
v 1.09594775 0.86670523 0.02302047
v 1.09753757 0.86580268 0.02864618
v 1.09753757 0.86580268 0.02242669
v 1.0991273 0.86490064 0.02805239
v 1.0991273 0.86490064 0.02302047
v 1.10010971 0.86434273 0.02649731
v 1.10010971 0.86434273 0.02457555
usemtl mat8
f 10038 10039 10040
f 10041 10042 10043
f 10044 10045 10046
f 10047 10048 10049
f 10050 10051 10052
f 10053 10054 10055
f 10056 10057 10058
f 10059 10060 10061
f 10062 10063 10041
f 10062 10041 10045
f 10064 10065 10066
f 10064 10066 10067
f 10038 10042 10068
f 10038 10068 10069
f 10070 10071 10044
f 10070 10044 10048
f 10066 10072 10073
f 10066 10073 10067
f 10074 10064 10067
f 10074 10067 10073
f 10075 10074 10073
f 10075 10073 10072
f 10065 10075 10072
f 10065 10072 10066
f 10076 10039 10038
f 10076 10038 10069
f 10041 10063 10068
f 10041 10068 10042
f 10047 10077 10070
f 10047 10070 10048
f 10062 10045 10044
f 10062 10044 10071
f 10076 10077 10047
f 10076 10047 10039
f 10078 10058 10053
f 10078 10053 10079
f 10080 10081 10082
f 10080 10082 10083
f 10050 10084 10085
f 10050 10085 10055
f 10086 10061 10056
f 10086 10056 10087
f 10082 10081 10088
f 10082 10088 10089
f 10090 10088 10081
f 10090 10081 10080
f 10091 10089 10088
f 10091 10088 10090
f 10083 10082 10089
f 10083 10089 10091
f 10092 10084 10050
f 10092 10050 10052
f 10053 10055 10085
f 10053 10085 10079
f 10059 10061 10086
f 10059 10086 10093
f 10078 10087 10056
f 10078 10056 10058
f 10092 10052 10059
f 10092 10059 10093
f 10069 10077 10076
f 10077 10069 10068
f 10077 10068 10070
f 10070 10068 10071
f 10071 10068 10063
f 10071 10063 10062
f 10040 10042 10038
f 10042 10040 10064
f 10042 10064 10074
f 10042 10074 10043
f 10047 10040 10039
f 10040 10047 10064
f 10064 10047 10065
f 10065 10047 10049
f 10074 10041 10043
f 10041 10074 10045
f 10045 10074 10075
f 10045 10075 10046
f 10049 10075 10065
f 10075 10049 10048
f 10075 10048 10044
f 10075 10044 10046
f 10093 10084 10092
f 10084 10093 10085
f 10085 10093 10086
f 10085 10086 10087
f 10085 10087 10079
f 10079 10087 10078
f 10055 10051 10050
f 10051 10055 10080
f 10080 10055 10090
f 10090 10055 10054
f 10051 10059 10052
f 10059 10051 10080
f 10059 10080 10083
f 10059 10083 10060
f 10053 10090 10054
f 10090 10053 10058
f 10090 10058 10091
f 10091 10058 10057
f 10091 10060 10083
f 10060 10091 10061
f 10061 10091 10056
f 10056 10091 10057
f 10094 10095 10096
f 10094 10096 10097
f 10098 10099 10100
f 10098 10100 10101
f 10101 10100 10102
f 10101 10102 10103
f 10103 10102 10104
f 10103 10104 10105
f 10098 10101 10103
f 10098 10103 10105
f 10100 10099 10104
f 10100 10104 10102
f 10106 10107 10098
f 10106 10098 10105
f 10094 10106 10105
f 10094 10105 10104
f 10095 10094 10104
f 10095 10104 10099
f 10107 10095 10099
f 10107 10099 10098
f 10107 10106 10108
f 10107 10108 10109
f 10095 10107 10109
f 10095 10109 10096
f 10106 10094 10097
f 10106 10097 10108
f 10110 10111 10112
f 10110 10112 10113
f 10114 10115 10116
f 10114 10116 10117
f 10118 10119 10120
f 10118 10120 10121
f 10121 10120 10122
f 10121 10122 10123
f 10117 10116 10124
f 10117 10124 10125
f 10125 10124 10126
f 10125 10126 10127
f 10127 10126 10128
f 10127 10128 10129
f 10129 10128 10130
f 10129 10130 10131
f 10131 10130 10132
f 10131 10132 10133
f 10133 10132 10134
f 10133 10134 10135
f 10135 10134 10136
f 10135 10136 10137
f 10137 10136 10138
f 10137 10138 10139
f 10139 10138 10140
f 10139 10140 10141
f 10141 10140 10142
f 10141 10142 10143
f 10143 10142 10144
f 10143 10144 10145
f 10145 10144 10146
f 10145 10146 10147
f 10147 10146 10148
f 10147 10148 10149
f 10149 10148 10119
f 10149 10119 10118
f 10123 10122 10150
f 10123 10150 10151
f 10151 10150 10152
f 10151 10152 10153
f 10153 10152 10154
f 10153 10154 10155
f 10155 10154 10156
f 10155 10156 10157
f 10157 10156 10158
f 10157 10158 10159
f 10159 10158 10160
f 10159 10160 10161
f 10161 10160 10162
f 10161 10162 10163
f 10163 10162 10164
f 10163 10164 10165
f 10165 10164 10166
f 10165 10166 10167
f 10167 10166 10168
f 10167 10168 10169
f 10169 10168 10170
f 10169 10170 10171
f 10171 10170 10172
f 10171 10172 10173
f 10173 10172 10115
f 10173 10115 10114
f 10174 10175 10176
f 10174 10176 10177
f 10178 10179 10180
f 10178 10180 10181
f 10182 10183 10184
f 10182 10184 10185
f 10113 10112 10186
f 10113 10186 10187
f 10177 10176 10188
f 10177 10188 10189
f 10190 10191 10179
f 10190 10179 10178
f 10192 10193 10183
f 10192 10183 10182
f 10181 10180 10194
f 10181 10194 10195
f 10185 10184 10196
f 10185 10196 10197
f 10198 10199 10200
f 10198 10200 10201
f 10144 10156 10154
f 10144 10154 10146
f 10146 10154 10152
f 10146 10152 10148
f 10202 10203 10204
f 10202 10204 10205
f 10119 10206 10207
f 10119 10207 10120
f 10120 10207 10198
f 10120 10198 10122
f 10122 10198 10201
f 10122 10201 10150
f 10150 10201 10206
f 10150 10206 10119
f 10124 10208 10209
f 10124 10209 10126
f 10126 10209 10210
f 10126 10210 10115
f 10115 10210 10211
f 10115 10211 10116
f 10116 10211 10208
f 10116 10208 10124
f 10126 10195 10190
f 10126 10190 10128
f 10128 10190 10178
f 10128 10178 10172
f 10172 10178 10181
f 10172 10181 10115
f 10115 10181 10195
f 10115 10195 10126
f 10128 10212 10213
f 10128 10213 10130
f 10130 10213 10214
f 10130 10214 10170
f 10170 10214 10215
f 10170 10215 10172
f 10172 10215 10212
f 10172 10212 10128
f 10130 10113 10187
f 10130 10187 10132
f 10132 10187 10216
f 10132 10216 10168
f 10168 10216 10110
f 10168 10110 10170
f 10170 10110 10113
f 10170 10113 10130
f 10132 10217 10218
f 10132 10218 10134
f 10134 10218 10202
f 10134 10202 10166
f 10166 10202 10205
f 10166 10205 10168
f 10168 10205 10217
f 10168 10217 10132
f 10134 10219 10220
f 10134 10220 10136
f 10136 10220 10221
f 10136 10221 10164
f 10164 10221 10222
f 10164 10222 10166
f 10166 10222 10219
f 10166 10219 10134
f 10136 10197 10192
f 10136 10192 10138
f 10138 10192 10182
f 10138 10182 10162
f 10162 10182 10185
f 10162 10185 10164
f 10164 10185 10197
f 10164 10197 10136
f 10138 10223 10224
f 10138 10224 10140
f 10140 10224 10225
f 10140 10225 10160
f 10160 10225 10226
f 10160 10226 10162
f 10162 10226 10223
f 10162 10223 10138
f 10140 10177 10189
f 10140 10189 10142
f 10142 10189 10227
f 10142 10227 10158
f 10158 10227 10174
f 10158 10174 10160
f 10160 10174 10177
f 10160 10177 10140
f 10142 10228 10229
f 10142 10229 10144
f 10144 10229 10230
f 10144 10230 10156
f 10156 10230 10231
f 10156 10231 10158
f 10158 10231 10228
f 10158 10228 10142
f 10148 10232 10233
f 10148 10233 10119
f 10119 10233 10234
f 10119 10234 10150
f 10150 10234 10235
f 10150 10235 10152
f 10152 10235 10232
f 10152 10232 10148
f 10236 10200 10199
f 10236 10199 10237
f 10238 10239 10240
f 10238 10240 10241
f 10194 10180 10179
f 10194 10179 10191
f 10242 10243 10244
f 10242 10244 10245
f 10112 10111 10246
f 10112 10246 10186
f 10247 10204 10203
f 10247 10203 10248
f 10249 10250 10251
f 10249 10251 10252
f 10196 10184 10183
f 10196 10183 10193
f 10253 10254 10255
f 10253 10255 10256
f 10176 10175 10257
f 10176 10257 10188
f 10258 10259 10260
f 10258 10260 10261
f 10262 10263 10264
f 10262 10264 10265
f 10189 10188 10257
f 10189 10257 10227
f 10187 10186 10246
f 10187 10246 10216
f 10232 10262 10265
f 10232 10265 10233
f 10219 10249 10252
f 10219 10252 10220
f 10227 10257 10175
f 10227 10175 10174
f 10208 10238 10241
f 10208 10241 10209
f 10216 10246 10111
f 10216 10111 10110
f 10235 10263 10262
f 10235 10262 10232
f 10222 10250 10249
f 10222 10249 10219
f 10211 10239 10238
f 10211 10238 10208
f 10233 10265 10264
f 10233 10264 10234
f 10220 10252 10251
f 10220 10251 10221
f 10209 10241 10240
f 10209 10240 10210
f 10223 10253 10256
f 10223 10256 10224
f 10234 10264 10263
f 10234 10263 10235
f 10212 10242 10245
f 10212 10245 10213
f 10221 10251 10250
f 10221 10250 10222
f 10210 10240 10239
f 10210 10239 10211
f 10226 10254 10253
f 10226 10253 10223
f 10215 10243 10242
f 10215 10242 10212
f 10224 10256 10255
f 10224 10255 10225
f 10213 10245 10244
f 10213 10244 10214
f 10228 10258 10261
f 10228 10261 10229
f 10217 10247 10248
f 10217 10248 10218
f 10225 10255 10254
f 10225 10254 10226
f 10206 10236 10237
f 10206 10237 10207
f 10214 10244 10243
f 10214 10243 10215
f 10231 10259 10258
f 10231 10258 10228
f 10205 10204 10247
f 10205 10247 10217
f 10201 10200 10236
f 10201 10236 10206
f 10229 10261 10260
f 10229 10260 10230
f 10218 10248 10203
f 10218 10203 10202
f 10207 10237 10199
f 10207 10199 10198
f 10197 10196 10193
f 10197 10193 10192
f 10230 10260 10259
f 10230 10259 10231
f 10195 10194 10191
f 10195 10191 10190
f 10266 10117 10125
f 10266 10125 10267
f 10268 10118 10121
f 10268 10121 10269
f 10269 10121 10123
f 10269 10123 10270
f 10271 10114 10117
f 10271 10117 10266
f 10267 10125 10127
f 10267 10127 10272
f 10272 10127 10129
f 10272 10129 10273
f 10273 10129 10131
f 10273 10131 10274
f 10274 10131 10133
f 10274 10133 10275
f 10275 10133 10135
f 10275 10135 10276
f 10276 10135 10137
f 10276 10137 10277
f 10277 10137 10139
f 10277 10139 10278
f 10278 10139 10141
f 10278 10141 10279
f 10279 10141 10143
f 10279 10143 10280
f 10280 10143 10145
f 10280 10145 10281
f 10281 10145 10147
f 10281 10147 10282
f 10282 10147 10149
f 10282 10149 10283
f 10283 10149 10118
f 10283 10118 10268
f 10270 10123 10151
f 10270 10151 10284
f 10284 10151 10153
f 10284 10153 10285
f 10285 10153 10155
f 10285 10155 10286
f 10286 10155 10157
f 10286 10157 10287
f 10287 10157 10159
f 10287 10159 10288
f 10288 10159 10161
f 10288 10161 10289
f 10289 10161 10163
f 10289 10163 10290
f 10290 10163 10165
f 10290 10165 10291
f 10291 10165 10167
f 10291 10167 10292
f 10292 10167 10169
f 10292 10169 10293
f 10293 10169 10171
f 10293 10171 10294
f 10294 10171 10173
f 10294 10173 10295
f 10295 10173 10114
f 10295 10114 10271
f 10296 10297 10298
f 10296 10298 10299
f 10300 10301 10302
f 10300 10302 10303
f 10304 10305 10306
f 10304 10306 10307
f 10308 10309 10310
f 10308 10310 10311
f 10312 10313 10314
f 10312 10314 10315
f 10316 10317 10318
f 10316 10318 10319
f 10320 10321 10322
f 10320 10322 10323
f 10324 10325 10326
f 10324 10326 10327
f 10328 10329 10330
f 10328 10330 10331
f 10332 10333 10334
f 10332 10334 10335
f 10336 10337 10338
f 10336 10338 10339
f 10340 10341 10342
f 10340 10342 10343
f 10344 10345 10346
f 10344 10346 10347
f 10348 10349 10350
f 10348 10350 10351
f 10352 10353 10354
f 10352 10354 10355
f 10356 10357 10358
f 10356 10358 10359
f 10360 10361 10362
f 10360 10362 10363
f 10364 10365 10366
f 10364 10366 10367
f 10368 10369 10370
f 10368 10370 10371
f 10372 10373 10374
f 10372 10374 10375
f 10376 10377 10378
f 10376 10378 10379
f 10380 10381 10382
f 10380 10382 10383
f 10384 10385 10386
f 10384 10386 10387
f 10388 10389 10390
f 10388 10390 10391
f 10392 10393 10394
f 10392 10394 10395
f 10396 10397 10398
f 10396 10398 10399
f 10400 10401 10402
f 10400 10402 10403
f 10404 10405 10406
f 10404 10406 10407
f 10408 10409 10410
f 10408 10410 10411
f 10412 10408 10411
f 10412 10411 10413
f 10414 10412 10413
f 10414 10413 10415
f 10416 10414 10415
f 10416 10415 10417
f 10418 10416 10417
f 10418 10417 10419
f 10420 10418 10419
f 10420 10419 10421
f 10422 10420 10421
f 10422 10421 10423
f 10424 10422 10423
f 10424 10423 10425
f 10426 10424 10425
f 10426 10425 10427
f 10428 10426 10427
f 10428 10427 10429
f 10430 10428 10429
f 10430 10429 10431
f 10432 10430 10431
f 10432 10431 10433
f 10434 10432 10433
f 10434 10433 10435
f 10436 10434 10435
f 10436 10435 10437
f 10409 10436 10437
f 10409 10437 10410
f 10438 10439 10409
f 10438 10409 10408
f 10440 10438 10408
f 10440 10408 10412
f 10441 10440 10412
f 10441 10412 10414
f 10442 10441 10414
f 10442 10414 10416
f 10443 10442 10416
f 10443 10416 10418
f 10444 10443 10418
f 10444 10418 10420
f 10445 10444 10420
f 10445 10420 10422
f 10446 10445 10422
f 10446 10422 10424
f 10447 10446 10424
f 10447 10424 10426
f 10448 10447 10426
f 10448 10426 10428
f 10449 10448 10428
f 10449 10428 10430
f 10450 10449 10430
f 10450 10430 10432
f 10451 10450 10432
f 10451 10432 10434
f 10452 10451 10434
f 10452 10434 10436
f 10439 10452 10436
f 10439 10436 10409
f 10453 10454 10439
f 10453 10439 10438
f 10455 10453 10438
f 10455 10438 10440
f 10456 10455 10440
f 10456 10440 10441
f 10457 10456 10441
f 10457 10441 10442
f 10458 10457 10442
f 10458 10442 10443
f 10459 10458 10443
f 10459 10443 10444
f 10460 10459 10444
f 10460 10444 10445
f 10461 10460 10445
f 10461 10445 10446
f 10462 10461 10446
f 10462 10446 10447
f 10463 10462 10447
f 10463 10447 10448
f 10464 10463 10448
f 10464 10448 10449
f 10465 10464 10449
f 10465 10449 10450
f 10466 10465 10450
f 10466 10450 10451
f 10467 10466 10451
f 10467 10451 10452
f 10454 10467 10452
f 10454 10452 10439
f 10468 10469 10454
f 10468 10454 10453
f 10470 10468 10453
f 10470 10453 10455
f 10471 10470 10455
f 10471 10455 10456
f 10472 10471 10456
f 10472 10456 10457
f 10473 10472 10457
f 10473 10457 10458
f 10474 10473 10458
f 10474 10458 10459
f 10475 10474 10459
f 10475 10459 10460
f 10476 10475 10460
f 10476 10460 10461
f 10477 10476 10461
f 10477 10461 10462
f 10478 10477 10462
f 10478 10462 10463
f 10479 10478 10463
f 10479 10463 10464
f 10480 10479 10464
f 10480 10464 10465
f 10481 10480 10465
f 10481 10465 10466
f 10482 10481 10466
f 10482 10466 10467
f 10469 10482 10467
f 10469 10467 10454
f 10483 10484 10469
f 10483 10469 10468
f 10485 10483 10468
f 10485 10468 10470
f 10486 10485 10470
f 10486 10470 10471
f 10487 10486 10471
f 10487 10471 10472
f 10488 10487 10472
f 10488 10472 10473
f 10489 10488 10473
f 10489 10473 10474
f 10490 10489 10474
f 10490 10474 10475
f 10491 10490 10475
f 10491 10475 10476
f 10492 10491 10476
f 10492 10476 10477
f 10493 10492 10477
f 10493 10477 10478
f 10494 10493 10478
f 10494 10478 10479
f 10495 10494 10479
f 10495 10479 10480
f 10496 10495 10480
f 10496 10480 10481
f 10497 10496 10481
f 10497 10481 10482
f 10484 10497 10482
f 10484 10482 10469
f 10498 10499 10484
f 10498 10484 10483
f 10500 10498 10483
f 10500 10483 10485
f 10501 10500 10485
f 10501 10485 10486
f 10502 10501 10486
f 10502 10486 10487
f 10503 10502 10487
f 10503 10487 10488
f 10504 10503 10488
f 10504 10488 10489
f 10505 10504 10489
f 10505 10489 10490
f 10506 10505 10490
f 10506 10490 10491
f 10507 10506 10491
f 10507 10491 10492
f 10508 10507 10492
f 10508 10492 10493
f 10509 10508 10493
f 10509 10493 10494
f 10510 10509 10494
f 10510 10494 10495
f 10511 10510 10495
f 10511 10495 10496
f 10512 10511 10496
f 10512 10496 10497
f 10499 10512 10497
f 10499 10497 10484
f 10513 10514 10499
f 10513 10499 10498
f 10515 10513 10498
f 10515 10498 10500
f 10516 10515 10500
f 10516 10500 10501
f 10517 10516 10501
f 10517 10501 10502
f 10518 10517 10502
f 10518 10502 10503
f 10519 10518 10503
f 10519 10503 10504
f 10520 10519 10504
f 10520 10504 10505
f 10521 10520 10505
f 10521 10505 10506
f 10522 10521 10506
f 10522 10506 10507
f 10523 10522 10507
f 10523 10507 10508
f 10524 10523 10508
f 10524 10508 10509
f 10525 10524 10509
f 10525 10509 10510
f 10526 10525 10510
f 10526 10510 10511
f 10527 10526 10511
f 10527 10511 10512
f 10514 10527 10512
f 10514 10512 10499
f 10528 10529 10514
f 10528 10514 10513
f 10530 10528 10513
f 10530 10513 10515
f 10531 10530 10515
f 10531 10515 10516
f 10532 10531 10516
f 10532 10516 10517
f 10533 10532 10517
f 10533 10517 10518
f 10534 10533 10518
f 10534 10518 10519
f 10535 10534 10519
f 10535 10519 10520
f 10536 10535 10520
f 10536 10520 10521
f 10537 10536 10521
f 10537 10521 10522
f 10538 10537 10522
f 10538 10522 10523
f 10539 10538 10523
f 10539 10523 10524
f 10540 10539 10524
f 10540 10524 10525
f 10541 10540 10525
f 10541 10525 10526
f 10542 10541 10526
f 10542 10526 10527
f 10529 10542 10527
f 10529 10527 10514
f 10543 10544 10529
f 10543 10529 10528
f 10545 10543 10528
f 10545 10528 10530
f 10546 10545 10530
f 10546 10530 10531
f 10547 10546 10531
f 10547 10531 10532
f 10548 10547 10532
f 10548 10532 10533
f 10549 10548 10533
f 10549 10533 10534
f 10550 10549 10534
f 10550 10534 10535
f 10551 10550 10535
f 10551 10535 10536
f 10552 10551 10536
f 10552 10536 10537
f 10553 10552 10537
f 10553 10537 10538
f 10554 10553 10538
f 10554 10538 10539
f 10555 10554 10539
f 10555 10539 10540
f 10556 10555 10540
f 10556 10540 10541
f 10557 10556 10541
f 10557 10541 10542
f 10544 10557 10542
f 10544 10542 10529
f 10558 10559 10544
f 10558 10544 10543
f 10560 10558 10543
f 10560 10543 10545
f 10561 10560 10545
f 10561 10545 10546
f 10562 10561 10546
f 10562 10546 10547
f 10563 10562 10547
f 10563 10547 10548
f 10564 10563 10548
f 10564 10548 10549
f 10565 10564 10549
f 10565 10549 10550
f 10566 10565 10550
f 10566 10550 10551
f 10567 10566 10551
f 10567 10551 10552
f 10568 10567 10552
f 10568 10552 10553
f 10569 10568 10553
f 10569 10553 10554
f 10570 10569 10554
f 10570 10554 10555
f 10571 10570 10555
f 10571 10555 10556
f 10572 10571 10556
f 10572 10556 10557
f 10559 10572 10557
f 10559 10557 10544
f 10573 10574 10559
f 10573 10559 10558
f 10575 10573 10558
f 10575 10558 10560
f 10576 10575 10560
f 10576 10560 10561
f 10577 10576 10561
f 10577 10561 10562
f 10578 10577 10562
f 10578 10562 10563
f 10579 10578 10563
f 10579 10563 10564
f 10580 10579 10564
f 10580 10564 10565
f 10581 10580 10565
f 10581 10565 10566
f 10582 10581 10566
f 10582 10566 10567
f 10583 10582 10567
f 10583 10567 10568
f 10584 10583 10568
f 10584 10568 10569
f 10585 10584 10569
f 10585 10569 10570
f 10586 10585 10570
f 10586 10570 10571
f 10587 10586 10571
f 10587 10571 10572
f 10574 10587 10572
f 10574 10572 10559
f 10588 10589 10574
f 10588 10574 10573
f 10590 10588 10573
f 10590 10573 10575
f 10591 10590 10575
f 10591 10575 10576
f 10592 10591 10576
f 10592 10576 10577
f 10593 10592 10577
f 10593 10577 10578
f 10594 10593 10578
f 10594 10578 10579
f 10595 10594 10579
f 10595 10579 10580
f 10596 10595 10580
f 10596 10580 10581
f 10597 10596 10581
f 10597 10581 10582
f 10598 10597 10582
f 10598 10582 10583
f 10599 10598 10583
f 10599 10583 10584
f 10600 10599 10584
f 10600 10584 10585
f 10601 10600 10585
f 10601 10585 10586
f 10602 10601 10586
f 10602 10586 10587
f 10589 10602 10587
f 10589 10587 10574
f 10603 10604 10589
f 10603 10589 10588
f 10605 10603 10588
f 10605 10588 10590
f 10606 10605 10590
f 10606 10590 10591
f 10607 10606 10591
f 10607 10591 10592
f 10608 10607 10592
f 10608 10592 10593
f 10609 10608 10593
f 10609 10593 10594
f 10610 10609 10594
f 10610 10594 10595
f 10611 10610 10595
f 10611 10595 10596
f 10612 10611 10596
f 10612 10596 10597
f 10613 10612 10597
f 10613 10597 10598
f 10614 10613 10598
f 10614 10598 10599
f 10615 10614 10599
f 10615 10599 10600
f 10616 10615 10600
f 10616 10600 10601
f 10617 10616 10601
f 10617 10601 10602
f 10604 10617 10602
f 10604 10602 10589
f 10618 10619 10604
f 10618 10604 10603
f 10620 10618 10603
f 10620 10603 10605
f 10621 10620 10605
f 10621 10605 10606
f 10622 10621 10606
f 10622 10606 10607
f 10623 10622 10607
f 10623 10607 10608
f 10624 10623 10608
f 10624 10608 10609
f 10625 10624 10609
f 10625 10609 10610
f 10626 10625 10610
f 10626 10610 10611
f 10627 10626 10611
f 10627 10611 10612
f 10628 10627 10612
f 10628 10612 10613
f 10629 10628 10613
f 10629 10613 10614
f 10630 10629 10614
f 10630 10614 10615
f 10631 10630 10615
f 10631 10615 10616
f 10632 10631 10616
f 10632 10616 10617
f 10619 10632 10617
f 10619 10617 10604
f 10633 10634 10619
f 10633 10619 10618
f 10635 10633 10618
f 10635 10618 10620
f 10636 10635 10620
f 10636 10620 10621
f 10637 10636 10621
f 10637 10621 10622
f 10638 10637 10622
f 10638 10622 10623
f 10639 10638 10623
f 10639 10623 10624
f 10640 10639 10624
f 10640 10624 10625
f 10641 10640 10625
f 10641 10625 10626
f 10642 10641 10626
f 10642 10626 10627
f 10643 10642 10627
f 10643 10627 10628
f 10644 10643 10628
f 10644 10628 10629
f 10645 10644 10629
f 10645 10629 10630
f 10646 10645 10630
f 10646 10630 10631
f 10647 10646 10631
f 10647 10631 10632
f 10634 10647 10632
f 10634 10632 10619
f 10648 10649 10634
f 10648 10634 10633
f 10650 10648 10633
f 10650 10633 10635
f 10651 10650 10635
f 10651 10635 10636
f 10652 10651 10636
f 10652 10636 10637
f 10653 10652 10637
f 10653 10637 10638
f 10654 10653 10638
f 10654 10638 10639
f 10655 10654 10639
f 10655 10639 10640
f 10656 10655 10640
f 10656 10640 10641
f 10657 10656 10641
f 10657 10641 10642
f 10658 10657 10642
f 10658 10642 10643
f 10659 10658 10643
f 10659 10643 10644
f 10660 10659 10644
f 10660 10644 10645
f 10661 10660 10645
f 10661 10645 10646
f 10662 10661 10646
f 10662 10646 10647
f 10649 10662 10647
f 10649 10647 10634
f 10663 10664 10649
f 10663 10649 10648
f 10665 10663 10648
f 10665 10648 10650
f 10666 10665 10650
f 10666 10650 10651
f 10667 10666 10651
f 10667 10651 10652
f 10668 10667 10652
f 10668 10652 10653
f 10669 10668 10653
f 10669 10653 10654
f 10670 10669 10654
f 10670 10654 10655
f 10671 10670 10655
f 10671 10655 10656
f 10672 10671 10656
f 10672 10656 10657
f 10673 10672 10657
f 10673 10657 10658
f 10674 10673 10658
f 10674 10658 10659
f 10675 10674 10659
f 10675 10659 10660
f 10676 10675 10660
f 10676 10660 10661
f 10677 10676 10661
f 10677 10661 10662
f 10664 10677 10662
f 10664 10662 10649
f 10678 10679 10664
f 10678 10664 10663
f 10680 10678 10663
f 10680 10663 10665
f 10681 10680 10665
f 10681 10665 10666
f 10682 10681 10666
f 10682 10666 10667
f 10683 10682 10667
f 10683 10667 10668
f 10684 10683 10668
f 10684 10668 10669
f 10685 10684 10669
f 10685 10669 10670
f 10686 10685 10670
f 10686 10670 10671
f 10687 10686 10671
f 10687 10671 10672
f 10688 10687 10672
f 10688 10672 10673
f 10689 10688 10673
f 10689 10673 10674
f 10690 10689 10674
f 10690 10674 10675
f 10691 10690 10675
f 10691 10675 10676
f 10692 10691 10676
f 10692 10676 10677
f 10679 10692 10677
f 10679 10677 10664
f 10693 10694 10679
f 10693 10679 10678
f 10695 10693 10678
f 10695 10678 10680
f 10696 10695 10680
f 10696 10680 10681
f 10697 10696 10681
f 10697 10681 10682
f 10698 10697 10682
f 10698 10682 10683
f 10699 10698 10683
f 10699 10683 10684
f 10700 10699 10684
f 10700 10684 10685
f 10701 10700 10685
f 10701 10685 10686
f 10702 10701 10686
f 10702 10686 10687
f 10703 10702 10687
f 10703 10687 10688
f 10704 10703 10688
f 10704 10688 10689
f 10705 10704 10689
f 10705 10689 10690
f 10706 10705 10690
f 10706 10690 10691
f 10707 10706 10691
f 10707 10691 10692
f 10694 10707 10692
f 10694 10692 10679
f 10708 10709 10694
f 10708 10694 10693
f 10710 10708 10693
f 10710 10693 10695
f 10711 10710 10695
f 10711 10695 10696
f 10712 10711 10696
f 10712 10696 10697
f 10713 10712 10697
f 10713 10697 10698
f 10714 10713 10698
f 10714 10698 10699
f 10715 10714 10699
f 10715 10699 10700
f 10716 10715 10700
f 10716 10700 10701
f 10717 10716 10701
f 10717 10701 10702
f 10718 10717 10702
f 10718 10702 10703
f 10719 10718 10703
f 10719 10703 10704
f 10720 10719 10704
f 10720 10704 10705
f 10721 10720 10705
f 10721 10705 10706
f 10722 10721 10706
f 10722 10706 10707
f 10709 10722 10707
f 10709 10707 10694
f 10723 10724 10709
f 10723 10709 10708
f 10725 10723 10708
f 10725 10708 10710
f 10726 10725 10710
f 10726 10710 10711
f 10727 10726 10711
f 10727 10711 10712
f 10728 10727 10712
f 10728 10712 10713
f 10729 10728 10713
f 10729 10713 10714
f 10730 10729 10714
f 10730 10714 10715
f 10731 10730 10715
f 10731 10715 10716
f 10732 10731 10716
f 10732 10716 10717
f 10733 10732 10717
f 10733 10717 10718
f 10734 10733 10718
f 10734 10718 10719
f 10735 10734 10719
f 10735 10719 10720
f 10736 10735 10720
f 10736 10720 10721
f 10737 10736 10721
f 10737 10721 10722
f 10724 10737 10722
f 10724 10722 10709
f 10738 10739 10724
f 10738 10724 10723
f 10740 10738 10723
f 10740 10723 10725
f 10741 10740 10725
f 10741 10725 10726
f 10742 10741 10726
f 10742 10726 10727
f 10743 10742 10727
f 10743 10727 10728
f 10744 10743 10728
f 10744 10728 10729
f 10745 10744 10729
f 10745 10729 10730
f 10746 10745 10730
f 10746 10730 10731
f 10747 10746 10731
f 10747 10731 10732
f 10748 10747 10732
f 10748 10732 10733
f 10749 10748 10733
f 10749 10733 10734
f 10750 10749 10734
f 10750 10734 10735
f 10751 10750 10735
f 10751 10735 10736
f 10752 10751 10736
f 10752 10736 10737
f 10739 10752 10737
f 10739 10737 10724
f 10747 10745 10746
f 10745 10747 10748
f 10745 10748 10744
f 10744 10748 10749
f 10744 10749 10743
f 10743 10749 10750
f 10743 10750 10742
f 10742 10750 10751
f 10742 10751 10741
f 10741 10751 10752
f 10741 10752 10740
f 10740 10752 10739
f 10740 10739 10738
f 10753 10754 10755
f 10753 10755 10756
f 10757 10758 10759
f 10757 10759 10760
f 10760 10759 10761
f 10760 10761 10762
f 10763 10764 10765
f 10763 10765 10766
f 10767 10768 10769
f 10767 10769 10770
f 10754 10771 10772
f 10754 10772 10755
f 10773 10763 10766
f 10773 10766 10774
f 10768 10775 10776
f 10768 10776 10769
f 10771 10777 10778
f 10771 10778 10772
f 10779 10773 10774
f 10779 10774 10780
f 10781 10782 10783
f 10781 10783 10784
f 10777 10785 10786
f 10777 10786 10778
f 10787 10788 10789
f 10787 10789 10790
f 10791 10792 10758
f 10791 10758 10757
f 10793 10794 10792
f 10793 10792 10791
f 10793 10791 10795
f 10793 10795 10796
f 10796 10795 10797
f 10796 10797 10798
f 10798 10797 10799
f 10798 10799 10800
f 10800 10799 10801
f 10800 10801 10802
f 10791 10757 10803
f 10791 10803 10795
f 10795 10803 10804
f 10795 10804 10797
f 10797 10804 10805
f 10797 10805 10799
f 10799 10805 10806
f 10799 10806 10801
f 10757 10760 10807
f 10757 10807 10803
f 10803 10807 10808
f 10803 10808 10804
f 10804 10808 10809
f 10804 10809 10805
f 10805 10809 10810
f 10805 10810 10806
f 10760 10762 10811
f 10760 10811 10807
f 10807 10811 10812
f 10807 10812 10808
f 10808 10812 10813
f 10808 10813 10809
f 10809 10813 10814
f 10809 10814 10810
f 10762 10815 10816
f 10762 10816 10811
f 10811 10816 10817
f 10811 10817 10812
f 10812 10817 10818
f 10812 10818 10813
f 10813 10818 10819
f 10813 10819 10814
f 10815 10820 10821
f 10815 10821 10816
f 10816 10821 10822
f 10816 10822 10817
f 10817 10822 10823
f 10817 10823 10818
f 10818 10823 10824
f 10818 10824 10819
f 10820 10825 10826
f 10820 10826 10821
f 10821 10826 10827
f 10821 10827 10822
f 10822 10827 10828
f 10822 10828 10823
f 10823 10828 10829
f 10823 10829 10824
f 10825 10830 10831
f 10825 10831 10826
f 10826 10831 10832
f 10826 10832 10827
f 10827 10832 10833
f 10827 10833 10828
f 10828 10833 10834
f 10828 10834 10829
f 10830 10835 10836
f 10830 10836 10831
f 10831 10836 10837
f 10831 10837 10832
f 10832 10837 10838
f 10832 10838 10833
f 10833 10838 10839
f 10833 10839 10834
f 10835 10840 10841
f 10835 10841 10836
f 10836 10841 10842
f 10836 10842 10837
f 10837 10842 10843
f 10837 10843 10838
f 10838 10843 10844
f 10838 10844 10839
f 10840 10845 10846
f 10840 10846 10841
f 10841 10846 10847
f 10841 10847 10842
f 10842 10847 10848
f 10842 10848 10843
f 10843 10848 10849
f 10843 10849 10844
f 10845 10850 10851
f 10845 10851 10846
f 10846 10851 10852
f 10846 10852 10847
f 10847 10852 10853
f 10847 10853 10848
f 10848 10853 10854
f 10848 10854 10849
f 10850 10855 10856
f 10850 10856 10851
f 10851 10856 10857
f 10851 10857 10852
f 10852 10857 10858
f 10852 10858 10853
f 10853 10858 10859
f 10853 10859 10854
f 10855 10793 10796
f 10855 10796 10856
f 10856 10796 10798
f 10856 10798 10857
f 10857 10798 10800
f 10857 10800 10858
f 10858 10800 10802
f 10858 10802 10859
f 10860 10861 10792
f 10860 10792 10794
f 10861 10788 10758
f 10861 10758 10792
f 10788 10787 10759
f 10788 10759 10758
f 10787 10862 10761
f 10787 10761 10759
f 10862 10863 10864
f 10862 10864 10761
f 10863 10865 10866
f 10863 10866 10864
f 10865 10867 10868
f 10865 10868 10866
f 10867 10869 10870
f 10867 10870 10868
f 10869 10871 10872
f 10869 10872 10870
f 10871 10873 10874
f 10871 10874 10872
f 10873 10875 10876
f 10873 10876 10874
f 10875 10877 10878
f 10875 10878 10876
f 10877 10879 10880
f 10877 10880 10878
f 10879 10860 10794
f 10879 10794 10880
f 10875 10873 10881
f 10875 10881 10882
f 10862 10787 10790
f 10862 10790 10883
f 10877 10875 10882
f 10877 10882 10884
f 10863 10862 10883
f 10863 10883 10885
f 10879 10877 10884
f 10879 10884 10886
f 10865 10863 10885
f 10865 10885 10887
f 10860 10879 10886
f 10860 10886 10888
f 10867 10865 10887
f 10867 10887 10889
f 10869 10867 10889
f 10869 10889 10890
f 10861 10860 10888
f 10861 10888 10891
f 10871 10869 10890
f 10871 10890 10892
f 10788 10861 10891
f 10788 10891 10789
f 10873 10871 10892
f 10873 10892 10881
f 10893 10894 10891
f 10893 10891 10888
f 10894 10895 10789
f 10894 10789 10891
f 10895 10896 10790
f 10895 10790 10789
f 10896 10897 10883
f 10896 10883 10790
f 10897 10898 10885
f 10897 10885 10883
f 10898 10899 10887
f 10898 10887 10885
f 10899 10900 10889
f 10899 10889 10887
f 10900 10901 10890
f 10900 10890 10889
f 10901 10902 10892
f 10901 10892 10890
f 10902 10903 10881
f 10902 10881 10892
f 10903 10904 10882
f 10903 10882 10881
f 10904 10905 10884
f 10904 10884 10882
f 10905 10906 10886
f 10905 10886 10884
f 10906 10893 10888
f 10906 10888 10886
f 10907 10908 10761
f 10907 10761 10864
f 10779 10907 10864
f 10779 10864 10866
f 10773 10779 10866
f 10773 10866 10868
f 10763 10773 10868
f 10763 10868 10870
f 10764 10763 10870
f 10764 10870 10872
f 10909 10764 10872
f 10909 10872 10874
f 10910 10909 10874
f 10910 10874 10876
f 10911 10910 10876
f 10911 10876 10878
f 10781 10911 10878
f 10781 10878 10880
f 10782 10781 10880
f 10782 10880 10794
f 10775 10768 10815
f 10775 10815 10762
f 10768 10767 10820
f 10768 10820 10815
f 10767 10912 10825
f 10767 10825 10820
f 10912 10913 10830
f 10912 10830 10825
f 10913 10914 10835
f 10913 10835 10830
f 10914 10785 10840
f 10914 10840 10835
f 10785 10777 10845
f 10785 10845 10840
f 10777 10771 10850
f 10777 10850 10845
f 10771 10754 10855
f 10771 10855 10850
f 10754 10753 10793
f 10754 10793 10855
f 10753 10782 10794
f 10753 10794 10793
f 10908 10775 10762
f 10908 10762 10761
f 10755 10784 10783
f 10755 10783 10756
f 10776 10915 10916
f 10776 10916 10769
f 10769 10916 10780
f 10769 10780 10770
f 10770 10780 10774
f 10770 10774 10917
f 10917 10774 10766
f 10917 10766 10918
f 10918 10766 10765
f 10918 10765 10919
f 10919 10765 10920
f 10919 10920 10786
f 10786 10920 10921
f 10786 10921 10778
f 10778 10921 10922
f 10778 10922 10772
f 10772 10922 10784
f 10772 10784 10755
f 10912 10767 10770
f 10912 10770 10917
f 10764 10909 10920
f 10764 10920 10765
f 10782 10753 10756
f 10782 10756 10783
f 10913 10912 10917
f 10913 10917 10918
f 10909 10910 10921
f 10909 10921 10920
f 10775 10908 10915
f 10775 10915 10776
f 10914 10913 10918
f 10914 10918 10919
f 10910 10911 10922
f 10910 10922 10921
f 10908 10907 10916
f 10908 10916 10915
f 10785 10914 10919
f 10785 10919 10786
f 10911 10781 10784
f 10911 10784 10922
f 10907 10779 10780
f 10907 10780 10916
f 10844 10834 10839
f 10834 10844 10849
f 10834 10849 10829
f 10829 10849 10854
f 10829 10854 10824
f 10824 10854 10859
f 10824 10859 10819
f 10819 10859 10802
f 10819 10802 10814
f 10814 10802 10801
f 10814 10801 10810
f 10810 10801 10806
f 10923 10924 10925
f 10923 10925 10926
f 10927 10928 10929
f 10927 10929 10930
f 10930 10929 10931
f 10930 10931 10932
f 10933 10928 10927
f 10933 10927 10934
f 10935 10936 10937
f 10935 10937 10938
f 10939 10940 10938
f 10939 10938 10937
f 10941 10942 10936
f 10941 10936 10935
f 10943 10944 10945
f 10943 10945 10946
f 10925 10924 10942
f 10925 10942 10941
f 10947 10946 10945
f 10947 10945 10948
f 10949 10950 10944
f 10949 10944 10943
f 10933 10934 10950
f 10933 10950 10949
f 10932 10931 10940
f 10932 10940 10939
f 10947 10926 10951
f 10947 10951 10952
f 10952 10951 10953
f 10952 10953 10954
f 10954 10953 10955
f 10954 10955 10956
f 10923 10948 10957
f 10923 10957 10958
f 10958 10957 10959
f 10958 10959 10960
f 10960 10959 10961
f 10960 10961 10962
f 10963 10964 10965
f 10963 10965 10966
f 10966 10965 10967
f 10966 10967 10968
f 10968 10967 10927
f 10968 10927 10930
f 10969 10970 10971
f 10969 10971 10972
f 10972 10971 10973
f 10972 10973 10974
f 10974 10973 10929
f 10974 10929 10928
f 10975 10963 10966
f 10975 10966 10976
f 10976 10966 10968
f 10976 10968 10977
f 10977 10968 10930
f 10977 10930 10932
f 10970 10978 10979
f 10970 10979 10971
f 10971 10979 10980
f 10971 10980 10973
f 10973 10980 10931
f 10973 10931 10929
f 10981 10975 10976
f 10981 10976 10982
f 10982 10976 10977
f 10982 10977 10983
f 10983 10977 10932
f 10983 10932 10939
f 10978 10984 10985
f 10978 10985 10979
f 10979 10985 10986
f 10979 10986 10980
f 10980 10986 10940
f 10980 10940 10931
f 10987 10988 10989
f 10987 10989 10990
f 10990 10989 10991
f 10990 10991 10992
f 10992 10991 10925
f 10992 10925 10941
f 10993 10994 10995
f 10993 10995 10996
f 10996 10995 10997
f 10996 10997 10998
f 10998 10997 10942
f 10998 10942 10924
f 10999 10987 10990
f 10999 10990 11000
f 11000 10990 10992
f 11000 10992 11001
f 11001 10992 10941
f 11001 10941 10935
f 10994 11002 11003
f 10994 11003 10995
f 10995 11003 11004
f 10995 11004 10997
f 10997 11004 10936
f 10997 10936 10942
f 11005 10999 11000
f 11005 11000 11006
f 11006 11000 11001
f 11006 11001 11007
f 11007 11001 10935
f 11007 10935 10938
f 11002 11008 11009
f 11002 11009 11003
f 11003 11009 11010
f 11003 11010 11004
f 11004 11010 10937
f 11004 10937 10936
f 10939 10937 11010
f 10939 11010 10983
f 10983 11010 11009
f 10983 11009 10982
f 10982 11009 11008
f 10982 11008 10981
f 10924 10923 10958
f 10924 10958 10998
f 10998 10958 10960
f 10998 10960 10996
f 10996 10960 10962
f 10996 10962 10993
f 10984 11005 11006
f 10984 11006 10985
f 10985 11006 11007
f 10985 11007 10986
f 10986 11007 10938
f 10986 10938 10940
f 10988 10955 10953
f 10988 10953 10989
f 10989 10953 10951
f 10989 10951 10991
f 10991 10951 10926
f 10991 10926 10925
f 11011 11012 11013
f 11011 11013 11014
f 11014 11013 11015
f 11014 11015 11016
f 11016 11015 10933
f 11016 10933 10949
f 11017 11018 11019
f 11017 11019 11020
f 11020 11019 11021
f 11020 11021 11022
f 11022 11021 10950
f 11022 10950 10934
f 11023 11011 11014
f 11023 11014 11024
f 11024 11014 11016
f 11024 11016 11025
f 11025 11016 10949
f 11025 10949 10943
f 11018 11026 11027
f 11018 11027 11019
f 11019 11027 11028
f 11019 11028 11021
f 11021 11028 10944
f 11021 10944 10950
f 11029 11023 11024
f 11029 11024 11030
f 11030 11024 11025
f 11030 11025 11031
f 11031 11025 10943
f 11031 10943 10946
f 11026 11032 11033
f 11026 11033 11027
f 11027 11033 11034
f 11027 11034 11028
f 11028 11034 10945
f 11028 10945 10944
f 11012 10969 10972
f 11012 10972 11013
f 11013 10972 10974
f 11013 10974 11015
f 11015 10974 10928
f 11015 10928 10933
f 10964 11017 11020
f 10964 11020 10965
f 10965 11020 11022
f 10965 11022 10967
f 10967 11022 10934
f 10967 10934 10927
f 10956 11029 11030
f 10956 11030 10954
f 10954 11030 11031
f 10954 11031 10952
f 10952 11031 10946
f 10952 10946 10947
f 11032 10961 10959
f 11032 10959 11033
f 11033 10959 10957
f 11033 10957 11034
f 11034 10957 10948
f 11034 10948 10945
f 10926 10947 10948
f 10926 10948 10923
f 10988 10956 10955
f 10956 10988 10987
f 10956 10987 10999
f 10956 10999 11005
f 10956 11005 10984
f 10956 10984 10978
f 10956 10978 10970
f 10956 10970 10969
f 10956 10969 11012
f 10956 11012 11029
f 11029 11012 11011
f 11029 11011 11023
f 10961 10993 10962
f 10993 10961 10994
f 10994 10961 11002
f 11002 10961 11008
f 11008 10961 10981
f 10981 10961 10975
f 10975 10961 10963
f 10963 10961 10964
f 10964 10961 11017
f 11017 10961 11032
f 11017 11032 11018
f 11018 11032 11026
f 11035 11036 11037
f 11035 11037 11038
f 11036 11039 11040
f 11036 11040 11037
f 11039 11041 11042
f 11039 11042 11040
f 11041 11043 11044
f 11041 11044 11042
f 11043 11045 11046
f 11043 11046 11044
f 11045 11047 11048
f 11045 11048 11046
f 11047 11049 11050
f 11047 11050 11048
f 11049 11051 11052
f 11049 11052 11050
f 11051 11053 11054
f 11051 11054 11052
f 11053 11055 11056
f 11053 11056 11054
f 11057 11058 11059
f 11057 11059 11060
f 11055 11061 11062
f 11055 11062 11056
f 11061 11035 11038
f 11061 11038 11062
f 11057 11038 11037
f 11057 11037 11063
f 11063 11037 11040
f 11063 11040 11064
f 11064 11040 11042
f 11064 11042 11065
f 11065 11042 11044
f 11065 11044 11066
f 11066 11044 11046
f 11066 11046 11067
f 11067 11046 11048
f 11067 11048 11068
f 11068 11048 11050
f 11068 11050 11069
f 11069 11050 11052
f 11069 11052 11070
f 11070 11052 11054
f 11070 11054 11071
f 11071 11054 11056
f 11071 11056 11072
f 11072 11056 11062
f 11072 11062 11060
f 11060 11062 11038
f 11060 11038 11057
f 11064 11073 11074
f 11064 11074 11063
f 11071 11075 11076
f 11071 11076 11070
f 11068 11077 11078
f 11068 11078 11067
f 11065 11079 11073
f 11065 11073 11064
f 11072 11080 11075
f 11072 11075 11071
f 11069 11081 11077
f 11069 11077 11068
f 11066 11082 11079
f 11066 11079 11065
f 11060 11059 11080
f 11060 11080 11072
f 11063 11074 11058
f 11063 11058 11057
f 11070 11076 11081
f 11070 11081 11069
f 11067 11078 11082
f 11067 11082 11066
f 11049 11053 11051
f 11053 11049 11055
f 11055 11049 11047
f 11055 11047 11061
f 11061 11047 11045
f 11061 11045 11035
f 11035 11045 11043
f 11035 11043 11036
f 11036 11043 11041
f 11036 11041 11039
f 11075 11081 11076
f 11081 11075 11080
f 11081 11080 11077
f 11077 11080 11059
f 11077 11059 11078
f 11078 11059 11058
f 11078 11058 11082
f 11082 11058 11074
f 11082 11074 11079
f 11079 11074 11073
f 11083 11084 11085
f 11083 11085 11086
f 11086 11085 11087
f 11086 11087 11088
f 11088 11087 11089
f 11088 11089 11090
f 11090 11089 11091
f 11090 11091 11092
f 11092 11091 11093
f 11092 11093 11094
f 11094 11093 11095
f 11094 11095 11096
f 11096 11095 11097
f 11096 11097 11098
f 11098 11097 11084
f 11098 11084 11083
f 11099 11100 11101
f 11099 11101 11102
f 11100 11103 11104
f 11100 11104 11101
f 11103 11105 11106
f 11103 11106 11104
f 11105 11107 11108
f 11105 11108 11106
f 11107 11109 11110
f 11107 11110 11108
f 11109 11111 11112
f 11109 11112 11110
f 11111 11113 11114
f 11111 11114 11112
f 11113 11099 11102
f 11113 11102 11114
f 11093 11097 11095
f 11097 11093 11091
f 11097 11091 11084
f 11084 11091 11089
f 11084 11089 11085
f 11085 11089 11087
f 11098 11094 11096
f 11094 11098 11083
f 11094 11083 11092
f 11092 11083 11086
f 11092 11086 11090
f 11090 11086 11088
f 11114 11110 11112
f 11110 11114 11102
f 11110 11102 11108
f 11108 11102 11101
f 11108 11101 11106
f 11106 11101 11104
f 11109 11113 11111
f 11113 11109 11107
f 11113 11107 11099
f 11099 11107 11105
f 11099 11105 11100
f 11100 11105 11103
f 11115 11116 11117
f 11115 11117 11118
f 11118 11117 11119
f 11118 11119 11120
f 11120 11119 11121
f 11120 11121 11122
f 11122 11121 11123
f 11122 11123 11124
f 11124 11123 11125
f 11124 11125 11126
f 11126 11125 11127
f 11126 11127 11128
f 11128 11127 11129
f 11128 11129 11130
f 11130 11129 11131
f 11130 11131 11132
f 11132 11131 11133
f 11132 11133 11134
f 11134 11133 11135
f 11134 11135 11136
f 11136 11135 11137
f 11136 11137 11138
f 11138 11137 11139
f 11138 11139 11140
f 11140 11139 11141
f 11140 11141 11142
f 11142 11141 11116
f 11142 11116 11115
f 11143 11144 11145
f 11143 11145 11146
f 11146 11145 11147
f 11146 11147 11148
f 11148 11147 11149
f 11148 11149 11150
f 11150 11149 11151
f 11150 11151 11152
f 11152 11151 11153
f 11152 11153 11154
f 11154 11153 11155
f 11154 11155 11156
f 11156 11155 11157
f 11156 11157 11158
f 11158 11157 11159
f 11158 11159 11160
f 11160 11159 11161
f 11160 11161 11162
f 11162 11161 11163
f 11162 11163 11164
f 11164 11163 11165
f 11164 11165 11166
f 11166 11165 11167
f 11166 11167 11168
f 11168 11167 11169
f 11168 11169 11170
f 11170 11169 11144
f 11170 11144 11143
f 11133 11137 11135
f 11137 11133 11139
f 11139 11133 11131
f 11139 11131 11141
f 11141 11131 11129
f 11141 11129 11116
f 11116 11129 11117
f 11117 11129 11127
f 11117 11127 11119
f 11119 11127 11125
f 11119 11125 11123
f 11119 11123 11121
f 11140 11136 11138
f 11136 11140 11134
f 11134 11140 11142
f 11134 11142 11132
f 11132 11142 11115
f 11132 11115 11130
f 11130 11115 11118
f 11130 11118 11128
f 11128 11118 11120
f 11128 11120 11126
f 11126 11120 11122
f 11126 11122 11124
f 11161 11165 11163
f 11165 11161 11167
f 11167 11161 11159
f 11167 11159 11169
f 11169 11159 11157
f 11169 11157 11144
f 11144 11157 11145
f 11145 11157 11155
f 11145 11155 11153
f 11145 11153 11147
f 11147 11153 11151
f 11147 11151 11149
f 11168 11164 11166
f 11164 11168 11162
f 11162 11168 11170
f 11162 11170 11160
f 11160 11170 11143
f 11160 11143 11158
f 11158 11143 11146
f 11158 11146 11156
f 11156 11146 11148
f 11156 11148 11154
f 11154 11148 11150
f 11154 11150 11152
f 11171 11172 11173
f 11171 11173 11174
f 11175 11173 11172
f 11175 11172 11176
f 11176 11177 11178
f 11176 11178 11179
f 11180 11175 11181
f 11180 11181 11182
f 11175 11176 11179
f 11175 11179 11181
f 11177 11180 11182
f 11177 11182 11178
f 11178 11182 11183
f 11178 11183 11184
f 11185 11186 11187
f 11185 11187 11188
f 11181 11179 11189
f 11181 11189 11190
f 11182 11181 11190
f 11182 11190 11183
f 11179 11178 11184
f 11179 11184 11189
f 11185 11191 11183
f 11185 11183 11190
f 11191 11192 11184
f 11191 11184 11183
f 11186 11185 11190
f 11186 11190 11189
f 11192 11186 11189
f 11192 11189 11184
f 11191 11185 11188
f 11191 11188 11193
f 11186 11192 11194
f 11186 11194 11187
f 11192 11191 11193
f 11192 11193 11194
f 11195 11196 11171
f 11195 11171 11174
f 11195 11180 11177
f 11195 11177 11196
f 11197 11198 11199
f 11197 11199 11200
f 11201 11202 11200
f 11201 11200 11199
f 11202 11203 11204
f 11202 11204 11205
f 11206 11207 11208
f 11206 11208 11201
f 11201 11208 11203
f 11201 11203 11202
f 11205 11204 11207
f 11205 11207 11206
f 11204 11209 11210
f 11204 11210 11207
f 11211 11212 11213
f 11211 11213 11214
f 11208 11215 11216
f 11208 11216 11203
f 11207 11210 11215
f 11207 11215 11208
f 11203 11216 11209
f 11203 11209 11204
f 11211 11215 11210
f 11211 11210 11217
f 11217 11210 11209
f 11217 11209 11218
f 11214 11216 11215
f 11214 11215 11211
f 11218 11209 11216
f 11218 11216 11214
f 11217 11219 11212
f 11217 11212 11211
f 11214 11213 11220
f 11214 11220 11218
f 11218 11220 11219
f 11218 11219 11217
f 11221 11198 11197
f 11221 11197 11222
f 11221 11222 11205
f 11221 11205 11206
f 11196 11172 11171
f 11172 11196 11177
f 11172 11177 11176
f 11173 11195 11174
f 11195 11173 11180
f 11180 11173 11175
f 11223 11224 11225
f 11224 11223 11226
f 11226 11223 11227
f 11226 11227 11228
f 11228 11227 11229
f 11228 11229 11230
f 11230 11229 11231
f 11230 11231 11232
f 11233 11234 11235
f 11234 11233 11236
f 11236 11233 11237
f 11236 11237 11238
f 11238 11237 11239
f 11238 11239 11240
f 11240 11239 11241
f 11240 11241 11242
f 11222 11202 11205
f 11202 11222 11197
f 11202 11197 11200
f 11201 11221 11206
f 11221 11201 11198
f 11198 11201 11199
f 11243 11244 11245
f 11244 11243 11246
f 11246 11243 11247
f 11246 11247 11248
f 11248 11247 11249
f 11248 11249 11250
f 11250 11249 11251
f 11250 11251 11252
f 11253 11254 11255
f 11254 11253 11256
f 11256 11253 11257
f 11256 11257 11258
f 11258 11257 11259
f 11258 11259 11260
f 11260 11259 11261
f 11260 11261 11262
# Vertices: 1225, normals: 0, texture coordinates: 0, faces: 2119

o obj14
v 1.39566051 1.59035291 -0.15034695
v 1.38271403 1.59770117 -0.15034695
v 1.31845487 1.48449222 -0.3230948
v 1.33140175 1.47714356 -0.3230948
v 1.32099584 1.48896797 -0.32697299
v 1.33394232 1.4816193 -0.32697299
v 1.3852545 1.60217742 -0.15422514
v 1.39820098 1.59482866 -0.15422514
v 1.00879127 0.90877875 -0.15034695
v 1.07304993 1.02198811 -0.3230948
v 1.06010345 1.02933677 -0.3230948
v 0.99584429 0.91612742 -0.15034695
v 1.07050945 1.01751185 -0.32697299
v 1.05756298 1.02486052 -0.32697299
v 1.00625029 0.9043029 -0.15422514
v 0.99330382 0.91165157 -0.15422514
v 1.78704704 1.25647492 0.01889149
v 1.73330459 1.41004707 0.12068112
v 1.73514397 1.40956237 0.12238296
v 1.78888582 1.25599022 0.02059375
v 1.7360194 1.40845856 0.12451067
v 1.78976165 1.2548864 0.02272147
v 1.73573183 1.40698842 0.12657707
v 1.78947367 1.25341586 0.02478786
v 1.73434639 1.40548834 0.12810847
v 1.78808823 1.25191618 0.02631884
v 1.73218051 1.40430295 0.12875385
v 1.78592256 1.2507307 0.02696464
v 1.72973008 1.4037028 0.12836561
v 1.78347253 1.25013064 0.0265764
v 1.72755755 1.40382581 0.12703255
v 1.78129959 1.25025366 0.02524335
v 1.72615941 1.40464376 0.12506047
v 1.77990125 1.25107161 0.02327126
v 1.72585651 1.40596921 0.12290061
v 1.77959855 1.25239705 0.0211114
v 1.72671802 1.40749893 0.12104779
v 1.78046047 1.25392638 0.01925858
v 1.72854671 1.40888145 0.11992705
v 1.78228916 1.25530929 0.01813784
v 1.73092394 1.40980134 0.11979468
v 1.78466639 1.25622919 0.01800547
v 1.79205317 1.25156851 0.02446221
v 1.79245609 1.2536261 0.02157027
v 1.80100123 1.2085143 -0.00616112
v 1.80130958 1.20884755 -0.00650157
v 1.8017359 1.20885935 -0.00629392
v 1.80130454 1.20839209 -0.00581729
v 1.78199776 1.25421819 0.01515497
v 1.77943782 1.25228291 0.01672359
v 1.79011396 1.24946959 0.02660516
v 1.79971098 1.20926923 -0.00798138
v 1.79930402 1.20896129 -0.00773185
v 1.79892852 1.20901796 -0.00801606
v 1.79949822 1.20944891 -0.00836497
v 1.79997395 1.20811672 -0.00610361
v 1.80051966 1.20825042 -0.00601733
v 1.80062956 1.20802284 -0.0056164
v 1.79986707 1.2078359 -0.00573693
v 1.78532442 1.25550551 0.01496931
v 1.78708294 1.24781009 0.02750852
v 1.78865612 1.25584935 0.01621016
v 1.80076952 1.20952847 -0.0078139
v 1.80023995 1.20947392 -0.00801098
v 1.80023833 1.20973528 -0.00840641
v 1.80097965 1.20981181 -0.00813025
v 1.8011789 1.20942058 -0.00743496
v 1.80155238 1.20966086 -0.00760032
v 1.7991798 1.20832604 -0.00683907
v 1.79949056 1.20814424 -0.0064005
v 1.79918988 1.20787442 -0.00615224
v 1.79875469 1.20812902 -0.00676632
v 1.78365383 1.24697015 0.02696506
v 1.79866051 1.20854172 -0.00743919
v 1.77823207 1.25014204 0.01931652
v 1.77865577 1.24828713 0.02233914
v 1.78061272 1.24714228 0.02509955
v 1.80182564 1.20931702 -0.00693761
v 1.79123017 1.25517095 0.01859206
v 1.79911204 1.20862128 -0.00731993
v 1.80137391 1.20917485 -0.00696129
v 1.78704704 1.25647492 -0.03296378
v 1.78888582 1.25599022 -0.03466604
v 1.73514397 1.40956237 -0.13645525
v 1.73330459 1.41004707 -0.13475299
v 1.78976165 1.2548864 -0.03679376
v 1.7360194 1.40845856 -0.13858297
v 1.78947367 1.25341586 -0.03886016
v 1.73573183 1.40698842 -0.14064936
v 1.78808823 1.25191618 -0.04039113
v 1.73434639 1.40548834 -0.14218034
v 1.78592256 1.2507307 -0.04103651
v 1.73218051 1.40430295 -0.14282614
v 1.78347253 1.25013064 -0.04064869
v 1.72973049 1.4037028 -0.1424379
v 1.78129959 1.25025366 -0.03931564
v 1.72755755 1.40382581 -0.14110485
v 1.77990125 1.25107161 -0.03734314
v 1.72615941 1.40464376 -0.13913277
v 1.77959855 1.25239705 -0.0351837
v 1.72585651 1.40596921 -0.13697291
v 1.78046047 1.25392638 -0.03333088
v 1.72671802 1.40749893 -0.13512009
v 1.78228916 1.25530929 -0.03221014
v 1.72854671 1.40888145 -0.13399934
v 1.78466639 1.25622919 -0.03207776
v 1.73092394 1.40980134 -0.13386697
v 1.79245609 1.2536261 -0.03564257
v 1.79205317 1.25156851 -0.03853451
v 1.80100123 1.2085143 -0.00791117
v 1.80130454 1.20839209 -0.00825501
v 1.8017359 1.20885935 -0.00777838
v 1.80130958 1.20884755 -0.00757072
v 1.77943782 1.25228291 -0.03079589
v 1.78199776 1.25421819 -0.02922727
v 1.79011396 1.24946959 -0.04067745
v 1.79971098 1.20926923 -0.00609092
v 1.79949822 1.20944891 -0.00570733
v 1.79892852 1.20901796 -0.00605624
v 1.79930402 1.20896129 -0.00634044
v 1.79997395 1.20811672 -0.00796869
v 1.79986707 1.2078359 -0.00833536
v 1.80062956 1.20802284 -0.0084559
v 1.80051966 1.20825042 -0.00805497
v 1.78532442 1.25550551 -0.02904161
v 1.78708294 1.24781009 -0.04158081
v 1.78865612 1.25584935 -0.03028246
v 1.80076952 1.20952847 -0.00625839
v 1.80097965 1.20981181 -0.00594205
v 1.80023833 1.20973528 -0.00566588
v 1.80023995 1.20947392 -0.00606131
v 1.8011789 1.20942058 -0.00663733
v 1.80155238 1.20966086 -0.00647197
v 1.7991798 1.20832604 -0.00723323
v 1.79875469 1.20812902 -0.00730597
v 1.79918988 1.20787442 -0.00792005
v 1.79949056 1.20814424 -0.0076718
v 1.78365383 1.24697015 -0.04103736
v 1.79866051 1.20854172 -0.0066331
v 1.77823207 1.25014204 -0.03338882
v 1.77865577 1.24828713 -0.03641144
v 1.78061272 1.24714228 -0.03917185
v 1.80182564 1.20931702 -0.00713469
v 1.79123017 1.25517095 -0.03266435
v 1.79911204 1.20862128 -0.00675237
v 1.80137391 1.20917485 -0.00711058
usemtl mat12
f 11263 11264 11265
f 11263 11265 11266
f 11266 11265 11267
f 11266 11267 11268
f 11268 11267 11269
f 11268 11269 11270
f 11270 11269 11264
f 11270 11264 11263
f 11266 11268 11270
f 11266 11270 11263
f 11267 11265 11264
f 11267 11264 11269
f 11271 11272 11273
f 11271 11273 11274
f 11272 11275 11276
f 11272 11276 11273
f 11275 11277 11278
f 11275 11278 11276
f 11277 11271 11274
f 11277 11274 11278
f 11272 11271 11277
f 11272 11277 11275
f 11276 11278 11274
f 11276 11274 11273
f 11279 11280 11281
f 11279 11281 11282
f 11282 11281 11283
f 11282 11283 11284
f 11284 11283 11285
f 11284 11285 11286
f 11286 11285 11287
f 11286 11287 11288
f 11288 11287 11289
f 11288 11289 11290
f 11290 11289 11291
f 11290 11291 11292
f 11292 11291 11293
f 11292 11293 11294
f 11294 11293 11295
f 11294 11295 11296
f 11296 11295 11297
f 11296 11297 11298
f 11298 11297 11299
f 11298 11299 11300
f 11300 11299 11301
f 11300 11301 11302
f 11302 11301 11303
f 11302 11303 11304
f 11304 11303 11280
f 11304 11280 11279
f 11284 11286 11305
f 11284 11305 11306
f 11307 11308 11309
f 11307 11309 11310
f 11300 11302 11311
f 11300 11311 11312
f 11286 11288 11313
f 11286 11313 11305
f 11314 11315 11316
f 11314 11316 11317
f 11318 11319 11320
f 11318 11320 11321
f 11302 11304 11322
f 11302 11322 11311
f 11288 11290 11323
f 11288 11323 11313
f 11304 11279 11324
f 11304 11324 11322
f 11325 11326 11327
f 11325 11327 11328
f 11329 11325 11328
f 11329 11328 11330
f 11331 11332 11333
f 11331 11333 11334
f 11290 11292 11335
f 11290 11335 11323
f 11327 11322 11324
f 11327 11324 11328
f 11317 11311 11322
f 11317 11322 11327
f 11316 11312 11311
f 11316 11311 11317
f 11336 11337 11312
f 11336 11312 11316
f 11334 11338 11337
f 11334 11337 11336
f 11333 11339 11338
f 11333 11338 11334
f 11321 11335 11339
f 11321 11339 11333
f 11320 11323 11335
f 11320 11335 11321
f 11310 11313 11323
f 11310 11323 11320
f 11309 11305 11313
f 11309 11313 11310
f 11340 11306 11305
f 11340 11305 11309
f 11330 11341 11306
f 11330 11306 11340
f 11328 11324 11341
f 11328 11341 11330
f 11342 11331 11334
f 11342 11334 11336
f 11298 11300 11312
f 11298 11312 11337
f 11282 11284 11306
f 11282 11306 11341
f 11343 11329 11330
f 11343 11330 11340
f 11296 11298 11337
f 11296 11337 11338
f 11332 11318 11321
f 11332 11321 11333
f 11326 11314 11317
f 11326 11317 11327
f 11279 11282 11341
f 11279 11341 11324
f 11294 11296 11338
f 11294 11338 11339
f 11319 11307 11310
f 11319 11310 11320
f 11315 11342 11336
f 11315 11336 11316
f 11292 11294 11339
f 11292 11339 11335
f 11308 11343 11340
f 11308 11340 11309
f 11344 11345 11346
f 11344 11346 11347
f 11345 11348 11349
f 11345 11349 11346
f 11348 11350 11351
f 11348 11351 11349
f 11350 11352 11353
f 11350 11353 11351
f 11352 11354 11355
f 11352 11355 11353
f 11354 11356 11357
f 11354 11357 11355
f 11356 11358 11359
f 11356 11359 11357
f 11358 11360 11361
f 11358 11361 11359
f 11360 11362 11363
f 11360 11363 11361
f 11362 11364 11365
f 11362 11365 11363
f 11364 11366 11367
f 11364 11367 11365
f 11366 11368 11369
f 11366 11369 11367
f 11368 11344 11347
f 11368 11347 11369
f 11348 11370 11371
f 11348 11371 11350
f 11372 11373 11374
f 11372 11374 11375
f 11364 11376 11377
f 11364 11377 11366
f 11350 11371 11378
f 11350 11378 11352
f 11379 11380 11381
f 11379 11381 11382
f 11383 11384 11385
f 11383 11385 11386
f 11366 11377 11387
f 11366 11387 11368
f 11352 11378 11388
f 11352 11388 11354
f 11368 11387 11389
f 11368 11389 11344
f 11390 11391 11392
f 11390 11392 11393
f 11394 11395 11391
f 11394 11391 11390
f 11396 11397 11398
f 11396 11398 11399
f 11354 11388 11400
f 11354 11400 11356
f 11392 11391 11389
f 11392 11389 11387
f 11380 11392 11387
f 11380 11387 11377
f 11381 11380 11377
f 11381 11377 11376
f 11401 11381 11376
f 11401 11376 11402
f 11397 11401 11402
f 11397 11402 11403
f 11398 11397 11403
f 11398 11403 11404
f 11384 11398 11404
f 11384 11404 11400
f 11385 11384 11400
f 11385 11400 11388
f 11373 11385 11388
f 11373 11388 11378
f 11374 11373 11378
f 11374 11378 11371
f 11405 11374 11371
f 11405 11371 11370
f 11395 11405 11370
f 11395 11370 11406
f 11391 11395 11406
f 11391 11406 11389
f 11407 11401 11397
f 11407 11397 11396
f 11362 11402 11376
f 11362 11376 11364
f 11345 11406 11370
f 11345 11370 11348
f 11408 11405 11395
f 11408 11395 11394
f 11360 11403 11402
f 11360 11402 11362
f 11399 11398 11384
f 11399 11384 11383
f 11393 11392 11380
f 11393 11380 11379
f 11344 11389 11406
f 11344 11406 11345
f 11358 11404 11403
f 11358 11403 11360
f 11386 11385 11373
f 11386 11373 11372
f 11382 11381 11401
f 11382 11401 11407
f 11356 11400 11404
f 11356 11404 11358
f 11375 11374 11405
f 11375 11405 11408
f 11295 11299 11297
f 11299 11295 11293
f 11299 11293 11301
f 11301 11293 11291
f 11301 11291 11303
f 11303 11291 11289
f 11303 11289 11280
f 11280 11289 11287
f 11280 11287 11281
f 11281 11287 11285
f 11281 11285 11283
f 11315 11331 11342
f 11331 11315 11332
f 11332 11315 11314
f 11332 11314 11318
f 11318 11314 11326
f 11318 11326 11319
f 11319 11326 11325
f 11319 11325 11307
f 11307 11325 11329
f 11307 11329 11308
f 11308 11329 11343
f 11365 11361 11363
f 11361 11365 11359
f 11359 11365 11367
f 11359 11367 11357
f 11357 11367 11369
f 11357 11369 11355
f 11355 11369 11347
f 11355 11347 11353
f 11353 11347 11346
f 11353 11346 11351
f 11351 11346 11349
f 11396 11382 11407
f 11382 11396 11399
f 11382 11399 11379
f 11379 11399 11383
f 11379 11383 11393
f 11393 11383 11386
f 11393 11386 11390
f 11390 11386 11372
f 11390 11372 11394
f 11394 11372 11375
f 11394 11375 11408
# Vertices: 146, normals: 0, texture coordinates: 0, faces: 276

